created_at,full_text,label
Thu Mar 26 23:43:52 +0000 2026,@CommuterLine pls ini jorok banget?? lagi gaada petugas kah sampai dibiarin aja drtd? kaget bgt pas lg ngetap dan buat yang ngebuang di sini lu se gaada otak itukah?! pdhl tempat sampah ada di mana mana https://t.co/FKzpjZsNIW,Kebersihan
Wed Mar 04 10:57:38 +0000 2026,@CommuterLine min mau konfirmasi ini kok masih ada ya pin ibu hamil palsu? Gaada tanggal expired gaada logo KAI. Tolong dong satpam bisa lebih tegas dan notice pin pin begini https://t.co/cbo4glv2vt,Pelayanan
Fri Feb 27 21:03:04 +0000 2026,@CommuterLine Petugas lu tuh kasih pelajaran juga rugi lu gaji orang gak kompeten Awas aja masih ada petugas kayak gini,Pelayanan
Thu Jan 22 11:39:21 +0000 2026,@CommuterLine saya lagi berdiri karena pake jas ujan di dalem kereta tiba2 ada satpam bilang mba jas ujannya di lepas ya sekarang peraturannya di dalam kereta ga boleh pake jas ujan sedangkan kereta ga rame dan saya ga duduk dan ga deket bangku juga berdirinya,Pelayanan
Wed Mar 25 13:26:51 +0000 2026,@CommuterLine min ini di kerta commuter line solo jogja apa bs dikirimkan petugas untuk bantu menertibkan org2? banyak yg melanggar aturan duduk di lantai sehingga nutupin pintu. ini otw stasiun maguwo arah ke solo,Pelayanan
Fri Feb 27 06:55:11 +0000 2026,@CommuterLine @i_publicist Tapi sering min ibu2 bawa anaknya udh tinggi kisaran SMP-SMA udh bisa pegangan handheld masuk gerbong cewe trs minta duduk segala petugasnya negur aja digalakin. Lebih tegas lagi plis sama aturannya kcuali anaknya masih bayi baru deh bolehin di gerbong cewe.,Pelayanan
Wed Jan 21 23:12:18 +0000 2026,@CommuterLine Buset baru di benerin jam 06.00 Padahal kereta udah ketahan dari jam 05.00 Terus td dari jam 05.00 sampe jam 06.00 ngapain aja petugasnya?,Keterlambatan
Fri Mar 06 01:23:10 +0000 2026,@CommuterLine duh gua udah naik kereta yang nyampe duluan (8.18) terus turun karena ada kereta baru dateng yang katanya berangkat 8.21. pas gua keluar kata petugas keretanya yang berangkat yang ini (kereta yang udah gua naikin) duluan. gmn sih? gua udah dapet duduk jadi berdiri,Pelayanan
Fri Feb 27 07:18:09 +0000 2026,@CommuterLine @kamarlintang yeh kocak itu kakaknya udah lapor petugas tapi petugas kalian yang kayak taik.,Pelayanan
Tue Jan 06 08:08:45 +0000 2026,@CommuterLine Barusan banget udah disuruh berdiri sama satpam. Kursi prioritas ini kalo di jalur hijau kacau.,Pelayanan
Fri Feb 13 12:27:03 +0000 2026,@CommuterLine kayanya kalian harus imbau penumpang untuk ga ngobrol atau telepon dengan suara keras. Jujur ganggu kenyamananbanget. Jgn cuma ada aturan doang tp satpamnya ga mau negur,Pelayanan
Fri Feb 27 14:14:57 +0000 2026,@CommuterLine @kamarlintang Pecat itu pegawai ga waras. Bisa-bisanya modelan kaya gitu dipekerjakan. Rusak integritasmu yang lagi berusaha melawan kekerasan seksual!!!!,Keamanan
Fri Feb 20 16:31:51 +0000 2026,@CommuterLine KA bandara dapet refund 100%. Tapi pengguna KRL yg udah tap in kelamaan di dalem st Tangerang dan dirujuk ambil transportasi lain sama petugas pas tap out di stasiun yg sama ttp kepotong tuh min 3000rp :( rugi sekali,Pelayanan
Wed Jan 28 10:17:43 +0000 2026,@CommuterLine min apakah ada standar/aturan maks/min suara klakson krl? Untuk krl jabodetabek dgn KAJJ harusnya ada bedanya ya. Belakangan suara klakson krl crrc (tidak semua) terlalu memekakkan telinga untuk penumpang yg sedang di peron belum lg untuk petugas yg berjam2 standby,Keamanan
Mon Feb 02 06:31:08 +0000 2026,@CommuterLine Commuter dr kalibata menuju kota jam 10.20an pagi ini gerbong no.2 dr belakang. Satpam menggunakan masker. Mohon untuk tidak hanya sigap memberi jempol utk tutup pintu sebelum memastikan pengguna di sekitarnya. Terima kasih,Keamanan
Sun Jan 25 10:50:41 +0000 2026,@CommuterLine Petugas stasiun juga kemarin tidak selalu stand by Kak. Sebaiknya papan informasi itu ada juga di arah barat. @grok,Pelayanan
Fri Feb 20 06:37:34 +0000 2026,@CommuterLine tolong dunk bisa dengan petugas/tulisan escalator di kanan artinya berjalan diperjelas biar biasa SDM kita tuh makasihh,Pelayanan
Wed Feb 25 00:22:00 +0000 2026,@CommuterLine mesin taping di st karet tolong dicek itu saya mau taping keluar 2 kali ngetap tulisannya kartu tdk dikenal pas ke 3 kali baru bisa bikin lama jadinya. Udah gitu petugasnya bukan berdiri di depan mesin taping malah berdiri bareng penumpang bikin susah kalo manggil,Pelayanan
Fri Feb 13 12:25:54 +0000 2026,@CommuterLine tlg dong mesin tap out di KRL Sudirman (cm mau transfer dari MRT Dukuh Atas ke LRT Dukuh Atas) sering rusak ya? emoney card ga kebaca. alhasil cara cepetnya petugas ngetap out pake kartu mereka. akibatnya pas saya tap in di LRT jd gagal &amp; diminta balik ke sudirman,Pelayanan
Tue Feb 03 05:33:56 +0000 2026,@CommuterLine mohon dipertegas lagi lelaki dewasa yg duduk di gerbong wanita. Udah saya bilangin penumpang itu buat pindah tapi petugasnya tadi sempat ga ada Saya naik kereta arah jakarta kota di stasiun Tanjung Priok jam 12.26 hari ini,Pelayanan
Sun Mar 22 06:20:14 +0000 2026,@CommuterLine tolong bgt min hrs ramah krn pelayanan itu prioritasnya keramahan LRT Jabodebek aja bisa pada ramah lho,Pelayanan
Tue Feb 10 08:35:48 +0000 2026,@CommuterLine @KAI121 commuter line penataran (421). jadwal sampai di wonokromo pukul 9.26 WIB. pegawainya tidak cuma satu ya kak bersahutan dari yang berseragam kuning dan hitam waktu sedang ngobrol di gudang gerbong kantin.,Pelayanan
Mon Mar 16 10:42:42 +0000 2026,@CommuterLine petugas Ps yang di get stasiun kelender baru pelayanan mukanya sangat tidak ramah saya bertanya tidak di jawab tidak cocok jadi petugas pelayanan gimana sih ini KAI recrut orang seperti itu gak becus bukan hanya 1/2 kali sangat lambatt tidak loyal!!!!!!!,Pelayanan
Sun Feb 15 05:37:10 +0000 2026,@CommuterLine grgr kereta kalian kemarin telat 14 menit di stasiun kampung bandan gw yg anterin temen ke stasiun pasarsenen gak jd tiket pun gak bisa dibatalin hangus dr awal jam 18.53 gw nanya sma petugas katanya keretanya bntr lg taunya krl nya dateng jam 19.17 https://t.co/V7JVZQHTI8,Keterlambatan
Thu Jan 15 00:26:50 +0000 2026,@CommuterLine karena nggak setiap saat pas kita tiba di stasiun itu ada announcementnya. saya tanya ke petugas juga petugas harus cek ulang di hp nya. jadi sangat memakan waktu. biasanya cuma tinggal lihat aja semua keterangan ada di monitor. sekarang kok informasi penting malah dihilangkan,Pelayanan
Thu Mar 05 13:23:09 +0000 2026,@CommuterLine tujuan cikarang keberangkatan 20.07 dr sudirman. ada petugas tp diem aja kok,Pelayanan
Wed Feb 18 08:40:15 +0000 2026,@CommuterLine Posisinya di area stasiun atas min bukan di rangkaian kereta ya.. pelaku berani karena pengawasan petugas lengah.. lagi sibuk sama eskalator rusak.. kejadian sekitar pukul 15.10-15.17 di area tap gate keluar stasiun Bekasi,Keamanan
Mon Feb 16 03:20:57 +0000 2026,@CommuterLine Min tpi seharusnya bisa dong satpam di training untuk pnya rasa empati dan peduli sdkit. Banyak klo di perhatiin ibu yg lg gendong anak bawa barang banyak ga dipeduliin ttep bawa sendiri. Ga smua org itu kalo mau sesuatu bilang. @CommuterLine,Pelayanan
Sun Feb 22 12:24:05 +0000 2026,@CommuterLine pls perbanyak satpam di st pondok cina terlebih bagian tap in/tap out. Hari ini sekitar jam 19.00 w dapet perlakuan ga enak dari satpam pondok cina bagian tap in/tap out. Mungkin si bapak capek banget sampai w yang nanya baik-baik malah dicuekin + dijutekin.,Pelayanan
Thu Feb 05 03:33:35 +0000 2026,@CommuterLine @KAI121 @keretaapikita hari ini saya dibikin kesel sama petugas stasiun paledang..jawabannya tempplate bgt..tidak ada solusi utk refund tiket client saya,Pelayanan
Thu Jan 22 13:53:11 +0000 2026,@CommuterLine Kai cuma minta maaf maaf maaff ini pelayanannya gimaa yaa udah nunggu 2 jam soalnya mau menuju KA Lokal merak tapi blm dpt,Keterlambatan
Sun Jan 18 14:55:54 +0000 2026,@CommuterLine duri ya itu kalo bisa lift dikasi petugas biar diatur deh.. udh dua kali soalnya sll gamau ngalah pdhl udh jelas2 pk pin ibu hamil,Pelayanan
Sun Feb 15 08:22:22 +0000 2026,@CommuterLine ini udh jalan dari st bekasii min bapaknya masih diem ajaa belom ada petugas kliatan,Pelayanan
Mon Jan 19 15:01:00 +0000 2026,@CommuterLine ini yang ditandai emang orang boleh ngerokok yaa ? Gimana sih satpam yang jaga sama kepala stasiun orang masuk stasiun malah hisap asap orang ngerokok https://t.co/stgX2peqlW,Keamanan
Mon Jan 19 02:17:07 +0000 2026,@CommuterLine tolong berkali2 ngalamin petugas percuma pake toak tapi gak info penumpang naik eskalator sis kanan jalan.. kejadian hari ini jam 9.13 wib st duri peron 2 &amp; 5 percuma petugas megang toak!!,Pelayanan
Thu Mar 12 15:54:36 +0000 2026,@CommuterLine sudah ke petugasnya. tapi tetap katanya harus potong saldo. dan tidak ada kompensasi dari pihak KAI. padahal seharusnya krn tidak naik ya tidak dipotong lah saldonya.,Pelayanan
Fri Feb 20 11:42:45 +0000 2026,@CommuterLine tolong ya kereta red line petugasnya DITRAINING BUAT KASIH INFO BUAT PINTU GERBONG CEWE DI KALIBATA YANG GADAPET PERON. gila gaditungguin buat pindah pintu. GAADA INFO APA-APA. terus petugas CEWE yang deket pintu disabilitas gaada inisiatif nyetopin kereta DULU.,Pelayanan
Wed Jan 28 01:14:30 +0000 2026,@CommuterLine stasiun cawang arah jakarta kota daritadi ngga ada kereta biasanya ada di jam 8. dari kemaren udah delay mulu petugas juga gaada yang tau dan bisa kasih info,Keterlambatan
Fri Feb 06 00:00:12 +0000 2026,@CommuterLine peraturan dilarang buang ludah sembarangan kayaknya perlu deh. Baik buang ke rel / bahkan di st. Duri ada yg buang ludah di jalanan peron. Berlaku u/pengguna mau pun petugas. Udah sering ngepas nemuin pelaku soalnya. terima kasih,Kebersihan
Tue Mar 10 10:06:39 +0000 2026,@CommuterLine @kumifigo tapi knp gaada satpam yg datengin? knp kakak itu malah di suruh turun di stasiun selanjutnya bukan si pelaku? sanksi apasih yg lo maksud tuh? kl iya tempelin mukanya tiap gerbong. nah itu baru sanksiii,Pelayanan
Mon Jan 12 05:34:39 +0000 2026,@CommuterLine sungguh nggak worth it dari jam 8 pagi sampai jam segini masih stuck tanjung priok-kp bandan. next tolong reminder ke petugas di deket gate buat ingetin kalau keretanya stuck biar nggak usah tap in dan cari alternatif lain.,Keterlambatan
Sat Jan 31 17:58:32 +0000 2026,@CommuterLine @KAI121 bro lu pake buzzer buat muji kecepatan pelayanan kalian? Sudah aku kirim DM masih no respon. Sampah banget sih,Pelayanan
Tue Feb 03 00:34:14 +0000 2026,@CommuterLine Kagak ada petugas tadi yeuhh. Padahal jelas bgt pintu ga bisa ditutup beberapa kali. Kalo ada kan bisa ditarik itu bapak-bapak,Pelayanan
Fri Mar 06 08:06:51 +0000 2026,@CommuterLine Nah himbauan petugas juga tadi tdk ada. KRL datang tdk ada informasi ke arah mana. Papan informasi jg cukup jauh dari tempat saya berdiri di peron. Jadi jika ada himbauan di dalam KRL akan lebih baik. Sehingga penumpang yang salah naik bisa langsung turun di stasiun berikut.,Pelayanan
Sun Feb 22 12:49:46 +0000 2026,@CommuterLine Kejadian di gante out dan juga gate in (dengan 1 orang yang sama). Mohon maaf saya ga mau sebut nama/ciri-cirinya yaaa. Saya gamau ybs kena sp atau gimana. Yang penting perbaiki aja pelayanan di st pondok cina. Terima kasih responnya,Pelayanan
Fri Feb 27 06:52:17 +0000 2026,@CommuterLine Udah dilaporkan kepetugas mau di apain min suruh berdiri orangnya ? Palingan juga POV dari petugasnya bilang empati sedikit lah bang kan masih muda kasian ibu hamil udah gitu palingan.. udah ketebak sih.,Pelayanan
Fri Feb 27 11:55:58 +0000 2026,@CommuterLine @kamarlintang Kasih paham tuh petugasnya ini bulan puasa jangan coba2 nyepelein orang yg butuh bantuan. Tuhan Maha Melihat,Pelayanan
Mon Jan 19 00:32:22 +0000 2026,@CommuterLine Tolong ingatkan petugas agar tidak bergerombol ngobrol di depan mesin tap masuk. Loc: St. Pondok Ranji.,Pelayanan
Tue Jan 06 05:40:47 +0000 2026,@CommuterLine @PTKAI Faktanya petugas peron pun tidak selalu aware terhadap hal tersebut. Mungkin dapat ditingkatkan lagi sosialisasi peruntukan fasilitasnya karena pada dasarnya memang penggunanya yang belum besar rasa pedulinya. Mohon untuk jadi evaluasi. Terima kasih.,Pelayanan
Mon Feb 09 14:16:16 +0000 2026,@CommuterLine ini masinis KA #5577B/ SF12 kok lama banget sih. Jadi ketinggalan kereta duri 9.10. Gada koordinasi apa biar ga telat? Tolol banget pelayanannya KRL,Keterlambatan
Fri Feb 20 14:12:48 +0000 2026,@CommuterLine tolong langsung training semua petugas krl yang arah bogor ya. kasih tau penumpang pintu mana yang kaga kebagian peron. penumpang jgn dibuat bingung sampe harus turun jauh dari rumah. petugas di kalibatanya juga harus sigap tiap ada penumpang yang mau turun di pintu TANPA peron.,Pelayanan
Mon Feb 23 09:58:17 +0000 2026,@CommuterLine Padet banget peron 3 Manggarai sore ini petugas peron sampein gak ada gangguan. Apa iya? Ini satu jadwal terlewat karena numpuk semua penumpang.,Kepadatan
Mon Feb 09 09:20:12 +0000 2026,@CommuterLine Berikut ini berseragam KAI juga merokok di area stasiun gondangdia di dalam pagar. Mohon ditertibkan. Bila pegawai yang harusnya menegakkan peraturan juga merokok bagaimana mau memberi contoh? https://t.co/hsFdF5rG30,Pelayanan
Wed Jan 07 23:37:09 +0000 2026,@CommuterLine yaelah ngendap lama banget mah masuk stasiun manggarai dari arah bogor kenapa sih gini mulu tahun baru pelayanan jadi g bagus skrng.,Keterlambatan
Fri Feb 27 09:18:06 +0000 2026,@CommuterLine @kamarlintang Laporkan ke petugas kan sudah tapi petugasnya victim blaming. Percuma berbusa2 itu imbauan Kekerasan Seksual diulang2 di dalam kereta tapi follow upnya zonk. Kalo ga ada bukti konkrit penanganan jadi imbauan tentang KS hanya formalitas. Nih dikabulin min JALUR VIRAL nya!,Keamanan
Sun Mar 22 05:38:57 +0000 2026,@CommuterLine ini kenapa kok gerbong cewe bisa masuk bapak bapak ya? Dari Cilebut dia nyamperin keluarganya. Dan gaada satpam yang jaga,Pelayanan
Sun Feb 01 13:25:33 +0000 2026,@CommuterLine @RMU_ID Tolong deh tanggapannya @RMU_ID Plus pintu masuk yg jalan cuma 3 pintu dari 4 pintu keluar jam crowded 18.00-21.00 yang jaga cuma 3 dari 6 pintu yang disedian jd antrian panjang. Service parkir payah eh malah nambah mahal. Pegawai lu tuh benahin,Pelayanan
Wed Jan 07 06:11:00 +0000 2026,@CommuterLine @CommuterLine petugas pelayanan gate stasiun debar galak banget bjir,Pelayanan
Sat Feb 28 22:37:49 +0000 2026,@CommuterLine @kamarlintang Bloon kejadian kapan tau malah baru ditindak sekarang. PERCUMA lu bilang lopar lapor jd korban kalo petugas lu macem bangsat begitu. Pecat!,Pelayanan
Wed Mar 11 11:28:56 +0000 2026,@CommuterLine satpam KRL Jogja-Solo knp LEMBEK LEMBEK ya? Ga berani negur penumpang yg ga punya aturan. Sore ini tadi gue naik KRL dari Purwosari arah Jogja jam 16.52 gerbong 1. Yg duduk seberang gue cewek 3 ngobrol teriak2 telfon diloud speaker ketawa2. Satpam cuma liatin aja,Pelayanan
Sat Jan 10 13:31:04 +0000 2026,@CommuterLine ini kereta ketahan lebih dari 20 menit di stasiun bekasi lagi gangguan kah? Atau lagi pada ngopi petugasnya?,Keterlambatan
Wed Jan 21 00:18:05 +0000 2026,@CommuterLine ini kenapaaa yaa krl dari cikarang dateng telatt mulu dan selalu DITAHAN?????? Klo ada masalaah tuhh di INFO!! Orang di dalem tuh krl tuh desek2an lohhhh.... enggap gimana gak banyak pingsann!!! Kalian ini bawa manusiaa lohhh mentang2 ongkos murah seenaknya aja pelayanannya,Keterlambatan
Wed Feb 18 08:53:43 +0000 2026,@CommuterLine Iya min saya gak sempat lapor karena memang petugasnya jauh posisinya di luar gate,Pelayanan
Tue Mar 10 10:14:12 +0000 2026,@CommuterLine satpam stasiun duri tolol banget . Ada kakek² dibiarin ngantri di depan tangga jalur 5 pas kereta dateng gmana ga diseruduk sm yg keluar coba itu .,Keamanan
Wed Feb 11 09:13:45 +0000 2026,@CommuterLine Serius nih ga ada tindakan dari @CommuterLine utk pegawainya yang merokok di area stasiun? itu di belakangnya jelas ada rambu dilarang merokok loh https://t.co/L8mELPvMfL,Pelayanan
Thu Mar 05 13:10:48 +0000 2026,@CommuterLine kok bisa2nya gerbong cewe diisi bbrp bapa2 ya? jelas2 ada petugas di gerbong yg sama tp diem aja,Pelayanan
Mon Jan 12 00:37:41 +0000 2026,@CommuterLine yaampun udah seminggu papan pengumuman keberangkatan kereta ga dibenerin di pintu masuk alun2 Stasiun Bogor. astaga petugas bejibun gada inisiatif benerin apa ya hrs ada yg komplain dlu,Pelayanan
Fri Feb 27 23:14:11 +0000 2026,@CommuterLine sebaiknya segera direspon dengan layak dan sesuai aturan yang dibuat. Kalau tidak bakal percuma itu pengumuman di kereta agar korban pelecehan mengadu ke petugas.,Keamanan
Sun Feb 15 03:37:11 +0000 2026,@CommuterLine min tolong dong satpam di dalem krl kl ada ibu2 atau yg bawa anak arahin buat duduk dulu di kursi prioritas. Jangan main suru bangun aja yg ada di depan mata ibu2/yg bawa anak trsbt. Ga semua yg lebih muda keadaan badannya vit dan dia kuat buat berdiri,Pelayanan
Fri Feb 13 09:33:15 +0000 2026,@CommuterLine sudah ada ibu2 yg negur tapi gak dihiraukan. kebetulan petugas lagi gak ada di gerbong perempuan min. Krl CLI 125 1202.,Pelayanan
Sun Feb 15 08:17:31 +0000 2026,@CommuterLine min. di kereta arah cikarang yang k1 1 89 153 di gerbong cewe depan dr tanah abang ini bapak2 udh dikasi tau kalo ini gerbang cewe tp sampe mau masuk bekasi dia ga pindah2. ini ga ada petugas sama sekali,Pelayanan
Wed Jan 14 04:36:35 +0000 2026,@CommuterLine Pengaturan flow di peron 1 dan 2 ya bukan 11 dan 12. Klo peron atas 11 dan 12 petugasnya tegas untuk tangga turun sebelah kanan dan kiri dikosongkan. Lah ini tangga peron 1 dan 2 di isi naik semua. Padahal tertulis naik dan turun. Mohon dibantu lebih tegas lagi @CommuterLine,Pelayanan
Mon Feb 09 10:16:46 +0000 2026,@CommuterLine info pemberitahuan barang lost and found berapa lama ya? Pengaduan dari pagi tapi belum dapat kabar dari petugas smp sekarang (ga perlu nunggu nanti dihubungi). Masukan surat keterangan pengaduan barang hilang tolong masukin cp krl. Biar tdk dighosting,Pelayanan
Thu Jan 29 10:41:56 +0000 2026,@CommuterLine saya ketinggalan barang di rak kereta tujuan Jakarta. Saya langsung sadar dan menghubungi petugas di stasiun Juanda. Kirain bakal ketemu eh ternyata petugasnya bilang barang gak ditemukan. Padahal kondisi kereta udah sepi.,Pelayanan
Thu Mar 12 00:45:16 +0000 2026,@CommuterLine GILA YA! 6.48 dari sta cisauk udah full sampe ada yang gabisa masuk kereta lelet banget jalannya sampe di sta tn abang udah ketinggalan kereta selanjutnya yg ke arah rajawali. belom di dalem bener bener kegeprek. makin parah aja pelayanannya!,Kepadatan
Wed Jan 14 00:26:20 +0000 2026,@CommuterLine tolong kembalikan tampilan informasi yang dulu min. selain membuat sakit mata yang ini juga nggak ada keterangan peron berapa. harus kembali nanya petugasnya yang kadang pun nggak tahu jalur berapa berangkat jam berapa. https://t.co/vC0eakTZv4,Pelayanan
Tue Jan 20 00:48:59 +0000 2026,@CommuterLine 07:11 klo gasalah dari tanah abang mana itu telat juga yg seharusnya 07:07 lo cek noh petugas lo ga ramah di kp bandan ga profesional,Pelayanan
Mon Jan 19 01:08:48 +0000 2026,@CommuterLine ini imbas rel kereta banjir di Pekalongan juga kah jalur Bekasi pada ngaret parah? Atau petugasnya masih pada ngelag pulang cuti?? Selalu kalo ga hari senin atau jumat error bgt jadwalnya.,Keterlambatan
Sat Feb 28 02:25:11 +0000 2026,@CommuterLine @kamarlintang Jika tidak viral tidak bergerak.. payah!! Harusnya Mbaknya viralin juga petugas @CommuterLine di stasiun Cilebut itu.. ada laporan tapi hingga sebulan tidak ada aksi.,Pelayanan
Fri Jan 09 16:02:19 +0000 2026,@CommuterLine asli bobrok bgt bobrok sistem nya asli kalah sama @PT_Transjakarta njirrrr mana pegawai security kaga ada yg ramah buset dah kacau,Pelayanan
Tue Mar 03 22:56:50 +0000 2026,@CommuterLine pagi ini ada kendala apa ya min sampai kereta arah angke tertahan sudah 30 menit? Posisi di manggarai hanya diinfokan menunggu aman oleh petugas untuk ke arah sudirman,Keterlambatan
Sun Feb 15 01:43:41 +0000 2026,@CommuterLine kenapa itu gate KA Bandara di Rawa Buaya baik yang baru atau yang lama sama errornya? Tadi tap QR dari KAI Access tapi nggak bisa masuk akhirnya tap in pake akses kartu petugas. Jadinya pas sampai stasiun tujuan kan susah tap out karena nggak tap in sebelumnya.,Pelayanan
Wed Mar 11 11:14:54 +0000 2026,@CommuterLine bisa ga si depan stasiun kasih petugas kek tulisan apa kek. jangan org taunya udh di dalem stasiun ada gangguan. ga semua org buka twitter ga semua org download Apk lu. KEBIASAAN gangguan di rush hour. bae bae disumpah serapah org yg lg pada puasa,Pelayanan
Sat Jan 03 00:34:48 +0000 2026,@CommuterLine Masalahnya gaada petugasnya miiinnnn la ilaha illallah. Kan dah dibilang gaada petugas-_- kalo ada petugas ya ngapain saya lapor di medsos dah?,Pelayanan
Fri Feb 27 08:08:51 +0000 2026,@CommuterLine @Delisa_Lockey coba cek petugasnya jg yg ngomong viralin aja dong. mulut enteng bener makan gaji buta tu petugas.,Pelayanan
Wed Jan 28 06:38:37 +0000 2026,@CommuterLine tambahin petugas di lift prioritas stasiun kebayoran deh min. soalnya liat disabilitas ibu bawa anak ibu hamil lansia disuruh ngalah sama yg mobilitasnya masih cepet alias cepet nyerobot lift. bahkan pernah ada tunanetra jg ngalah sama yg msh muda naik lift. aneh tp nyata,Pelayanan
Fri Mar 06 04:02:06 +0000 2026,@CommuterLine Sedikit saran mengingat KRL adalah moda transportasi yg heterogen maka mohon kiranya pihak KAI meningkatkan pelayanannya terutama di jam2 sibuk. Spt Petugas Satpam yang sigap mengantisipasi penumpang yg memaksa masuk saat gerbong sudah penuh.,Pelayanan
Sun Mar 01 14:29:24 +0000 2026,@CommuterLine @kamarlintang Coba petugas lu training yang bener da. Pecat tuh sigoblok yg bilang suruh viralin.,Pelayanan
Mon Mar 02 00:26:39 +0000 2026,@CommuterLine ajarin dong min pegawai lu di tanah abang. Ngasih info tuh yg bnr. Katanya ke rajawali nyatanya? Turun di angke. -_-,Pelayanan
Wed Jan 21 22:51:49 +0000 2026,@CommuterLine greenline dari arah Rangkas gangguan kah? Pagi2 gini jam 5.50 orang2 masih numpuk di Cisauk.,Kepadatan
Wed Jan 28 00:38:33 +0000 2026,@CommuterLine tolong jadwalnya dirapihin dong... ini krl cikarang-angke yg menit 30 an TELAT BGT jadinya org keburu numpuk dan jadi pepes bgt... bahkan dari bekasi udah PEPES akibat penumpukan biasanya mulai pepes dari klender baru,Kepadatan
Fri Mar 06 11:52:00 +0000 2026,@CommuterLine Kan kecelakaan infonya pagi yaa Saran aja min kedepanya kalau emang tau ada kendala pake blash wa/ notif kalau ada keterlambatan. Di gubeng ini numpuk orang pada belum buka puasa semua karena ngejar ngejar kereta dan pas nympe ternyata telat.,Pelayanan
Wed Mar 11 11:13:46 +0000 2026,@CommuterLine Ah gileeee.... Numpuk di Manggarai ini!!!!,Kepadatan
Thu Jan 22 10:54:03 +0000 2026,@CommuterLine minimal mikir lah kl bikin jadwal jgn bikin peron numpuk krn krl dr redline nyampenya lebih cepet kebiasaan bgt anj dri duluu,Kepadatan
Wed Jan 28 11:49:28 +0000 2026,@CommuterLine green line masih trouble apa gimana? numpuk bgt manusia ini di palmerah,Kepadatan
Sat Feb 28 07:24:19 +0000 2026,@CommuterLine MIN INI KENAPA DI KEBAYORAN MALAH KERETA 12 GERBONG TIDAK UNTUK PENUMPANG SIH. INI UDAH JADWAL 2 KERETA LEWAT GAK ADA STASIUN NUMPUK!,Kepadatan
Wed Mar 11 09:17:24 +0000 2026,@CommuterLine ko krl cikarang telat semua sih ampun di sudirman udh numpuk lho jam segini,Kepadatan
Sat Feb 14 15:05:52 +0000 2026,@CommuterLine kejadian lagi digerbong wanita ada kemasukan laki2 banyak dan ini bukan 1/2 org tp LEBIH DARI 10 orang dalam keadaan gerbong tsb PENUH DAN BERDESAKAN. saya sudah infokan ke masinis tp masinisnya tidak take action dan malah melanjutkan perjalanan??,Pelayanan
Wed Jan 21 03:36:36 +0000 2026,@CommuterLine krl Bogor-Jakartakota pada kemana? lama banget datengnya penumpang numpuk.,Kepadatan
Wed Mar 04 03:01:45 +0000 2026,@CommuterLine @nataacen Green line itu min.. tanah abang - rangkas.. lagian rute panjang dan padat begitu. Jarak antar keretanya lama banget..,Keterlambatan
Fri Mar 27 03:07:48 +0000 2026,@CommuterLine pokoknya arah tanah abang jam 8an di pd ranji ya kak sering banget kereta jam 8 di pd ranji itu ga teratur. bisa ada jam 8 selanjutnya 8.25 lah harusnya setiap 10 menit akan ada terus. hari ini bagus ga numpuk karena periode libur kalo hari efektif kerja bakal penuh parah,Keterlambatan
Mon Feb 09 22:31:08 +0000 2026,@CommuterLine @JalurSerpong KRL pagi jam 05.00 dipadati penumpang dan barang dagangan nya. Mengambil space yg seharusnya bisa digunakan penumpang lain untuk berdiri. Gerbong jadi penuh berdesakan padahal masih pagi. Mohon dicari solusi nya.,Kepadatan
Wed Mar 11 11:51:01 +0000 2026,@CommuterLine Kalo kata gw mah pejabatnya di gantiin deh masa tiap tahun masalahnya gini terus di jam padat terus pula solusi ga ada ga berkompeten menghadapi masalah ga atasan ga bawahannya,Kepadatan
Thu Feb 19 09:49:05 +0000 2026,@CommuterLine tolonglah keretanya jgn sering ngalah sama KAJJ sudirman numpuk berdiri lama gak boleh ke bawah krn penuh lama lama mau pingsan Jadwal lo benerin https://t.co/V1Ya2VnY1n,Kepadatan
Tue Feb 24 23:25:58 +0000 2026,@CommuterLine @CurhatKRL yang buat desain kereta inka pasti belum ngerasain naik pas penuh dan harus bertahan di tikungan lenteng agung yg miring. Rak barang kekecilan tiang handle ketinggian susah buat pegangan di tiang kalo handle penuh https://t.co/E3RPiCwUmy,Kepadatan
Sun Jan 18 23:52:47 +0000 2026,@CommuterLine ini kereta lu di greenline telat semua bikin numpuk bjir,Kepadatan
Thu Jan 22 15:37:07 +0000 2026,@CommuterLine malam min. Ini kenapa kereta serpong lama nunggunya ya? Tanah Abang Jalur 5 &amp; 6 udah penuh orang,Keterlambatan
Wed Mar 04 10:26:11 +0000 2026,@CommuterLine udah sejam woy di stasiun sudirman gak bisa masuk kereta krn penuh banget dari tadi https://t.co/xf5T77If9T,Kepadatan
Tue Feb 03 11:18:27 +0000 2026,@CommuterLine kembali telat ya 5148B? sdh numpuk penumpang yg tunggu di sudirman baru,Kepadatan
Fri Mar 13 00:14:15 +0000 2026,@CommuterLine kenapa eskalator turun Manggarai peron ini selalu mati? Kalau malam bisa tuh dia nyala buat naik? Penumpang sebanyak ini cuma bisa turun tangga manual sampai numpuk kayak gini. Kirain matinya bentar doang ternyata SELALU MATI. https://t.co/kdsU6PAbPF,Pelayanan
Wed Mar 11 11:15:38 +0000 2026,@CommuterLine 17:53 sampai Stasiun Gondangdia peron penuh banget. Ga bisa masuk kereta barusan karena sudah sepenuh itu dan belum tersedia lagi kereta ke Bogor,Kepadatan
Sat Mar 14 03:35:55 +0000 2026,@CommuterLine Min sudah prnah tap keluar di sta. Cibinong ga? Sangat tidak manusiawi. Cuma di 1 titik dengn 5 alat tap. Antriannya panjang. Jd semuanya numpuk di situ. Aplgi pas jam sibuk. Mohon ditambah akses pintu keluar&amp;ditambah jg alat tap-nya. Semoga menjadi perhatian #rekancommuters,Kepadatan
Wed Mar 11 10:13:50 +0000 2026,@CommuterLine KA jurusan Tangerang keberangkatan 17.10 kemana dah min? Udah numpuk nih di Duri. https://t.co/5RWeHQlBMx,Kepadatan
Wed Jan 21 01:19:44 +0000 2026,@CommuterLine @gunwookblokm Alasan selisih waktunya apa min? Berimbas ke kp bandan/angke via mri juga numpuk padat bgt di cakung,Kepadatan
Tue Jan 06 00:17:30 +0000 2026,@CommuterLine kalau emang ada krl yg rusak jangan dipake lagi kan banyak kereta yg masih bisa di pergunakan ini di stasiun depok aja numpuk segini banyak karna nunggu rangkaian kereta di benerin. Jam orang berangkat kerja ini. Kacau https://t.co/WM3c21s4cz,Kepadatan
Mon Jan 05 00:24:35 +0000 2026,@CommuterLine jalur jakarta kota lamaaa bgt udh tau selalu rame orang kerja.,Keterlambatan
Wed Mar 11 11:30:46 +0000 2026,@CommuterLine Manggarai penuh temoat berdiri aja susah. Kreta bogor plislah jalan https://t.co/KfNlLqk3DB,Kepadatan
Wed Jan 21 23:03:43 +0000 2026,@CommuterLine nunggu dari 5.45 sampe 6.03 nggak ada krl arah tnbang di st. Rawabuntu. Penumpang numpuk.,Kepadatan
Wed Jan 07 21:42:56 +0000 2026,@CommuterLine mohon bgt min bisa gak yah di jam 17.00-18.00 tuh isinya banyakin krl cikarang semua gitu jgn kebanyakan bks jujurlyy semua org jadi pada numpuk di stasiun bks dll dahh.. dibilang tidak memaksakan diri ya tp gmn yaa krl ke ckrg sedikit,Kepadatan
Wed Feb 18 11:03:15 +0000 2026,@CommuterLine jujur aja cuy ini di Tanah Abang penumpang numpuk. Alasannya apa? Gue nggak butuh jawaban normatif.,Kepadatan
Mon Feb 23 23:38:11 +0000 2026,@CommuterLine Toloong banget tolong pelis gap sama jadwal sebelumnya tuh jauh ya 12 menit. Telat 2 menit aja tuh orangnya dah numpuk ya bwang. Pelis bgt jangan ngaret lagi,Kepadatan
Sun Mar 22 10:02:25 +0000 2026,@CommuterLine ini jalur tanah abang manggarai kenapa ya? Ketahan di tanah abang udah 20 menit jadi penuh banget padahal dari Duri lowong,Kepadatan
Wed Mar 11 10:58:26 +0000 2026,@CommuterLine tolong dong ini kereta di kalibata ga lewat2 udh numpuk bgtttt kebiasaan bgt gangguan di jam sibuk anjj,Kepadatan
Wed Jan 28 05:36:12 +0000 2026,@CommuterLine Catatan mulu dari kapan taun min kapan realisasinya?nunggu ada korban meninggal krn berdesakan?? Kasian loh penumpang sudimara sampai pondok ranji arah tanah abang banyak yg ga keangkut kadang udah nunggu 3x kereta tetep gak keangkut ini lagi nambah stasiun tapi armadanya enggak,Kepadatan
Sun Mar 01 15:59:59 +0000 2026,@CommuterLine kenapa sekarang ga ada jadwal kereta tujuan Bogor di jam 22:30 - 23:00 ya? Saya naik dari St. Cikini lama banget nunggu dari jam 22:30 jadi pada numpuk penumpangnya,Kepadatan
Wed Feb 18 10:52:19 +0000 2026,@CommuterLine Gaada gangguan tp greenline udh numpuk bgt ini di tnabg dan stasiun2 lainnya https://t.co/NCzGEXtvMQ,Kepadatan
Fri Jan 23 11:18:35 +0000 2026,@CommuterLine Peron 5-6 penuh min sampe gk gerak dr atas https://t.co/MpVsnBmozM,Kepadatan
Tue Feb 24 01:21:11 +0000 2026,@CommuterLine greenline tuh kacau banget deh udah keretanya sering banget telat bukan cuma telat 5 menit TAPI 20 MENIT Rangkaian cuma 10 kereta SELALU PENUH. Ga nyaman banget tapi cuma ini transportasi yang bisa jangkau Jakarta cepet. Tolong perbaikannya segera dong????,Keterlambatan
Mon Mar 02 00:36:18 +0000 2026,@CommuterLine Citayam udh numpuk 4 orang baris min gak penting juga sih,Kepadatan
Thu Feb 19 02:14:00 +0000 2026,@CommuterLine mau dateng jam brp nih keretanya rawabuntu - tnh abang??? udh numpuk di stasiun orang2,Kepadatan
Wed Mar 04 10:14:07 +0000 2026,@CommuterLine ini sudirman numpuk woyyy aduuhh,Kepadatan
Fri Mar 27 01:14:02 +0000 2026,@CommuterLine ini krl green line ke tanah abang kenapa jadwal 8.10-8.20 nya masih ngilang ya? Dari sebelum lebaran sampai udah beres lebaran. Numpuk jadinya. Kereta dari jam 8.03 dri sudimara langsung loncat ke jam 8.22. Udah tau padahal rush hour ujan masih blm ada perbaikan.,Kepadatan
Sun Feb 22 22:27:39 +0000 2026,@CommuterLine hallo ini apakah line ckr-bks ada gangguan? Even ke arah ckr ajaaa yg biasanya udh pada dtg ini jauh bgt lhoo mundurnya:(( numpuk nih numpukk,Kepadatan
Wed Feb 04 01:55:15 +0000 2026,@CommuterLine Tolong min perbanyak kereta dari MRI ke JAKK di jam 8-8.30 pagi karena banyak warga Cikarang/Bekasi transit Manggarai melanjutkan arah Jakarta Kota. Akhir2 ini jadi numpuk di jam 8.15 karena banyaknya orang pintu KRL jadi ketahan dan tidak bisa tertutup di KA 1209 tadi.,Kepadatan
Fri Feb 20 01:42:07 +0000 2026,@CommuterLine Jam 7-8 Pagi itu jadwal padatnya Manggarai pak yang mau ke sudirman tanah abng angke jam 4-6 itu jadwal padat sudirman ke Manggarai ini nunggu bisa 20 menitan gimana ceritanya penumpang numpuk kereta ga nambah bar jadwal kereta terlambat malah di tambah jadwal 17:09 ke 17:27,Pelayanan
Wed Mar 04 10:16:54 +0000 2026,@CommuterLine Pantesan numpuk ini di sudirman krl manggarai jg ga ada hrsnya malah banyakin krl manggarai biar ga numpuk krl bekasi sm cikarang mah penuh terus,Kepadatan
Thu Jan 01 12:13:18 +0000 2026,@CommuterLine Hampir 1 jam berdiri berdesakan di dalam kereta akhirnya saya keluar stasiun karena mengejar waktu terpaksa naik taksi online,Kepadatan
Wed Mar 11 10:47:46 +0000 2026,@CommuterLine minimal kereta bogor jalanin lah dari kota njir numpuk banget ini,Kepadatan
Thu Feb 19 02:32:49 +0000 2026,@CommuterLine Tolong disampaikan ke unit terkait min biar jadi evaluasi. Lumayan numpuk kalau 20min nunggu di rush hour soalnya min,Pelayanan
Tue Jan 06 00:09:22 +0000 2026,@CommuterLine kereta pemberangkatan depok jam 7.03 kok gaada? Penumpang jadi numpuk,Kepadatan
Tue Jan 06 00:33:11 +0000 2026,@CommuterLine min jalur 2 tn abang pd mo ke manggarai numpuk bgt ini kereta ngga dateng2,Kepadatan
Wed Jan 07 00:27:17 +0000 2026,@CommuterLine min ini sudimara-tanah abang telat kah? Biasanya 1647A jam 07.21 ini 07.28. Jadi numpuk orang di peronnya,Kepadatan
Mon Feb 02 00:24:08 +0000 2026,@CommuterLine Trus fokus ke pintu mana lagi? Semua pintu penuh. Kau sediakan dong kereta lbh byk lg dan jarak tingginya lbh pendek. Itu kau baru bs ngomong begitu,Kepadatan
Mon Mar 09 23:21:43 +0000 2026,@CommuterLine @depol333 kereta balast kenapa lewatnya di jam kerja? udah tau green line gak telat aja udah numpuk. ngaco bgt,Pelayanan
Wed Feb 25 23:27:28 +0000 2026,@CommuterLine 10 menit nunggu aja udh numpuk. Laillahaillallah.... Setiap hari ada aja yg pingsan emang ga jadi pelajaran tuh??,Kepadatan
Thu Jan 29 00:26:25 +0000 2026,@CommuterLine Min ini sakit banget kejepit macam begini tolonglahh paham si hujan &amp; jam padat tp sakit banget,Kepadatan
Tue Feb 24 02:12:53 +0000 2026,@CommuterLine Coba lah dikaji ulang itu jadwal pagi jam 06.00-07.00 arah rangkas - tanah abang. Orang udh bnr2 numpuk loh jeda kereta 20 menit. Masa nunggu ada yg luka2 krn keinjek dulu baru dikaji ulang? Tolong lah,Keamanan
Mon Jan 26 15:36:25 +0000 2026,@CommuterLine @KAI121 kak ini announce di dalem kereta nya suka kecillll bangettt kenapa yaaa sampe ga kedengeran suka bingung kalo posisi nya penuh terus aku duduk beneran ga kedengeran ini st mana,Pelayanan
Wed Feb 18 01:56:39 +0000 2026,@CommuterLine sumpah ya. Kereta telat mulu sampai numpuk di Manggarai. Kereta arah Kp. Bandan atau Tn. Abang kenapa lama terus sih? Orang turun dari Bogor line set 9 jam 8.50 baru dateng tuh arah Sudirman. Nggilani,Kepadatan
Mon Feb 09 22:44:14 +0000 2026,@CommuterLine kenapa kereta Jakarta kota 8 rangkaian di jadwalkan setelah manggarai 12 rangkaian ya? Pertimbangannya apa? Jurusan manggarai lengang sekali dan Jakarta kota padat. Padahal harus menampung penumpang transit juga nanti. Kenapa bkn jurusan manggarai yg 8 rangkaian? https://t.co/mSTk4Whg6X,Kepadatan
Thu Jan 22 00:00:17 +0000 2026,@CommuterLine Stasiun Tigaraksa kan ada 4 Jalur gunakan semua jalur Stasiun Tigaraksa untuk mengurai antrian Kereta pakai itu jalur 2 3 &amp; jalur 4 Stasiun Tigaraksa biar KRL dari Tanah Abang lancar dan kembali menjadi perjalanan Relasi TGS-THB Krn pnp sdh padat ini,Kepadatan
Wed Jan 28 00:34:51 +0000 2026,@CommuterLine ini di tn abang udh numpuk knp greenline arah parung/tigaraksa/rangkas telat di rush hour gini,Kepadatan
Tue Mar 03 22:48:54 +0000 2026,@CommuterLine min ini maggarai-tanah abang kenapa ga jalan2? Udh numpuk di manggarai,Kepadatan
Wed Jan 28 11:10:07 +0000 2026,@CommuterLine Green line ganggu an Mulu jalur rame serasa anak tiri,Keterlambatan
Thu Feb 19 10:19:32 +0000 2026,@CommuterLine min kalo puasa jam2 segini jam 4-6 sore gt banyakin kereta cikarang dong daripada bekasi ini kan bisa sekalian jadinya. Udh numpuk ini nungguin kereta ckrg di buaran mana cuma 10 gerbong adanya,Kepadatan
Wed Jan 28 01:06:27 +0000 2026,@CommuterLine kenapa jadwal kereta greenline ini telat terus dari jadwal seharusnya? Penumpang nya sampai numpuk banget. Jadwal ke parung panjang atau tigaraksa juga gak ada langsung ke rangkasbitung. Harusnya ada jadwal jam 07.52 tapi jadi 08.07 di tulisan stasiun,Kepadatan
Wed Jan 07 01:49:42 +0000 2026,@CommuterLine yang jam 6-8 pagi ga mau dipercepat apa jeda nya? Padat bgt smpe orang pada teriak2,Kepadatan
Wed Jan 28 11:15:40 +0000 2026,@CommuterLine min ini katanya udh kelar gangguan di green Line ini kenapa di tanah abang msh numpuk aja sih? Masih gangguan?????? Jujur aja jangan udah bilang udh kelar Gua udh kelewat 3 kereta udh kaya peyek semua didalem Minta maaf mulu kompensasi nggak,Kepadatan
Tue Mar 03 00:27:00 +0000 2026,@CommuterLine kok ga ada yg ke kemayoran ya? Numpuk banget nih min di duri,Kepadatan
Sun Feb 22 23:04:33 +0000 2026,@CommuterLine ini ada gangguan gak sih pagi? Biasa naik yang jam 5.23 dari bekasi kosong ini di Cakung udah numpuk masuk di jalur 4 pula terus di jalur 3 ada kereta stop,Kepadatan
Wed Jan 28 00:36:05 +0000 2026,@CommuterLine @resdev15 Udah liat jadwalnya gak valid min. Tn abang-rangkas harusnya ada 7.30. Ini aja belom ada keretanya. Jadwal ga jelas kereta jarang penumpang numpuk. Hhhhhh padahal jalur dan peron udah banyak,Pelayanan
Tue Jan 27 02:13:46 +0000 2026,@CommuterLine kereta arah bekasi cikarang manggarai mana jirrr lama bgt pada numpuk tauuu pdhl jam segini harusnya gak se crowded ini,Kepadatan
Tue Feb 10 00:39:37 +0000 2026,@CommuterLine oi ini serius kereta tujuan tn abang dr cisauk td jalan 7.27 trs baru ada tujuan tn abang lg 7.46. Jeda 20 menit mau numpuk kaya apa itu di dalem gerbong?? Yg jeda 10 menit aja numpuk poll loh #KRLgreenline,Kepadatan
Wed Feb 04 01:59:19 +0000 2026,@CommuterLine TAMBAHIN DONG: KRL TERBARU BUATAN INKA (SELALU) PINTUNYA BUKA TUTUP BUKA TUTUP ALIAS TROUBLE DAN BIKIN PENUMPANG NUMPUK,Pelayanan
Thu Feb 26 13:26:21 +0000 2026,@CommuterLine @renalbachdian Selisih 20menit pastilah numpuk bulan puasa juga prepare waktu klo bln puasa gni krn pulang kerja pd lebih awal,Kepadatan
Wed Jan 21 00:21:03 +0000 2026,@CommuterLine awokwok KRL via MRI dr Kranji sebelumnya berangkat jam 7 selanjutnya sampe detik ini blm dateng Kalo ngasih jadwal yg ngotak lah dikit. Ini penumpang numpuk di Kranji woy kasian bgt penumpang yg ga dpt jam 7 harus nunggu hampir 1/2 jam!!!!!,Pelayanan
Sun Feb 22 22:57:32 +0000 2026,@CommuterLine mau tanya ini green Line lg masalah kah? Kok di sudimara tumben numpuk banget minggu lalu ga gini,Kepadatan
Wed Feb 11 01:58:56 +0000 2026,@CommuterLine min 1665D kenapa telat dateng? Harusnya jam 9 kurang udah sampe sudimara tapi ini malah baru berangkat serpong. Perbaikin dong jadwalnya! Penumpang numpuk di stasiun jadinya.,Pelayanan
Sun Mar 22 02:42:48 +0000 2026,@CommuterLine tn abang emg rame tp gerbong wanita masa ga ditertibin khusus wanita ya ..? https://t.co/OaNAlBzush,Pelayanan
Wed Jan 28 08:38:49 +0000 2026,@CommuterLine mana nih kereta green line dari thb? udah numpuk ini peron 5 6,Kepadatan
Thu Jan 22 00:45:15 +0000 2026,@CommuterLine smg cepat diatasi tadi jadinya penuh gila di krl :(,Kepadatan
Wed Mar 11 00:29:33 +0000 2026,@CommuterLine Min kenapa sih rangkaian krl tangerang cm 8? Kan penuh sesak banyak yg ga bs naik kenapa bukan ditambah gerbongnya malah dikurangin,Kepadatan
Wed Feb 25 15:17:56 +0000 2026,@CommuterLine manggarai jadwalnya scam mulu numpuk nih tujuan duri angke,Pelayanan
Fri Feb 06 15:22:46 +0000 2026,@CommuterLine ada apa ni min. Numpuk banget di sudirman jam segini gara2 delay mulu. di papan jadwalnya diubah terus jam kedatangannya,Kepadatan
Wed Feb 25 01:08:24 +0000 2026,@CommuterLine klo sudah rentang waktu jam 8. Lama sekali nunggu di manggarai untuk kereta arah sudirman. 3 pemberangkatan dari bogor sampe numpuk di manggarai. Knp jadwal susah ditebak ya,Pelayanan
Wed Mar 11 10:51:14 +0000 2026,@CommuterLine ini ga mau dijalanin aja yg sebiji nih dr 17.40 sampe skrg masih dikota aja sedangkan penumpang numpuk Pasti udh penuh dr sana lah kocag mana gaada lagi kereta yg ke bogornya aduhhh https://t.co/hz1ToGeWHV,Kepadatan
Mon Mar 02 00:22:00 +0000 2026,@CommuterLine ini ada gangguan apa gimana ini di stasiun cilebut numpuk banyak orang gini ada gangguan bukan?,Kepadatan
Sun Feb 15 23:43:18 +0000 2026,@CommuterLine Goblok banget bikin jadwal ga pake data. Stasiun numpuk tolol. Dan kesalahan ini diulang ulang terus tiap hari. Manajemen kalian bikin keputusan pake otak ga?,Pelayanan
Wed Jan 28 10:44:39 +0000 2026,@CommuterLine tolong beri penjelasan keterlambatan kereta 1752D hari ini peron jlr 5-6 tanah abang penuh cenderung membahayakan. G ada rencana penambahan frekuensi dan panjang rangkaian pada jalur rangkasbitung???,Keamanan
Wed Jan 28 12:38:58 +0000 2026,@CommuterLine min maaf mau nnya utk green line apakah gangguan? soalnya dikebayoran penuh bgt https://t.co/ln6qF5opHM,Keterlambatan
Wed Feb 25 08:45:40 +0000 2026,@CommuterLine Ya ampun pantesaaann ini di sudirman udh numpuk Lama bgt udh 50menit,Kepadatan
Fri Feb 06 00:03:20 +0000 2026,@CommuterLine kenapa setiap pagi jadwal greenline selalu ngaret min? Jarak antar kereta lebih dari 10 menit bikin numpuk penuh sesak dan waktu tempuh lama. Selalu dijawab pembatasan kecepatan jalur Maja apakah selalu tidak ada solusi?,Kepadatan
Fri Feb 20 06:33:21 +0000 2026,@CommuterLine hari selasa 17 Feb saya dari bekasi mau ke pasar senen arah puntu tap out di st senen sangat sempit dan atapnya rendah sehingga antrian membludak hampir sesak nafas. Membahayakan menurut saya tlg diperbaiki makasih,Keamanan
Wed Feb 18 11:03:30 +0000 2026,@CommuterLine halo admin ini ada kendala apa ya? sudah numpuk di stasiun tanah abang orang makin berdatangan. tolong infonya ya https://t.co/cvL3c4in2Y,Kepadatan
Wed Jan 28 09:32:28 +0000 2026,@CommuterLine KAI Commuter dimohon melihat permasalahan headway &amp; jumlah gerbong ini secara serius dan bukan hanya mencatat sebagai masukan angin lalu. Ini setiap hari orang2 bener2 tersiksa didalam kereta benar2 penuh sesak diluar manusia harus khawatir terlambat karena terus tdk bs msk.,Kepadatan
Thu Mar 12 14:57:33 +0000 2026,@CommuterLine min kenapa sih kereta arah tangerang berangkat/datengnya itu selangnya lama banget bener-bener sampe numpuk dulu di stasiun,Pelayanan
Tue Mar 03 22:55:33 +0000 2026,@CommuterLine ini di Manggarai kereta arah Angke sudah penuh padat pol tapi ga jalan juga sudah setengah jam. Ada apa sebenarnya?,Keterlambatan
Fri Feb 27 00:53:14 +0000 2026,@CommuterLine Betul sebisa mungkin jangan lewatin batas kuning apalagi saat ada kereta melintas di jalur. Apalagi misal rame kita gak tahu bakal terdorong atau sengaja didorong orang. Tetap waspada. @CurhatKRL,Keamanan
Wed Mar 11 11:41:28 +0000 2026,@CommuterLine Min ini ga jalan2 posisi arah Citayam. Pegel bgt numpuk. Laper min ga bawa bukaan,Kepadatan
Wed Jan 07 00:48:06 +0000 2026,@CommuterLine stasiun cibitung numpuk penumpang semua udah 40 menit ga ada yang arah angke/kampung bandan kenapa lagi kereta lo woi?,Kepadatan
Wed Mar 11 12:11:28 +0000 2026,@CommuterLine Please perbaiki ac nya biar manusia yg di dalam gerbong tidak pengap masa nunggu sampe ada korban akibat sesak nafas?,Pelayanan
Sat Jan 24 11:54:38 +0000 2026,@CommuterLine Numpuk gini,Kepadatan
Mon Jan 26 00:51:54 +0000 2026,@CommuterLine Kalian tuh kebangetan ya kerjanya gak becus. Gangguan tigaraksa-maja itu udah dari kapan tau tapi gak ada perbaikan. Kereta telat 5 menit aja udah penuh ya bapak ibu commuterline. 12 menit telat itu kebangetan!!!!!!!!,Keterlambatan
Thu Feb 12 01:36:39 +0000 2026,@CommuterLine krl knp ya kereta penuh berdesakan tp ac kaga ada rasanya kipas pun ga berasa https://t.co/mJYMR83NjT,Pelayanan
Wed Jan 21 22:40:24 +0000 2026,@CommuterLine min update greenline ni dah numpuk binggow arah tn abang zzz,Kepadatan
Mon Jan 19 06:49:52 +0000 2026,@CommuterLine jgn lama2 brentinya gerbong padat bisa kebayang tuch,Kepadatan
Wed Mar 04 23:53:34 +0000 2026,@CommuterLine selama bulan puasa ini greenline makin penuh sesak mohon dibantu untuk penambahan menjadi 12 rangkaian. Mengingat greenline jalur terpanjang dibanding jalur lainnya,Kepadatan
Wed Mar 04 10:25:14 +0000 2026,@CommuterLine weh anjing . Buruan ini goblok . Di tanah abang udah numpuk dijalur 6 . Malah ngetem di langsiran ini 1756 . Tolol,Kepadatan
Fri Feb 20 01:14:33 +0000 2026,@CommuterLine Berapa lama lagi sampai normal? Tangerang udh numpuk banget :(,Kepadatan
Wed Feb 04 03:28:26 +0000 2026,@CommuterLine Tolong dong @CommuterLine urusin alien2 yang gamau jalan di lajur kanan eskalator padahal kosong loh diatas. Kalo perlu dibentak bentak aja kelakuan alien2 ga jelas ini https://t.co/8pPGLRPQ9d,Pelayanan
Sat Feb 14 03:49:44 +0000 2026,@CommuterLine bodo amat cok bukannya di infoin dari awal dongo apa gimana sih? di pikir warganya punya waktu luang apa gimana?,Pelayanan
Wed Jan 28 04:43:33 +0000 2026,@CommuterLine GERBONG MIN GERBONGGGG HARI HARI JD PEPES,Kepadatan
Wed Feb 25 08:39:15 +0000 2026,@CommuterLine padet bgt min sudirman 20 menit lebih gaada kereta arah manggarai,Keterlambatan
Sun Mar 08 23:30:28 +0000 2026,@CommuterLine min KRL Tangerang-Duri yg hari ini jadwal dari stasiun Tangerang jam 06.07 kenapa cuma 8 SF? udah mah rush hour gerbong dikit ini di dalemnya udah kejepit semua orang2 nyampe rawa buaya aja banyak yg gabisa masuk lagi. Bukannya dibanyakin malah dikurangin SF nya,Kepadatan
Sun Feb 22 23:06:54 +0000 2026,@CommuterLine etmin greenline telat kah? Masa krl jam 6 pagi di pd ranji udah padet aje.,Keterlambatan
Mon Feb 09 05:54:18 +0000 2026,@CommuterLine @eqrzq Tambahin min gerbongnya di pagi ama sore ajaa deh.... udah kayak pepes kami didalam kereta. Greenline ya minnnn... nunggu kereta selanjutnya juga bukan opsi min...,Kepadatan
Sat Feb 14 10:52:24 +0000 2026,@CommuterLine sumpah ini greenline stasiun tanah abang kenapa padet bgt sih. Orangnya banyak tapi eskalator yg nyala cuma 1. Rasanya mau marah https://t.co/HWZEcfFJtt,Kepadatan
Thu Jan 22 10:53:05 +0000 2026,@CommuterLine spt biasa ngatur jadwal seenak udel aje ini di manggarai (blue line) jadwal 17.52 tp blm dtg sedangkan di peron udah padet SIAPA SIH YG ATUR JADWAL ????????,Keterlambatan
Tue Feb 24 09:27:36 +0000 2026,@CommuterLine min itu jadwal kereta keberangkatan St. Manggarai / St. Jakarta Kota dari St. Bogor dengan rentang waktu 14.30 - 15.00 jangan sekosong itu atuh. udah kereta tersedianya lama baru jalan jam 15.06 dari Bogor dikasih 8 rangkaian pula jadi pepes min . https://t.co/fWDlUaqKCm,Keterlambatan
Wed Mar 11 12:09:45 +0000 2026,@CommuterLine Beneran udah selesai? Tapi dimanggarai masih padet banget... blm ada info,Kepadatan
Wed Feb 04 00:12:25 +0000 2026,@CommuterLine gila lu ga ada improvement sama sekali di green line. Literally tiap hari pepes parah dan masih harus telat monyet lu tau ga sih telat 2 menit aja udah senumpuk ape itu di stasiun sialan,Kepadatan
Wed Feb 04 02:11:00 +0000 2026,@CommuterLine Yaelah mau berangkat jam 5 pagi sekalipun juga keretanya tetep pepes. Buka tuh persinyalan green line tambah perjalanan biar headway bisa under 10 mins. Heran udah tau rush hour interval 10 menitan masih telat pula like bro lu ada spare 10 menit antar kereta dan masih telat???,Keterlambatan
Wed Mar 11 10:57:24 +0000 2026,@CommuterLine gerbong padet ini ketahan di pasming dari tadi buswttt,Keterlambatan
Wed Mar 11 10:56:13 +0000 2026,@CommuterLine ini ketahan di pasar minggu mana sesek banget,Keterlambatan
Tue Jan 20 01:46:52 +0000 2026,@CommuterLine benerin lah jadwal keberangkatan commuter masa kita yg kerja ama mepet2an kek pepes gini harus ngalah mulu ama jadwal KAJJ??? mentang2 gak profit gitu?? apa gimanasih tolong dong udah 2 hari begini kalo ampe seminggu bahkan seterusnya parah bgt sih lu,Keterlambatan
Wed Jan 28 11:35:15 +0000 2026,@CommuterLine kenapasih greenline skg interval kereta dateng makin lama mana cuma 10 gerbong ampun padet padet,Keterlambatan
Tue Jan 06 00:33:49 +0000 2026,@CommuterLine Min stasiun depok baru padet bgt 2 x kereta ga bisa masuk bner2 padet Kemarin ada gangguan ?skrg ada apa ni min kereta dipo ? Tahun baru hrs,Kepadatan
Mon Feb 16 01:49:37 +0000 2026,@CommuterLine ini kenapa KRL rute dari Bogor - Jakarta Kota dari tadi nggak ada ??? Jeda waktunya harusnya setiap 5 menit ada. Kenapa ini lama bangeeettt ??? Nggak ngaruh mau hari kejepit kek mau cuti bersama kek harus tetep on schedule dong !! Nggak bener banget ini !! Kacau !!,Keterlambatan
Thu Feb 05 03:51:37 +0000 2026,@CommuterLine @r3pertoire Min kita tiap hari pulang pergi jadi pepes. Tolong disampaikan ke manajemen untuk tambah armada dong,Kepadatan
Mon Mar 02 00:07:14 +0000 2026,@CommuterLine Kereta jakot ketahan di cilebut. Siap dah kegencet ini di citayam,Keterlambatan
Mon Jan 19 02:24:39 +0000 2026,@CommuterLine @KAI121 knp klo di stasiun Gondangdia berhentinya sebentar banget sih min? Pdhl di gondang klo pagi khususnya weekdays tuh banyak bgt yg turun pagi ini sekitar jam 9 kurang chaos banget di gondang banyak yg kejepit saking desek2an mau keluar krn pintu udh mau nutup,Kepadatan
Tue Jan 20 03:20:26 +0000 2026,@CommuterLine Katanya penyesuaian jadwal pake GAPEKA biar lebih rapi tapi hasilnya di lapangan malah makin semrawut. Rangkasbitung Tanah Abang jam 6 8 pagi dulu ±6 menit aja udah jd pepes sekarang malah dibuat jadi ±10 menit dan hasilnya penumpang numpuk ditiap pemberhentian.,Kepadatan
Wed Mar 11 10:40:55 +0000 2026,@CommuterLine lama banget estimasi nya 2 jam ni orang pada puasa dan dalem kereta padet pingsan mau tanggung jawab min?,Keterlambatan
Sun Mar 22 09:21:35 +0000 2026,@CommuterLine ini ada gangguan apa yaaa min ketahan kereta di sebelum Jatinegara udah mau sejam mana kondisi kek pepes,Keterlambatan
Thu Feb 05 00:08:12 +0000 2026,@CommuterLine fetishnya emang suka liat orang kegencet ya? ini greeline telat mulu. dari sudimara aja ga bisa naik gimana yang di juramangu sama pondok ranji,Keterlambatan
Thu Jan 29 08:23:40 +0000 2026,@CommuterLine @JohnTambunan Ya bikin jadwal yang jelas dong kalo memang ada selisih2 waktu. Jadi penumpang juga bisa atur waktu berangkat. Jangan sukak2 kalian mulu nih. Tar tiba2 telat 10 menit cuma maaf2 mulu tapi pengguna udah kayak pepes di gerbong.,Keterlambatan
Sun Jan 25 23:49:24 +0000 2026,@CommuterLine @mywoobear_ Iya tp ini telat. Udh kaya pepes di kereta. Tolonglah jgn suka telat,Keterlambatan
Fri Jan 30 09:51:43 +0000 2026,@CommuterLine Gak terfokus gak terfokus. Green line noh udah kaya pepes. Udah layak banget kaya RED LINE. Perbanyak jam dan armadanya.,Kepadatan
Sun Jan 04 04:52:05 +0000 2026,@CommuterLine Relasi 1707B rangkas-tenabang udah kaya pepes sarden lagi efisiensi AC atau abis freon?,Kepadatan
Mon Jan 26 10:44:37 +0000 2026,@CommuterLine min sorry jadwal krl bs di adjust lg ga ya dibenahi krl cikarang 5132B jeda dari cikarang sebelumnya 40 menit jd udh numpuk bgt trs di bekasi berentinya kelamaan min pdhl keretanya udh padet sumpek,Kepadatan
Tue Jan 20 05:50:12 +0000 2026,@CommuterLine Min coba dong di evaluasi pemilihan gerbong di jam sibuk (6.50 dari st parlong). Masa jam padet dikasih gerbong wanita gini di gerbong tengah? Ini loh jadi pepes geprekan manusia didalamnya. Segera realisasi Greenline 12 gerbong dong! https://t.co/oMnGous5Ar,Kepadatan
Tue Jan 20 22:38:23 +0000 2026,@CommuterLine min punten boleh gak si kereta dari Depok masuknya gak lama² huhu keujanan basah semua penumpangnya nunggu di peron hahha,Keterlambatan
Tue Jan 27 01:52:13 +0000 2026,@CommuterLine lu yang bener aja lah krl lu terlambat terus. orang dari pagi udah nunggu sampe numpuk ya gak bisa masuk anjir hadeh. telaat terus kereta lu,Kepadatan
Tue Feb 24 00:43:17 +0000 2026,@CommuterLine ini kereta serius gaaada yg dtg mau kp bandan atau angke semuanya msh mandek di cikarang? Ga sesuai bgt sm jadwal yg kalian bikin. Udh 20 menit nunggu nihhhhh!,Keterlambatan
Mon Jan 19 01:57:05 +0000 2026,@CommuterLine 8.35 kereta sampe st klender. Nunggu 13 menit baru jalan krn nunggu pergantian jalur. Baru jalan 4 menit brenti lg di cipinang (antara st klender jatneg) dgn alasan sama,Keterlambatan
Mon Feb 23 10:05:12 +0000 2026,@CommuterLine hallo min ini kita posisi udah nunggu di stasiun sudirman dari jam set 5 dan crowded bgt karena udah 2x lewat kereta penuh semua tolong dong ditambah armadanya untuk yg tujuan bekasi-cikarang. udah dikasih pulang cepet sm kantor malah nunggu krlnya lama.,Kepadatan
Tue Feb 24 01:38:45 +0000 2026,@CommuterLine @miss_bright97 Ya liat aja lah kereta yang berangkat dr sudimara 8.06 JANGAN NANYA MULU. KAN PUSAT YG PUNYA KENDALI SETIAP HARI PENUMPANG DSURUH NGAPALIN KERETA NOMOR BERAPA. KALIAN KAPAN APAL JADWAL PENUMPANG NYA? ANEH. NUNGGU ADA YG MATI DLU DI DALEM KERETA APA GMANA SIH.,Pelayanan
Thu Feb 19 10:36:10 +0000 2026,@CommuterLine ini serius nih se sampah ini layanan KAI jalur bekasi - angke ? Pagi lama di Manggarai sore lama di Sudirman gimana bisa nunggu kereta ke Manggarai aja sampe 30 menit,Keterlambatan
Tue Mar 03 11:07:04 +0000 2026,@CommuterLine ini tuh bener 10 menit lebih nunggu kereta? Di gondangdia https://t.co/JNvXBChgre,Keterlambatan
Thu Jan 22 16:12:57 +0000 2026,@CommuterLine Min udah sejam nunggu kereta dr tanah abang arah rangkas.,Keterlambatan
Thu Jan 22 13:33:07 +0000 2026,@CommuterLine Pliss nunggu lamaa 2 jam di Stasiun Daru sedangkan ini mau Naek Kereta Lokal Merak,Keterlambatan
Tue Jan 13 09:58:23 +0000 2026,@CommuterLine krl 5550 (kmp bandan -bekasi) sore ini telat 10 mnt. syukur ada perubahan jadwal jd bnyak kereta cikarang ga perlu nunggu 30 mnt (KRL 5132B). semoga jadwalnya bisa seperti ini terus. biar orang2 arah cikarang ga numpuk pertemuan krl Senen dengan Krl Manggarai. https://t.co/RBeZc6vag0,Keterlambatan
Thu Feb 26 00:50:23 +0000 2026,@CommuterLine KALIAN PUNYA OTAK GA SIH? KERETA PERON ATAS MANGGARAI BARU BERHENTI TRUS FEEDER KE TANAH ABANG MASIH KOSONG UDAH JALAN. NANTI JALUR 1 &amp;2 KEJEBAK HARUS NUNGGU KERETA LUAR KOTA. PLANNING PENJADWALAN KALIAN YG NOL ATAU OTAK YG GA ADA? MIKIR GA SIH?,Keterlambatan
Wed Feb 04 02:08:23 +0000 2026,@CommuterLine engga gangguan juga kereta berhenti bisa sampe 15-20 menit diem doang nunggu pergantian jalur dari minggu lalu,Keterlambatan
Fri Mar 06 00:47:23 +0000 2026,@CommuterLine sy masih di manggarai nunggu kereta arah duri ga dateng2. bikin telat aja,Keterlambatan
Mon Jan 19 00:20:03 +0000 2026,@CommuterLine Bikin jadwal kereta tuh bs ngitung gak sih? Ud kereta lg padat banget bisa2nya harus nunggu gantian jalur sampai 2x ud nunggu bs hampir 5 menit masing2. Prioritas jalur yg penuh dulu lah.,Keterlambatan
Thu Feb 05 00:10:50 +0000 2026,@CommuterLine gilaaaaa nunggu 21 menit cuma buat kereta baru ini begini terus aja stasiun jurang mangu dan stasiun pondok ranji kena apes terus penumpangnya.,Keterlambatan
Fri Jan 23 01:33:01 +0000 2026,@CommuterLine min ini kenapa ya nunggu 15 menit kereta di jakarta kota ga jalan jalan arah bogor / nambo? biasanya ga sampe se lama ini padagal ada 3 kereta,Keterlambatan
Wed Feb 11 00:49:34 +0000 2026,@CommuterLine ini jadwal kereta bekasi pagi-pagi emang jaraknya antar keretanya 20 menitan ya? tadi ada 7.34 lalu ada lagi 7.52 itu pun nunggu jarak jauh jalan,Keterlambatan
Thu Feb 12 13:37:56 +0000 2026,@CommuterLine halo kak ini saya udh nunggu 30 menit di st tanah abang tapi blm ada kereta datang arah cikarang/bekasi knp ya?,Keterlambatan
Wed Jan 14 01:04:18 +0000 2026,@CommuterLine penumpang kampung badan ga dianggep apa gimana dah mau ke manggarai aja nunggu kereta 30 mnt,Keterlambatan
Tue Jan 20 01:29:09 +0000 2026,@CommuterLine min tambahin jadwal kereta tangerang plij. Masa rush hour nunggu 17 menit,Keterlambatan
Mon Jan 19 13:51:01 +0000 2026,@CommuterLine @spillproduk Walaupun sehat kalau naik kereta dempet2an trus lu tahan lagi 30 menit gak gerak mah bisa meninggal kali orang. Nunggu sampe 30menit mah ngapain anjir??? 30menit kereta lu bisa sampe 4 stasiun kalau perlu ngambil jalur ya 10 menit itu udah lama banget,Keterlambatan
Wed Jan 28 03:35:02 +0000 2026,@CommuterLine Sudah 45 menit nunggu dalam kereta di rawa buntu. Trus dimundurin ke serpong. Nunggu lagi 10 menit dan skarang baru jalan,Keterlambatan
Wed Feb 11 16:06:03 +0000 2026,@CommuterLine min kereta ke rangkas udh sejam nunggu kok gada update,Keterlambatan
Sat Feb 07 03:06:47 +0000 2026,@CommuterLine min kenapa kereta ke tn abang dari st sudimara nunggu nya sampai 23menit kalo di atas jam 10 pagi,Keterlambatan
Mon Mar 02 00:38:08 +0000 2026,@CommuterLine lg nunggu hampir 20 menit aku naik d kereta yg akan jalan paling pertama (peron 5) udh di gerbong paling depan. Udh nunggu selama itu tiba2 ada announcement kalo kereta yg jalan duluan itu di peron 3. Semua org lari ngejar pindah peron. Tbtb peron 5 keretanya jalan,Pelayanan
Wed Feb 25 07:33:56 +0000 2026,@CommuterLine Kl kasih info yg jelas! Semua org di stasiun sudirman berdiri lama didalam kereta cm denger ada gangguan tp ga dikasih estimasi brapa lama. Apa kalian lupa sebagain besar penumpang itu berdiri? Kl memang lama sarankan orang untuk cr transport lain. Seneng bgt nyuruh org nunggu,Pelayanan
Tue Jan 20 02:40:40 +0000 2026,@CommuterLine Kereta Jatinegara pasar Senin nunggu 40menitan min lama bangeeeed,Keterlambatan
Thu Mar 26 11:54:13 +0000 2026,@CommuterLine kereta dari arah KMO sudah sejak 18.30 tertahan di PSE. Mau berapa lama lagi bjirrrrr nunggu?!?!?!?!?!?!?!!,Keterlambatan
Mon Jan 12 13:35:35 +0000 2026,@CommuterLine mundur mulu jamnya goblok lu anjing awas aja kalo ditengah jalan nunggu kereta jauh lagi. gw di tambun dari 8.10 sampe skrg nunggu angke 30 menit lebih blm ada juga malah mundur terus tuh jam bangsat bangsat di aplikasi juga ga di update. dongok kontol,Keterlambatan
Wed Feb 18 02:48:40 +0000 2026,@CommuterLine Masuk Manggarai harusnya bisa 9.37-9.38 tapi kudu nunggu sampe 9.43. Jam 9.45 baru masuk Manggarai. Nunggu apa sih? Relnya bermasalah? Kereta di depan gangguan?,Keterlambatan
Tue Jan 06 01:12:42 +0000 2026,@CommuterLine gila sih berasa dihukum banget naik dari stasiun jurangmangu dari 8:05 harus nunggu 17 menit buat naik kereta selanjutnya https://t.co/iGaSpXfqbe,Keterlambatan
Thu Mar 12 10:03:32 +0000 2026,@CommuterLine bisa ga si jadwal kereta cikarang di jam 5 dibenerin? Kalo udah ketinggalan nunggu nya sampe setengah jam lagi di stasiun bekasi padahal kereta nya yg telat harusnya bekasi duluan yg masuk. Capek bgt tiap hari buang2 waktu nungguin krl selanjutnya.,Keterlambatan
Wed Jan 21 00:59:50 +0000 2026,@CommuterLine kereta lu tiap hr nunggu ganti jalur aja hrs 30 min. Manusia2 ga guna emang,Keterlambatan
Fri Jan 02 17:05:03 +0000 2026,@CommuterLine tolong dong kereta terakhir greeenline jadwalnya diperbaiki gua tau niatnya baik nunggu kereta yang lain juga di tanah abang. Tapi kan kalau nunggu itu artinya waktunya kan jadi gak nentu. Mending di tambah kereta terakhir itu.,Keterlambatan
Tue Jan 06 00:34:56 +0000 2026,@CommuterLine udah dua hari kereta arah bandan selalu nunggu pergantian jalur lama banget. Udah keretanya telat dateng nunggu lama pula ganti jalur. Ngerti gaksi kereta kota-priok itu waktu nunggu 30 menit. Ketinggalan kereta kota-priok ngerugiin waktu orang banget lah,Keterlambatan
Wed Feb 04 04:08:51 +0000 2026,@CommuterLine gak ada niatan bikin tangga gitu di stasiun angke buat peron 1 ke 3. Gw nyesek loh sering banget mau ke peron 3 selalu kehalangan kereta berhenti di peron 2 terus keburu jalan di peron 3 harus nunggu lagi lama,Keterlambatan
Wed Jan 28 01:59:25 +0000 2026,@CommuterLine woi kereta angke via manggarai harusnya 8:14 di st tambun ini 8:31 baru muncul disuruh nunggu KAJJ lagi 8:37 baru berangkat. udah berangkat terhenti masuk st Bekasi sampe jam 8:58 lu pada udah gila?,Keterlambatan
Thu Feb 12 06:29:29 +0000 2026,@CommuterLine @UnitedAsk rill minggu lalu jg pernah kek gini pintunya gak bisa nutup jd hrs nunggu kereta lg di manggarai tolong lah min kalo blm optimal krlnya jgn dipakai dulu,Keterlambatan
Fri Jan 30 12:28:51 +0000 2026,@CommuterLine kontol lama banget nunggunya anjing di stasiun bekasi 10 menit jalan blom ada 5 menit berenti lagi nunggu kereta jauh. tai lu monyet anjinggggggggg,Keterlambatan
Sat Feb 28 16:28:32 +0000 2026,@CommuterLine saya naik kereta ini tapi kok disuruh turun di parungpanjang dan disuruh nunggu lagi? kok keretanya engga sesuai tujuan? https://t.co/5NgNblEgUX,Keterlambatan
Thu Feb 05 23:41:24 +0000 2026,@CommuterLine ga becus banget kerja lu nunggu masuk ke kota lama banget ada kali 10 menitan. Orang-orang jadi pada ga dapet kereta Priok kudu nunggu setengah jam lagi https://t.co/npzxBPYFei,Keterlambatan
Sun Mar 08 15:57:07 +0000 2026,@CommuterLine Kereta Sudirman duri ada jam berapa ya? Aku nunggu udah 15 menitan blm dateng juga,Keterlambatan
Fri Jan 23 02:49:46 +0000 2026,@CommuterLine min nunggu kereta di stasiun Jurangmangu arah ke tanah abang ko lama ada apa ya?,Keterlambatan
Tue Feb 10 00:37:34 +0000 2026,@CommuterLine ini rangkaian 8 kereta tujuan Bogor yang biasa sekitar 7:30 tiba di cawang kemana? masa nunggu sampai 7:40 bahkan bisa lebih lama karena tadi waktu dijadwal sempat berubah ke 7:43 lalu kembali ke 7:40,Keterlambatan
Mon Jan 05 00:29:08 +0000 2026,@CommuterLine Lah kocak ih. Orang dibilang kereta jalur jakarta kota. Ini yg depok aja udh lewat 2-3 kali kereta. Jakarta kota lamaaa. Ini di st manggarai nunggu nya,Keterlambatan
Tue Jan 27 01:44:07 +0000 2026,@CommuterLine min ini kenapa stasiun yg ke arah PS Senin di Jatinegara blm ada jg? Nunggu dr jam 7.50 ampe 8.43 blm jg ada. Saya sengaja naik kereta jj turun di Jatinegara biar bisa langsung kerja. Klo gini mah buat telat aja,Keterlambatan
Wed Jan 28 04:09:04 +0000 2026,@CommuterLine Ngapain nambah stasiun kalau jumlah perjalanan &amp; jumlah gerbong tidak ditambah? Yang tadinya di Cisauk kalau berangkat pagi buat kerja bisa naik sekarang harus nunggu kereta ketiga supaya bisa naik. @KAI121 @kemenhub151,Kepadatan
Mon Feb 16 00:19:03 +0000 2026,@CommuterLine kalo cuti bersama baiknya jadwal kereta disamain kaya jadwal hari kerja biasanya. Ga semua orang cuti bersama itu libur. Ini kita pd nunggu di jalur 1 nunggu kereta keberangkatan Parungpanjang jam 7:40. Tp jadwalnya malah ga ada. Adanya jam 09:00. Tolonglah.,Keterlambatan
Fri Feb 06 02:17:24 +0000 2026,@CommuterLine goblok banget you ngurus jadwal kereta. Udah berangkat telat sekarang setiap stasiun nunggu hampir 10 menit. You memang kagal becus,Keterlambatan
Mon Mar 09 12:40:58 +0000 2026,@CommuterLine babi nunggu penumpang turun tangga buat masuk kereta kaga mau giliran kereta gangguan cuma bisa minta maaf minta penumpang sabar nungguin tapi ngga ngasih kompensasi apa2. Dasar tai,Pelayanan
Thu Jan 22 16:26:33 +0000 2026,@CommuterLine apa gak pernah bikin mitigasi jika ada gangguan di beberapa titik gitu? Hari ini gangguan ambles ke arah Rangkasbitung tp di kereta udh nunggu 2 jam secara total berhenti di Parung Panjang Daru dan skrg Tigaraksa.,Keterlambatan
Thu Feb 12 22:59:57 +0000 2026,@CommuterLine Nunggu kereta duri angke dari jam 5.35 sampe jam 6.00 ngak ada yg dateng makin lama makin jelek sistem nya stasiun bagus tapi layanan keretanya jelek.,Keterlambatan
Wed Feb 11 13:50:41 +0000 2026,@CommuterLine jembut lo anjing keluarga lo haram bangsaatttttt lama banget anjing harus nunggu lg kereta jauh ditengah jalan yaallah tuhanbnnnn,Keterlambatan
Fri Feb 27 12:34:46 +0000 2026,@CommuterLine kereta ini telat sampai tanah abang membuatku ketinggalan kereta di transit. Akhirnya harus nunggu 20 menit. Nyesek. Sia-sia pulang lebih cepat. https://t.co/ncbsclIvlG,Keterlambatan
Sat Feb 21 02:24:36 +0000 2026,@CommuterLine Setidaknya tolong kasih tau lah ke penumpang yang menumpuk di stasiun-stasiun yang kemarin dilalui evakuasi kereta pas jam pulang kantor waktu itu. Biar gak pada emosi nunggu lewatnya. Well untung evakuasinya selesai dalam sehari. Salut lah.,Pelayanan
Sun Feb 22 22:51:28 +0000 2026,@CommuterLine emang boleh ya dari 5.40 gak ada kereta samsek ke tanah abang? Ampe harus nunggu 18 menit 2 kali kereta jarak jauh lewat jalur 2 kalo KA jarak jauh telat emang boleh ya ganggu yang lain bagus bgt https://t.co/BjeQ1ytTlI,Keterlambatan
Fri Jan 30 00:53:24 +0000 2026,@CommuterLine Min kereta manggarai-cikarang 07.43 blm berangkat udh nunggu di manggarai. Udh telat di datangnya trs harus nunggu untuk berangkat lagi?,Keterlambatan
Sat Jan 24 10:46:49 +0000 2026,@CommuterLine Pesing juga sama delay harusnya dah satu jam berangkat,Keterlambatan
Fri Feb 06 16:06:47 +0000 2026,@CommuterLine sts cawang malam ini knp bau pesing,Kebersihan
Sat Jan 24 10:19:27 +0000 2026,@CommuterLine kenapa ini line tangerang stuck di pesing?,Keterlambatan
Thu Jan 22 17:11:06 +0000 2026,@CommuterLine ka KA2024A knp di grogol lama yaaa? ini yang nunggu di pesing berasa,Keterlambatan
Wed Mar 11 11:23:46 +0000 2026,@CommuterLine Wow tadi gua stuck di UI 15 menitan deh gak lama banget semoga yang masih di dalam kereta kuat berdiri yaa,Keterlambatan
Fri Mar 06 11:38:08 +0000 2026,@CommuterLine jam SUPAS ini berubah 18.21 dan ini JAM BUKA PUASA banyak yang dateng sebelum buka karena apa ? Cari ojek online susah. Begitu nyampe stasiun dikasih tau kalau keretanya telat 40mnt wkwkwk. Gitu dari KAI gaada info,Pelayanan
Thu Feb 19 12:35:20 +0000 2026,@CommuterLine kereta bekasi via senen yg dijadwal jam 17.21 dari st kemayoran kok delay lama bgt sih? sengaja pulang on time karena ngejar buka puasa dirumah tapi malah sama aja ini sampenya udah mau jam tarawih tolong besok dan seterusnya dibenahi lah,Keterlambatan
Tue Mar 03 22:53:44 +0000 2026,@CommuterLine kereta pagi arah manggarai suka ketahan lama di stasiun jatinegara tuh kenapa ya? Jam tiba di stasiun berikutnya kan jadi ga sesuai jadwal -_- ngaret,Keterlambatan
Wed Mar 25 14:19:09 +0000 2026,@CommuterLine dah telat min -_-,Keterlambatan
Tue Feb 24 01:22:55 +0000 2026,@CommuterLine Berarti selama ini telat dong keretanya kereta datengnya selalu jam 8.03 atau 8.05 kok,Keterlambatan
Wed Mar 11 11:22:58 +0000 2026,@CommuterLine plis kenapa lama banget aku gaada minum atau makanan buat buka karena biasanya sebelum magrib udah nyampe. sekrang aku lemes banget belom buka dan diri plis bentar lagi pingsan ini,Keterlambatan
Tue Feb 10 09:36:46 +0000 2026,@CommuterLine Mohon infonya ya min saya masih ketahan lama masuk ke pancasila,Keterlambatan
Fri Mar 27 07:13:27 +0000 2026,@CommuterLine Nyenyenyenye lo bilang KERETA API JARAK JAUH kocakkk which is identik dengan angkutan penumpang [[[manusia]]] yg naik turunnya di Senen telat mah telat aja minta maaf gausah banyak cincong. Mau kereta kencana sekalipun gaperduli gue lo di awal bilang KAJJ cak. https://t.co/AUVQyYp5IP,Keterlambatan
Mon Mar 02 11:01:26 +0000 2026,@CommuterLine ga pagi ga sore telat terus ya bangsat. Makin hari makin kayak sampah service lo anjing.,Keterlambatan
Fri Feb 27 04:22:26 +0000 2026,@CommuterLine Min bilangin ke yang bikin jadwal di C Access coba update jadwal sesuai kondisi kereta sampe nya nyampe 10.50. Eh atau keretanya yang emg telat kek biasa?? https://t.co/690A8IhmXh,Pelayanan
Sat Feb 14 06:51:10 +0000 2026,@CommuterLine min kereta priok arah kota telat ya? kok ini belum dateng,Keterlambatan
Wed Mar 11 00:08:03 +0000 2026,@CommuterLine min KRL tujuan Tigaraksa dari stasiun Tanah Abang biasanya jam 7.00 ini kenapa malah ngaret ke jam 07.07 min? Jadwal baru apa emang ngaret aja hari ini,Keterlambatan
Wed Mar 11 11:51:42 +0000 2026,@CommuterLine Min ini gegara gangguan listrik di Citayam kereta telat banget gue ngetik ini masih di kereta dan kejebak di tengah ga bisa keluar kalo udah gini ga dapet kompensasi apa gitu? makan kek free trip kek minta maaf doang kah?,Keterlambatan
Mon Mar 02 00:18:49 +0000 2026,@CommuterLine info ada gangguan apa di cilebut? KRL ke Bojonggede tertahan lama calon penumpang membludak di peron 1 Bojonggede,Keterlambatan
Sat Feb 14 02:56:59 +0000 2026,@CommuterLine HALOOOO ini KRL cikarang-angke 5079B kenapa gajalan-jalan harusnya kan jadwalnya 9.28 skrang masih belom jalan juga udah telat 30 menit!!,Keterlambatan
Tue Mar 03 22:45:55 +0000 2026,@CommuterLine Masinis KRL RK-THB 5.39 hari ini padahal masih ada waktu buat naik posisi udah depan pintu dan masinis liat juga tapi udah ditutup berangkat kecepetan tapi di kedatangan ngaret mulu wkwkwk aneh,Keterlambatan
Thu Feb 26 00:57:50 +0000 2026,@CommuterLine Ini udah telat parah loh emang ga ada pembenahan apapun dari kalian? Ini seminggu udah 2x telat orang ga ada yang telat tapi kalian yang buat telat. Kenapa bisa sampe tela pergantian jalurnya? Yang ga in schedule tuh kajj atau masinis commmuter linenya? Tolong lah,Keterlambatan
Tue Feb 24 01:23:09 +0000 2026,@CommuterLine kereta dr tn abang - kp bandan kenapa delay lama ya? Biasanya 6.07 tapi ini 6.20,Keterlambatan
Tue Mar 03 00:15:32 +0000 2026,@CommuterLine Goblokkkk keluhan kapan dijawab kapan gobloknya ga ketolongan. Benahin aja sistem lu itu jangan telat terus bisanya nyusahin orang. Tai.,Keterlambatan
Thu Mar 05 23:38:58 +0000 2026,@CommuterLine min kereta 412 commuter line doho tertahan 40menit di stasiun sidoarjo. Ini jam rush hour kenapa kami suruh nunggu lama banget? Mana bentar lagi masuk kerja pula Emang kenapa kreta probowangi-nya?,Keterlambatan
Fri Feb 13 02:01:58 +0000 2026,@CommuterLine min udah dong capek banget ini green line telat mulu keretanya tiap hari.,Keterlambatan
Wed Mar 11 11:37:15 +0000 2026,@CommuterLine Tolol idiot kerja yg bener ga kompeten gangguan lama banget benerinnya. Inlander anjing harusnya balik ke sawah @CommuterLine,Keterlambatan
Sun Mar 08 23:43:26 +0000 2026,@CommuterLine tiap senin selalu terlambat kah green line?,Keterlambatan
Wed Mar 04 09:53:50 +0000 2026,@CommuterLine ini kereta ke manggarai dari duri lama bangetttt???? 10 menit lebih. benerin jadwal lu pada,Keterlambatan
Wed Feb 18 01:44:28 +0000 2026,@CommuterLine LAMA WOY LAMA!! Gara2 jadwal lo berantakan KITA SEMUA TELAT. Mau kompensasi apa lo ke kantor kami masing2?! Udah bela2in berangkat pagi juga tetep aja lama ujung2nya. Perasaan armada lo udah banyak deh. Pengadaan sana sini. Masa iya gak cukup? Manajemen jadwal lo aneh.,Keterlambatan
Wed Feb 25 07:06:25 +0000 2026,@CommuterLine Iya jgn lama update ya min. Jangan sampe udah selesai dari jam 3 tapi baru di share jam 5,Pelayanan
Mon Mar 02 00:13:43 +0000 2026,@CommuterLine ini kenapa kereta dr tn abang ke kampung bandan delay lama? Jadi berantakan jadwalnya yg harus naik dari kampung bandan - tj priok jam 7.38 ga akan sempat,Keterlambatan
Thu Feb 26 01:01:20 +0000 2026,@CommuterLine Udah. Semua orang juga udah memulai hari dengan hati yang ringan semuanya berantakan tiap sampe stasoun ternyaa lagi lagi commuter linenya TELAT. Twice in a week semacam ga belajar dari kesalahan kalian tuh. Ngerusak mood orang pagi pagi.,Keterlambatan
Sat Feb 14 03:27:02 +0000 2026,@CommuterLine gua udh berangkat early malah telat gara gara lu,Keterlambatan
Mon Feb 09 15:46:54 +0000 2026,@CommuterLine ini kenapa 1810D belum jalan jalan dari tanah abang ya? Ngaret banget,Keterlambatan
Wed Mar 11 09:53:32 +0000 2026,@CommuterLine berapa lama lagi ini perbaikannyaaaa? yang ke arah bogor stuck kok,Keterlambatan
Sat Feb 14 08:16:19 +0000 2026,@CommuterLine kasih informasi tuh jangan cuma di twitter doang min. gak semua penumpang punya twitter. infoin setiap 5 menit sekali gangguannya apa dan penumpang harus nunggu berapa lama,Keterlambatan
Thu Feb 19 23:19:38 +0000 2026,@CommuterLine Halo kak line tangerang keretanya gangguan kenapa ya? Ac sampe dimatiin juga lampu dll kira2 berapa lama lagi?,Keterlambatan
Thu Feb 26 00:04:02 +0000 2026,@CommuterLine masinis komputer line fider bawanya lama banget masuk stasiun mana aja lama banget ini ma bisa telat,Keterlambatan
Wed Mar 11 10:27:57 +0000 2026,@CommuterLine Tolong dong berhenti nya jgn diantara stasiun sesek nafas lama lama,Keamanan
Tue Feb 10 09:30:17 +0000 2026,@CommuterLine mohon maaf min tumben amat kereta tertahan antara st tanjung barat dan Lenteng agung sampai saat ini masih tertahan,Keterlambatan
Mon Feb 09 00:44:59 +0000 2026,@CommuterLine bos ini rute cikarang- kmp bandan via pse telat lagi bos? Oh astaga ujan loh bos,Keterlambatan
Wed Mar 04 00:45:19 +0000 2026,@CommuterLine kereta dr cikarang ke bekasi knp sih selalu lama dan telat mulu kalo pagi bikin buang2 waktu tau gak,Keterlambatan
Tue Mar 03 22:55:40 +0000 2026,@CommuterLine Ini juga dari jatinegara ga jalan min ada apa sih infonya telat banget,Keterlambatan
Mon Feb 23 23:40:01 +0000 2026,@CommuterLine greenline 1626D telat lagi? Astagfirulloh. 6.31 jadi 6.42. Tiap hari telat emang gak pernah direview ulang penyebabnya kenapa?,Keterlambatan
Tue Feb 10 01:58:28 +0000 2026,@CommuterLine trouble di Tigaraksa - Maja sampe kapaann siiihhhh? Sampe kapan kita semua terlambat terus gini jadwal keretanya ga jelaaasss,Keterlambatan
Mon Mar 09 01:37:03 +0000 2026,@CommuterLine Ini keretanya kenapa lagi di tahan di jatinegara? Udah telat di tahan pula,Keterlambatan
Wed Feb 18 01:16:25 +0000 2026,@CommuterLine woy gila kereta lu yg bekasi - kp bandan ngaret bgt mana cuma 10 rangkaian??? kaga jalan2 anj,Keterlambatan
Thu Mar 05 01:07:12 +0000 2026,@CommuterLine lu sih nyiksa yaaa.. KA 6009 dr jam 7.43 sampe 08.04 masih ketahan disenen. Nunggu KA Jaka Tingkir. Gila lu ya? Ini yg nama nya koordinasi sama DAOP 1?? Datang dr Cikarang aja uda telat 10 menit. Yg ngotak dikit laah.. @CurhatKRL https://t.co/dbkdtBSVka,Keterlambatan
Wed Mar 11 10:31:40 +0000 2026,@CommuterLine nambo yg stuck di depok gimanaa . jalur sebelah udh jalan berkali kali kok nambo belum yah yaallah,Keterlambatan
Wed Feb 04 01:53:17 +0000 2026,@CommuterLine TELAT WOI MAKANYA KALAU UDAH TAU TROUBLE TERUS CEPAT PENGAMBILAN KEPUTUSANNYA KAN BISA DI TAHAN DI PASAR MINGGU ATAU DEPOK YANG PUNYA 4 JALUR,Keterlambatan
Fri Mar 06 00:07:45 +0000 2026,@CommuterLine telat muluk krl cikarang-kpb via senen jam 7an. masa tiap hari telat muluk min min ngatmin,Keterlambatan
Wed Mar 18 01:49:16 +0000 2026,@CommuterLine KRL yg ke Nambo yg sekarang delay ya? Biasanya sampe Pondok Rajeg jam 08.46 tapi di aplikasi C-Access posisinya sekarang masih di Pasar Minggu.,Keterlambatan
Sat Feb 14 02:54:29 +0000 2026,@CommuterLine tai banget ini harus nunggu ketahan berapa lama sih? masa bekasi-manggarai doang satu jam najis,Keterlambatan
Mon Mar 16 23:15:08 +0000 2026,@CommuterLine woi kereta bekasi jam 6.15 knp telat dtgnya biasa dtg jam 6? dan tiba2 dipindah ke jalur 5 pdhl biasa jalur 4? org udh nunggu dr 5.50 loh berdiri skrg gadpt duduk jg berdiri jg gara2 udh rame bgt fakyu krl,Keterlambatan
Fri Feb 06 10:52:08 +0000 2026,@CommuterLine ...tertahan hampir 20 menit 17.25 s.d 17. 50 di st.bekasi arah Cikarang karena KA jarak jauh...mohon perhatikan waktu tunggu min...,Keterlambatan
Sat Feb 14 15:47:50 +0000 2026,@CommuterLine ngaret mulu jadwal tanah abang ke rangkas?????,Keterlambatan
Thu Mar 12 02:58:29 +0000 2026,@CommuterLine Wow telat lebih dari 20 menit yaaaa?,Keterlambatan
Sat Feb 28 07:28:43 +0000 2026,@CommuterLine min kenapa greenline terlambat mulu ya diperbaiki si ya Allah,Keterlambatan
Wed Feb 25 07:21:55 +0000 2026,@CommuterLine hadaaah kena stuck di sudirman ini,Keterlambatan
Sun Feb 22 23:28:10 +0000 2026,@CommuterLine bikin jalur yg bener apa asu masa perkara gantian rel ni stuck di tengah jatinegara udh 20 menitan goblokkkk goblok,Keterlambatan
Wed Feb 25 16:06:50 +0000 2026,@CommuterLine Ga ada improvement dari KAI tentang jadwal kereta arah Manggarai Sudirman sampe angke jadwal selalu lama telat. Dari dulu selalu begini,Keterlambatan
Sat Feb 28 16:47:14 +0000 2026,@CommuterLine hah kok berangkat tigaraksa? tadi aja nunggu di tanah abang delay lama banget harusnya berangkat 22.10 ini sampe 22.32 aja belum berangkat keretanya sampe penumpang numpuk. sampe parung panjang malah ini disuruh turun terus nunggu kereta 1814D. aneh banget. engga sesuai tujuan.,Pelayanan
Wed Mar 11 12:23:05 +0000 2026,@CommuterLine Halo admin mau saran aja kl emg kereta tertahan krn gangguan tlg berhentinya itu di stasiun aja jgn di tengah2. Diinfokan jg melalui announcer di dlm kereta brp lama estimasi perbaikan jgn di sosmed aja. Biar org bs decide mau cari alternate lain or nunggu thanks,Pelayanan
Sun Mar 01 23:59:38 +0000 2026,@CommuterLine hai c-line. apakah ada gangguan di jalur red line? kereta tertahan lama di antara stasiun bogor - cilebut,Keterlambatan
Wed Mar 11 00:40:28 +0000 2026,@CommuterLine menjelang lebaran makin bapuk nih krl udh molor dari jadwal di jatinegara sama manggarai ditahan mulu suruh ngalah sama kereta jarak jauh,Keterlambatan
Fri Feb 20 00:41:53 +0000 2026,@CommuterLine mau masuk manggarai..tertahan 10 menit dari Tebet. Kenapa nih?haduh telat lg deh,Keterlambatan
Thu Jan 29 00:51:01 +0000 2026,@CommuterLine ngaret mulu heran harusnya di jadwalnya sampe st pondok jati jam 7.43 ini sampe 7.50 masih ketawn di st jtn ampun dah bikin telat mulu,Keterlambatan
Tue Mar 03 22:58:27 +0000 2026,@CommuterLine ada gangguan apa dh nih w standing di jatneg lama bener,Keterlambatan
Wed Feb 18 11:58:19 +0000 2026,@CommuterLine KRL tanah abang - rangkas jadwal 17.50 udahlah datang telat berangkat juga telat tau2 gangguan di sts serpong. Penumpang terpaksa beralih ke kereta selanjutnya. Ini keretanya punya inka yg bermasalah itu bukan sih? Penampakannya lain dr keretaa green line biasa,Keterlambatan
Thu Mar 12 02:04:51 +0000 2026,@CommuterLine telat setengah jam tuh kacau banget sih buang-buang waktu orang,Keterlambatan
Mon Mar 02 12:24:08 +0000 2026,@CommuterLine min ini krl duri-tangerang knp delay deh? hrsnya 19.15 udh ada tp ini mundur trs sampe ke 19.26,Keterlambatan
Fri Feb 13 08:56:38 +0000 2026,@CommuterLine krl kl ngaret sejam tu lg ngapain dulu si? https://t.co/TE0GTPsFfe,Keterlambatan
Thu Mar 12 02:20:16 +0000 2026,@CommuterLine min ini kereta dr bogor ketahan lama bgt di manggarai cepetan jalanin napa saya ngejar kereta bekasi bs telat iniiiiiiiiiiii K1 1 25 49,Keterlambatan
Sat Feb 14 01:57:11 +0000 2026,@CommuterLine lu bisa ga si gausah beranti2 lama gini najis lama2 kebiasaan bgt tiap berenti di jatinegara. Udh 15 menit lebih jing ?????? Gue udh telat bgt sat https://t.co/0AyL5AXef0,Keterlambatan
Mon Feb 23 01:05:50 +0000 2026,@CommuterLine mau tanya dong alesan akses nya dipindah kaya gini tuh biar apa? baca diatas biar meningkatkan kenyamanan . Menurut saya SAMA SEKALI TIDAK MEMBUAT NYAMAN PENGGUNA. Hari ini telat 5 menit gara-gara mau naik ke peron aja aksesnya ribet dan lama bgt.,Pelayanan
Thu Feb 12 13:11:27 +0000 2026,@CommuterLine malam. Saya di st Cikini kereta ke St Kota kok lama sekali ya. Kosong sejak jam 19.35. Sampai 20.10 kendpa intervalnya cukup jauh? Apakah ada gangguan?,Keterlambatan
Sat Feb 14 02:24:00 +0000 2026,@CommuterLine woy brengsek kalo gangguan tuh kasih pengumuman lu kerja belajar komunikasi ngga sih? hal sepele gini malah bikin banyak orang telat kerja anjing,Pelayanan
Tue Mar 03 22:55:34 +0000 2026,@CommuterLine Min gangguan nih stuck di st. jatner gw udh telat,Keterlambatan
Sat Mar 14 10:19:43 +0000 2026,@CommuterLine telat,Keterlambatan
Wed Feb 04 02:20:47 +0000 2026,@CommuterLine kesel bgt jadi telat sejam lebih gara gara pintu krl ngga bs ketutup pegel weyy,Keterlambatan
Fri Feb 13 10:34:55 +0000 2026,@CommuterLine min ini kenapa KA 6054 berhenti lama banget mau masuk angke?,Keterlambatan
Sat Mar 14 03:55:58 +0000 2026,@CommuterLine @yourmouth23 Tinggal jawab aja min ada gangguan atau ngga?! Kita nungguin lama banget nih karena di Goolge Maps keterangannya Delay,Keterlambatan
Sat Feb 14 02:21:53 +0000 2026,@CommuterLine sudirman manggarai ada apa?? Kok berhentinya lama??,Keterlambatan
Wed Mar 25 22:59:17 +0000 2026,@CommuterLine 5014 jam 5.58 telat kembali? Setiap hari telat https://t.co/GH7XVskNOu,Keterlambatan
Tue Mar 03 22:56:39 +0000 2026,@CommuterLine halo min ini ada gangguan kah di jalur manggarai-sudirman? soalnya kereta lumayan lama tertahan di st jatinegara,Keterlambatan
Tue Feb 24 00:44:14 +0000 2026,@CommuterLine ini cikarang - kapung bandan via pse yang harusnya dari tambun 07.45 telat lagi kah bre? Kenapa telatnya bre?,Keterlambatan
Fri Feb 20 00:29:45 +0000 2026,@CommuterLine Tujuan Bekasi/Cikarang via manggarai terlalu lama tunggu di sts Manggarai sekitar antara jam 6 sd 8 pagi.. Tolong perbaiki dan perhatikan juga utk yg KRL. Kami sudah sering terlambat masuk kerja. TOLONG DIPERHATIKAN DAN PERBAIKI !!!,Keterlambatan
Tue Feb 17 23:40:19 +0000 2026,@CommuterLine skrg krl bekasi angke yang biasa 6.34 di peron 7 jd ngaret terus ya min?,Keterlambatan
Fri Mar 13 00:56:54 +0000 2026,@CommuterLine @rivamnster Oh ini jadwal ngaret semua pas rush hour ini karena krl harus ngalah sama KAJJ mudik kan? Karyawan lu semua titipan ye gabisa kerja benerin sistem dan jadwal biar ga bentrok aja dari dulu ga bisa. Namanya apa? Iya tolol. @CommuterLine,Keterlambatan
Wed Mar 11 10:00:13 +0000 2026,@CommuterLine boleh bantu ada yg pingsan di krl khusus perempuan (kepala kereta menuju bogor) saat ini tertahan di univ pancasila,Keamanan
Tue Mar 17 14:21:25 +0000 2026,@CommuterLine asli delay nya parah bgt jadi telat masuk kerjaa.. buat apa ada aplikasi kalo berangkat dan tiba nya ga sesuai.. mana ga ada kompensasi..,Keterlambatan
Mon Mar 09 00:28:40 +0000 2026,@CommuterLine @adeeenduh Uda ny dateng telat ac panasny parah bgt. Gerbong 4 brangkat dr cisauk 7.28,Keterlambatan
Mon Mar 02 09:58:24 +0000 2026,@CommuterLine min KA 6051 ini kenapa ya tiap hari telat mulu? percuma selama ramadhan pulang jam set 5 kalo naik keretanya juga tetep di jam 5 min,Keterlambatan
Tue Mar 17 14:26:32 +0000 2026,@CommuterLine delay nyaa parah sampe 20menitt jd telat masuk kerjaa.. asliii parahh bgtt,Keterlambatan
Fri Feb 20 00:18:59 +0000 2026,@CommuterLine Kereta tertahan masuk manggarai. Kemarin masuk manggarai juga lama. Di jam sibuk pula.,Keterlambatan
Mon Feb 23 01:09:57 +0000 2026,@CommuterLine TOLOL LU TOLOL KERETA KETAHAN LAMA BGT DI TANAH ABANG UDAH TELAT ANJIR KENAPA SIH?,Keterlambatan
Thu Feb 19 14:14:40 +0000 2026,@CommuterLine demi Allah Line Bekasi krlnya slalu ngalah sama jarak jauhh!!!! Jd bikin ngaret parah @KAI121 pls tlongg buat rel beda buat kereta jarak jauh. Ini udh susah dpt duduk masih aja nunggu lama krn jalurnya ganti2an,Keterlambatan
Sat Feb 14 02:11:54 +0000 2026,@CommuterLine kocak delay lama bner,Keterlambatan
Mon Mar 02 00:17:50 +0000 2026,@CommuterLine Min update info gangguan Cilebut doong mau screenshot buat alasan telat ke kantor niiih,Keterlambatan
Mon Feb 23 23:11:01 +0000 2026,@CommuterLine hallo kai saya hari senin mau naik kereta tp delay sampe 15 menut alhasil saya telat :). Semoga keret distasiun kramat jam set7 always tepat waktu yah,Keterlambatan
Thu Mar 26 00:36:49 +0000 2026,@CommuterLine Min greenline ada masalah? Ini telat keretanya. Mohon di info jika ada kendala. Lalu dimana saya bisa melihat jadwal kereta? Websitenya tidak bisa. Terima kasih.,Pelayanan
Thu Mar 05 01:14:14 +0000 2026,@CommuterLine KA 6015 hari ini ketahan PSE 10 menit lebih baru jalan 8.05 nyampe KPB 8.15 min telat mulu @CommuterLine,Keterlambatan
Wed Feb 25 01:08:39 +0000 2026,@CommuterLine Mau smp kapannn krl Bogor - Jakarta Kota telat mulu masuk Juanda? brgkt on time 6.57 dari Cilebut smp Juanda 7.20. Molor 16 mnt dari jdwl di app. Gar2 kthn mulu di Manggarai Gambir. Klau emg jdwalnya sllu jam segitu update aja deh min. Ngga ush info jam 07.04 nyampe Juanda https://t.co/QTXJvVX7Ca,Keterlambatan
Wed Feb 11 04:46:50 +0000 2026,@CommuterLine keretanya yang terlambat 15mnt atau absen saya yang terlambat 15mnt? karena kereta telat 9mnt di stasiun saya naik lalu terlmbt di tujuan akhir krn akumulasi naik trn pnp yang jd penyebab ketinggalan kereta di transit akhirnya ikut kereta berikutnya. sy jd terlmbt absen 17mnt,Keterlambatan
Mon Mar 02 23:41:24 +0000 2026,@CommuterLine kak tolonggf banget kak jadwal ke Duri dari Tanahabang jam 6.16 jangan ngaret terus kak saya ngga dapet KRL 6.25 ke Tangerang terus. Telat kok setiap hari? Ini mah emang ngga niat jadwalin di 6.16 ganti aja jadwalnya drpd ngga sesuai terus,Keterlambatan
Fri Mar 27 00:01:09 +0000 2026,@CommuterLine bisa ga sih? kalau telat tuh sewajarnya jadwal kampung bandan via pse gak pernah bener jadwalnya,Keterlambatan
Thu Feb 19 23:28:47 +0000 2026,@CommuterLine woiii gila ya nunggu giliran masuk st manggarai telat telat anak org.,Keterlambatan
Wed Mar 11 09:46:43 +0000 2026,@CommuterLine hadeuhh lama bgt jadi telat ini,Keterlambatan
Wed Feb 25 23:29:08 +0000 2026,@CommuterLine @number0ones Sejak st. Jatake aktif jadi sering telat sampe Tanah Abang. Padahal jadwal udah dicepetin tp kok malah lebih lama sampe Tanah Abang? Padahal harusnya tau waktu 1 menit aja berharga banget buat pengguna KRL,Keterlambatan
Tue Mar 03 23:53:53 +0000 2026,@CommuterLine @KAI121 KETINGGALAN KERETA KE NAMBO. Tolong diinfoin dong kalau CL pagi ini telat biasanya sampai manggarai 06.17 dari kranji dan masih ke kejar CL ke Nambo 06.34 dari manggarai eh malah molor nyampe manggarainya!! Mana sejam sekali kereta ke nambo tuh!!,Keterlambatan
Wed Mar 11 02:48:45 +0000 2026,@CommuterLine kebiasaan bgt nahan lama lama masuk manggarai tuh kenapa si? Telat lagi aja gue udah berangkat paling pagi pun telat,Keterlambatan
Mon Mar 09 23:14:11 +0000 2026,@CommuterLine woi KAI mau sampe kapan lu duluin kereta barang di jam rush hourss?!! Apa si barang yang lu bawa sampe harus bgt pagi pagiii!! Delay ini greenline bukannya bebenah malah ngulang lagu lama kaset kusut,Keterlambatan
Mon Mar 02 00:16:52 +0000 2026,@CommuterLine mohon info kenapa kereta bekasi-kp bandan via pasar senen keberangkatan 6.03 sekarang ini sering tertahan dan sering terlambat untuk sampai hampir 1 5 jam untuk sampai ke stasiun angke? terima kasih,Keterlambatan
Thu Feb 12 00:24:33 +0000 2026,@CommuterLine @koshisenpaii Pantesan lama bgt anjir gue jadi telat,Keterlambatan
Fri Feb 27 01:03:09 +0000 2026,@CommuterLine mana ini kereta Kampungbandan via Pasar Senen baru dateng 08:00 telat 11 menit. Ketiduran atau gimana masinisnya? Jadwal gak pernah jelas telat mulu https://t.co/MPDkj3qhqW,Keterlambatan
Fri Feb 13 10:33:08 +0000 2026,@CommuterLine min ini kenapa KA 6054 lama banget mau masuk angke?,Keterlambatan
Wed Mar 11 09:53:26 +0000 2026,@CommuterLine Sudah lama sekali tertahan di Stasiun UI perjalanan Citayam -Bojonggede infonya berlangsung normal tp kok ini CL saya tertahan sangat lama??,Keterlambatan
Thu Feb 26 00:50:31 +0000 2026,@CommuterLine gais kerjaannya telat mulu gais kalo pagi. Cikarang pse harusnya 7.31 di metland ini blm ada sampe sekrang,Keterlambatan
Mon Mar 09 00:25:26 +0000 2026,@CommuterLine KA 1641 terlambat 10 menit. Kondisi stasiun Cisauk saat ini 06.48 https://t.co/HRGx1XHkoT,Keterlambatan
Tue Feb 24 13:22:58 +0000 2026,@CommuterLine Telat min sekarang saya udah sampe Las Vegas,Keterlambatan
Wed Jan 28 09:41:53 +0000 2026,@CommuterLine @CommuterLine coba boleh di cek stasiun Parung Panjang ada kebocoran di tangga yang saya rasa tidak pernah di perbaiki setiap hujan hanya di tampung pakai ember dan membuat akses tangga kotor dan licin mengingat akses nya hanya tangga dan lift tidak ada eskalator,Keamanan
Sun Feb 15 23:44:59 +0000 2026,@CommuterLine Buang aja itu contact center sampah kalo ga ada gunanya. Ngapain complain kalo ga pernah didengar. Mau duit ga mau kasih layanan.,Pelayanan
Fri Mar 06 12:53:45 +0000 2026,@CommuterLine commuter line rute surabaya gubeng - kediri dan sebaliknya. bbrp kali ada anak kecoa di gerbongnya,Kebersihan
Wed Jan 07 11:47:52 +0000 2026,@CommuterLine ini ibu2 bawa apaan ya katanya es batu mana jadi becek bau amis deh segala ditutupin pake kaki pdhl air kmn2 https://t.co/TOPKnUWWVc,Kebersihan
Fri Jan 09 11:55:22 +0000 2026,@CommuterLine hallo mau kasih saran nih tolong dong tingkatin kebersihan toilet di stasiun manapun. jujur ini salah satu fasilitas yang di butuhkan bgt sm penumpang. kalau kotor tuh kesan nya males baget untuk digunakan. padahal toilet baru dan masih bagus. sayang klo gk dijaga https://t.co/2DqvC6KmnV,Kebersihan
Tue Jan 13 02:57:45 +0000 2026,@CommuterLine min tolong dibenerin lah toilet pria st jkt kota masa lobang selokannya bolong gede bgt abjir jdi bau bgt udh gitu klosetnya susah bgt diflush gk turun2 bikin panik bgt,Kebersihan
Tue Jan 27 00:15:58 +0000 2026,@CommuterLine Hari ini kejadian lagi. Gua udah di stasiun dari jam 6.45 tapi gak ada satu pun kereta kp.bandan via pse yg lewat di st. Klender baru. Yg jadi pertanyaan gua kenapa kereta tujuan kesana itu cuma diitung jari alias sedikit bgt sialan?!!!! Sampah bgt!,Keterlambatan
Sun Feb 08 11:40:01 +0000 2026,@CommuterLine min tadi sy ke toilet stasiun Gondangdia jorok bgttt https://t.co/PiloEjIzDU,Kebersihan
Thu Jan 22 12:57:23 +0000 2026,@CommuterLine @annisanovadiana Mgkn kata KAI lu butuh gua kok sedikit becek sedikit bocor ga ngaruh lah ya....,Kebersihan
Wed Mar 11 01:44:23 +0000 2026,@CommuterLine @CommuterLine DETAIL UDAH DITULIS SEBELUMNYA. GA BACA? Tuh pintu inka sampah ini rusak mulu sampe dibongkar di perjalanan. Kalian ga bisa maintain atau gimana? Complain lah ke vendor inka karena kalian user inka. Harus pelanggan yang complain? https://t.co/lamoCSBmv7,Pelayanan
Wed Mar 11 10:54:00 +0000 2026,@CommuterLine Juanda kaga ada kereta ini sampah,Keterlambatan
Tue Jan 06 23:26:52 +0000 2026,@CommuterLine gangguan terus sampah ini kereta di pasar minggu kapan mau berangkat!?,Keterlambatan
Thu Jan 29 05:59:21 +0000 2026,@CommuterLine Kalo saya perhatikan masyarakat msh blm faham soal buang sampah sesuai dgn jenisnya tempat untuk membuang sampah kertas kaca organik dsb sdh di pisah tapi tetap aja semua sampah di buang dlm satu tempat masyarakatnya ga mau repot milih milih sesuai jenisnya,Kebersihan
Fri Feb 06 12:45:14 +0000 2026,@CommuterLine mushola st sudirman... duuhhh bau banget.. entah sudah brapa bulan ini sajadah gak di cuci. https://t.co/PzeNXlrHtl,Kebersihan
Sun Mar 01 16:54:45 +0000 2026,@CommuterLine andai penumpang bisa kena tilang kalo ada yang buang sampah sembarangan.,Kebersihan
Tue Mar 10 10:06:39 +0000 2026,@CommuterLine @kumifigo tapi knp gaada satpam yg datengin? knp kakak itu malah di suruh turun di stasiun selanjutnya bukan si pelaku? sanksi apasih yg lo maksud tuh? kl iya tempelin mukanya tiap gerbong. nah itu baru sanksiii,Keamanan
Wed Feb 18 08:40:15 +0000 2026,@CommuterLine Posisinya di area stasiun atas min bukan di rangkaian kereta ya.. pelaku berani karena pengawasan petugas lengah.. lagi sibuk sama eskalator rusak.. kejadian sekitar pukul 15.10-15.17 di area tap gate keluar stasiun Bekasi,Keamanan
Fri Feb 06 00:00:12 +0000 2026,@CommuterLine peraturan dilarang buang ludah sembarangan kayaknya perlu deh. Baik buang ke rel / bahkan di st. Duri ada yg buang ludah di jalanan peron. Berlaku u/pengguna mau pun petugas. Udah sering ngepas nemuin pelaku soalnya. terima kasih,Kebersihan
Tue Mar 17 00:43:44 +0000 2026,@CommuterLine saran Min kalau ada kasus pelecehan muka pelakunya di tempel di tiap stasiun buat warning penumpang lain. Tadi pagi di kereta jurusan bogor-jakarta kota ada kasus pelecehan lagi pelaku gamau ngaku dan malah santai aja kaya gada apa2.. korban udah trauma &amp; nangis.,Keamanan
Fri Feb 27 14:09:17 +0000 2026,@CommuterLine Kacau kasus dilecehin malah disuruh viralin,Keamanan
Tue Mar 03 00:50:00 +0000 2026,@CommuterLine TOLONG SERING2 HIMBAU UNTUK PELAKU KEJAHATAN SEXUAL! fuck gue kena pagi ini. awalnya sentuh elus punggung gue gue hiraukan krn berfikir kl itu cmn pergerakan krn penuhnya kereta. dn pas dia di smping gue tangannya di bawah dn sentuh paha gue pake jarinya. - https://t.co/CzOKvunsYt,Keamanan
Wed Feb 11 04:04:35 +0000 2026,@CommuterLine Bisa pasang foto pelaku di stasiun nya gak min agar wajahnya dikenali,Keamanan
Tue Jan 13 02:57:45 +0000 2026,@CommuterLine min tolong dibenerin lah toilet pria st jkt kota masa lobang selokannya bolong gede bgt abjir jdi bau bgt udh gitu klosetnya susah bgt diflush gk turun2 bikin panik bgt,Kebersihan
Sun Feb 01 05:09:51 +0000 2026,@CommuterLine Selamat siang tolong di benahi di Stasiun Pondok Ranji yg baru toilet Pria. Lalu Lift arah Paron 2 mati. Lalu tangga besi di pintu masuk sebelum naik ke eskalator sudah goyang2. Pintu masuk di arah belakang yg jalannya bagus dari Bintaro. Terima kasih https://t.co/cvCZ8G26Zq,Pelayanan
Wed Feb 04 01:43:20 +0000 2026,@CommuterLine gimane mau semangat positif kalo naik kereta INKA lo yg busuk! bikin rusak jadwal kereta gblk!!,Pelayanan
Fri Feb 06 10:17:09 +0000 2026,@CommuterLine halo kak hari ini di Stasiun Tugu ada bapak anaknya balita &amp; IBUNYA masuk ke toilet cowo bener2 masuk smp ke dalem bahkan di depan urinoir2 yg pengen kencing pada ga jadi krn ada ibu2 tadi. Tolong utk dikondusifkan &amp; dipertegas lg krn ganggu kenyamanan. Thx,Pelayanan
Wed Mar 11 11:52:17 +0000 2026,@CommuterLine @saidaqil pak yai pak komut tlg di cek ini operasional CL payah banget rush hour org berbuka ketahan gangguan kbykn announcement ucapan selamat berbuka doang tapi action kalah sama petugas mushola pinggir jalan,Pelayanan
Thu Jan 08 12:28:47 +0000 2026,@CommuterLine #5148B 19.28 masih di Tambun..sial sial busuk jadwalnya mau pagi malam,Pelayanan
Mon Mar 02 00:17:31 +0000 2026,@CommuterLine @KAI121 Selamat Pagi Ka. Tidak berfungsi toilet pria Stasiun Grogol. Terimakasih. https://t.co/OdgQcTvVsm,Pelayanan
Tue Mar 10 23:32:23 +0000 2026,@CommuterLine Nih kereta harusnya berangkat 6.18 tapi baru berangkat 6.26. Kasih terus rangkaian ke line lain sampai headway 1 menit gerbong kosong melompong. Nanti kalo rugi salahin lagi penumpang yg udah kaya pepes tiap hari.,Pelayanan
Tue Feb 24 01:21:11 +0000 2026,@CommuterLine greenline tuh kacau banget deh udah keretanya sering banget telat bukan cuma telat 5 menit TAPI 20 MENIT Rangkaian cuma 10 kereta SELALU PENUH. Ga nyaman banget tapi cuma ini transportasi yang bisa jangkau Jakarta cepet. Tolong perbaikannya segera dong????,Kepadatan
Wed Mar 11 00:17:19 +0000 2026,@CommuterLine Coba laporkan berapa menit keterlambatan 1633D 1635B 1637D di jam 6an. Not interested in why. Udah pasti karena gerbong terlalu penuh ga jalan².,Kepadatan
Wed Mar 04 14:41:31 +0000 2026,@CommuterLine cek rangkaian crrc min barusan baru turun di telaga murni arah cikarang pintu kanan beberapa kereta ga kebuka,Pelayanan
Tue Jan 13 11:43:29 +0000 2026,@CommuterLine tlg dong kereta arah bogor gerbong 7 ada yg muntah nih https://t.co/G7RBMGqtED,Kebersihan
Tue Feb 24 09:27:36 +0000 2026,@CommuterLine min itu jadwal kereta keberangkatan St. Manggarai / St. Jakarta Kota dari St. Bogor dengan rentang waktu 14.30 - 15.00 jangan sekosong itu atuh. udah kereta tersedianya lama baru jalan jam 15.06 dari Bogor dikasih 8 rangkaian pula jadi pepes min . https://t.co/fWDlUaqKCm,Kepadatan
Wed Jan 28 04:50:41 +0000 2026,@CommuterLine Minimal nambahhhhh gerbong atau memeprcepat interval kedatangan keretaaaa duluuuuu kereta 10 gerbong jaraknya 10-13 kadang 15 menittt udah fulll mentok jadi pepess ehhh nambahh stasiun lagi,Kepadatan
Mon Feb 09 05:54:18 +0000 2026,@CommuterLine @eqrzq Tambahin min gerbongnya di pagi ama sore ajaa deh.... udah kayak pepes kami didalam kereta. Greenline ya minnnn... nunggu kereta selanjutnya juga bukan opsi min...,Kepadatan
Wed Mar 11 10:57:24 +0000 2026,@CommuterLine gerbong padet ini ketahan di pasming dari tadi buswttt,Kepadatan
Wed Mar 11 11:43:09 +0000 2026,@CommuterLine kereta K1 1 89 94 gerbong 12 volume speaker terlalu keras/nyaring menyakitkan telinga. mohon diatur kembali,Pelayanan
Tue Feb 10 00:59:11 +0000 2026,@CommuterLine Banyakin lg kereta Rangkas-Tn Abang. Udh mau mati di dlm gerbong kyk skrg,Kepadatan
Tue Jan 27 23:58:11 +0000 2026,@CommuterLine greenline makin gak manusiawi skrg udah mah gerbongnya gak sebanyak redline manusianya makin banyak eh telat mulu... Jadi blm nyamoe kantor pun badan udah capek dan sakit semua. haaddeehhh,Kepadatan
Wed Feb 04 01:23:31 +0000 2026,@CommuterLine Tapi sampai kapan min??? Ini udah 2 minggu penuh loh kalian juga gak mikir itu di dalam gerbong yang desek desekan sampe habis nafas juga manusia? Tolong lah kalau gak bisa mengatasi hal tersebut paling enggak tambah jadi 12 gerbong agar meminimalisir beberapa persen kepadatan,Kepadatan
Thu Jan 22 13:46:03 +0000 2026,@CommuterLine lagi dan lagi kan... begini aja teros smp ada korbannya lagi. Dibilangin greenline itu butuh KRL 12 rangkaian bukan 10 rangkaian lagi. Bapak Bobby Rasyidin dirut @KAI121 tolong dengarkan keluh kesah kami sebagai warga greenline,Kepadatan
Mon Mar 02 09:25:52 +0000 2026,@CommuterLine Dear Admin tolong di setiap gerbong ditambahkan tiang dan pegangan lebih banyak. Tidak hanya yg menghadap kursi saja tapi yg membujur dari arah jendela ke jendela jg. Supaya yg berdiri di tengah barisan bisa tetap berpegangan dan tidak oleng ke sana kemari. https://t.co/71odwwFBlB,Pelayanan
Wed Feb 25 01:01:59 +0000 2026,@CommuterLine Tolong banget ditambahin gerbong atau minimal banyakin kereta dari serpong deh min. Ini udah parah banget. Tadi aja saya udah berdiri miring 45° saking penuhnya dan depan saya kursi! Normalnya isi kereta itu 3 baris orang ini 6 baris orang udah gak masuk akal min,Kepadatan
Tue Mar 10 06:52:05 +0000 2026,@CommuterLine perbanyak sekurity nya min. di kasih tulisan di dalam gerbong nya supaya ga terjadi atau setidaknya mengurangi kejadian trsbt.,Keamanan
Thu Mar 05 13:10:48 +0000 2026,@CommuterLine kok bisa2nya gerbong cewe diisi bbrp bapa2 ya? jelas2 ada petugas di gerbong yg sama tp diem aja,Keamanan
Mon Feb 09 00:45:17 +0000 2026,@CommuterLine ni semua line kenapa ya tiap hari senin telat semua gila aja min. Kereta 1657 harusnya dari Tenjo 07.32 nyampenya 07.40. Belum lagi rangkaian belum di panjangin sampai 12 rangkaian karena ada penambahan stasiun Jatake. Tolong banget di pikir dong solusinya,Keterlambatan
Wed Jan 28 02:57:07 +0000 2026,@CommuterLine Stasiun di tambah armdanya ? Liatlaj setiap hari jutaan org2 berdesak2an hnya agar terbawa gerbongnya namun yg di tambah malah stasiunnya.. huuu,Kepadatan
Fri Jan 09 00:04:37 +0000 2026,@CommuterLine Sampai saya turun di junda ga ada perubahan itu dalam gerbong isinya orang2 pada ngipas2 ngelap keringat pake kipas portable duh malu banget kereta baru kaya gini,Pelayanan
Wed Jan 28 10:44:39 +0000 2026,@CommuterLine tolong beri penjelasan keterlambatan kereta 1752D hari ini peron jlr 5-6 tanah abang penuh cenderung membahayakan. G ada rencana penambahan frekuensi dan panjang rangkaian pada jalur rangkasbitung???,Kepadatan
Wed Mar 11 00:23:27 +0000 2026,@CommuterLine min boleh request tolong brown line jgn lagi ada 8 gerbong.. sumpahh penuh bgt udah ga pas 10 aja udah penuh ini pake ada 8 di jam kerja lagi,Kepadatan
Tue Feb 24 03:17:18 +0000 2026,@CommuterLine Min tolong dong CL 1185 pemberangkatan DP dikembalikan ke rangkaian 10 Kereta syukur-syukur jadi 12 Kereta. Udah kaya pepes setiap hari dikasih 8 Kereta terus. Yang atur rangkaian coba suruh ikut naik deh biar tau rasa,Kepadatan
Mon Jan 26 03:30:49 +0000 2026,@CommuterLine Allright min thx tadi kondisinya memang pada kedorong di bagian gerbong wanita depan ketika ngerem mendadak. Sy bantu tambahkan spesifikasi kereta untuk pengaduannya mbk @NunyDamayanti sebelumnya,Keamanan
Thu Feb 05 01:01:17 +0000 2026,@CommuterLine kalo udah diplan untuk buka stasiun baru di green line harusnya bukannya udah diplan ya untuk headway nya jg lebih cepet? atau gerbong ditambahin? green line ini gapernah dievaluasi apa gmn sih makin hari makin bobrok,Pelayanan
Wed Mar 04 10:10:31 +0000 2026,@CommuterLine Min tolong dong kereta Tangerang - Duri &amp; Duri - Tangerang kalo lagi rush hour jangan cuma 8 gerbong.,Kepadatan
Mon Jan 19 23:05:53 +0000 2026,@CommuterLine min krl bgr jkt berangkat dr cilebut 5:56 (10 rangkaian) Gerbong nomor 2 dr depan PANAS BGT GILEEEEE padahal ini hujan loh AC nya ga berasa samsek cuma ada kipas. Tolong dong ini manusia rame bgtt dan pengap,Pelayanan
Mon Feb 09 22:44:14 +0000 2026,@CommuterLine kenapa kereta Jakarta kota 8 rangkaian di jadwalkan setelah manggarai 12 rangkaian ya? Pertimbangannya apa? Jurusan manggarai lengang sekali dan Jakarta kota padat. Padahal harus menampung penumpang transit juga nanti. Kenapa bkn jurusan manggarai yg 8 rangkaian? https://t.co/mSTk4Whg6X,Kepadatan
Wed Feb 25 01:05:10 +0000 2026,@CommuterLine @hobarighthere Perlu ada yang meninggal karena desek desekan dulu kah min biar ditambahin gerbong????????,Kepadatan
Wed Feb 04 00:50:01 +0000 2026,@CommuterLine dah dibilang yang dibutuhin itu nambah kereta pagi karena gerbong terasa lebih sesak dibanding sore. Tapi karena ga ada yang share foto dalam gerbong dibanding foto peron tanah abang pas penuh nunggu kalian jadinya pencitraan nambah jadwal sore @CurhatKRL,Kepadatan
Tue Jan 13 01:01:22 +0000 2026,@CommuterLine halo ini kenapa ya saya sering bgt dapet gerbong krl Bogor Line yg suara speakernya kecil bgt dan bisa dibilang ga kedengeran sama skali? Gaada maintenance kah?,Pelayanan
Tue Feb 10 00:39:37 +0000 2026,@CommuterLine oi ini serius kereta tujuan tn abang dr cisauk td jalan 7.27 trs baru ada tujuan tn abang lg 7.46. Jeda 20 menit mau numpuk kaya apa itu di dalem gerbong?? Yg jeda 10 menit aja numpuk poll loh #KRLgreenline,Kepadatan
Thu Mar 12 07:57:50 +0000 2026,@CommuterLine minn ini ac KRL green line emg dimatiin kah? Engap bgt rasanya. Atau emg gerbong 2 ini aja ya yg mati??,Pelayanan
Wed Feb 04 01:34:44 +0000 2026,@CommuterLine kereta buatan INKA kalian bener bener parah gila ya sampe tuker rangkaian gue di Manggarai karena kereta lo bapuk. Ga layak kereta lo buat ditaro di rush hour telat semua orang berangkat kerja pagi ini @CurhatKRL,Keterlambatan
Fri Jan 09 00:12:35 +0000 2026,@CommuterLine Min bisa ga si rangkaian dari China ataupun inka jangan dipake saat rush hour? Gangguan mulu,Pelayanan
Sun Feb 15 08:17:31 +0000 2026,@CommuterLine min. di kereta arah cikarang yang k1 1 89 153 di gerbong cewe depan dr tanah abang ini bapak2 udh dikasi tau kalo ini gerbang cewe tp sampe mau masuk bekasi dia ga pindah2. ini ga ada petugas sama sekali,Keamanan
Sat Mar 14 07:59:32 +0000 2026,@CommuterLine min kereta brantas 7015a gerbong 1 panas min ac nya tolong di dinginin lagi pls,Pelayanan
Mon Mar 09 01:44:22 +0000 2026,@CommuterLine @stylanienoor Rangkaian 4. Panas. Ada yg sampe buka jendela,Pelayanan
Tue Mar 03 09:52:14 +0000 2026,@CommuterLine aduh min aku nomer KA nya ga engeh tapi keberangkatan dr tnb ke parung panjang gerbong 1 jam 15.59 parah min aku kuyup bgt saking gerahnya,Pelayanan
Wed Feb 25 00:10:56 +0000 2026,@CommuterLine min greenline udah bener bener butuh 12 GERBONG! Interval kereta juga 10 menit sekali ini udah gak masuk akal https://t.co/M1oxROVbuv,Kepadatan
Wed Mar 11 00:29:33 +0000 2026,@CommuterLine Min kenapa sih rangkaian krl tangerang cm 8? Kan penuh sesak banyak yg ga bs naik kenapa bukan ditambah gerbongnya malah dikurangin,Kepadatan
Fri Feb 20 01:14:40 +0000 2026,@CommuterLine coba dong dipikirkan utk jalur greenline ini jam 05.55 dr stat jurangamangu sdh seramai ini. Belum lagi pulangnya. Tlg kl bisa rangkaian ditambah dan jamnya jg ditambah. Ini udh ga manusiawi sih pagi2 energi udh terkuras bgt .. trims https://t.co/lFDdhSJvr9,Kepadatan
Mon Mar 02 12:58:17 +0000 2026,@CommuterLine min laporan untuk jendela rangkaian Jkt-Bogor gerbong 7 rusak tidak bisa di tutup. Kereta masuk St.Depok https://t.co/cLjkdlAsIO,Pelayanan
Mon Jan 12 11:45:53 +0000 2026,@CommuterLine min krl 5140B kereta baru di gerbong paling belakang kenapa panas sekali ya? Indikator suhu di angka 25°. Pengap minn..,Pelayanan
Mon Jan 19 06:49:52 +0000 2026,@CommuterLine jgn lama2 brentinya gerbong padat bisa kebayang tuch,Kepadatan
Fri Mar 20 10:07:19 +0000 2026,@CommuterLine punten banget perasaan saya saja atau emang ac gerbong kereta green line ngga berfungsi? Ini ketek saya lembap padahal ngga rame,Pelayanan
Mon Mar 09 23:04:18 +0000 2026,@CommuterLine Kenapa sih rangkaian 8 gerbong masih di pake di brown line udah tau kalo pagi penuh. Di line lain udah di 10/12 rangkaian ini tangerang masih aja pake 8 rangkaian,Kepadatan
Tue Jan 06 00:10:02 +0000 2026,@CommuterLine kenapa sih krl pemberangkatan depok tuh telat mulu???? harusnya kan jam 7 berangkat sampe jam segini belum dateng. terus sekarang kenapa cuma 8 gerbong???? biasanya 12,Keterlambatan
Mon Mar 16 00:17:52 +0000 2026,@CommuterLine kenapa sih keretanya PANAS BANGET??!! Khusunya di gerbong belakang khusus wanita mana cuma 8 gerbong. Cari sendiri tipe keretanya. Keberangkatan ke Jakarta Kota jam 06.07 di Bojong Gede. Sekarang lagi ditahan nih otw Gambir. Thanks.,Pelayanan
Wed Jan 28 04:09:04 +0000 2026,@CommuterLine Ngapain nambah stasiun kalau jumlah perjalanan &amp; jumlah gerbong tidak ditambah? Yang tadinya di Cisauk kalau berangkat pagi buat kerja bisa naik sekarang harus nunggu kereta ketiga supaya bisa naik. @KAI121 @kemenhub151,Kepadatan
Tue Feb 10 08:35:48 +0000 2026,@CommuterLine @KAI121 commuter line penataran (421). jadwal sampai di wonokromo pukul 9.26 WIB. pegawainya tidak cuma satu ya kak bersahutan dari yang berseragam kuning dan hitam waktu sedang ngobrol di gudang gerbong kantin.,Pelayanan
Tue Mar 10 04:28:39 +0000 2026,@CommuterLine @MuhammadTuhasan @AntoniusCDN @dhogasin Kayaknya perlu ditambah 1 gerbong lg min. Misalnya Gerbong 1 2 &amp; terakhir gitu,Kepadatan
Tue Mar 24 12:40:22 +0000 2026,@CommuterLine KA Walahar perlu penambahan rangkaian kereta kasihan penumpang banyak yang berdiri.,Kepadatan
Fri Mar 27 12:56:17 +0000 2026,@CommuterLine Kereta arah Bogor dan video diambil pukul 18.04 (Jadi berangkat mungkin jam 6 kurang dah yak). Untuk gerbong di gerbong 9. Pokoknya air mulai deras pas udah di daerah Lenteng Agung - Depok. Gak nemu nomor kereta soalnya jauh gak kefoto.,Kebersihan
Fri Feb 13 09:33:15 +0000 2026,@CommuterLine sudah ada ibu2 yg negur tapi gak dihiraukan. kebetulan petugas lagi gak ada di gerbong perempuan min. Krl CLI 125 1202.,Pelayanan
Wed Mar 11 11:17:37 +0000 2026,@CommuterLine Dari jam 16:30 sampe skrng jalur Nambo belum gerak.gila aja klo sampe ngikutin jadwal (Nambo 18:48) .ada banyak penumpang yg udah nunggu lama tapi GK gerak gerak,Keterlambatan
Wed Mar 11 04:56:37 +0000 2026,@CommuterLine min ini apknya knpa? emg gni kah? buka kai acces mau boking kereta malah giniparno gbisa pulang https://t.co/wKlTqaEOko,Pelayanan
Wed Feb 11 01:22:04 +0000 2026,@CommuterLine @KAI121 min kemarin sekitar jam 7 an malam saya naik kereta dgn nomor tertera setiap mau berhenti di keretanya ada suara berdecit kenceng bgt kayak rem kurang pelumas. Pokoknya ngeri bgt sampe saya berkali2 berpikir untuk pindah kereta. Harap menjadi perhatian. https://t.co/qpwvShLwT1,Keamanan
Thu Feb 05 10:21:50 +0000 2026,@CommuterLine ini min @CommuterLine selalu berdiri di pintu masuk ini. setiap hari ada di sana entah modus apaan. bilangnya begini kak maap mau nanya gitu doang ngomongnya pas kita lewat biar kita nyamperin dia. coba petugasnya cek ke pintu jurangmangu ini https://t.co/UuMs9jHYir,Keamanan
Wed Jan 28 09:32:28 +0000 2026,@CommuterLine KAI Commuter dimohon melihat permasalahan headway &amp; jumlah gerbong ini secara serius dan bukan hanya mencatat sebagai masukan angin lalu. Ini setiap hari orang2 bener2 tersiksa didalam kereta benar2 penuh sesak diluar manusia harus khawatir terlambat karena terus tdk bs msk.,Kepadatan
Wed Jan 28 23:40:51 +0000 2026,@CommuterLine min mau complain terkait eskalator di kranji. Saya lagi turun dgn eskalator tb2 eskalator matiiii! Saya lg hamil gede hampir jatoh karena badan kehentak ngeri amat,Keamanan
Thu Jan 22 00:33:02 +0000 2026,@CommuterLine kebiasaan st bekasi banjir depannya terus skrg pintu masuk cuma 1 dan banjir pula?! terus aing kudu nerjang banjir2an gitu buat masuk st bekasi,Keamanan
Mon Jan 12 07:16:31 +0000 2026,@CommuterLine Genangan doang kan min Motor saya sudah dua kali soalnya prnah kerendam diparkiran umum disana konturnya rendah di banding Statsiun,Kebersihan
Mon Jan 12 02:43:43 +0000 2026,@CommuterLine hello ini udah ketahan 15 menit menuju Manggarai ada apa ya? Banjir atau bagaimana?,Keterlambatan
Sat Feb 14 18:07:57 +0000 2026,@CommuterLine sepanjang stasiun bekasi apa ga bisa dilakukan penertiban pedagang kaki 5 dan supir angkot? St bekasi Timur trotoar nya full di pake pedagang kaki 5. Halte dibuat dagang dan tempat ngetem buat ngopi ngerokok supir angkot. Stasiun dibikin kumuh tapi kalian diem aja,Keamanan
Mon Jan 19 01:08:48 +0000 2026,@CommuterLine ini imbas rel kereta banjir di Pekalongan juga kah jalur Bekasi pada ngaret parah? Atau petugasnya masih pada ngelag pulang cuti?? Selalu kalo ga hari senin atau jumat error bgt jadwalnya.,Keterlambatan
Wed Jan 14 11:37:46 +0000 2026,@CommuterLine stasiun Duri mushalanya banjir min kayaknya saluran airnya mampet deh dari kemarin2 emg udh kyk menggenang gitu cuma hari ini banjirnya sampe ke tempat solat jadi pada susah solat deh mohon segera diperbaiki ya terima kasih,Kebersihan
Mon Jan 26 23:49:08 +0000 2026,@CommuterLine @Don_Fitto Yth pihak pengelola stasiun Rawabuntu Sekiranya berkenan meng evaluasi pengadaan atau pemasangan Canopy di gerbang stasiun Rawabuntu krn penumpang pasti akan basah kuyup jika turun hujan. Juga ada area genangan air yg dalam sehingga kaki kejeblos dan basah total sepatu nya. Tks,Kebersihan
Wed Apr 22 00:28:21 +0000 2026,@CommuterLine min ini di stasiun bojong tangga manual deket skybridge tolong dibenerin dong huhu ngeri tiap turun tangga kadang suka kesandung dulu pernah dibenerin tp sebentar udah rusak lagi:( https://t.co/5moGT9wpDv,Keamanan
Sun Apr 19 22:40:11 +0000 2026,@CommuterLine selamat pagi Pagi ini ini saya jatuh didekat tangga turun jalur 1 n 2 akibat lantai licin,Keamanan
Sat Apr 11 11:36:55 +0000 2026,@CommuterLine @mashumas_ Min @CommuterLine tolong lah di evaluasi atap peron seluruh stasiun KRl Jabodetabek. Desain nya di sesuaikan lagi. Masa ke kalau panas kepanasan hujan masih kena hujan. Kalau hujan dalam kereta becek dan licin,Keamanan