full_text,label
@CommuterLine @suckislife_ @perkeretaapian Ngeri tangganya ga kuat min. Itu banyak bgt manusia,Keamanan
@CommuterLine 5517 telat 50 menit kenapa masuk bks harusnya 07 10 nyatanya 07.52 baru masuk bekasi. Jawab jgn template jgn kyak orang bodo jawabnya @CommuterLine,Keterlambatan
@CommuterLine itu papan jadwal cisauk jalur 2 gak update toling di update dong mana kereta lu pada telat,Keterlambatan
@CommuterLine @jalur5_ Klo kyk gini petugasnya bantu apa njir? Mau ngegendong? Kan yg dibutuhin mbaknya adl lift2 yg ga mati dan eskalator yg jalaaan fasilitas di stasiun gede kyk gtu ya dibenerin bukan terbengkalai mlu jir. Mls bgt bloon.,Pelayanan
@CommuterLine Penataran Malang-SBY pukul jam 3an 1 Des kenapa ngaret bgt Ampe jam 16 50?,Keterlambatan
@CommuterLine Min kereta yg dari dipo depok gangguan jadi menumpuk penumpang di st depok lama,Kepadatan
@CommuterLine @PT_Transjakarta bisa buat peraturan tiap penumpang wajib pake deodoran masih pagi hidung kami sudah berjibaku dengan bau badan,Kebersihan
@CommuterLine cek dong jadwal mana yg telat sampe 30 menit arah tanah abang. Kalo punya sistem yg bener harusnya gausah nanya lagi jadwal kereta yg mana yg ga becus,Keterlambatan
@CommuterLine Pansi min. SOP bertele2. Kalo kelen bisa komunikasi dgn yg di kereta satset pasti ketemu tuh barang. Wong kereta baru berangkat dr stasiun. Kalopun di bagasi sudah gada krn dicuri kelen bisa cari ke setiap gerbong. Pasti ketemu selama kereta blm smpai st berikutnya,Keamanan
@CommuterLine udah nggak akurat min jadwalnya. Udah beberapa kali selalu datang di jam 8.05 kadang jalan lagi dari manggarai 8.10. Terlalu padat jeda waktu dari kereta sebelumnya. Evaluasi lagilah.,Kepadatan
@CommuterLine 6054 KPB-CKG kemaren tuh ngaret parah! Telat juga nanya mau di cek udh kejadian kemaren semerawut dan chaos di st kranji karena yg tujuan cikarang naik bekasi dan nunggu di kranji.,Keterlambatan
@CommuterLine Ini ma gila mana ada jam segini masih padat sesak begini. Tolong jangan pelit jgn males jgn mau cepat pulang. Penumpang di kira ikan asin https://t.co/MjbwHNermw,Kepadatan
@CommuterLine @worksfess Balikin lagi rute yg sebelumnya biar ga numpuk Kalo bisa pagi jgn 8 gerbong jam sibuk kok 8 gerbong,Pelayanan
@CommuterLine Masih gangguan nih kayaknya penumpang penuh banget di rawbun. Mana lagi sakit padahal berharap bisa dapet tempat duduk :( yang ada ini pasti kegencet,Keterlambatan
@CommuterLine Tolong lah kalo jadwal bekasi via manggarai jam 7.06 gausah ditelatin ini malah tiba2 yg via pasar senen masuk otomatis yg via manggarai jd telat. Pdhl udh double track tp kereta msh suka lemot. Pasti masinis yg via ps senen cewe tuh yg tdinya untuk via manggarai dr cikarang,Keterlambatan
@CommuterLine @emaildariza min emang kapan kereta g padet di jam kerja kaya gini suruh nunggu kereta berikutnya ya kali kita udh sengaja jalan pagi biar bisa dtg kerja ga telat solusinya malah suruh nunggu kereta berikutnya kocak,Kepadatan
@CommuterLine ini kenapa lama banget ya untuk nunggu 1 kereta? Bisa hampir 1 jam Sedangkan yg arah manggarai/cikarang/bekasi bisa 1 kereta per 10 menit https://t.co/HKeOQfu7Ii,Keterlambatan
@CommuterLine kabin gerbongnya bau pesing wkwkwkwkwkw,Kebersihan
@CommuterLine Minta tlg security ke gerbong 7 KA2099 PP-THB krn ada penumpang celana hijau ber2 sangat berisik ngobrol dengan sebelahnya klo security udh lewat.,Pelayanan
@CommuterLine @panjirayrizki Ngaret tuh menurut lu normal ya? Ngaret semenit aja udah pada numpuk orang2 blogggg,Kepadatan
@CommuterLine Udah sampe tujuan apes juga dapat gerbong yg kipas doang panas bgt sampe banyak yg bau ketek coyyyy,Pelayanan
@CommuterLine bodoamat min saya udah dirumah! tolong dong KAI klo ada perbaikan kasih estimasi. rush hour gini penanganannya kacau! operator admin masinis minta maaf mulu. ga saya maapin ampe lebaran bodoamat! masalahnya jg ga dikasih tau kenapa ampe gangguan ckck miris beda bgt sama jepang,Pelayanan
@CommuterLine Min ini masa nunggu kereta dari prng pjng ke tn abang sampe 30 menit lebih sih? Bikin orang telat aja dah,Keterlambatan
@CommuterLine knp tiba2 keretanya malah gak ngangkut penumpang? Jadinya pada numpuk nih di stasiun Cikarang. Harusnya sesuai dong sama jadwalnya. Hari pertama ganti jadwal perjalanan crowded bgt. Tolong lah gausah ganti2 terus at least aktualnya sesuai lah sama jadwal yg di app. https://t.co/c8uXyH7Vwv,Kepadatan
@CommuterLine Saya nunggu dari sekitar jam 5.30 baru ada kereta lagi jam 5.45. yang ke arah manggarai sudah 3 kereta,Keterlambatan
@CommuterLine minn ada gangguan ya :( ini mau kerja kereta penuh. sebelumnya jam segini sepi malah desek desekan :(,Keterlambatan
@CommuterLine heran banget sering telat gegara krl ada aja alesannya. Ketahan mulu dimanggarai jadi delay mulu arah duri. Dan jadwal nya juga berubah ubah mulu gak ada jadwal pasti nya. Kena ST dari kantor gara gada krl. Capeeekkkk,Keterlambatan
@CommuterLine @zuu_haaa Krt telat penumpang 07.55 &amp; 08.06 sdh bludak. Mrk auto panik tkt next krt ny lbh lama lg.,Kepadatan
@CommuterLine @costlyendeavor Jalur kereta arah bekasi/cikarang dari sudirman karet tnh abang kacau beberapa hari ini. Di jam sibuk masih bisa bisa nya jeda 15-20 menit. Kereta feeder nya gaada. Saya udh nunggu 20 menit baru ada 1 kereta lewat itu pun penuh gabisa masuk karena jeda nya yang sangat lama,Kepadatan
@CommuterLine Apa gak bahaya ada celah peron nyaris 50cm dengan ketinggian gabnya adalah 20cm? Lokasi Stasiun universitas Indonesia untuk celah peron bagian ujung dari 2018 sampai detik ini gak ada niat untuk memperbaiki kah? Ini bahaya banget loh?!! https://t.co/yyqvGNguG6,Keamanan
@CommuterLine Min justru tidak ada himbauan dari petugas dilapangan baika di stasiun ataupun di dalam gerbong (o/ Security). Himbauan ini pernah dilakukan saat covid-19 sdh berangsur hilang dengan ada pembatasan penumpang ke peron jika kondisi penumpang banyak atau gerbong kereta kurang.,Pelayanan
@CommuterLine @Rnurfajar Gni emg jawaban ngeselin trkesan lempar tanggung jawab. Pernah jg ngalamin ktggalan kereta k semarang krna KRL ketahan d st. kemayoran trus tlpon 121 djawab ga ada hubungannya prjalanan krl dg kajj gt. Hebat kan jwabannya @CommuterLine dan @KAI121 .,Pelayanan
@CommuterLine Kejadian pagi ini sabtu 3juni2023 mulai lamongan sampai pasar turi untuk KA Arjonegoro ada 2 pintu nggak mau terbuka sedangkan KA Sindro pintu terbuka terlihat saat masuk stasiun kandangan lebih bahaya KA Sindro pintunya terbuka saat kereta berjalanan https://t.co/KYwn0ktuhk,Keamanan
@CommuterLine @CommuterLine min knp nambo sekarang selalu delay lama bgt sih?!! Gk sesuai dengan jadwal yg baru!,Keterlambatan
@CommuterLine bulan puasa kenapa jarak kereta yg ke arah bogor jadi 20 menitan ya? Yg ke arah jakarta kota udah 3 kereta yg lewat. Masih disusul KAJJ ga jalan2 apa udah 20 menit. Di gondangdia ud numpuk penumpangnya ini. Evaluasi lagi dong bulan puasa orang pada pulang cepat.,Kepadatan
@CommuterLine @Susilow62383231 evaluasi mulu dari kemarin kemarin armadanya kurang terus pada telat lagi gimana ga mau numpuk. apalagi arah bekasi cikarang lama banget,Kepadatan
@CommuterLine Yg saya liat selalu di stasiun tanah abang. Dan selalu dibagian belakang eskalator karena disana memang gak pernah ada petugas yg stand by.,Pelayanan
@CommuterLine ini KA 1641 selalu telat lebih dari 5 menit. Kaga ada perbaikan atau penegasan peraturan gitu agar tidak terlambat selalu?,Keterlambatan
@CommuterLine halo. Kenapa KRL stuck lama di batu ceper ya. Sudah 10 menit,Keterlambatan
@CommuterLine min kereta tn abang - rangkas kenapa panas banget sih pas lagi jam rame pengap tau belom aja bengek gua balik kambuh lagi,Keamanan
@CommuterLine Nggak usah kalian buat tangga manual 2 Lajur kalau kalian hanya pakai 2 lajur itu cuma buat turun semua!!! Bikin pusing penumpang yang mau naik kalian!! Nyusahin penumpang yang mau naik transit!! System kalian kenapa kacau semua sih?,Pelayanan
@CommuterLine @akukreszy Gak usah dicabut min. Napas orang baunya kayak kecoa.,Kebersihan
@CommuterLine cape bgt kereta telat mulu biasanya kereta yg ke duri jam 17.38 udh ada di tn abang. Skarang masa harus nunggu sampe jam 17.55 sampe 15 menit lebih ini pnp udh numpuk bgt. Yg bener aja min telat di rush hour gini,Keterlambatan
@CommuterLine capek banget lama lama transit di manggarai lift harus rebutan sama orang orang yg masih pada sehat sedangkan saya lagi hamil dan kadang milih turun tangga aja karna gamau ke dorong dorong tapi di tangga kenapa harus segala di tahan tahan juga,Keamanan
@CommuterLine ini jadwal baru jadi buat CKR - KPB lebih penuh dari sebelumnya .. coba cek grafik nya lagi Bapak2 KAI. coba naik sendiri dari KRL jam 7 pagi CIKARANG SAMPE CAKUNG SAJA ..BERASA numpuk,Kepadatan
@CommuterLine Lo ngasih tau perubahan gini pas udh di manggarai ya cok knp ga sebelum2nya sih. Numpuk gila tadi itu manggarai!,Kepadatan
@CommuterLine @KAI121 4025 sudah delay 9 menit tiba bekasi mau tramsit di BKS ke MRI pasti tertinggal 5527 lagi. Makin bodo saja KCI ini. https://t.co/QeHGDutXCN,Keterlambatan
@CommuterLine makasi ya hari ini udah bikin telat masuk kerja dan pulang malem banget karena jadwal kereta ga jelas ampas abis,Keterlambatan
@CommuterLine wehhh anjing . Ngapain itu di tahan 5144 masuk ke duri . Goblok . Udah numpuk ini anjing di duri,Kepadatan
@CommuterLine Kenapa KRL harian suka banget delay? Gak bisa menghargai waktu orang lain ya? Hm :(,Keterlambatan
@CommuterLine @Chachazzs Pake data O-D yang update jangan pake data tahun 2010. Jelas2 demand BOO-TNB tinggi by malah ditransitin. Chaos ga tu,Pelayanan
@CommuterLine kereta kranji menuju kp bandan via manggarai telat banget. biasanya available sebelum jam 6 pagi ini udah 3x keselip sama kereta via pasar senen. numpuk nih!,Keterlambatan
@CommuterLine Thank u min. Ga perlu wangi semerbak kek toilet mall minimal ga bau juga udah syukur. Mana toiletnya sampingan sama musholla apa ga kuranggg bgtt tuhh,Kebersihan
@CommuterLine ini tiap hari selalu telat tiap petugas ditanya emang begitu pak jawabannya. Jadi telat 10-20 menit tiap hari itu sudah lumrah?,Keterlambatan
@CommuterLine memang commuter line supas (457) bisa dibooking buat rombongan? Kok sama kondektur ferry saya dilarang masuk gerbong 5. baru tau Supas yang tanpa tempat duduk bisa dibooking. Aneh banget kalau penataran sama dhoho okelah. Tak tanya mana aturannya malah nyolot,Pelayanan
@CommuterLine @shelentines Jadwal sampah template sampah,Pelayanan
@CommuterLine halo min kereta tangerang-duri tertahan di stasiun kalideres uda lebih dari 10 menit. Ada gangguan kah?,Keterlambatan
@CommuterLine Hari pertama senin pasca perubahan jadwal kacau bgt min ga sesuai sama jadwal yg tertera di jadwal. Bahkan kereta sampe kejeda hampir 30 menit distasiun parung panjang membludak ampe gabisa masuk,Kepadatan
@CommuterLine Kak serius aku gak bohong mungkin anak muda atau pekerja biasa naik di jam segitu masih bisa manager walau pegel-pegel dan sesak ya pak tapi dengan yang lansia dan prioritas yang tidak bisa dapat tempat duduk gimana kak? Aku gak bohong sesaknya betulan sesak banget,Keamanan
@CommuterLine Mbok kalau ada masalah tuh proaktif Min kabari di stasiun2 supaya bisa cari alternatif transportasi lain. Jangan cuma nunggu kereta bandara tanpa kepastian. Batu Ceper - Bogor tuh jauh banget. Tau gitu mending naik comline biasa ke Duri bisa nyambung ke redline.,Pelayanan
@CommuterLine JALUR BEKASI NIH! ke manggarai itu kan banyak peminatnya ya ketimbang pasar senen. Lu kira2 lah yg di banyakin manggarai jangan senen! Numpuk tau gaaaaa jd nya org senen kosong gitu. Mana di jam jam rawan org berangkat kerja,Kepadatan
@CommuterLine Tambahin lg plss itu jam 7-7.11 kelamaan gap-nya orang jd numpuk di stasiun,Kepadatan
@CommuterLine halo min tolong dong ini gerbong cewek paling belakang kereta arah rangkas posisi sekarang cicayur 1706 ada ibu2 ngerokin badan di sini. bikin ga nyaman ditambah bau minyaknya mana tadi ada ribut juga ibu2 maksa duduk. tolong atur,Kebersihan
@CommuterLine Min ini skrg udah gada lagi dr bogor lgsg jakarta kota?harus turun manggarai dulu untuk jam tertentu atau bagaimana nih? Dimanggarai numpuk yg mau naik ke kota dtg kereta dah full dan nungguin yg turun lama ngabisin waktu,Kepadatan
@CommuterLine halo min ini kenapa jadwal kereta di web ga bisa di akses ya?!? Ini saya udah nunggu kereta 20 menit loh ga muncul2 keretanya astagaa,Keterlambatan
@CommuterLine jangan ngerjain orang dong kalau ngasih pengumuman krl masuk tuh krl kampung bandan via manggarai dari jalur 5 tiba2 ke 7 tau2 krl ada duluan di jalur 5 mana satpamnya juga kagak jelas ditanya kereta mana yang duluan udah gitu sekarang jadi ngaret,Keterlambatan
@CommuterLine 1011B. Paling habis ini mau bilang perjalanan normal karena tiap hari delay jadi emang normalnya begitu. Normalnya emang delay tiap hari.,Keterlambatan
@CommuterLine @xendless_s itu orang gila bisa masuk peron apa punya tiket atau lolos ? serem amat,Keamanan
@CommuterLine Coba di cek deh brp lama dari kereta sebelumnya dtg itu brp lama?? Udh numpuk penumpang di jam rush hour. Gapaham bgt si,Kepadatan
@CommuterLine @BudiKaryaS @AsdoKai 2.gerbong depan 1-4 menjadi penuh sesak tak karuan karena penumpang semua mengejar berada di dekat eskalator. Suatu kebijakan tidak masuk akal menyiksa dan membahayakan penumpang yg seharusnya kalian jaga. Bapak ibu pembuat kebijakan silakan,Keamanan
@CommuterLine Jadwal 5570 dan 5572 kacau banget,Keterlambatan
@CommuterLine @Heraloebss Hati2 juga siapa tahu itu pengalihan.. ternyata sekumpulan copet saya pernah ngalamin soalnya tetap waspada dalam kereta,Keamanan
@CommuterLine ini ka lokal jatiluhur kenapa delay mulu dah min?disusul ka terus? knp lama sekali? perubahan jadwal ini akan berlangsung sampai kapan?,Keterlambatan
@CommuterLine @azhadit SOP nya untuk security nya tuh gimana deh? Apa yg mereka kerjain sebenernya? Kadang yg berisik ditegor kadang enggak. Yg lepas masker jg kadang ditegor kadang enggak. Trus case kayak di foto atas tuh sering banget sebenernya.,Pelayanan
@CommuterLine ini kenapa dah lelet banget datengnya krl arah sudirman di manggarai. Makin numpuk aja nih. Cb tolong koordinasikan lah,Kepadatan
@CommuterLine tolong kembalikan jadwal lama jadwal kereta baru aneh Keberangakatan colebut-jkt kota selalu tepat waktu berangkat 06.02 tapi keberangkatan cilebut-jkt kota yang seharusnya 06.16 suka telat ngaret ga tepat waktu,Keterlambatan
@CommuterLine KERETA DELAY MULUUU UDH 10 MENIT STUCK DI JUANDA,Keterlambatan
@CommuterLine tolonglah di percepat kedatangan kereta arah bogor di jam pulang kerja masa tunggu numpuk mulu sih mana 8 gerbang terus,Kepadatan
@CommuterLine TELAT! Orang2 udh pada telat berangkat kerja sekolah. Tolong sistem lu di perbaiki orang2 jg pada bingung di stasiun Cicalengka tadi pagi. Petugas ga informatif minimal infoin sampai luar ini ga ada sama sekali petugas yg kasih info berkala sampai luar. https://t.co/VnHyIBz0Mo,Keterlambatan
@CommuterLine Ini belum naik kereta min. Ini org rame nunggu kereta malah karena emang ga ada,Kepadatan
@CommuterLine halah bokis petugas aja ngga ada yg standby deket tangga. kapan hari ada lansia kesusahan pas turun di tangga luar arah juanda aja cuma diliatin sama petugas.,Pelayanan
@CommuterLine saya ketinggalan kereta yg berangkat jam 18:37 karena kalah arus. tangga turun diisi sama yg baru nyampe. security nya gimana itu ga menertibkan ?,Kepadatan
@CommuterLine alur turun naik peron 5/6 diubah biasanya yg mau ke 5/6 turun di sisi kiri skrg kanan &amp; HEBATNYA gak ada petugas yg jagain. KOSONG. Kalian pikir tu tangga cuma buat yg naik aja?! Giliran kosong baru ada petugasnya. GEMBELL,Pelayanan
@CommuterLine walahhh tim KAI tolong dong ditegasin lagi ini tgl 5 0ktober 2024 jam 7:40 dari st.bogor pas di st.Manggarai digerbong wanita (12) isinya banyak laki-laki. Petugas/satpamnya pada kemana nihhh????haduhh hari kerja sampe kaki jinjit juga tetep sesuai aturan,Pelayanan
@CommuterLine MINTA MAAF DOANG BISANYA CEK AJA KERETA YG BARU SAMPE MANGGARAI YG NUNGGU PERGANTIAN JALUR DI JTN NO BRP MASA KALIAN GA ADA DATANYA CROSS CHECK SENDIRILAH. JADWALNYA YG BERANGKAT DR ST. BEKASI YG HARUSNYA JALAN 5.33 TP BARU JALAN 5.39 ITU JUGA TELAT 6 MNT DR JADWAL ---,Keterlambatan
@CommuterLine nunggu kereta arah angke/ kp bandan lama bgtt 20 menit nunggu‍ bisa dipercepat gak sii,Keterlambatan
@CommuterLine kalo ada yang sesek napas dan pingsan karena kepanasan dan ga ada udara siapa yang tanggung jawab?,Keamanan
@CommuterLine Ini pegawai KRL harus sosialisasi berapa lama ya biar orang2 paham eskalator sebelah kanan buat jalan,Pelayanan
@CommuterLine Krl line bogor - jkt hari ini delay dan telat banget. Beberapa kali berhenti di stasiun &amp; memakan waktu lama akibatnya banyak pegawai yg seharusnya masuk sebelum jam 8 pagi jadi telat termasuk saya. Tolong dong kasih announcement di media kita juga butuh justifikasi ke kantor,Keterlambatan
@CommuterLine hadehh pantesan delay parah sekalinya jalan kaya keong ya allah,Keterlambatan
@CommuterLine min ini yg bener aja nunggu kereta arah Angke setengah jam lebih transit di Manggarai,Keterlambatan
@CommuterLine @kimbaaabeu Coba min dicari solusi nya biar crlah peron nya gk segede itu min emg serem itu celah nya gede bgt meleng dikit bisa jatoh,Keamanan
@CommuterLine @heyyo_dar min ini di tambun diumumin kalo ada masalah di bekasi kereta numpuk di tambun blm jalan jalan,Keterlambatan
@CommuterLine @namelessgeen Yaampun pernah ngerasain. Terlanjur turun di Matraman baru ngeh kalo tujuan keretanya bener. Tapi pengumuman di keretanya yg salah Akhirnya nunggu kereta arah tenabang lagi,Pelayanan
@CommuterLine barusan ada kejadian pelecehan lagi dan mbak baju hijau yang jadi korbannya. satpam gerbong krl nya kemana ya? sampai2 harus korban dan pelanggan lain yang nyeret pelaku keluar dari kereta utk dilaporin. tolong lah semakin diperhatikan! #krl #commuterline https://t.co/FA4Z9rRn3d,Keamanan
@CommuterLine Min tolong himbau petugas di pintu masuk setiap stasiun yg terimbas gangguan utk beri info kpd calon penumpang sebelum tap kartunya.,Pelayanan
@CommuterLine yg bener lah kalo kerja anjing nunggu green line lama bgt tololll ga ngaruh apa apa lu nambah 1 kereta di jam NON HOURS. yang dibenerin tuh yang pas hoursss yang pagiiii yang pagi pagi yang sore bego bgt harus komplen serame apa sih biar digubris,Pelayanan
@CommuterLine penyakit lu kambuh lagi anj setelah liburan panjang. Ini kereta REDLINE berhenti mulu. Jam segini baru lenteng agung. Kita juga kerja spare waktu 1 jam agar tidak telat. Eh dibuat telat lagi,Keterlambatan
@CommuterLine tolonglah kalau jadwal dari rawabuntu ke tanahabang pk 06.04 jgn berangkatnya 06.03 atau 06.02 1-2 menit kecepetan bikin imbas perjalanan berikutnya makin jadi pepes. Udah sering loh ini..,Kepadatan
@CommuterLine tolonglah kalau ada gangguan di cikarang line beberapa kereta Bekasi dibuat ke Cikarang jangan malah dibiarin sama kaya gak ada gangguan jadinya penumpang ke cikarang numpuk bgt di Kranji,Kepadatan
@CommuterLine Aplikasi kalian @CommuterLine aja kaya sampah seminggu lebih gak bisa diakses trus gw disuruh liat nomor rangkaiannya gimana? Buka jendela trus lompat dari kereta?,Pelayanan
@CommuterLine cek apakah masalah jalur tanah abang-rangkas bitung aman soalnya keretanya terlambat dan penumpang pada numpuk di palmerah?,Kepadatan
@CommuterLine Ketahan di pondok ranji kereta ke parung panjang,Keterlambatan
@CommuterLine lama banget tod ini kereta arah bekasi/cikarang di sudirman. Telat mulu udh padet di audirman jingan,Kepadatan
@CommuterLine Rangkasbitung Line stasiun Cisauk jam 6.39 dijadwal ada. Terlambat datang jam 6.44 menuju Stasiun Tanah Abang. Tolong dicek lagi ya min. Kemarin kereta malah ga datang. https://t.co/dAVZ2UhgX9,Keterlambatan
@CommuterLine jalur bekasi-manggarai gangguan kah? Nunggu kereta di st buaran 17.45 blm dateng2 biasanya udh ada,Keterlambatan
@CommuterLine Krl tujuan manggarai dari st Bogor keberangkatan 7.18 Suara prompter petugasnya kecil sekali. Ngga kedengeran.,Pelayanan
@CommuterLine kereta baru bogor line kenapa lelet bgt bang,Keterlambatan
@CommuterLine tolong jaga keberfungsian lift di tengah situasi tak biasa terutama cuaca hujan spt belakangan. di sta bekasi lift mati justru pada petang yg padat di tengah hujan deras. pelihara lift saja gagal. apakah gara2 kekurangan budget dicaplok whoosh?,Pelayanan
@CommuterLine KRL CIKARANG DELAY 1 JAM? GILA KEBIASAAN BGT. Stress nunggu di stasiun yg panas itu 1 jam lebih loh. Bener bener keterlaluan yg bikin jadwal,Keterlambatan
@CommuterLine mau mohon dibantu perbaikan jadwal di jam 18:00 - 19:00 jam pulang kantor kereta arah Bekasi dari Sudirman jangan jarang2 lah. Masa headway 20 30 menit keburu numpuk penumpang.,Kepadatan
@CommuterLine @KAI121 kalian kenapa sering menunda memberangkatan KA 4015? 4015 udah datang di Bekasi dari jam 06:28 seharusnya berangkat 06:40 malah baru berangkat 06:48 Coba besok2 4015 dimasukin jalur 7 aja supaya ga numpuk di jalur 4 dan 5,Keterlambatan
@CommuterLine Petugasnya saat ini tidak ada di gerbong kami min cara live reportnya gimana ya?,Pelayanan
@CommuterLine Ahhh...satpam kalo lihat juga diem bae min. Suka kesel. Bawa gorengan sampe ruangan gerbong bau got bau kentut. Bbuuhhh Minum minuman manis sampe tumpah. Hadeuuhh..kenapa juga gak ditulis besar2 di tiap gerbong...??,Kebersihan
@CommuterLine @KAI121 @perkeretaapian WOI TAI 5049 TIBA SUDIRMAN DARI 08.09 JADI 08.25 TELAT 16 MENIT INI SUDAH SESUAI DG JADWAL GAPEKA??? JAWAB TAI. KEMARIN PAS BENER JAWABNYA NYOLOT BANGET @CommuterLine SKR @CommuterLine KG MAU JAWAB .,Keterlambatan
@CommuterLine KA1748 THB-RK. AC di gerbong 2 MATI! Tolong diperbaiki segera. Sudah diperhatikan dari lama kereta jurusan ini di jam sibuk sore AC nya selalu mati. Kita bukan mau BBQ atau Sauna Ndan...!,Pelayanan
@CommuterLine kacau nunggu kereta Cikarang di stasiun manggarai lama bener aseli dr 12.30 smpi skrng 12.51 drtd Kereta Bekasi aja yg lewat smpi 3X dr duduk skrng diri pegel buuuu,Keterlambatan
@CommuterLine min stasiun bekasi timur bisa ga sih yg pembakaran sampah itu ga sering bakar sampah ga nyaman bgt asepnya lg nunggu krl ‍‍,Keamanan
@CommuterLine Boleh cek ga petugas pengawal ka utk ka 1712 yg sekarang baru berangkat pondokranji di ka ke 5 dari depan kayanya ada yg mabok dan ngigo mulu nih,Keamanan
@CommuterLine tolong dong utk jurusan dari manggarai ke jkt kota setiap pagi jgn dikasih 8 gerbong terus.. mending dateng nya cepet ini udh lama dapatnya 8 gerbong. Yg naik membludak.. kasian pada kegencet dan ga bisa masuk semua. Ini udh dari awal bulan juni nya spt ini..,Kepadatan
@CommuterLine Blue Line kenapa kacau lagi jadwalnya pagi ini? Kalian sudah merugikan banyak penumpang akibat dari kalian yang nggak pernah konsisten dengan jadwal kalian.. nggak ada alasan kalau memang niat benahin jadwal kalian yang kacau ini. Mohon perhatiannya.,Keterlambatan
@CommuterLine Udh setengah jam lebih nunggu KRL di Stasiun Jatinegara tujuan Senen kok blum lewat2 min? Ga ada pemberitahuan lagi. Gila banget senin kacau semua.,Keterlambatan
@CommuterLine heran sm schedule KRL. inI kereta tertahan lama banget di Stasiun Cikini,Keterlambatan
@CommuterLine Lu gak mau stasiun kotor durasi keretanya jangan kelamaan biar orang2 gak numpuk dan nyampah ini gue nungguin kereta 25 menit bangs*t nyesel naik angkutan umum,Kepadatan
@CommuterLine Pagi ini Di Sudimara numpuk penumpang Min Gangguan lagi kah jalur ijo,Kepadatan
@CommuterLine KRL yang barusan banget 19.29 / 19.30 ke cikarang rangkaiamya bau ASEP ke bakar. Kabin masinis bunyi2 kek lift overcapacity. mohon di cek,Keamanan
@CommuterLine @rrudo__ Manggarai lebih chaos lagiiiii anjirrr ! Stasiun jelek &amp; salah design gitu dipaksain jadi stasiun sentral goblok banget,Pelayanan
@CommuterLine Next info nya dong min jangan bikin penumpang numpuk koar2 baru di respon elah bad bgt pelayanannya,Pelayanan
@CommuterLine kenapa jeda waktu KRL Blue Line Rute dari Bekasi - Manggarai jeda waktu nunggunya sampai 20 menit ya?? Bikin penumpang sampai numpuk begitu.. Nggak pernah bener kalian dari tahun ke tahun bikin jadwal !,Kepadatan
@CommuterLine tolong ini jadwal kereta Cikarang - Jkt knpa telat banget? Biasanya jam 05:23 sdh datang ini 05:34 baru mau sampe St. metland,Keterlambatan
@CommuterLine @ozzan @KAI121 @CurhatKRL @krlmania Gak perlu jawaban normatif spt ini min faktanya petugas tdk mampu membantu melakukan pengaturan flow penumpang dan keadaan spt ini sdh sering terjadi. Lakukan tindakan nyata utk mencegah hal ini terulang lagi sblm ada kejadian yg tak diinginkan.,Pelayanan
@CommuterLine Telat njir gue udah balik lagi ke rumah. Urusin aja noh refund tiket gue dan orang2 lain yg ga jelas kapan bakal dibalikkin itu.,Keterlambatan
@CommuterLine @jalur5_ Opini. orang jalan dengan tongkat sudah kesulitan untuk dirinya sendiri petugas CL harus lebih siap membantu pengguna. Jangan disuruh nyari petugas yg ada.,Pelayanan
@CommuterLine pagi min kmrn saya ada kehilangan tas beserta isi nya di ambil maling kejadian pas saya bangun tidur liat ke atas tas saya sudah ga ada dalam tas itu ada ktp dll mungkin jika maling nya ambil uang nya saja tas sama dompet saya ada di sekitar stasiun,Keamanan
@CommuterLine min serpong-tanah abang gangguan lagi? Kereta dari serpong biasanya udah tersedia dari jam 06.50 sekarang baru sampe sudimara perkiraan sampe serpong 07.08. Ini tuh lama banget admin 15 menit lebih. Tolong jelasin penyebabnya apa kalo gangguan operasional,Keterlambatan
@CommuterLine tolong si GAPEKA tuh di review ulang. Rush Hour tuh harusnya diperbanyak. Ke arah cikarang apalagi sore tuh diperhatikan... Kenapa banyakan ke Bekasi? Kalau cuma sampai bekasi yang arah cikarang jadi numpuk karena nggak ada pilihan lain. Mana cuma 10 rangkaian,Kepadatan
@CommuterLine minta tlg bgt gw mah gatahan berisik bgt ini di manggarai ada org org kayanya suporter bola gatau mau kemana tp mereka nyanyi di krl. Udh ditegur satpam ga ngaruh,Keamanan
@CommuterLine Harusnya ada 1 atau 2 KRL stand by buat yang arah Rangkasbitung/Parungpanjang kalau pas lagi proses penurunan penumpang dan langsir di Peron 3 karena peron 5 dan 6 numpuk parah kalau pas rush hour karena kelamaan nunggu proses penurunan penumpang dan langsir nya...,Kepadatan
@CommuterLine Kalau menurut aplikasi KAI Access sih yg telat itu KA 5572 tujuan Cikarang via Senen yg hrsnya berangkat jam 17.26 WIB. Tadi jam segitu ternyata keretanya baru jalan dr Manggarai. Minimal klo telat tu ada info yg jelas alasannya.,Keterlambatan
@CommuterLine ini kenapa kereta Jurangmangu - Tanah Abang yang harusnya jam 9:03 jadi 9:12 ya? KA nomor 1673. jadi telat banget gini,Keterlambatan
@CommuterLine WOY KAI TOLOL BILANG DONG SEKARANG JALUR 6 DAH GAK DILEWATIN KERETA! GW NUNGGU DI TANAH ABANG KAGAK LEWAT2 LAGIAN NAPA JUSTRU RUSH HOUR DITIADAIN SIH GBLK HEH LO MAU BIKIN PENUMPANGMATI KEHABISAN NAPAS DIDALEM KERETA APA GIMANA PD KAYAK IKAN ASIN SEMUA DI KERETA?!,Keamanan
@CommuterLine min asli ini krl rangkas - tn abang yg jam 6.49 dari cisauk gerbong 2 ac nya angin doang ga dingin kondisi masih belum penuh penumpang loh. Tiap hari kereta yg sama panas terus di gerbong 2. Enakan kereta lama ac lebih dingin,Pelayanan
@CommuterLine Keberangkatan kalian berdasarkan jadwal ga? Kok bisa 1159B berangkat 2 menit lebih cepet. Kalo ga delay lebih cepet kenapa? https://t.co/nV55iROD6I,Keterlambatan
@CommuterLine Lah depannya aman 1639A posisi udah di palmerah sedangkan 1641A masih berangkat jurangmangu gausah ngelak 1641A yg bikin telat kereta belakangnya,Keterlambatan
@CommuterLine plis min ini kenapa kereta tertahan trsss di bekasi,Keterlambatan
@CommuterLine kebisaan hr gini keretanya dikurangin + cm 8 gerbong mulu. Ngotak dikit lah alasannya sesuai kebutuhan operasional. Kl sesuai mana mgkin penumpang numpuk parah di peron?? Medit bgt asli. Cb suru pejabat kalian nyobain kereta yg sesuai kebutuhan operasional ini,Kepadatan
@CommuterLine Tidak muncul notif apapun dari balance reader min tadi sudah dibantu jg sama petugasnya tapi tetap tidak bisa dipakai. Adakah solusinya min?,Pelayanan
@CommuterLine min mohon infonya kenapa peron 5 6 kok padet banget penumpang susah keluar masuk.,Kepadatan
@CommuterLine gangguan di pesing sekarang stuck di bojong indah. Ga tau sampe kapan,Keterlambatan
@CommuterLine jadwal baru gapeka masih dievaluasi lg kan ya min? Udah lah balikin jadwal lama aja yang ada bukan makin nyaman tapi makin pepes min. Naik kereta 8.04 dr rawabuntu udah full pack.,Kepadatan
@CommuterLine Menyelesaikan masalah dengan masalah...saat jam² pulang kantor diperon jalur 5 dan 6 jadi lautan manusia lebih serem dari stasiun Manggarai,Kepadatan
@CommuterLine kebiasaan kereta line biru nih klo berenti di cakung ma bekasi lama bgt ky nunggu dajjal turun ke bumi,Keterlambatan
@CommuterLine Iya ga nyaman emang. Pada numpuk biasanya pagi ada 3 krl ini penumpang 3krl jadi 1 di 1 krl numpuk. Udah pada orang2nya,Kepadatan
@CommuterLine Jangan cuma bangunan yang di urusin aja!! Jadwal tuh yang di urusin sering kacau nggak pernah on time !! Sering banget bikin telat penumpang!! Banyakin armada kereta bukannya bangunan aja!!,Keterlambatan
@CommuterLine Tangerang-Duri KA 1929A gerbong 8 Dan skrg jg Duri-Tangerang KA 1988A gerbong 5 min acnya mati semua penumpang penuh pengap bgttt!,Kepadatan
@CommuterLine Berarti tujuan Tanah Abang/Bekasi/Cikarang dari Duri kosong 15 menit? 06.16 baru ada lagi 06.31? Itu peron stasiun Duri ga nampung limpahan orang yang nunggu di Peron 2 dengan yang datang di Peron 1. Dorong-dorongan berbahaya.,Keamanan
@CommuterLine Bbrapa kali penyelesaian kalian reaktif ga jelas sih. Kalian yg announced tapi kalian juga yg ga mau investigasi. Kelakuan bos2 jelek kalian tuh ngasal. Mininal bisa diberikan petugasnya untuk mengganti lalu kasih SP Buset ini langsung pecat bos kalian meh.,Pelayanan
@CommuterLine dispatcher kalian gimana sih makin amburadul buat jadwal seharusnya di jam sore office hour lintas cikarang/bekasi via manggarai diperbanyak kereta nya liat tuh penumpang numpuk banyak di st Angke Duri Tn abang nunggu kereta sampe 30 menit belum lewat .,Kepadatan
@CommuterLine Selamat pagi.. Saran untuk jalur 5&amp;6 stasiun tanah abang harap escalator di situasional kan. Saat kereta tiba di tanah abang jam berangkat kerja di buat satu arah naik semua hingga tidak terjadi penumpukan dan dorong-dorongan para penumpang. Semoga terrealisasikan,Keamanan
@CommuterLine Ini kenapa pas rush hour kereta 1768 dan 1770 selisih 20 menit???? Tadi di peron 5-6 sampe rusuh karna penuh penumpang yang menunggu. Ada anak kecil yang tergencet!!!!,Keamanan
@CommuterLine auto telat ini kalau kereta tidak datang2. Makin lama tertahan di depok semakin gabisa naik yang dari lenteng agung. Kok bisa kendalanya di rush hour begini,Kepadatan
@CommuterLine Astaga min ini sy udh jd pepes kejepit,Kepadatan
@CommuterLine @buburrayam12 WOI @CommuterLine ANJING JAWABAN LU KG MEMBANTU ANJING HARUSNYA LU KASI SOLUSI ANJING STASIUN BELUM SIAP LU PAKSA GUNAKAN CUMA BINATANG KAYAK LU YG JAWABANNYA CUMA COPAS DAN NGASAL ANJING.,Pelayanan
@CommuterLine @KAI121 Efek sok2an bikin jadwal THB-TGS 1 jam 9 menit tpi tidak disesuaikan dgn sarana &amp; prasarananya ya gini KA 1651 telat woy 10 menit telat 10 menit itu sama aja lu numpukin 2 kereta jadi 1 https://t.co/lTkiA3p8er,Kepadatan
@CommuterLine ini KRL 1772 THB-RK Sudah 10 menit berhenti Di Pondok Ranji ada masalah apa yak? Mana Lagi padet banget karena jam pulang kerja,Kepadatan
@CommuterLine Gangguan mulu kereta kontol,Keterlambatan
@CommuterLine bisa nya org ninggalin sampah dikereta begini ‍️ cukup orang lain aja kamu jangan yaa wkwkwk https://t.co/yypwuIZaIk,Kebersihan
@CommuterLine min tp krl tn abg-rangkas 14.11 (jdwl aslinya) masih delay sihh malah dtg sekitar 14.23 an,Keterlambatan
@CommuterLine min kayanya perlu ada tindak tegas buat orang yg pake pin hamil palsu di kursi prioritas. bbrp kali nemu orang make pin hamil palsu tanpa logo KAI. mau lapor tp jarang ada petugas dii gerbong kasian sama orang yg beneran butuh kursi prioritas https://t.co/pfxM7L371B,Pelayanan
@CommuterLine @cristianebianto Normal? Apanya? Gak lihat penumpukan penumpang di Tebet dan Manggarai kayak apa? 20 menit nunggu kereta arah jakarta kota di tebet lho. Peak hours cok ada bgt gilanya,Kepadatan
@CommuterLine KAMI PENUMPANG TANGERAG TRANSIT DI DURI ITU NAIK TANGGA TURUN TANGGA LOH SAMPE DORONG DORONGAN SERASA GA SEPERTI MANUSIA KAMI DORONGAN DORONGA ITU LANTAS KRL TRANSIT YG KE CIKARANG DISURUH CEPAT BERANGKAT DR DURI KALIAN KCI PUNYA PIKIRAN GA?,Keamanan
@CommuterLine lambat bgt. minimal kalo ada perubahan jadwal/keterlambatan kereta tuh info kocak,Pelayanan
@CommuterLine Itu kereta yang di parung jalanin dulu ga usah nunggu kereta yang dari tigaraksa lewat cepetan https://t.co/rUDPfOEEN1,Keterlambatan
@CommuterLine @noonayoubine Lu lelet min ini krl makin burukk padahal kriteria calon pegawainya milih spek dewa. Krl arah jakarta kita keberamgkatan 6.50 dari depok waktunya jadi ga jelas letahan di pocin sama UI. ALASANNYA SAMA KETAHAN DI JALUR PADAHAL JALURNYA DOUBLE,Keterlambatan
@CommuterLine @KAI121 @perkeretaapian WOI ANJING GARA2 5519B TELAT 10 MENIT DAN PADAT PARAH LU BUAT KESEMPATAN KE PELECEHAN SEKSUAL BARU AJA TERJADI PELECEHAN SEKSUAL DI RANGKAIAN 8 5519B KAI DAN DJKA HARUS BERTANGGUNG JAWAB SEMUA KARENA KAI PRIORITAS TERUS KAJJ.,Keamanan
@CommuterLine edun ketahan sinyal masuk manggarai aja sampe 10 menit padahal cuma sampe manggarai doang ni kereta,Keterlambatan
@CommuterLine Min keretanya ngerem mendadak mulu deh sepanjang perjalanan ampe pada jatoh ini di gerbong (Jurangmangu-tanah abang jam 7.29 di jurangmangu),Keamanan
@CommuterLine Lelet citayam-kalibata berdiri dan nyender doang. Dibangunin diteriakin pada pura pura tidur. Dapat menemui security gimana? Turun kereta dulu?,Pelayanan
@CommuterLine kasian banget liat video ada ibu di suruh turun karna anak rewel parah banget si petugasnya,Pelayanan
@CommuterLine @Lyraauliakss @jalur5_ @erickthohir Min pintu keluar stasiun bogor kanan kiri banyak pedagang yg memakan jalan pejalan kaki selain jd sulit jg rawan copet. Mohon di tertibkan.. Makasih,Keamanan
@CommuterLine bapak/ibu commuter line YTH kenapa kok masih selalu lama nunggu kereta kearah tujuan bekasi via manggarai ini? Di st senen selalu lama kenapa ya kalo boleh tau? Molor nya sampe 30-40menit loh?,Keterlambatan
@CommuterLine 1015B Bogor-Manggarai dijadwal harusnya 07.57 baru ada 08.02 1179B Bogor-Jakarta Kota harusnya 08.02 baru ada 08.13 telat 5 menit telat 11 menit. Kaga ngotak bgt. Dikira badan ga sakit gencet2an didalem krl mana sumpek!!! Benahin pak!! @prabowo,Kepadatan
@CommuterLine bpk/ibu tolong SF 8 tidak perlu maju dong. Ini di Depok Lama jadi kacau krn gb paling belakang pas dengan tangga jadi kepotong sisa seprapat peron. Kacau kawan naiknya jadi tolong balikin normal aja tidak perlu maju. Thanks! Ijin tag @InfoKRL @CurhatKRL,Pelayanan
@CommuterLine tolong kecoa jermannya di kondisikan. https://t.co/OD4LF7FvOe,Kebersihan
@CommuterLine min ini delay kereta arah Bekasi 10 menit sendiri yaa hari ini? https://t.co/pFWsVeIMvF,Keterlambatan
@CommuterLine kasih estimasi dong kalo gangguan lama banget ini kagak jalan jalan kereta arah bogor,Keterlambatan
@CommuterLine jadwal lu sampah tai,Keterlambatan
@CommuterLine Lu sebelum bikin jadwal baru pake riset atau survei dulu gitu ga si? Aneh bgt di jam2 crowded malah kereta dikurangi numpuk sesak di stasiun + keretanya,Kepadatan
@CommuterLine mint ini krl arah cikarang knp lama bgt mint telat ke kantor lagi inimah,Keterlambatan
@CommuterLine Ini parah sih bikin numpuk di stasiun kbnyk jdwalnya manggrai dr pd ps senen . Sungguh keterlaluan ! Apalgi aplikasi eror trs tdk bermanfaat !,Kepadatan
@CommuterLine min di peron pangjay - kota ada kucing dibawah peronnya mungkin dia gabisa manjat takut kelindes tolong info ke petugas pangjay min saya udh naik kereta,Keamanan
@CommuterLine gjls bgt di peron 3 di manggarai dari jam 19:56 jdi 20:02 trs jdi 20:09 sumpah ini numpuk bgt gila,Kepadatan
@CommuterLine 5523B harusnya masuk cib 08.43 ini baru masuk 08.57 ini bodo apa bego sich kaga pagi atau siang telat melulu gimana 01 juni akan ada penambagan jadwal KAJJ makin telat aja KRL.,Keterlambatan
@CommuterLine halo kenapa krl ke arah cikarang kalo berhenti di stasiun bekasi lama sekali yaa? Kondisinya penuh soalnya kalau berhenti lama kami sesak tolong min jangan lama2 kalau berhenti di st. Bekasi,Kepadatan
@CommuterLine 4082 masuk MRI dan semakin padat di MRI pelanggan sudah numpuk di peron. Impact yg ngatur rangkaian kg bisa.,Kepadatan
@CommuterLine KA 5525 paling sering ngaret.. nggak pernah on time.. nggak pernah tepat waktu.. Kenapa ya?? KRL bisa ya kayak angkot ngetem lama.. mau sampai kapan kayak gitu nggak ada evaluasinya?,Keterlambatan
@CommuterLine ini diantara peron 12 sama peron 13 stasiun manggarai kalo lg nunggu kereta kerasa bgt loh geter/goyang. Ga rawan ambruk kan ya?,Keamanan
@CommuterLine Yaaaa masih belajar petugasnya semua.....penangan untuk.kena dampak kayaknya pasrah yaaaa......itu layanan indonesia tetap tidak akan maju.....yg bermaslah lainnya...lainnya harus ada second way biar tidak kena dampak terlalu panjang.........udah krl di pendekin bermaslah pula,Pelayanan
@CommuterLine Min line cikarang dari manggarai ngaret lagi nih telat bener harusnya 07.32 udh berangkat eh ini jam brp baru ada tolong dibenahi min udh keseringan soalnya,Keterlambatan
@CommuterLine Krl tujuan bogor klo dah malem gini tolong donk dibanyakin atau selang waktu nya gak terlalu lama ini penumpang numpuk drtd di juanda berdatangan trus malah yg dtg jkt kota mulu udah 3x,Kepadatan
@CommuterLine Ya ini salah satu bentuk kritik dari pelanggan. Ini rawan sekali kalo malam apa ga bisa barang semeter difasilitasi untuk pejalan kaki? Tolong dievaluasi segera. https://t.co/TWl3eartfN,Keamanan
@CommuterLine @warmell Bener nih sudimara dibedain aja deh. Padet banget.. seseknya di sudimara min,Kepadatan
@CommuterLine min serius ini pada telat kreta? Numpuk di Depok nih.. terus semua 8 gerbong. Diatur lgi la kasih 12 gerbong dan jangan telat.,Keterlambatan
@CommuterLine Ya Allah Mau buka puasa ini Udah pasti numpuk dah tuh di tanabang,Kepadatan
@CommuterLine Semangat pagi dan selamat beraktivitas juga min.. Untuk sblmnya di stasiun batu ceper di mohon agar petugas security nya lebih ramah lagi dan memberi pelayanan yg terbaik semoga kedepan nya bisa diperbaiki,Pelayanan
@CommuterLine hopefully in the future bisa tambah frekuensi kereta line rangkasbitung - tanahabang yaa agak jomplang line bogor - manggarai 5 menit sekali meanwhile rangkasbitung line 10 menit sekali. keretanya jadi penuh bgtt sampe sesek napas gencetnya jam 6-9 pagi real https://t.co/U3DPdrAJ9u,Kepadatan
@CommuterLine min kereta arah manggarain mana nih? Nunggu di duri jam segini gaada. Di aplikasi juga gaada yang gerak di menu posisi kereta,Pelayanan
@CommuterLine min ini ada gangguan atau apa ya? Di stasiun gondangdia penumpang numpuk banget. Ga biasa nya,Kepadatan
@CommuterLine @ramadew_ Efeknya kepada penumpang transit ke jurusan lain penumoamg jd numpuk lho..pikiran lah..mentang2 memonopoli,Kepadatan
@CommuterLine min kenapa krl delay dari bekasi timur - cikarang?,Keterlambatan
@CommuterLine tolong dieval lg dong jdwlnya. Kp bandan arah ke manggarai dr jam 06.57 kereta br dtng 07.31. Pdhl lg jam rush hour yg org ngejar buat brngkt kerja. Kereta feeder jg dtngnya lama dan ga lngsng brngkt. 5040A cuma di jalur 1 ga angkut penumpang. Gimana sih,Keterlambatan
@CommuterLine yang bener aja overload stasiun palmerah kereta gangguan dan bubaran bola https://t.co/jDozMxTxgJ,Kepadatan
@CommuterLine halo kereta nambo jalannya lama banget nih. Tolong jangan jalan dulu ya kereta th priok 07.30,Keterlambatan
@CommuterLine telat mulu nih kereta pemberangkatan dari bekasi via manggarai ke kp bandan yg harusnya jam 7:50an malah ga ada GIMANA SIH,Keterlambatan
@CommuterLine Pagi ini yang dari bogor ke Manggarai kenapa delay bisa 10 menit? Emang normalnya selalu delay? Kalian ga punya jadwal?,Keterlambatan
@CommuterLine Min ini beneran delay nya 1 jam ini? https://t.co/XJUsKg0R6E,Keterlambatan
@CommuterLine @txtdrjkt Lah ga da petugasnya? Mbok ya dikasih arahan lewat halo2,Pelayanan
@CommuterLine masukan aja Line Tangerang di atas jam 20.00 kan headway nya di atas 30 menit bahkan lebih ... Tolong kasih kreta yg 10 gerbong. Jgn yg 8 Penumpang numpuk. Berdiri nunggu lbh dr 30 menit nunggu kreta di tambah hrs berdesak2an di kreta. @KAI121 https://t.co/L0rWUaNPUZ,Kepadatan
@CommuterLine @hansdavidian Info eskalator rusak itu bahaya jika digunakan manual bisa ambrol lalu isdet dah orang2.,Keamanan
@CommuterLine min stasiun tebet toilet cowo nya jorok banget sama lingkungan diluarnya juga meresahkan tolong di atasi,Kebersihan
@CommuterLine min kok kereta arah Bogor lama banget ya? aku di pocin nunggu yang dtg arah mau ke jakarta trus. ada apa yaa?,Keterlambatan
@CommuterLine kondisi peron di Stasiun Manggarai bikin rawan kepleset min https://t.co/62tYysvmyD,Keamanan
@CommuterLine Min ada gangguan apa nih? di tanah abang numpuk banget,Keterlambatan
@CommuterLine serem banget stasiun tanah abang jadi numpuk noh hadehhh,Kepadatan
@CommuterLine Semenjak rute ganti kereta arah tn abang dan sebaliknya jd lama banget. Sering banget tuh numpuk di manggarai sekalinya ada kereta barengan tuh peron 6-7. Eh berangkatnya juga ga beda lama. Jd pd akhirnya numpuk lg org nya,Kepadatan
@CommuterLine admin tadi saya habis menyaksikan ada bapak2 pipis di stasiun posisinya ga ada security saat saya mau lapor posisi di stasiun Manggarai peron 9&amp;10 di balik portal itu. Bisa tolong ditindaklanjuti gak admin biar tidak terulang kejadian tersebut. Terima kasih. https://t.co/mk1FGdHNtp,Kebersihan
@CommuterLine KA 5158B udah ada 20 menitan lebih ditahan di Bekasi @kai121 Pandalungan ama Brantas Tambahan juga ditahan lama. Ada gangguan apaan ini?,Keterlambatan
@CommuterLine please lah jadwal kereta pagi di tambah. Ini dari 06.05 loncat ke 06.20 . Gimana gak numpuk kaya pepesan di kereta,Kepadatan
@CommuterLine Telat. Ini orang2 udah pada otw kena potong gaji. Perbaikan kok di rush hour ga dipikirin apa dampaknya ke orang banyak.,Kepadatan
@CommuterLine Kondisi kereta pagi same like yesterday ya penuh dan panas ga sedingin Transjakarta keberangkatan jam 06.21 dari Bojong kemaren 06.24 sih (gak konsisten udah biasa) dan kereta belakangnya jam 06.32 kok ya jauh banget ya helo jadi menumpuk nih penumpang mana cuma 8 rangkaian.,Kepadatan
@CommuterLine Hey ka 6011 udah telat parah banget ini,Keterlambatan
@CommuterLine min knp kereta bekasi - angke jam 06:15 selalu tidak ontime berangkatnya ya nunggu kereta dr cikarang dulu lama,Keterlambatan
@CommuterLine kereta lu telat lg bos!,Keterlambatan
@CommuterLine keretanya telat muluuu,Keterlambatan
@CommuterLine kenapa ya sekarang berhenti di st serpong nya lama banget?? udah 3 kali loh stuck 15 menitan begini? jam kerja jam 7 pagi jadi bikin ngaret tau gak. kereta rangkas yg baru dateng aja sampe jalan duluan ini kereta tanah abang masih stuck. tolong dong makan waktu tau,Keterlambatan
@CommuterLine Seharusnya di informasikan bila ada gangguan.jadi bisa beralih ke akomodasi laen nya.ini saya udah nunggu hampir 1jam ga ada info. Nanya sama security kenapa baru di jawab ada gangguan.parah banget stasiun bandan ini,Keterlambatan
@CommuterLine Min ko masih lama bgt ya nunggu kereta arah angke?? di manggarai udah 30 menit an ini,Keterlambatan
@CommuterLine Green line selalu terlambat ya? 5 menit terlambat datang artinya dgn transit dan jadwal kereta jalur lain itu akan berdampak minimal 30 menit terlambat sampai kantor. jangan alasan kereta batu bara kereta barang atau apapun kr ini berarti kemampuan manajemeni waktu BURUK.,Keterlambatan
@CommuterLine @dhieferdia Daripada solusinya naik KA berikutnya mendingan nambah armada deh. Nggak seharusnya transportasi publik itu sampai harus berdesakan begitu,Pelayanan
@CommuterLine Setiap pagi berharap biar kereta dtg tepat waktu dan gk berenti lama di st jatinegara dan st mangarai Tp kayaknya emang gk bisa berharap apalagi ama kai Mau tmbah banyak jalur jg sama aja gk ada bedanya tuh alur keretanya tetap aja lama nunggu antrianlah telat gr2 kereta mulu,Keterlambatan
@CommuterLine bisa ga kereta baru nya masinis nya di suruh bawa keretanya cepetan.. sumpah telat banget beda 15 menit . Kalo mau latihan pake simulator masinisnya bukan di saat jam kerja,Keterlambatan
@CommuterLine @sancfuary Tuh penumpang numpuk gara2 jadwal kalian berantakan Min..,Kepadatan
@CommuterLine Tolong dong dibilangin petugasnya. Saya jadi kelewat kereta yg saya perlu krn PETUGASNYA NGOBROL DEPAN PINTU KERETA!!!!!!!!!,Pelayanan
@CommuterLine tolong kiranya di buatkan jadwal atau kebijakan rangkaian 12 kereta di pagi hari jam padat kami setiap pagi harus rela desak dan sesak belum lagi dengan tambahan delay. Jangan hanya fokus pada pemasukan saja tapi perbaikan pelayanan ! Thanks.,Kepadatan
@CommuterLine ada aja genrakannya.. serasa dejavu ternyata pernah gini juga sama di hari kejepit ada gangguan.. berharap kereta sepi ya kan tp malah bermasalah dianya,Keterlambatan
@CommuterLine nah ini min di st tanah abang tuh kemarin ga di info sm announcer nya apakah smp bandan atau terus kebekasi/ckrg tanya security jg bingung semoga kedepannya diberikan kejelasan baik dr tulisan yg di krl/announcer/papan informasi di stasiun,Pelayanan
@CommuterLine saya ingin membuat laporan bahwa hp oma saya t'lah dijambret di Stasiun Manggarai tetapi oma saya baru sadar bahwa hp tersebut hilang ketika di Stasiun Pasar Minggu. Ciri-ciri pelaku oma saya tidak tahu jadi solusinya apa jika begini min?,Keamanan
@CommuterLine Min dari 7.34 ini kreta parung panjang-tanah abang blm jalan juga. Udah numpuk banget ini,Kepadatan
@CommuterLine admin kereta arah nambo kenapa masih ketahan di citayam?,Keterlambatan
@CommuterLine senin loh ini kenapa masih telat juga dah udh mah pondok ranji numpuk berat,Kepadatan
@CommuterLine pelayanan kamu uda bagus tp tlg keamanannya lebih ditingkatkan dong. jgn sampe copet bebas berkeliaran lg. kasian yg bepergian naik krl krn kecopetan jd makin takut mau naik transport umum :( org byk lho yg berpikir kl krl itu paling aman ayo realisasikan!,Keamanan
@CommuterLine Kenapa krl dijalur 2 agak lama...ga seperti jalur 3 yang datang lebih sering.. Waktu tunggu krl tujuan tanah abang kampung bandan terlalu lama.. Tolong diperbaiki keseimbangan perjalanan...jangan ditunggu numpuk manusianya,Kepadatan
@CommuterLine saya udah ngantri di depan pintu KRL posisinya ada 2 orang di depan saya. kita sengaja nunggu orang keluar dulu dari kereta. tapi saya belum masuk pintunya udah ketutup. mbak2 depan saya juga hampir kejepit. pemberangkatan tj barat jam 9.13.,Keamanan
@CommuterLine min min ini kereta berkurang atau gmn. numpuk banget lo yg arah ke kota. yg cuti lebih dikit daripada yg masuk min,Kepadatan
@CommuterLine tolong jadwal pemberangkatan kereta di perhatikan pasca lebaran ini kebanyakan delay bermenit-menit. cc @dishub_jabar,Keterlambatan
@CommuterLine Mana masuknya dr gerbong cewek pula alhasil gerbong 7 penuh sesak,Kepadatan
@CommuterLine PANTES BEJIRR GUE MAU INTERVIEW OFFLINE JADI GAGAL GEGARA NUNGGU KERETA UDAH LEBIH SEJAM DI RAWA BUAYAAAAAAAAAAAA AHHH PEN TERIAK. trims info dan rasa sakitnya ️,Keterlambatan
@CommuterLine dibenerin napa jalur jatinegara ke manggarai setiap nyampe jati negara pasti nunggu kereta lewat dari matraman ke jatinegara Ada 2 rel tapi kepake cuma 1,Keterlambatan
@CommuterLine Tolong Min tangga peron 12-13 stasiun manggarai jangan dibuat satu flow. Utamakan keselamatan pelanggan juga masa harus tubrukan yang naik dan turun. Satpamnya dikasih tau juga. PARAHH..,Keamanan
@CommuterLine Sudah di DM min tolong ditegur keras petugas yang saya sebutkan di DM,Pelayanan
@CommuterLine ini sejak kapan boleh taro barang di lantai kaki boleh naik ke atas kursi. Anak² bisa lompat bebas sana sini tapi petugasnya diem aja. Ini kereta Rangkasbitung - Tanah Abang. Mohon ditindaklanjuti min. https://t.co/LV0jrh2m0a,Pelayanan
@CommuterLine Ini gaada yang berangkat dari kebayoran? Buset udah numpuk ini,Kepadatan
@CommuterLine masih gak ngerti kenapa lantai 2 st. Manggarai gak ada tenant jualan 1 pun. Air mineral kek roti kek. Takut laku kah?,Pelayanan
@CommuterLine Kacau min Gapeka 2023 nya dimanggarai numpuk penumpang,Kepadatan
@CommuterLine jalur 5 di stasiun bogor ini sungguh bahaya apalagi kalo banyak yg turun dr kereta dan banyak yg mau naik kereta di jalur itu lagi. Do something please. Masa harus ada korban jatuh dr peron dulu sih https://t.co/V9fMy2clIj,Keamanan
@CommuterLine @CurhatKRL tolonglah...kereta tanjung priok itu jangan kayak diuber maling gitu jadwal berangkat jam 07.02 ...jam 07.00 udah berangkat...,Keterlambatan
@CommuterLine Makin bapuk aje nih pelayanannya! Kontol!,Pelayanan
@CommuterLine Pagi tadi ada masalah sore pun jadwalnya ngaret sebenarnya kalian udah survey jadwal2 padet belum sih? Dan paham gak sih kalo kalian telat kita pun juga jadi telat kemana2 disuruh pake transportasi umum tapi malahan mengecewakan,Keterlambatan
@CommuterLine kak ada penumpang jatoh lagi nih akibat gap peron dan kereta terlalu besar. Kejadian barusan di stasiun cikarang. Ya untungnya ada satpam bantuin gercep. Korbannya ibu2 agak sepuh mau naik KRL malah terperosok. https://t.co/Mr0cwvyKMZ,Keamanan
@CommuterLine saran saya next kl ada delay lg tolong diinfoin ya min kasian org2 yg punya keperluan kaya saya jd telat,Keterlambatan
@CommuterLine apakah ada alasan untuk kereta green line Rangkasbitung 1640 terlambat masuk parung panjang?,Keterlambatan
@CommuterLine ada gila gilanya nunggu kereta di duri 20mwnit gak ada satupun heran sama KRL ancyur bgt skrg,Keterlambatan
@CommuterLine saran min kalau bisa eskalator manggarai samain kayak di bojonggede dua-duanya ga bisa buat jalan kalau mau buru-buru naik tangga. Soalnya pengalaman pas pada naik karena nge langkahnya cepet kerasa kayak mau jebol itu eskalator. Bahaya ga sih.,Keamanan
@CommuterLine Sesusah itu ya admin udah minta tolong ke pak satpamnya buat bumil bisa duduk di kursi prioritasnya,Pelayanan
@CommuterLine KETAHAN LG KERETA DI JATINEGARA,Keterlambatan
@CommuterLine makin hari pelayanannya makin buruk aja kipasnya ga ada rasanya pelan bgt malah sampe kantor lepek bgt kek org mandi.,Pelayanan
@CommuterLine 5122B harus nunggu kereta barang lewat dulu dah,Keterlambatan
@CommuterLine @yrcfsj Tolong min dipercepat untuk tambah gerbong wanita.. soalnya temen yg pakai KRL bisa tiap bulan kena pelecehan.. bener2 ngeri.. tp ga punya pilihan lain selain naik KRL krna rumahnya jauh..,Keamanan
@CommuterLine lama.. keburu pegel kaki penumpang diri nunggu kereta 10 menit,Keterlambatan
@CommuterLine Bodo amat! Gue cuma minta jangan telat Mulu Lo jangan gangguan sampe kiamat bikin 8 jalur kalo perlu untung Mulu tapi kurang inovasi.,Keterlambatan
@CommuterLine @gracetrlky Jadwalnya diganti aja min jngan dibiarin nunggu di dalem gini dan nunggu kereta selanjutnya dateng karena didalem kereta padet kita ngejar waktu juga.,Kepadatan
@CommuterLine parah sih. Dikira semua orang kerja itu PNS kali. 1648F malah libur.. Numpuk ini di Sudimara.,Kepadatan
@CommuterLine Sumpah knp perbaikan pas rush hour...... Bener2 kayak pepes mau nafas aja susah mana bawa laptop takut remuk,Keamanan
@CommuterLine @ichayoooo Delay kok hampir tiap hari evaluasinya gimana?...,Keterlambatan
@CommuterLine @kabarpenumpang min @kabarpenumpang infokan tgl brp min @CommuterLine km follow up ke tim terkait perihal ini sampaikan ke saya feedbacknya spt apa dlm 3x24 jam gd feedback saya pengecekan scr langsung ke leader securitynya. lama kelamaan CL ini gd fungsi nya ya cuma template aja.,Pelayanan
@CommuterLine kami pengguna jalan masuk di stasiun Tenjo semenjak ada pemb fly over aksen masuk timur jln becek menyusahkan pelanggan. Apakah tidak bisa perbaiki jln masuknya... Becek becek sekali tks,Kebersihan
@CommuterLine @RezaRatm @KAI121 @perkeretaapian Solusi nya dong masa delay jadi kebiasaan,Keterlambatan
@CommuterLine Yak baru hari kedua 2023. Udah delay aja. Pada bisa kerja gak sih orang2bdi comline? Kalau gak bisa mundur aja napah jangan dipaksain. Bekasi malam ini delay parah.,Keterlambatan
@CommuterLine eh lu kalo nyediain jasa layanan transportasi tuh jgn dibiasin ngaret apa. dr kmrn nunggu kereta bs 20-30 menit gila kali.,Keterlambatan
@CommuterLine kok bisa ada kucing dibiarin tidur di kabin masinis bukannya diusir? Kalo ngencingin elektrik atau nyenggol throttle di peron yg rame gimana? https://t.co/m5Ejojbuoy,Keamanan
@CommuterLine manggari staff nya noob! delay mulu berantakan. gaji buta buat yg ga kompeten ngatur manggarai. belom aja berantakan tragedi hadeuh..,Keamanan
@CommuterLine kenapa arah Kp Bandan via Manggarai ngaret terus sih. Jadwal dari jam 05:50 sampe jam 06:00 gila numpuk,Kepadatan
@CommuterLine saran aja nih security di st cikarang lebih informatif lg kalau ada perubahan peron. Biasanya kita naik dari peron 1&amp;2 hari ini tiba2 pindah ke peron 3 (beda eskalator dan jalur) tapi ga ada yg info dari awal. Org2 bulak-balik naik turun escalator loh,Pelayanan
@CommuterLine toilet wanita di stasiun baru.. setiap hari keadaan toilet sama min.. bau pesing dan ga ada udara karena hexos masih belum berfungsi,Kebersihan
@CommuterLine Ini sudirman-manggarai lewat jam 18.00 nunggunya lama banget ampe setengah jam astagah mau naik tarif kok malah jadi kacau,Keterlambatan
@CommuterLine Weh kalau padat terus di depok baru gimana mau naiknya wehh bakalan sampai jam berapa ini ke kantornyaaaa,Kepadatan
@CommuterLine Tolong di evaluasi jadwal kereta dan jumlah gerbongnya. Setiap hari penuh sesak kejepit. Pagi ini yg Jatoh smp ke lantai dan ketiban2 itu yg tidak pegangan krn berdiri di tengah2. Bbrp ibu2 ngeluh kaki sakit dan badannya ketindihan badan ibu2 lainnya.,Keamanan
@CommuterLine ck gimana si min gangguan mulu info dongg sampe kapan ada tiket kereta selanjutnya yg harus dikejar anying,Keterlambatan
@CommuterLine Terus juga kenapa deh jadwal Ckr - Mri - Ak yg jam 07.24 itu diilangin? Padahal di jadwal sebelumnya kereta jam 07.24 bisa menguraikan kepadatan penumpang yang menumpuk di stasiun Tambun sehingga membuat kereta jadwal 07.36 sedikit lebih lega di jadwal sekarang numpuk semua..,Kepadatan
@CommuterLine @gibran_tweet Nextnya tolong diinfo dari awal jangan dipertengahan jalan baru info atau minimal sudah ada kereta penggantinya di Manggarai jd penumpang tidak numpuk disitu. Bahaya juga karena tau sendiri situasinya selalu rame puol di Manggarai.,Keamanan
@CommuterLine min ini kenapa ya kereta arah Manggarai ditahan lama banget di Jatinegara,Keterlambatan
@CommuterLine pagi min .. kenapa kereta klo transit di st serpong bau sampah ya?,Kebersihan
@CommuterLine @desu_fade perubahan mah harusnya lebih efektif dan efisien lah ini kocak malah makin gajelas jadwal lu kacau banget,Pelayanan
@CommuterLine gila banget ini peron samsek ga nyala ac atau kipasnya dengan sepenuh itu mau percobaan bikin sesek orang apa gimana?? efisiensi apa gimana???,Kepadatan
@CommuterLine @KAI121 Tolong lah jadi perbaikan min sbg pengguna setia KAI kok rasanya gak didengerin sm sekali ya sejak kalian ganti interface jd kacau gini lho jadwalnya yuk lah diperbaiki lagi,Pelayanan
@CommuterLine Gak nyambung lu pengaduan gue udah kemarin sore baru lu cek sekarang admin bangsat lu sama sampah lu gue gak percaya jawaban template,Pelayanan
@CommuterLine ini udah jadwal 30menit sekali masih aja delay yg seharusnya jam 18:00 udah brngkt dr kota ini blm sampai kota keterlaluan bgt sumpah.,Keterlambatan
@CommuterLine Min kereta lu panas-panas bgt dah ini. Mana ketahan di gambir lama banget. Mau nunggu sampe ada korban sesek napas dulu kah? Jangan kebiasaan nunggu ada korban dulu dong.,Keamanan
@CommuterLine tolong krl harus kah kaya gini ? Ini baru di depok loh orang udah marah marah gara2 dikurangin jadwal dgn alasan template. Ini tuh bahaya buat keselamatan selain itu dampak lain dr keputusan anda itu buat orang banyak ini dr pihak anda siap bertanggung jwb ga ? https://t.co/k91C56ONYl,Keamanan
@CommuterLine @itsokayhoney_ tindakan yang mencurigakan/tidak menyenangkan agar segera laporkan kepada petugas keamanan untuk dibantu Beneran di bantu. Minimal 1 gerbong di sediakan 1/2 petugas. Ini korban mau lapor jg kemana? kesiapa? sedangkan kalo lg ngalamin tuh panik takut &amp;bingung.,Keamanan
@CommuterLine kenapa sih di stasiun bekasi peron jalur 6/7 eskalator yg dinyalain yg turun bikin numpuk yang mau ke atas belum lagi eskalator yg arah juanda mati udah berbulan. Kapan Diperbaiki?,Kepadatan
@CommuterLine Oke makasih! Tapi tolong banget dibuat eskalator naik baik dari sisi arah tg priok ataupun kota. Saya yang masih muda aja udah mau mati naik tangga kematian itu apalagi orang2tua. Suka ga tega liat mereka engap di tengah tangga. Ini st transit tp serem bgt,Keamanan
@CommuterLine gamau maafin soalnya jd numpuk ampe nempel di pintu https://t.co/C1UbLMBlm8,Kepadatan
@CommuterLine ada gangguan apa min kereta greenline masuk jalur 3 kebayoran,Keterlambatan
@CommuterLine halo. kalau boleh usul iklan-iklan jangan dibuat sama dengan pengumuman formal agar tidak bingung dengan pengumuman yg sebenarnya. apalagi pakai sirine/alarm tanda bahaya. jangan sampai penumpang menjadi cuek dengan pemberitahuan2 penting di saat2 emergency,Pelayanan
@CommuterLine kenapa sih sekarang tiap hari sabtu tuh jarak kereta jauh jauh yg ke kota?? Kayaknya dulu gak gini nunggu pada numpuk dulu di tiap peron??? Penumpangnya gak berkurang banyak hari sabtu lu kurangin jadwal. Udah gitu yg dtg 8 mulu sabtu tapi tetep di bikin pepes.,Kepadatan
@CommuterLine Petugas security di dalam satu rangkaian juga sedikit sekarang ya. Kalau sedikit begitu apa bisa petugas-petugas itu meng-handle gerbong-gerbong. Mestinya bukan baiknya satu gerbong satu petugas. Sebenarnya satu rangkaian sekarang berapa petugas jaga ya,Pelayanan
@CommuterLine pagi pagi aja kok bisa kereta telat semua ya ‍,Keterlambatan
@CommuterLine halo min KA 4013 kenapa ngaret bgt masuk bekasi. Masa jam 7 baru masuk bekasi biasanya 06.45 udah masuk bekasi.,Keterlambatan
@CommuterLine Boong ah masa jalur Kp Bandan-Bekasi yg chaos. Sudirman full ini,Kepadatan
@CommuterLine Duh apes bgt dah greenline pejuang keeja pagi² jadwal Kereta yang baru pemberangkatan jam 6 - 9 pagi rata² dari rangkas dan tigaraksa.. kita jurangmangu masuknya gimana udh penuh berdesakan itu kereta... lebih baik dibagi pembetangkatan Parungpanjang dan Serpong agar ideal,Kepadatan
@CommuterLine @KAI121 Minimal penjagaan ditiap peron sama petugas diperketat lahh sekiranya udh penuh ya mbok di suruh pd mundurr nunggu kereta berikutnya.. jrg liat kontribusi petugas yg efektif buat masalah ini.. menurutku jg kurang petugas di peron2,Pelayanan
@CommuterLine udah naik. 2 kereta tadi dateng 8sf semua saya skip 1 kereta karna terlalu penuh. jam masuk kerja mending siapin rangkaian manggarai-jakarta kota min. ga nampung semua penumpang karna kereta dari bogor udah penuh sesak.,Kepadatan
@CommuterLine tolong dong KRL yang 8 rangkaian tuh di museumkan aja udah mah rush hour penumpang makin banyak krl cuma 8 kejepit sana sini bahkan temen gw aja ada yang pingsan,Keamanan
@CommuterLine 1206 belum berangkat dari manggarai padahal udah telat dan jalur udah berangsur normal apa iya harus nunggu kereta yang lain lagi?,Keterlambatan
@CommuterLine min ini saya ga bisa tap out di gate stasiun juanda menggunakan qris tap kata petugas lagi gangguan. Ini dana saya jadinya kepotong 13.000 dong tanpa tap out jadi rugi.,Pelayanan
@CommuterLine @wahyukurniawan5 mana ada normal numpuk bngt ini brp kali lewat yg bisa naik cm 5 orng doang itu juga harus di paksa,Kepadatan
@CommuterLine min kereta baru keberangkatan kota jam 07.25 di Bojong Gede gerbong khusus wanita paling belakang tolong dicek deh ACnya ga berasa. Feelsnya kek naik kereta lama cuma angin angin aja rasanya mana penuh bgt lagi. Bikin badmood deh dari kemaren nih kalian.,Kepadatan
@CommuterLine TAPI DI MANGGARAI NUMPUK BANGETTTTTT,Kepadatan
@CommuterLine Tadi pagi juga telat KRL. Jika berdasarkan KAI access kereta tiba di st. Cakung jam 08.04 tapi hari ini tiba di st. Cakung 08.12 jadinya telat masuk kantor,Keterlambatan
@CommuterLine Peron 5-6 penuh. Diatas juga masih setia menunggu perjalanan kereta normal lagi https://t.co/SK5XLhcAqt,Kepadatan
@CommuterLine HAAAAAH KONTOL! KRL telat semua jadi chaos. Lagian lo disain stasiun manggarai kaya orang tolol gini dah. Gak mikirin pengguna. GOBLOK,Pelayanan
@CommuterLine TELAT udah nyampe cikarang. Udah ketinggalan kereta walahar ke purwakarta juga.,Keterlambatan
@CommuterLine udah panas diluar sesek di dalam keretaaa. Ada kendala apa sih min. Nunggu kereta dtg sampe jeda 30 menit :((,Kepadatan
@CommuterLine Tolong banget deh but KRL. Tingkatin staf buat pemandu jalur . Terutama security yang sok tau dengan jalur kereta . Nanti bilang jalur ini nanti itu . Bikin buang buang waktu dengan pelayanan security yang gak jelas . Bukan cuma sekali tapi udh terlalu sering,Pelayanan
@CommuterLine harusnya bisa 5047 bekasi-angke diperpanjang sampe tambun kalo gini kasusnya. di tambun udah numpuk karena 5513 batal. heran,Kepadatan
@CommuterLine Min ini apa yaaa. Jadwal berubah per 1 Juni. Ini di jadwal Tj Priok - Kota 6.40. Nyatanya gak jalan jam segitu... Ini numpuk di stasiun donggg katanya baru berangkat jam 7.00 Weyyy ini lama yaaaa,Kepadatan
@CommuterLine Perubahan jadwad baru puarahhhhh pollll udah jurusan parung panjang - tnb jeda nya 10 menit sekaranh jadi hampir 20 menit mana senin pertama perubahan jadwal kacau bgt masa dari 5.40 ada kereta 6.15. Boro boro ada announcement kereta telat diem2 bae min,Pelayanan
@CommuterLine tolong dong utk stasiun palmerah diperbaiki eskalator maupun tangga manualnya. Soalnya tangga manualnya sendiri bahaya utk orang yg matanya agak minus krn antara anak tangga yang satu dg yg brikutnya warnanya terlalu samar shg utk berjln hrs bnr2 nunduk Dan pelan2,Keamanan
@CommuterLine min parah lu min diberentiin nya ditengah jembatan anjir. takut gua bisa buruan gak si,Keamanan
@CommuterLine KAI ini kenapa kalau kereta ke arah manggarai kalau pagi pagi lama banget ya keretanya nangis pollllllll,Keterlambatan
@CommuterLine ini kenapa kereta tujuan duri atau kampung bandan selalu delay ya,Keterlambatan
@CommuterLine Harusnya jam 15.05 tadi lebih cepet. Mana satpamnya cuma nyengir lagi. Minimal pegang handbook atau jadwal juga lah. https://t.co/V54dnPrZAv,Pelayanan
@CommuterLine kacanya gabisa naik bau jadinya kedalem kereta skrg di tanjung barat arah jakot-.- https://t.co/DcaXJny6Fk,Kebersihan
@CommuterLine kirain semua KRL udah pake AC barusan naik dr Sudimara-Palmerah ternyata pake kipas angin. Penumpang penuh+tanpa AC...luar biasa banget rasanya.,Kepadatan
@CommuterLine klo gabisa provide relasi banyak minimal ac gerbong tuh didinginin kek. Udh tau pagi hari padet bgt gerah lama2 bisa keabisan oksigen krna kepanasan. Ga usah tanya no rangkaian nya brp ga pernah ada perubahan heran huffttt https://t.co/BtLAdFhJKw,Keamanan
@CommuterLine Tolong lah min di perbaiki lagi untuk jadwalnya biar ga kacau balau lagi min Terima kasih.,Pelayanan
@CommuterLine gangguan listrik kah? kereta priok - jakarta kota blom dateng2,Keterlambatan
@CommuterLine numpuk nih di stasiun Jakarta kota tujuan bogor belum ada keretanya ada gangguan?,Kepadatan
@CommuterLine Gak membantu kak informasinya gpp saya beli pin ibu hamil di shopee aja makasih untuk pelayanan buruknya ️,Pelayanan
@CommuterLine KERETA 5555 TUJUAN BEKASI VIA PASAR SENEN KETAHAN LAMA BNGET DI PASAR SENEN DAN GA ADA INFO SAMA SEKALI,Pelayanan
@CommuterLine Di KA 5515 itu dr Cikarang udah padat Min karena Pnp Purwakarta Sampe Cikarang Jam 06.30... Klw Di kasih 10SF dr Cikarang - Bekasi Timur udah membludak di tambah Pnp Bekasi ikut KA 5515... Terima Kasih,Kepadatan
@CommuterLine maaph nih kurang gede apa itu stasiun transit manggarai kok masih ya tertahan sih masuk manggarai.. 10 menit tolonglahhhhhh,Keterlambatan
@CommuterLine arah ke cikarang telat? Dan yg akan datang hanya 10 gerbong &amp; semakin padat penumpang dengan telat dan 10 gerbong https://t.co/pmkhbNAIyn,Kepadatan
@CommuterLine makin kesini kereta pagi manggarai ke duri makin lama aja nih bikin telattt mulu,Keterlambatan
@CommuterLine Berarti konsumen yang harus memahami kci? Delay akibat kepadatan jalur: normal. AC mati satu kereta: normal. Karena memang kesalahan kalian selalu berulang ulang. Bencana alam baru kalian bilang ga normal. Mau duit ga mau kasih layanan: normal.,Pelayanan
@CommuterLine seriusan ini manggarai Bekasi next nya bisa sampe 40 menitan !!!! Kacau,Keterlambatan
@CommuterLine LAMA BANGET ANJIR LAH. YANG BENER KALO KERJA. GAPERNAH SEMARAH INI YA. GUE DARI RUMAH UDH SET6 YA ANJ MAISH TELAT JUGA INU GARA-GARA KERJAAN LU.,Keterlambatan
@CommuterLine 11.39 ga ada 11.50 ga ada udah jam 12 lebih ga ada Udah stengjam lebih nunggu ga ada Pemberitahuan delay juga ga tau kenapa,Pelayanan
@CommuterLine Nambah 1 peron bukannya malah mengurai kepenuhan di stasiun malah numpuk penumpang padet jalur jalan dari peron ke pintu keluar jadi sesek banget. Belum lagi jadwal kereta ya g gatau tuh kenapa malah makin sedak di peron karena nunggu kereta selanjutnya. Kacau.,Kepadatan
@CommuterLine tanah abang tolong dievaluasi dong kalo atas bikin macet balikin kaya dulu aja sebelum smua siap. Ga sekali duakali aja chaos kaya gini. https://t.co/dEuDxwYvsh,Kepadatan
@CommuterLine kalo kata gue minimal di gerbong wanita ada 1 security jaga-jaga semisal ada orang prioritas dijam segini yang membutuhkan tempat duduk. karena udah jelas-jelas pake pin prioritas izin baik-baik tapi gak digubris. terus fungsi kursi prioritas sama pin buat apa??,Pelayanan
@CommuterLine WC distasiun KA rata rata bau pesing ya...padahal cleaning service nya kelihatan banyak,Kebersihan
@CommuterLine @KAI121 @kemenhub151 KA 4078 SUDAH TELAT 17 MENIT TIBA BSKT. MANA ADMIN TAI KCI JAWABANNYA. APALAGI ALASANNYA. KA 4078 SETIAP HARI PASTI DELAY. https://t.co/9VxE3p8KDn,Keterlambatan
@CommuterLine Iya itu kereta saya ga ada kompensasi apa2 kan? Cuma ganti lajur sampai 10 menit terus kompensasi surat terlambat heran,Pelayanan
@CommuterLine feeder manggarai - angke rajin telat min ga kalah telat sama bekasi/cikarang - angke/duri via manggarai..klo sore gini penumpang numpuk kasian kan.. Apa ga bisa dperbaiki jadwalnya??,Pelayanan
@CommuterLine Kok penumpang di st cikini numpuk bgt min? Keretamu msh bermasalah kah,Kepadatan
@CommuterLine kereta ke rangkas yg jam 8.50 mana weyyyy kok ngaret??? Ini harus sampe jam 9.00 kah???? Udha numpuk di peron,Kepadatan
@CommuterLine penumpang udah numpuk kereta lu malah berhenti di manggarai 25 menit,Keterlambatan
@CommuterLine pepes dah guaaa,Kepadatan
@CommuterLine Anjing anjing nunggu kereta ke bandan dr 7.05 sampe 7.32 yg lewa. Cuma 3 kereta Angke 1 kereta bandara mana dibandan masuk stasiun ditahan ini orang² KAInya bangsat mana sekurity kp. Bandan klo liat penumpangnya ketinggalan malah cengengesan SDM KAI rendah²,Pelayanan
@CommuterLine Apa ga bisa kereta balik dari Bojong gede didahulukan agar penumpang tidak menumpuk? Stasiun Bojong gede penuh menumpuk penumpang di dua peron,Kepadatan
@CommuterLine lama banget ini min kereta cikarang kp bandan blm berangkat2,Keterlambatan
@CommuterLine min saran kayaknya Line ke Bogor diatas jam 8 mesti ditambah frekuensinya deh soalnya jam segitu banyak bgt numpuk dan waktu tunggunya lama banget,Kepadatan
@CommuterLine Halo Mau kasih saran nih di stasiun bekasi timur ada 2 exit. Imo kan kamu Petugas nya banyak nih.. standby dong 1 infoin ada ganguan atau lebih simple taruh aja signage. Orang² harus naik tangga dulu baru tau. Malah tukang² jualan sana yg aktif kasih tau,Pelayanan
@CommuterLine @ozaanmee Salah satu penyebab terjadinya pelecehan karena ada kesempatan dan peluang yg di buat oleh PT KCI sendiri dg jadwal perjalanan CL yg telat terus pasti st dan peron padat maka kejadian itu bisa terjadi andaikan jadwal CL ontime itu bisa dihindari.,Keamanan
@CommuterLine plis gue mau pulang ke bogor udah nunggu dari jam 5 kenapa gak ada kereta ke bogor biasanya jam 5.29 kalau gak 5.50 kesel banget,Keterlambatan
@CommuterLine Aku pake pin ini (dari MRTJ) karena jdi pasien saraf kejepit dan kista tarlov tpi security di KCI kynya gk terlalu engeh dan peduli sama pin ini (ntah mereka gk ngeliat pin-nya atau gimana juga aku gk tau) Padahal security MRT dan pramusapa Tije aja engeh dan peduli : )) https://t.co/l8h8aMeTu1,Pelayanan
@CommuterLine Di jurangmangu mulai numpuk https://t.co/3xMBMJIwU3,Kepadatan
@CommuterLine Gimana cara ngeceknya? Emang waktu keberangkatannya sudah tercatat otomatis. Satpamnya sampai kena saya protes gara2 gak ada tempat pengaduan di stasiun nya.,Pelayanan
@CommuterLine kereta duri yg 7.40 kenapa smp skrg blm ada yaa? Ngaret bgt si padahal ada meeting.,Keterlambatan
@CommuterLine iyaa klo bisa speakernya gedein aja kak takut oknum2nya emg kupingnya lupa dibersihkan dari lahir tambahan klo bisa ya per gerbong dikasi petugas keamanan ya min karna kdng kalo customer langsung yg negur bisa2 menimbulkan keributan tyms,Keamanan
@CommuterLine hallo commuter line mau tanya dong kenapa ya SETIAP HARI SENIN krl sering bgt telat. Hari ini yg harusnya kereta via manggarai sampe di cakung jam 6.19 jadi jam 6.30. Telat nya 11 menit loh telat 1 menit aja yg dtg udh 8 juta orang gmn 11 menit. Hadeh gajelas.,Keterlambatan
@CommuterLine @easymnysnpr_ PARAH JADWAL PERJALANAN DI CUEKIN GILIRANKOMPLAIN SECURITY CEPAT BANGET KERJANYA.,Pelayanan
@CommuterLine kereta ke Tanahabang dari Sudimara pukul 5:20 kok tidak ada? Penumpang numpuk nunggu kereta 5:30 jadwal mundur lagi dari 5:30 sekarang tiba2 5:33.,Keterlambatan
@CommuterLine hadeeeh delay nya lama bgt,Keterlambatan
@CommuterLine Jangan di jam sibuk berangkat/ pulang kerja kak rangkaian 8 keretanya. Numpuk bgt jadinya. Distasiun numpuk. Di kereta juga mpet mpetan bgt. Tolonglah lebih manusiawi.,Kepadatan
@CommuterLine Min koq makin kacau perjalanan krl tujuan Sudirman dr Bekasi sy di kranji sdh 15 menitan tp tak ada krl tujuan Sudirman. Sy cek jg pada st Jatinegara di C Access tdk ada pemberangkatan dr Bekasi. https://t.co/Qn6m5hplly,Keterlambatan
@CommuterLine @KAI121 4078 delay lagi tiba bekasi timur 4078 masih ditahan di bekasi. Delay 4078 bisa 15 menit tiba bekasi timur kemarin 4078 delay 20 menit skr 15 menit. Makin bodo saja KCI. https://t.co/mkgUQcisYY,Keterlambatan
@CommuterLine kmrn kena error blue line sampe telat sejam trus hari ini kena trouble line tangerang. 2 hari berturut2 telat krn @CommuterLine ini,Keterlambatan
@CommuterLine tolong ya infokan ke petinggi2 kalian kita dah pulang kerja cepet pengennya cepet sampe tujuan biar istirahat tp kereta ketahan lama bgt sblm st cikini. mana padet isi gerbongnya mesti berdiri lama pula haduh,Kepadatan
@CommuterLine Tolong dong satpam yg ada di st.duri attitudenya diperbaiki bapak bapak udh tua nanya ke satpam malah satpamnya judes ngelengos gitu aja gimana si,Pelayanan
@CommuterLine 15 july 07:45 peron 3 stasiun cakung kasian korbannya ngejar pelaku ke perlintasan kereta kan bahaya security ilang semua itu gak tau deh pelaku udh ke tangkep atau gimana,Keamanan
@CommuterLine @FiftaNabilla 2 hari ini kereta jam 06.00 dr St Bogor terlambat berangkat biasanya setelah kereta 06.00 akan masuk kereta 06.15 jd ketika kereta 06.00 penuh banyak orang yg nunggu kereta 06.15 tp karena kereta 06.00 telat brkt Saya gak berani nunggu kereta 06.15 cuma untuk dpt duduk,Kepadatan
@CommuterLine BARU SAMPE KALO UDAH NUMPUK DULU TOLOL,Kepadatan
@CommuterLine min KRL dari Manggarai ke Duri kenapa jadwalnya kacau semua? Kok dari jam 19.20 s.d sekarang blm ada kereta? Ada gangguan lagi?,Keterlambatan
@CommuterLine Makin kacau st manggari penuh,Kepadatan
@CommuterLine min jalur 5 kp bandan di jam pulang kerja tolong dong securitynya pada standby di peron pake toak. udah keseringan warga bekasi tolol ngedorong maksa naik padahal kita belom turun. kayak gitu securitynya diem aja klemar klemer. awas aja besok smpe kg ada perubahan.,Pelayanan
@CommuterLine gila ya nunggu kereta setengah jam lebih! ini emang sengaja bikin penumpang numpuk?,Kepadatan
@CommuterLine @ariffebriyanto Min sejujur2nya boleeeh bgt jd evaluasi terkait jarak perok karena menurut saya dengan jarak celah yg lumayan besar dan rendah serta tinggi yg jomplangg ku jg selalu pegangan :( dan waktu hamil otomatis lompat turunnya karna takut jatoh huhuhu semoga semakin lebih baik ya min,Keamanan
@CommuterLine Pantes numpuk bgt di sudirman.. hufhhh,Kepadatan
@CommuterLine sering bgt penumpang harus telat karena alesan ini itu Dari adminnya petugas satpam cuma brani bentak bentak penumpang ac kereta gak di nyalain di dlm gerbong kursi priority di pake yg wanita muda ada petugas distu gak ditegor,Pelayanan
@CommuterLine @mimimee92 Mincom gap di lenteng agung bahaya banget loh. Peron yang jauh lebih rendah dari kereta dengan celah peron sekitar 30cm. Beneran bikin ciut nyali setiap naik turun di stasiun lenteng agung.,Keamanan
@CommuterLine manggarai numpuk neh jalur tanah abang min parah bet berikutnya berangkat klender gak ada di dipo apa???? cc @curhat,Kepadatan
@CommuterLine Pemberangkatan jalur nambo jadi delay ya ?,Keterlambatan
@CommuterLine ini petugasnya kesiangqm apa gimana makanya semua jadwal beramtakan parah,Keterlambatan
@CommuterLine Minn ini emang krl ke arah bogor baru dateng banget jam 6.28 di st depok baru? Masa kek nunggu kereta ke nambo,Keterlambatan
@CommuterLine pagi min krl arah arah manggarai jam 05.52 posisi berangkat dari st cibitung. Di gerbong 7 sepertinya ac nya lg problem ya karna puanas pol padahal masih blm rame keretanya terima kasih,Pelayanan
@CommuterLine Giliran masalah tumblr gercep sampe mecatin karyawan sendiri. Giliran gua yg hampir tiap hari komplen 5136 yg selalu telat ga pernah ditanggepin 5136 telat itu sampe gendong 3 kereta bekasi loh min saking seseknya padahal udah dikasih 12 sf tetep aja ga muat,Kepadatan
@CommuterLine dari cikarang delay sejam an ga jalan2 stuck di bekasi timur knp ya ya Allah capek,Keterlambatan
@CommuterLine kenapa kereta masih tertahan di stasiun Bekasi lama bgt ya.kshn yg berdiri,Keterlambatan
@CommuterLine @renalbachdian Manggarai numpuk banget itu tolong lebih becus lagi kerjanya.,Kepadatan
@CommuterLine Manggarai sudirman penumpang menumpuk apa ada delay jadwal.,Kepadatan
@CommuterLine @artonpower Kalo saya yg turun di situ sambil gendong balita ngeri kak mepeg bener. Tolong keluhan pelanggan direkap dan disampaikan ya kak ke atasannya,Keamanan
@CommuterLine Siang ini sekitar pukul 12:40 saya mau nyebrang pindah peron namun dihalang-halangi di stasiun Tebet oleh security a/n Ridwan padahal disitu saya ber-2 brg dgn ibu ibu msh muda jalannya jg msh gagah tp ibu ibu itu boleh lewat sementara saya ga boleh.,Pelayanan
@CommuterLine min tolong dong di jam sibuk untuk tangerang jgn di kasi 8 rangkaian dong. Apalagi td pemberangkatam 7.37 kereta penuh sesak lalu ngeremnya hampir selalu bikin penumpang teriak dan hampir jatuh. Untuk berat isi max 1 rangkaian itu brp ton dan berat kosong brp ton?,Keamanan
@CommuterLine hadeh gangguan mulu bikin telat terus,Keterlambatan
@CommuterLine Capek keles nunggu kereta sejam. Bisa kali diatur yang NORMAL NORMAL saja jadwalnya. Masa kereta manggarai masuk di jalur 5.,Keterlambatan
@CommuterLine Sdh di kereta min sedikit lg sampai st pondok cina. Mgk bisa dijarak max 7-10 menit spy ga numpuk penumpangnya &amp; msh ada ruang di kereta jd bisa masuk,Kepadatan
@CommuterLine min kenapa ya ketahan lama banget kereta JKT-BGR mau masuk ke stasiun Lenteng Agung,Keterlambatan
@CommuterLine Bekasi ada gangguan apa min? Ini di Tambun pada numpuk euy,Kepadatan
@CommuterLine Kereta bogor kenapa delay ya min?,Keterlambatan
@CommuterLine hari ini lama bangettttt nunggu kereta arah jakarta kota,Keterlambatan
@CommuterLine Ke 2x nya kaya gini. Untung bapa2 tadi ga kejepit. Emang boleh secepet itu naikin dan nurunin penumpang?,Keamanan
@CommuterLine min bisa gasih bangku prioritas dijaga security. manusia makin kesini makin gapunya akal,Pelayanan
@CommuterLine krl gangguan brp lama min ini numpuk di maggarai bjirr,Kepadatan
@CommuterLine Slmt sore ka st tanah Abang toilet wanita knp masih bau pesing ?jg lubangnya agak berwarna sedikit kuning ?,Kebersihan
@CommuterLine kenapa hari ini krl telat sekali padahal sudah hari kerja? Kereta 1653 telat hampir 10 menit. Harusnya 7.53 jadi 8.02 jadi berantakan semua numpuk di stasiun. Kenapa ga pernah berbenah sih Min? Cuma evaluasi2 aja dari kmrn complaint. Ga ada realisasinya.,Kepadatan
@CommuterLine naik CL saat jam sibuk itu serba salah pake masker engapp ga pake masker bau ketek kudanil... jadi kapan nih CL nambah rangkaian kereta ?,Kepadatan
@CommuterLine udah gila Hampir sejam gua nunggu di stasiun sudirman untuk ke Tanah abang Sampe penumpang bener bner numpuk! Ga ada sama skali himbauan kenapa ga dtg2 kretanya Sampe gw tanya satpam yg disana dia bilang gangguan At least diumumin dong!! Gila lu Org smpe lemes https://t.co/DK5RbdsNk7,Keamanan
@CommuterLine kacau bgt lu min engga ada antisipasi apa yaa,Pelayanan
@CommuterLine Halo min. Td (18 Agustus) sy tiba di st Duri (dari Taman Kota) pkl 22.43 wib. Seperti biasa nunggu kereta ke Bekasi/Cikarang tp kali ini lamaa bgt datang pkl 23.33. 50 menit min. Itu kenapa ya. ️ Dan kenapa jadwal di mlm sering gak sesuai aplikasi. Seringan telat.,Keterlambatan
@CommuterLine min yg bener aja masa Juanda - Gambir 20 menit dan sampai saat ini masih ketahan di Gambir. Mana kereta panas banget AC-nya ga dingin,Pelayanan
@CommuterLine kereta 7 KA 5167 kereta 6 &amp; 7 KA 1423B ada kecoa. Masa empat kali ketemu kecoa di dua rangkaian yg berbeda https://t.co/vub6hUgDWr,Kebersihan
@CommuterLine @wishingicouldd Saya juga mohon maaf atas ketidak nyamanan ini saya mewakili warga wakanda meminta maaf terhadap orang2 yg sudah saya dorong saat hendak keluar dari pintu KRL saking sesak nya meskipun ini mutlak bukan salah saya.yg salah pengelola KRL dan para pejabat yg otak nya dikit beut.,Kepadatan
@CommuterLine @KAI121 krl berhenti di tengah jalan duri ke tanah abang setengah jam lebih gw gak pernah telat kerja jadi telat. Kalau memang bakal delay gara2 stasiun tanah abangnya masala berhenti si stasiun sebelumnya aja biar bisa naik gojek. Ini ditengah jalan gabisa kemana,Keterlambatan
@CommuterLine Saya mau nyampein keluhan jadi saya naik kereta dari tanah abang mau transit ke manggarai pas lg ketahan sblm masuk st manggarai ada bapak2 pke kaca mata hitam pasang lagu batak di kereta cukup ganggu dan dia cekikikan ga jls ngeliat ke arah saya gatau -,Keamanan
@CommuterLine selalu &amp; lagi di jam sibuk krl jakarta kota yg beroperasi 8 rangkaian..smp cilebut aja ud padet..mungkin kl buat analisa jam traffic blm sempet di coba lihat cctv atau atau dicoba langsung aja @CommuterLine @BudiKaryaS biar sesuai tagline #beralihketranportasiumum,Kepadatan
@CommuterLine Kereta nambo skrg cuma 8 gerbong ac ga nyala .. kacau lu,Kepadatan
@CommuterLine kerja jadi telat mulu gegara kereta 5515 telat trus beberapa hari ini di tanah abang.,Keterlambatan
@CommuterLine @theodrdn Mana bukti perbaikannya penumpang numpuk terus jadwal ngaret eskalator ngadet,Kepadatan
@CommuterLine stasiun bojong gede masih bau min,Kebersihan
@CommuterLine ini kereta arah jakarta bogor ketahan lama di kalibata ada gangguan kah? Gak ada info apapun di kereta.,Keterlambatan
@CommuterLine woy ini kereta bekasi cikarang kenapa ngaret udah pada numpuk di tanah abang,Kepadatan
@CommuterLine bau pesing ini gerbang nya min... https://t.co/MbiDyW5b76,Kebersihan
@CommuterLine tolong dong diperbaiki kenapa jadwal kedatangan kereta selisihnya jauhhhh bgt. terutama kereta manggarai dengan jakarta kota 20 menit cuma untuk nunggu kereta selanjutnya. buang waktu bgt jadwal kedatangan berantakan. semua orang ngejar rush hour,Keterlambatan
@CommuterLine Malam kak kak tolong dong ini di gerbong 7 tujuan bogor laki2 gendut tidur menganggu saya yg duduk disebelahnya. Tolong lah mas security bangunin atau gimana. Saya udah sikut2 dan coba bangunin tp ga bangun2. Skrg ada di tj barat,Pelayanan
@CommuterLine Jir ini di cikarang udah numpuk bgt. Kasian yg pada pulang kerja (termasuk w) mau balik dari tadi kejebak Yg lewat malah kereta lokal mulu,Kepadatan
@CommuterLine Min charging corner d stasiun depok posisinya dekat sekali dengan area yg bocor. G bahaya ta? Bahkan ambalannya saja sampai basar kena percikan air lho Btw ini pihak stasiun apa tidak pernah nge-check ya? https://t.co/ApWmzPmfQ6,Keamanan
@CommuterLine KRL Via Pasar Senen hari ini rame banget udh kyk ikan pepes. Tolong lah biasa 12 rangkaian aja udah dempet dempetan banget tadi malah cuma 10 rangkaian. Mana keretanya juga jarang. Udah April masih jelek aja managementnya lol,Kepadatan
@CommuterLine @_ayya03 Kesiapan sarana kok bisa numpuk kaya gtu itu mah ga siap namanya,Kepadatan
@CommuterLine @jalur5_ gila yah ini udah telat lebih dari 25 menit dari parung panjang! terjadi penumpuka penumpang di parung pajang yang biasanya dilayani 2-3 kereta skrg semua numpuk jadi 1. udh dari minggu lalu gini terus!!! WASTE OF TIME!!,Keterlambatan
@CommuterLine Oh delay hampir 10 menit itu normal ya bagi kalian? Pantesan. Delay 30 menit pun masih dihitung normal. https://t.co/J4ez0o0tcN,Keterlambatan
@CommuterLine ini gerbong gerbong k 3 1 11 32 rute jogja palur baunya kurang enak ya. Agak pesing dan campur rokok bisa ditindak untuk hygiene sanitasinya jam 15.25,Kebersihan
@CommuterLine Kenapa kereta yang biasanya berangkat dari cilebut 6:57 ga ada? Dihilangkan tanpa info? Ga paham hari ini ada yang masuk? Cilebut numpuk parah. Maunya duit doang ga mau kasih layanan?,Kepadatan
@CommuterLine Tolong dong dikaji ulang jadwal baru nya. Kacau bgt. Mau sampe kapan para penumpang jd ikan pindang gini?,Kepadatan
@CommuterLine info keberangkatan kereta di stasiun Duri. Katanya ada gangguan ya,Keterlambatan
@CommuterLine krl bekasi harusnya berangjat 8.14 malah TELAT 10 MENIT baru berangkat 8.24 alhasil krl jadi penuh sesak....ini kenapa ya? Bisa telat 10 menit????.,Kepadatan
@CommuterLine masih pagi udah minta maaf aje.. Jalur Rangkas udah delay 10 menit lebih ini gak dilewatin KAJJ apalagi alesannya? Kalo servis kalian kacrut begini malah mestinya tarif kalian DITURUNKAN!,Keterlambatan
@CommuterLine schedule MRI-KP.Bandan kok yg 5.51 aktualnya ga ada ya? Daei stasiun bekasi. Saya naik 06.02 aja dari bekasi itu tujuan angke. Tolong lbh sesuai dong kak min dg aktual di jadwal. Kereta padat bgt dan penuh sesak. Blm lg masinisnya beneran gas-rem jelek bgt. https://t.co/y0ubbWwKzs,Kepadatan
@CommuterLine lampu trotoar st tanah abang mati gelap bgt. tolong cepet perbaikin tkt banyak copet/kejahatan lainnya https://t.co/upHET7TWAD,Keamanan
@CommuterLine maaf min tweet malam hari cuman sedih aja tadi malem pulang dari stasiun haurpugur. Jalan ke pintu gerbang ya ampun licin banget tanah merah mau sampai kapan kaya gini bahaya banget kalo sampe ada yang jatoh. Sepatu sih jelas kotor banget akibat tanah merah :),Keamanan
@CommuterLine @tanyakanrl Tinggiin peronnya lu ga tau min gmn rasanya klo bumil mau naik n turun kereta dr situ???? Ngeri jatoh tau w pas hamil dlu klo mau turun hrs pegangan sama pinggiran pintu dlu. Tidak ramah lansia bumil dan disabilitas bintang 1!,Keamanan
@CommuterLine sy pengguna harian dr stasiun bekasi jadwal baru sungguh kacau jadwal di aplikasi tdk terbukti di kenyataan. Jadwal berendeng arah manggarai dr cikarang tp yg dr bekasi nunggu setengah jam lebih br dtg dan berangkatnya telat pula sedih pisan kaum komuter ini,Keterlambatan
@CommuterLine keselamatan masinis utama agar penumpangpun aman. Kaca tanpak pecah pintu masinis tdk bs d tutup dr luar atas semua gerbong korosi atau kotor ya pembanding ada nih. Id pembuatan/kir terbaru bersih. Yuk d tunggu tkz https://t.co/WmxRu2JsUE,Keamanan
@CommuterLine Kenapa 1011B delay parah? Ga dijawab? Kenapa ga pernah ada evaluasi?,Keterlambatan
@CommuterLine serius bisa delay lama banget ini jalannya,Keterlambatan
@CommuterLine Karena jujur sempit pol . Mobil cuma muat satu aja belum itu tangga kan lumayan tinggi banyak lansia dan ibu hamil kasian kenapa gaada lift? Sering juga kulihat eskalator nya pun kadang mati . Semoga cepat cepat dibenahi deh soalnya padat banget itu stasiun,Kepadatan
@CommuterLine duri udh numpuk min jadi kereta bisa ke cikarang kah? https://t.co/GiO61Agkz0,Kepadatan
@CommuterLine Arah Manggarai knapa ini ditahan sinyal masuk Tebet lama bgt... Makin kesini kok malah makin parah pelayanannya,Keterlambatan
@CommuterLine orang gelap gitu di ujung pindahinlah pintu masuk jangan depan musola jdi orang parkir bisa ke ujung2. Takut preman si susah!!,Keamanan
@CommuterLine Handling masalh ginian loe gagap pukimak kmrin KAI asal nindak orang dri twit ngawur skrg loe bertindak cuci tangan setelah sikap tolol lu ketahuan....sampah,Pelayanan
@CommuterLine Hati2 ya ni copet beraksi sekitaran mesjid Istiqlal-stasiun juanda gw hampir jatuh naik JPO Juanda krn berasa ada yg narik tas gw tangannya dia berhasil masuk ke resleting depan tas ransel gw (*bertatto) https://t.co/0d1BJsk4Q4,Keamanan
@CommuterLine kenapa sih bikin jadwal kereta 09.19 09.39 trs 09.42????? disuruh ngapain nih nunggu 20 menit dari 09.19 ke 09.39? nggak usah sok2 alasan bikin jadwal menyesuaikan banyaknya penumpang. kenyataannya di stasiun pada NUMPUK gegara jadwal aneh ini.,Kepadatan
@CommuterLine @haottr Normal dari dati tadi begini terus C ACCESS sama jadwal KA sama2 bapuk. 5051 delay lagi lin ckr makin kg pake otak delay setiap hari. Hasil evaluasi berkalanya mana ? https://t.co/6M3m7y4qBa,Keterlambatan
@CommuterLine imbas jadwal keberangkatan pada ngaret kereta dari bogor aja udah penuh banget. alamat jadi pepes nih,Kepadatan
@CommuterLine dasar tolol 2 kereta malah ngestuck di manggarai ini ditebet udah numpuk anjing https://t.co/rH5tZ7ADYj,Kepadatan
@CommuterLine peron di stasiun serpong bau septic tank banget disana ga ada petugas yang ngerasa janggal sama hal ini ya?,Kebersihan
@CommuterLine @chocobery18 Jadi kapan Commuter line bisa sesuai jadwal min ? Tiap Gapeka baru pasti kacau jadwal KCI,Keterlambatan
@CommuterLine min tolong cek dm ada ibu ibu ngobrolnga berisik bgt gada petugasnya di sini,Pelayanan
@CommuterLine min boleh dong layar display di pintu masuk alun alun ditulis jadwal pemberangkatan setiap jalur. nanya petugasnya 3x semua jawabannya beda beda. jadi trust issue kan nih! selain itu bisa bantu supaya lebih cepet juga mau pilih jadwal yang jam berapa.,Pelayanan
@CommuterLine Jadwal baru kacau bgt! Jadwal sebelum nya aja udah pepes skrg makin di gerpek lg pagi ini sampe ada yg pingsan di gerbong saking padetnyaaaaa!,Keamanan
@CommuterLine tolong dong ini securitynya mana deh di krl kp bandan - cikarang 5080. Ada penumpang cowo di KKW paling belakang. Udah gue panggilin ga denger2 petugasnya. Bolot banget,Pelayanan
@CommuterLine @aristoughteles Dih lu gak liat itu penuh sesek gitu yang ada keburu jalan tuh kereta sebelum turun. Lu pernah naik kereta juga gak sih pas rame gini? Hah,Kepadatan
@CommuterLine Min saya ada kereta lanjut an ke karawang kalo gangguan gini saya gabisa naik kereta terakhir tsb. Ini gimana? Ini sdh stuck di bekasi 1 jam loh,Keterlambatan
@CommuterLine Mksdnya biasanya udh standby dr jam 04.55 tp skr baru langsir jam 05.13 peronnya jd penuh sama penumpang yg mau naik jam 05.15,Kepadatan
@CommuterLine setiap berhenti sebentar di Stasiun Serpong perut langsung mules dan kepala pusing gara2 bau sampah. Ga kebayang orang2 yg tinggal di sekitar situ tiap hari nyium bau sampah????!!,Keamanan
@CommuterLine Depok kereta pertama di 8:00 kereta selanjutnya baru datang 8:15 di Manggarai kereta ke tng abang berangkat 8:55 kereta selanjutnya baru datang 9:08. Untuk nunggu kereta aja habis waktu 28 menit,Keterlambatan
@CommuterLine emg boleh ya tidur kyk gini di kursi tunggu peron 2/3 stasiun tanahabng? Yg lain pada berdiri nunggu kereta loh min :') https://t.co/L7665dx1K6,Keamanan
@CommuterLine st serpong bau sampah baunya sampe kedalam rangkaian keganggu bgt bujett,Kebersihan
@CommuterLine min kereta angke naha delay deui di kai akses juga kurang akurat min,Keterlambatan
@CommuterLine Buat jadwal makin kusut. Numpuk dmna2,Kepadatan
@CommuterLine ada air tumpah di gerbong 5 kereta Depok-Jakarta Kota. Tolong arahkan petugas untuk bersihkan. https://t.co/M9SlaV3ZAU,Kebersihan
@CommuterLine 5057 masih ditahan di matraman knp di apps sudah di manggarai. Yg bodo siapa ya. https://t.co/27g32ZInZw,Keterlambatan
@CommuterLine Halo min.. improvement bagus. Bantu dikaji lagi potensi penumpukan di peron 5&amp;6 juga gede. Kaya hr ini jam 7.45-08.00 blm jalan2. Jd numpuk bgt.,Kepadatan
@CommuterLine ini masa jadwal kereta maggarai-angke yang jam 11.20 - 12.00 ga di ubah2 sih jaraknya nunggunya jauh banget lama sampe penumpang yang mau naik juga padet banget!! TOLONG DONG!!,Kepadatan
@CommuterLine ini kenapa sihh kereta arah cikarang ketahan lama bgttt jirrr ngalah mulu sama kereta jawa babikkk udah jam segini masih di bekasi babikk,Keterlambatan
@CommuterLine ngaret banget jalannya kereta tujuan kota katanya jam 17.00 berangkat,Keterlambatan
@CommuterLine tolong dong jadwal priuk kota tuh balikin ke awal. Gila kali ya 30 menit nunggu kereta itu bisa buat kemana-mana dan udah sampai tujuan.,Keterlambatan
@CommuterLine saya sangat kecewa sekali dgn petugas satpam sore ini di kereta krl arah tanah abang dari Manggarai petugasnya sangat tidak informatif sehingga kami harus nanya 2x Tolong etika dan empatinya jangan bikin orang bingung jadi tersesat !!!,Pelayanan
@CommuterLine buset masinis lu kenapa dehhh klakson kencenggg bin lamaaaaaaaa banget. Gue lagi tidur sampe kebangun. Udah gitu gue di gerbong cewek deket ruangan masinis kedengeran suara orang ngomong kotor beberapa kali. Gw was-was jadinya Baru kali ini kejadian begini.,Keamanan
@CommuterLine @belindatirza Berapa lama min pekerjaannya? Karena ini telat 10 menit gara gara ada pekerjaan itu,Keterlambatan
@CommuterLine Transportasi zolim. Orang dilempar-lempar dari peron 5 ke 7. Kereta menuju Tanah Abang gak jelas yang mana mau jalan duluan. Stasiun Bekasi ini bobroknya menahun ya.. Petugasnya kurang informatif. Satpamnya cenganges2 doang,Pelayanan
@CommuterLine Udah numpuk di tanah abang ini juga..,Kepadatan
@CommuterLine Kenapa bisa KRL harus ketahan lama di Stasiun Jatinegara gara-gara harus nunggu 2 kereta jarak jauh harus lewat dulu di Jatinegara.. kalian kalau kerja yang benerlah!! bikin jadwal aja nggak pernah bener kalian !! Benar-benar sangat merugikan penumpang KRL !!,Keterlambatan
@CommuterLine TOLONGLAH KALAU ADA GANGGUAN TUH DIINFOIN DI APLIKASI UDH NUNGGU LAMA DI STASIUN TP BARU DIINFOIN KALAU ADA KETERLAMBATAN. dari kemaren jadi telat ke kantor mulu,Keterlambatan
@CommuterLine kenapa lama sekali hari ini? KA 4105 ketahan di antara sawah besar dan mangga besar lama sekali? Ini delay 20 menit dari biasanya,Keterlambatan
@CommuterLine angkutan lu lelet lama bangsat ini penumpang numpuk bego mimpi aja punya angkutan umum yang nyaman,Kepadatan
@CommuterLine halo min sedikit masukan commuters tolong dihimbau melalui masinis utk brhati² barang yg bawa apalagi yg ditaro diatas rawan dicopet. Saya hampir kena copet ada yg ngincer tas laptop saya kepergok sama saya sendiri.,Keamanan
@CommuterLine @KAI121 ini masih gangguan min krl? Ko kereta lama bgt yaaaa ke tanah abangg biasanya 10 menit sekali,Keterlambatan
@CommuterLine Yah jauh petugasnya di ujung peron keburu mbak mbaknya ngilang makanya nanya langsung aja di mari biar banyak yg liat juga kirain mah boleh. Lain kali coba dikasih pengumuman atau sign larangannya diperbarui tambahin Dilarang merokok atau sejenisnya gitu,Pelayanan
@CommuterLine Padet banget jakarta bogor. Lo atur yg benar deh.. Bnyakin kerta balik manggarai bogor. Cikini sj sudah penuh gini buruan.... 1@#&amp;&amp;,Kepadatan
@CommuterLine Tolongg hari hari kena gangguan kereta mulu,Keterlambatan
@CommuterLine Udah jalan nih dri Palmerah cma padet bgt.,Kepadatan
@CommuterLine Min ini knp kereta dari rangkas ke tanahabang selisih dari krl sebelumnya lama bgt sih. Dari 7.06 nyampe di jurang mangu lalu krl selanjutnya di 7.22. Busettttt jam2 kritis malah gini,Keterlambatan
@CommuterLine dah buat jadwal baru kacau kereta di tahan mulu lagi jadwal ga ada yg on time. Bukan pelayanan makin bagus malah kacau https://t.co/Irt4BwPC8u,Pelayanan
@CommuterLine skrg emang petugas udah boleh ngomong apa lu liat2 ke orang yg lewat? wkwkwkwkwk.. gak ada adab nya..,Pelayanan
@CommuterLine min ini krl lintas Cikarang via Manggarai jadwal nya kok makin ngaco harusnya di telagamurni 7.14 nyampe 7.38. Jadwal seharusnya juga aneh dari 7.14 langsung ke 7.54 yang 7.26 dihapus. Udah jadwal ngaco telat pula. Jangan tanya no kereta lo cek sendiri. Asem,Keterlambatan
@CommuterLine tolong eskalator st cakung dipercepat perbaikannya. Ini fasilitas umum loh yg dipakai banyak org. Skrg jdnya org2 numpuk desak2an pake lift yg kapasitas max nya hanya 4 orang. Ini bahaya loh. Kdg bisa dipampet 6-7 orang. Kalo ada apa2 gmn?,Keamanan
@CommuterLine Tolong dong pihak petugas KAI yang bagian kasir ticketing saya pagi pagi udah bete banget masak saya ngomong mau pesen tiket PP Cisauk petugasnya nyolot nanya berapa saldonya? Kan saya bilang PP Cisauk. Saya lagi ga mood pagi pagi kurang tidur.,Pelayanan
@CommuterLine delay mulu,Keterlambatan
@CommuterLine min usul kalo kereta tujuan jkt kota yg dateng nya setelah kereta manggarai tolong dikasih 12 gerbong sering bgt ketemu nya 8 gerbong padahal lagi peak hour. orang yg nunggu di stasiun udh numpuk yg dtg cuma 8 gerbong,Kepadatan
@CommuterLine @Heraloebss Ya seharusnya security kereta negur dgn tegas... beri efek jera gt kek itu dah arogan bgt dia ngajak ribut siapa siapa didalem gerbong. Jadi ga nyaman penumpang lainnya,Pelayanan
@CommuterLine percuma ngejar 5529A di jam 08.11 kl nyatanya harus nunggu 50 menit. Inilah kl jajaran direksi dan VP masa bodo sama pelanggan jadi seenaknya aja. Harusnya mereka mundur krn tidak bisa melayani pelanggan dg baik.,Pelayanan
@CommuterLine ehiya KAI mantau dari layar gede kn? Tolong BAPAK IBU YG TERHORMAT coba deh ke lapangan. Liat implementasi jadwal baru anda. Numpuk penumpang kocak. Diitung dong estimasi2nya,Kepadatan
@CommuterLine @xiaodjuan Tolong bgt ya KAI kereta barang diatur yg bener dong supaya gak lewat di jam sibuk. Kereta dtg normal aja penuhnya ampun2an aplg kalo telat! Penumpang di stasiun ujung (PDJ) gabisa nembus masuk,Kepadatan
@CommuterLine Coba liat skrg ke stasiun tanah abang rame banget loh di peron 2 pegel woy kita nungguinnya. Berangkat dr pagi sampe kantor malah telat gara2 nunggu kereta lu doang min,Keterlambatan
@CommuterLine tolong dicek PKD stasiun sudimara melakukan godaan (condong ke pelecehan) verbal ke penumpang yg jalan menuju peron atas nama Irfan N tolong ditegur keras dan ditertibkan rata2 PKD sudimara memang hobi celometan,Keamanan
@CommuterLine Min tolong ini di rangkaian KRL Angke- Manggarai 5714 ada sekelompok anak muda makan nasi uduk di dalam kereta. Ketika petugas KRL nya lewat malah cuma ditegur tapi abis itu pergi aja. Ga ada ketegasannya. Kalau mmg mls ga usah jadi keamanan. Tlg ditegur petugasnya,Pelayanan
@CommuterLine Dari pada ngurusin kursi prioritas better urusin kereta yg kerjaannya telat ga on time alasannya gangguan terus bikin orang telat masuk kantor sih,Keterlambatan
@CommuterLine Selamat Pagi bapak/ibu mimin. Tolong bantuannya buat kipas anginnya di cek ya. Ada di rangkaian 1143B di gerbong berapa gak tau. Pokoknya diatas tempat duduk prioritas. Takut kipas anginnya jatoh min. Terima kasih banyak ya. https://t.co/knnQITZ0m7,Keamanan
@CommuterLine kereta delay mulu stasiun ampe numpuk.. Gabisa naik inii https://t.co/ddPTskNSoR,Kepadatan
@CommuterLine jangan diilangin dong min jadinya numpuk bgt min evaluasi lagi tolong,Kepadatan
@CommuterLine Sore ini saya naik dari st kota - st bojong gede kereta udh jalan otw jayakarta bangku d gerbong cewek trmasuk prioritas penuh ada ibu2 bawa anak berdiri dan Sekuriti lewat cuek bgt wkwkwk minimal cariin tmpt duduk kek bnyk yg muda.,Pelayanan
@CommuterLine Berharap ke depannya jarak peron beneran ramah buat disabilitas. Ada lift dan tangga khusus buat disabilitas. Gak harus nunggu respon petugas dan telvon dulu. Btw jarak peron di beberapa stasiun KRL itu gak cuma bahaya bagi disabilitas tapi juga buat orang normal Min.,Keamanan
@CommuterLine Kebiasaan ni delay . Udah 12 lewat 4 menit belum berangkat https://t.co/oXRmJXOq0I,Keterlambatan
@CommuterLine aku mau menghubungi cs tapi ko ga bisa ya,Pelayanan
@CommuterLine @AsdoAr @KAI121 TAI MMG PT KCI 5049 DAN 5051 TELAT TERUS ANJING. BEGINI KALAU DIRUTNYA EX DIRUT PT RESKA JADI BISANYA CUMA PARKIR KERETA AJA. KG PEDULI SAMA PERJALANAN KRL @AsdoAr . https://t.co/NUTKKOD061,Keterlambatan
@CommuterLine senin pagi ngerasain brutalnya Rangkasbitung Line ke Tanahabang yg berdiri semua kegencet sampe sesak nafas. Ada yg pingsan. Sampai stasiun diperhadapkan sama elevator yg perlu 2 minggu perawatan. Kalian perusahaan makin untung tapi kaya gini dipikirin ga sih?,Keamanan
@CommuterLine Day 2 memohon jalur greenline tambah armada atau gerbong sekalian. Mungkin interval arrival dipersingkat. Bisa mati kejepit orang tuh tiap PP kerja,Keamanan
@CommuterLine bgr-kota plislah jgn pelit kasih gerbong kereta masa cuma 8 mulu dari tadi. Padet bgt woi,Kepadatan
@CommuterLine min barusan di st bekasi ada penumpang yg nanya ke security pak jalur ini arah tambun ya terus securitynya cm angguk kepalanya aja tnp liat wjah org yg tanya itu. Tlg tegur ya min seenggaknya jawab dengan kata iya dan lihat wajah orangnya yg nanya dong. Jd ksel,Pelayanan
@CommuterLine Sampe turun kaga ada tuh dikecilin. Makasih ya udah bikin telinga berdenging. Keren banget emang pelayanannya commuterline,Keamanan
@CommuterLine Pantesan numpuk kaya begitu https://t.co/Ei3YC3rMRw,Kepadatan
@CommuterLine Sy pikir dengan masifnya protest udh ga bijak ya kasih jawaban2 template gini. Sy udh tau pasti akan dijawab template tp sy ingin turt meramaikan protes yg masif ini supaya kalian sadar. Segera kroscek ke lapangan gimana panuhnya kereta balikin ke jadwal lama.,Kepadatan
@CommuterLine ada apa ya ini kok kereta belum ada di tng . Penumpang numpuk. Seharusnya udah jalan loh.,Keterlambatan
@CommuterLine min mau saran dong kereta yang nambo-jakarta kota klo bisa gerbongnya yg 10 terus karena keretanya jarang dan klo dikasih gerbongnya 8 padet bgt sesak napas,Keamanan
@CommuterLine Min plis lah ini jadwal baru bikin ketahan mulu masa gue pulangpergi kerja ketahan mulu keretanya. Udah gitu kereta yg arah kampung bandan diperbanyak donggg orang2 juga banyak yg kerja ke arah sana.,Keterlambatan
@CommuterLine Duh min kereta sore juga telat KA 5554. Literally eksekusi jadwalnya sangat tidak ramah utk orang yg tepat waktu. Bener2 deh.,Keterlambatan
@CommuterLine buset 1 jam lebih stuck diantara grogol sm pesing mau turun jg gabisa,Keterlambatan
@CommuterLine Pake nanya yg mana tanya org lapangan lo yg mana. Telat satu telat semua. Masa gue sebutin semua.,Keterlambatan
@CommuterLine hari ini krl rute cikarang ke kampungbandan masih tertahan di tambun. Tolong infonya min apakah ada gangguan atau tidak?,Keterlambatan
@CommuterLine @takenakahanbeii min pleas jawabannya jangan tamplate aja. Setidaknya ada perubahan masa makin lama headway bukannya makin cepet malah makin jauh makin numpuk. Tolong dong kita kan apa apa juga bayar Pajak setidaknya tolong transportasi KRL ini dibenahi biar nyaman,Kepadatan
@CommuterLine Gak ada min semuanya bablas. Kereta baru datang jam 18:43 tanpa ada berita keterlambatan. Padahal stasiun sibuk suka bgt numpuk penumpang arah duri.,Kepadatan
@CommuterLine Manggarai numpuk nih,Kepadatan
@CommuterLine dah hampir 30 menit arah rangkas ketahan di palmerah bakalan numpuk parah nih di st kebayoran,Kepadatan
@CommuterLine @KAI121 @DishubDKI_JKT Dengan hormat ini kepada mimin semua yang atur jadwal krl depok-jkt kenapa di jam sibuk antara 06:00-07:00 kereta dipo banyak yang di batalkan ? Dan juga jarak antar kedatangan kereta itu terlalu jauh... Di depok itu overload banget!!! https://t.co/49cZ9N9pr3,Keterlambatan
@CommuterLine Bisa kali diberesin sudah sering banget gangguan seminggu ini. Sekalian kereta 12 rangkaian untuk Rangkasbitung Line atau frekuensinya ditambah.,Pelayanan
@CommuterLine Skr udah jalan ya Alhamdulillah tapi tadi kereta #5511 telat 10 menit,Keterlambatan
@CommuterLine Lo info dong kalo ada gangguan kereta di stasiun depok heran setiap ada gangguan telat banget info tau gini gue kan bisa cari moda transportasi lain!,Pelayanan
@CommuterLine ke sudirman lama banget gila! Delay 30 menit dari biasanya.,Keterlambatan
@CommuterLine lim cikarang benerin dong itu jadwalnya delay mulu. parah bgt bisa 15 mnt sendiri delay hajat org banyak nih elah,Keterlambatan
@CommuterLine Petugasnya lewat juga diem2 aja tuh gada yg negur,Pelayanan
@CommuterLine mau tanya min kenapa jalur ke tanah abang duri angke kalo di jam siang lama banget ya min sampe setengah jam nunggunya. Yang harusnya udah sampe setengah jam yang lalu ditempat tujuan tp ini masih di manggarai nunggu kereta. Parah bgt sih makan waktu banget!,Keterlambatan
@CommuterLine Gabisa tap in di gate parkiran. ga ada petugas yg sigap. Walau sama mesin bisa ga masih ada yg standby. Ada sih petugas tp jauh dan bergerombol malah ngobrol jadi ga aware kalau ada pelanggan yg butuh bantuan,Pelayanan
@CommuterLine min mau lapor. Hari ini kereta terlambat parah di jam rush hour. Masa kereta Bogor - Manggarai 6.03 berangkat nya ngaret bgt. Mana sampe Manggarai jam 7.30. asli ini nama nya suuuppeeerrr ngareeettt,Keterlambatan
@CommuterLine dah bikin jadwal baru yg buruk kedatangan dan keberangkatan telat terus ga jelas lu keberangkatan 07:06 dah jam 07:06 kereta blm ada juga @AnkerTwiter @CurhatKRL @jalur5_ @jalur_cikarang @jalurbekasi,Keterlambatan
@CommuterLine tolong dong jadwal kereta jakarta bogor di evaluasi lagi jadwalnya terutama yang jam 17.45 jaraknya terlalu jauh dari 17.33 baru ada lagi 17.45 terlalu numpuk di stasiun2 selanjutnya makasih,Kepadatan
@CommuterLine Ini jadwal pemberangkatan awal dari Depok Lama jam 7.13 kok gaada dah? Jangan jadwal yg dirubah tapi gerbong yg di banyakin jadi 12 semua kek gerbongnya. Jadwal berubah jadi pada numpuk di stasiun Depok baru,Kepadatan
@CommuterLine Tertahan brp lama lagi di jatinegara??? Disusul kereta barang dan kajj @KAI121 sudah... Menunggu disusul apa lagi?,Keterlambatan
@CommuterLine Min tolong tegur petugas stasiun yang numpang krl di gerbong cewek padahal di cowok. Masak petugas melanggar sendiri aturan yang dibuat? Tolong tegas ya min bukan cuma buat customer tapi juga internal pegawai KRL.,Pelayanan
@CommuterLine di Stasiun Duri eskalator mati lantai kotor. kata gw mah malu ya https://t.co/Buk5O0CEe2,Kebersihan
@CommuterLine kebiasaan banget kereta dari cikarang jam 18;14 tuh. Udh mah berangkatnya selalu gapernah ontime kadang2 telat 4-7 menit. Di tambun disusul 2 kereta jawa masuk bekasi aja disuruh diem dulu. Apa apaan 45 menit baru sampe stasiun bekasi .,Keterlambatan
@CommuterLine tlg tindaklanjut csot (jakarta kota-bogor) diJUA pkl 17:18 gada info PINTU AKAN DITUTUP pas gue masuk malah nutup aja tu pintu alhasil kejepit gue bukan cuma gue ada jg ibu2 naik dr Gondangdia sama juga terjepit. Tolong di tindaklanjut! @CommuterLine,Keamanan
@CommuterLine min tolong dong kebersihan lingkungan stasiun di benahi lagi terutama stasiun gondangdia sampah di tempat sampah penuh dan berceceran semua sampah sdh tergabung padahal tempat sampahnya terpisah. sangat bau dan tdk enak dipandang https://t.co/JNV8fan5SS,Kebersihan
@CommuterLine tolong dilatih lagi yg bener masinis hari ini yg bawa KRL jadwal dari cisauk jam 6.59 ngerem berkali2 kagak smooth udh isi orangnya banyak ngeremny model bgtu..remuk banget badan kegencet sana sini,Keamanan
@CommuterLine Tolong tambahkan jg rute dari Duri ke Manggarai / Bekasi. Sama seperti yg di atas kereta dari arah Tangerang baru menurunkan penumpang sudah datang lagi kereta berikutnya jadi sangat padat penumpang @CommuterLine,Kepadatan
@CommuterLine Halah penipu ga ada sf 10 keatas Kebanyakan tuh 8 min cek deh Udah gitu kipas semua pula Makin makin tuh pepes teri,Kepadatan
@CommuterLine @kegblgnunfaedh Kalo emg rulesnya turun duluan bahasanya ya jangan menghimbau lagi. Biar tertib. Sekalian diharuskan mendahulukan yang turun dan menunggu dengan tidak menutupi jalur turun jadi ga sempit yang turun juga bisa lebih cepet,Pelayanan
@CommuterLine udah malem posisinya and lagi nahan sakit mana ada kepikiran liat nama petugasnya siapa wkwk klo emg profesional atas laporan silahkan cek sendiri dr cctv kejadian hari sabtu (22 nov) between 10.50 - 11.15 pm di st depok lama siapa petugas yg berjaga antar peron 3&amp;4,Pelayanan
@CommuterLine kereta arah Cikarang ngestuck di bekasi lama bgt knp dahh,Keterlambatan
@CommuterLine kmrn (26/9) dh tap out kartu dibantuin juga satpamnya &amp; saldo udh dikurang juga. tp pas pake tadi (20/10) tulisannya kadaluarsa . kata loket krl saldonya belum dikurangin/belum ditap out. pdhl di riwayat bni tapcash udh masuk purchase Rp8000 (26/9). ini kenapa? https://t.co/SFeHmqj5uq,Pelayanan
@CommuterLine ini kereta angke masih ketahan mulu di st karet ga kelar2 uda set jam lebih loh,Keterlambatan
@CommuterLine mij kenapa kalo senin kereta malah suka delay....,Keterlambatan
@CommuterLine yaelahh telat inii,Keterlambatan
@CommuterLine Evaluasi semua gerbong line Tanah Abang-Rangkas. AC udah harus diperbaiki semua kondisi udah gak ada dinginnya diperparah kalo siang sampe sore hari pas rush hour. Penuh sesek panas gak ada sirkulasi udara bau. Perlu diperjelas gmn lagi? Padahal keadaan di lapangan udh jelas,Pelayanan
@CommuterLine min ini K119020 ngetem di kranji udah 15 menitan blm jalan2 numpuk di bekasi kan pasti ? mau masuk kerja malah telat gini,Keterlambatan
@CommuterLine Ini mah bukan terlambat lagi min tapi TERLAMBATTTTTTTTTTTTTTT!!!,Keterlambatan
@CommuterLine buset ini kereta telat terus bro?????,Keterlambatan
@CommuterLine min kereta arah manggarai dari tanah abang kok ga muncul² sih? Udh mau setengah jam lebih ini. Numpuk bgt di tanah abang,Kepadatan
@CommuterLine tiket berangkat jam 11.44 telat lama bgt dari yang harusnya nyampe tujuan jam 13.58 sampe jam 15.18 belum sampe. Ini manajemen operasionalnya gimana ya?,Keterlambatan
@CommuterLine untungnya saya ga kenapa2.. cuma sendal aja ketinggalan.. untung saya buru2 keluarin kaki saya.. kalo ngga udah kejepit pintu trs keseret itu.. tolong jadi bahan evaluasi lg.. petugasnya penutup pintunya jg asik aja main hp..buru2 mau kmna cb?,Keamanan
@CommuterLine ngeri ini chaoticnya,Kepadatan
@CommuterLine petugas pakai baju putih rambut pendek banget kurus agak pendek jaga di deket tangga tengah jalur 11-12 stasiun Manggarai lantai 1 jam 17.40-17.45 bukan security tapi orang pakai seragam putih pakai id card tapi nama gak keliatan minimal minta maaf bukan jawab ketus,Pelayanan
@CommuterLine kalian benerin stasiun manggarai. Saya pagi ini tiba di peron jalur 11 jam 5:30 bawa koper tp eskalator dan lift kalian mati. Ga ada satpam yang nunggu di deket tangga. Jadi kalo ada orang pake kursi roda mau turun yang mau bantu angkat siapa bos?,Pelayanan
@CommuterLine https://t.co/taANEJScMw Rute bogor-kota penumpangnya jadi berdesakan kayak pepes. Harusnya dikembalikan seperti jadwal awal,Kepadatan
@CommuterLine min KRL jurusan Tangerang di jalur 4 dijalanin doonggg masa udah 30 menit nggak jalan2? Mana udah full sesek di dalem,Kepadatan
@CommuterLine @KAI121 Saya perhatikan ini hampir tiap hari terlambat. Tweet ini saya post dan kereta dari rangkasbitung baru jalan padahal di jadwal harusnya 5.30. Gila sih telat terus. Manajamen waktunya Taik,Keterlambatan
@CommuterLine Sejak tahun 2002 ga pernah ada perbaikan masalah delay. Ga malu? Maunya duit doang ga mau kasih layanan?,Keterlambatan
@CommuterLine saya td sampai di jurang mangu jam07:08 pagi kereta baru datang jadwal yg dr serpong jam 7:30. 22 menit tanpa kereta yg padahal sehari sebelumnya ada jam 7:10 dan 7:20. akhirnya numpuk 2 kloter jadwal penumpangnya.,Kepadatan
@CommuterLine min ko kereta cikarang ke kp bandan yang seharusnya 4.44 am kol ngaret ya,Keterlambatan
@CommuterLine ini di bandaaan numpuk bangett plis laa,Kepadatan
@CommuterLine halo min tolong dong kereta yang bogor-jakarta kota di jam 06.30 - 07.00 pagi tuh di perbanyak gerbong 12 nya jgn 8 trus terlalu pepes bgt karena banyak jam kantor yang dimajuin lebih pagi selama puasa jd numpuk bgt di jam segitu,Kepadatan
@CommuterLine Kok bisa 5150B yg harusnya berangkat 18:52 dari JNG tapi 18:47 udah diizinkan berangkat? Sedangkan 5562 yg udah standby duluan dan harusnya berangkat 18:44 malah diberangkatkan belakangan,Keterlambatan
@CommuterLine Tadi ada copet di tanah abang serem bgt si. Udah gitu copet nya cewe lagi. Copet gitu dibawa ke polisi kan minnnn ? @CommuterLine,Keamanan
@CommuterLine KOK INI KERETA DR RAJAWALI KE ARAH TANAH ABANG LAMA BGT YA? jadwal keretanya gimana sih? kok kayanya jarang bgt kereta arah tanahabang ini? udh sejam loh saya nunggu di rajawali.,Keterlambatan
@CommuterLine @KAI121 KA nomor 1756 saya naik dari stasiun tanah abang pukul 16 40. ciri-ciri petugasnya tinggi badannya berisi kulitnya sawo matang dan masih muda. namun saya tidak sempat foto min karena sudah kesal namun respon dari satpamnya hanya tertawa saja dan tidak meminta maaf. https://t.co/bGgaJTSeX4,Pelayanan
@CommuterLine Min ini Kp bandan via manggarai molor terus nih???? harusnya jam 17.32 udah ada mundur lagi jam 17.42 ehh ini mundur lagi jam 17.53?? Ini nyampe jatinegara jga penuh atuh nnti. Gimana mau naik?? https://t.co/8wHIOqht7J,Kepadatan
@CommuterLine telat mulu harus jalan jam 16.19 sekarang blm ada keretanya,Keterlambatan
@CommuterLine Tanngerang - Duri dan sebaliknya bisa tiap 10 menit tdk? Kalau pulang kerja numpuk penumpang nya nunggu keretanya lama Jalur 1 dan jalur 2 sudah 3 kali kereta lewat ini jalur 5 baru sekali.,Pelayanan
@CommuterLine tolong dibantu ada bangku penumpang di peron arah boo di st cawang patah tadi mau info petugas tapi petugasnya ada didepan semua kejauhan makasih,Pelayanan
@CommuterLine BUMN ga kena efisiensi kan? Ni napa toilet stasiun kotor &amp; pesing bgt ya? Ini mending yg parah booth kanan. Also tempat sampahnya ga usah injekan gitu krn gampang bgt rusak. Loc: Pondok Ranji extension https://t.co/CV0e8tA4LD,Kebersihan
@CommuterLine kereta 06:15 dari bogor ngapa dah ditahan mulu ayolah kacau telat sejam,Keterlambatan
@CommuterLine kenapa kereta nambo yg jam 16.50 telatnya tuh telat banget ya? biasanya 16.56 ini bahkan sampai jam 5 lewat baru datang gimana nih,Keterlambatan
@CommuterLine kereta parungpanjang keberangkatan 7:40 telat ya min? Blm dateng sampe sekarang,Keterlambatan
@CommuterLine min arah bogor kenapa numpuk di manggarai?,Kepadatan
@CommuterLine Sudah di ingatkan namun penumpangnya bebal dan tidak mempedulikan teguran dari penumpang lain yang melihat. Perlu ada satu petugas yg seharusnya standby disini.,Pelayanan
@CommuterLine telat 3 hari beturut-turut kereta lo. Time tablenya buruk amat sih. Gak ada perubahannya payah Tujuan angke dr cikarang.,Keterlambatan
@CommuterLine min di grogol ada gangguan operasional apa ya sampai bikin delay jadwal?,Keterlambatan
@CommuterLine Kalau jam sibuk padet banget,Kepadatan
@CommuterLine Selisih waktunya ga ngotak bikin numpuk di stasiun,Kepadatan
@CommuterLine kenapasi telat mulu kereta arah manggarai udah nunggu 15 menit ditanah abang! Buang2 waktu makin gajelas lama-lama Kebiasaan jam sibuk balik kerja selalu telat! Bodoh bgt,Keterlambatan
@CommuterLine min ini kenapa jadwal linel cikarang lebih lama gitu deh? jadi numpuk banget,Kepadatan
@CommuterLine Peron di stasiun Bogor untuk KRL jalur 4 dan 5 SUDAH HANCUR BANGET ASPAL NYA KALAU HABIS HUJAN BECEK BANGET DAN SERING BIKIN KEJEBLOS KUBANGAN. TOLONG PERBAIKI,Keamanan
@CommuterLine ini ngatur jadwal nya gimana si. masa pagi ini ke arah jkt jadwalnya 30menit sekali. jadi banyak penumpang numpuk di tiap stasiun. ga efektif bgtttt,Pelayanan
@CommuterLine kereta dr baruceper ke duri jam 6.12 man yaaa? udh nunggu setengah jam kok gaadaaaa,Keterlambatan
@CommuterLine @catatananakedan Petugas anda ga cek apa gimana sih itu? Ngang ngong ngang ngong gitu ampe numpuk gitu? Dikondisikan dong dan cepat tanggap ama sikon.,Pelayanan
@CommuterLine Ini ga bisa di atur lebih baik kah penggunaan jalur baru nya? Bukan nya bikin lancar malah penumpukan terus ke jalur 5-6 nya padet terus sistem sebelum nya jauuuuh lebih lancar https://t.co/KP1MqtSz7v,Pelayanan
@CommuterLine Min tolong donk untuk di stasiun cikarang kenapa tidak ada akses jembatan menuju stasiun cikarang untuk warga di samping sekitar stasiun cikarang.. Karna itu kan sangat membantu buat saya dan penumpang yang lain yang dekat dengan stasiun cikarang mohon perhatiannya,Pelayanan
@CommuterLine jurusan bogor - tebet tuh malah bikin padet kereta yg diantara itu tauga mengurai apanya??? Mandet terus pula makin lama aja dari jadwal dimaklumi terus tp ga ada evaluasi kyknya,Pelayanan
@CommuterLine kok bisa sih telat :( sementara kereta tangerang 22:54. sekarang kereta ketahan di st tanah abang krn ada kereta pergantian barang biasanya sebelum kereta tangerang berangkat udah sampe duri https://t.co/JzaoO9XTcP,Keterlambatan
@CommuterLine @jalur5_ Butuh bantuan petugas? Disuruh gendong gitu petugas? Aneh2 aja. Eskalator yg normal sama lift yg nyala yg dibutuh euy,Pelayanan
@CommuterLine Gapeka CL di jatim kacau bgt min. CL kepagian bgt dgn interval kdtngan lama. CL plg jg jadi lma interval dtgnya. Jam peak hour plg kerja interval sejam. Paling parah CL sindro digabung dgn rute CL Jenggala. Tiap brgkt CL jggala 09.25 bru dtg 09.46. Brgkt 09.55. Telat 40 menit min,Keterlambatan
@CommuterLine Lo kalau kreta telat coba kasih surat keterangan telat kek ke penumpang. Petugas lo anteng aja cekikikan ga kerja. Kereta telat jg ga dikasih tau. Pelayanan lu bobrok dan ga beres,Pelayanan
@CommuterLine Jam 7an biasanya jedanya deket sekarang bisa diatas 10menitan jadi bikin numpuk penumpang di stasiun. Di dalem jadi lebih berdesakan,Kepadatan
@CommuterLine Kek manalah min biasanya gak begini. Jadi numpuk banget nih di Sudirman. Kebayang kan ini stasiun kecik sangat peron tak muat buat antri banyak orang. Kasih bantu cek jadwal lagi min diperbaiki ya supaya lancar macem dlu la. Makasih sangat,Kepadatan
@CommuterLine Tangga peron kereta arah Duri min. Kereta sampai sekitar jam 20.38. Cuma liat 2 petugas yg lagi ngobrol bisik2 di area tengah. Kayaknya tandanya jgn cuma dikasih gambar deh tp perlu ditulis TURUN &amp; NAIK . Aku pernah dikatain TOLOL sama yg turun di tangga naik gara2 bentrok,Pelayanan
@CommuterLine BRIEFING LAGI PETUGASNYA KALO CARI TEMPAT DUDUK PRIORITAS DULU ORG JUGA CAPEK ABIS JALAN JAUH DISURHH PINDAH. DASAR TUA BANGKA SANA PENUMPANG TOLOL JUGAA. KAI TUJUAN Jakarta Kota berhenti Cilebut no rangkaian #1343 10 gerbong https://t.co/1bkvPgqv4K,Pelayanan
@CommuterLine 5148 telat harusnya udah sampe Cikarang dan sekarang masih nunggu kereta jauh berangkat bekasi 1 Masuk sudirman telat 11 menit 2 Disusul kereta jauh di Manggarai 3 Kenapa sehabis disusul ga lngsung berangkat malah nunggu krl dibelakangnya masuk jalur 3 Manggarai ?,Keterlambatan
@CommuterLine Adain piket gitu kek min buat pengecekan sebelum jam berangkat kerja biar pas jam kerja gak chaos,Pelayanan
@CommuterLine setengah jam lebih nunggu kereta ke kampungbandan atau angke. Gak jelas banget,Keterlambatan
@CommuterLine kebiasann buruknya mulai anjir udah kereta lama ditambah berhenti di tengah jalan @CommuterLine jalan woyy ngapain berhenti antara pocin dan depok baru. Tll banget,Keterlambatan
@CommuterLine Min yg jadwal blue line ko brubah2 trs si? Senen ada standby 5.37 Selasa jg ada standby 5.36 hari ini blm ada di jadwal 5.46. Jd gmn si jadwal yg benernya? Mana jalurnya jg ga jelas di jalur brp.,Pelayanan
@CommuterLine @dantsus @Heraloebss Halah bukti security lu kagak ada gunanya. Modal teriak teriak doang. Di bentak palik kuncup kayak kulup. Gaya doang selangit Wkwkw Udh lah hapus aja tuh security ngabis ngabisin amggaran aja.mending duitnya lu buat beli spare part eskalator.,Pelayanan
@CommuterLine hello gimana nih KAI petugasnya di stasiun tebet mempersulit ngasih surat keterlambatan? padahal di info akun official udah jelas ada keterlambatan kereta jalur hijau dan minta surat keterlambatan di stasiun tujuan. ini malah dibilang mba harusnya minta surat,Pelayanan
@CommuterLine 4072 telat. Udah kereta ke Cikarang jarang2 masih aja telat,Keterlambatan
@CommuterLine berarti SDM petugas comuterline ga ada bagusnya masa masuk st duri tertahan lama arah tangerang ganti pegawai yg buat keterlambatan perjalanan krl,Pelayanan
@CommuterLine min tolong dong krl itu ontime. Dr cisauk udh ontime nyampe 6.15. Eh abis itu berhenti lama2 bgt. D rawa buntu aja udh ga bisa naik saking padetny. Ada yg pingsan d krl lg. Jam2 padet gini tlg dong. Tiap senin gini mulu. Kyk ga dievaluasi sama sekali,Keamanan
@CommuterLine KA tujuan kampungbandan 5519 keberangkatan 07.17 dari bekasi jeda nya jangan terlalu lama sama angke 5049 dooong jedanya bisa 20 menit dan itu penumpang udah numpuk belum lagi angke 5049 nya telat 20 menit makin numpuk lagi. Ini udah berminggu minggu begini terus,Kepadatan
@CommuterLine ini krl manggarai sudirman udh pnh nungguin apa lagi nggak jalan2,Kepadatan
@CommuterLine halo min ini jadwal bekasi/cikarang via senen KA 5578 knp telat banget ya? Jadwal harusnya jam 21:13 tp sampe skrg kereta nya blm sampe. Masih d Sudirman. Telat kok langganan banget yaaa,Keterlambatan
@CommuterLine kereta yang dari Cikarang sering sekali selalu ditahan pas mau masuk Bekasi dan di Bekasi hari ini kereta 5511 soalnya ditahannya lama banget knp selalu seperti itu ya? Parah banget sering membuat telat kerja padahal sdh di stasiun Bekasi Timur tepat waktu,Keterlambatan
@CommuterLine tolong dong ini jalan ke arah stasiun tanah tinggi yg dr lampu merah dikasi penerangan asli gelap banget jam 6juga ngeri https://t.co/FwB6aBDelC,Keamanan
@CommuterLine Iya 30 menit buat nunggu itu kereta KA 5153A sementara udah lebih dari 5 kereta ke arah manggarai,Keterlambatan
@CommuterLine KA 5132 Jur KPB - BEKASI. Gerbong belakang wanita terlihat ya ada yang bukan wanita disini. Ada securitynya sih cuman diem aja dia. emang kondisi gerbong depannya penuh bgt tp tetep aja jgn naik gerbong wanita dari awal https://t.co/rQNVfaCWcV,Pelayanan
@CommuterLine tadi ada bapa mau naik kereta d St tjbarat jatoh ke bawah kereta itu kondisinya gmn ya? Kasian bgt mana kepala duluan. Trs kepalanya kebenyut kereta keras banget,Keamanan
@CommuterLine @berak_sekampung @perkeretaapian @jalur5 @KAI121 @txttransportasi @kabarpenumpang Itu tu pas pintu kereta lho Min. Penumpang yg turun kan ga lgsg liat juga. Trus mereka malah jd kejebak kedesak di situ. Rawan banget...,Keamanan
@CommuterLine @alfianyudhantya Min kalo jam pagi/ padet pekerja tolonglah gausah pake kereta barang yg lewat. Kayak gabisa jadwalin lebih baik aja sih,Pelayanan
@CommuterLine bisa ga kasih himbauan ke orang tua saat musim liburan sekolah gini jangan bawa anaknya berpergian di jam rush hour berbarengan orang kerja pulang 1. Kasian anaknya ikut kegencet keretanya super penuh 2. Anak2 sering buat rusuh ga bisa diem 3. Bayi pada nangis,Kepadatan
@CommuterLine Dann tolong ditinjau lagi dong min masa Cikarang via Manggarai dari Kampung Bandan nunggunya sampai 30 menit sekali apa ga numpuk manusia tuh? Thx.,Kepadatan
@CommuterLine Hallo admin Mohon evaluasi kembali mushola di stasiun tanah abang itu terlalu kecil untuk ukuran stasiun stransit kecil banget! Pengap panas lembab becek bau kaki! ‍ mohon juga untuk dipisah tempat shalat dan wudhu antara laki-laki dan perempuan. Thanks,Kebersihan
@CommuterLine arah manggarai gangguan apa lg hari ini? 5708B ktny cuma sampe angke nungguin kereta selanjutnya baru sampe jam 7.30an jalan jam 7.40. jadwal SELALU ga sesuai sama yg ada di papan dan aplikasi kecuali 5708B yg tiap hari rutin tepat waktu,Keterlambatan
@CommuterLine Ya pake otak dong . 1762 udah telat 1menit malah dibikin telat 5menit . Sampe kesusul ini sm kereta belakang . Bloon banget ngatur di parungpanjangnya . Kebiasaan bikin ngaret . Ga sekali dua kali loh ini . Anjing,Pelayanan
@CommuterLine Bau limbah min busuk banget,Kebersihan
@CommuterLine gimana sik jam segini lokomotif lewat di jalur tn abang. Bikin numpuk penumpang aja jam sibuk kayak gini lho.,Kepadatan
@CommuterLine Hi min mau usul. Bisa ga sih kereta dinas lewatnya pas bukan jam sibuk? Krl telat 10 menit aja udah tambah kayak pepes di dalem kereta. Terus akhirnya sampai kantor juga bisa telat karna cari ojek/transport penghubung jadi rebutan.,Kepadatan
@CommuterLine @chocobery18 Yang penting on time dulu deh. Tadi kereta angke - cikarang pemberangkatan di duri 07.20 telat. Sampe sampe penumpang yg transit dari tangerang sampe 2 pemberangkatan belum keangkut.,Keterlambatan
@CommuterLine kacaw banget min st cibitung rame bgt tumben gataunya gara-gara nunggu kereta. saya biasa naik yg angke-mri set7 jadi jam 7 mana ketahan di tambun selama setengah jam akhirnya sy pulang lagi ke cibitung dan jadinya ga dateng untuk kuliah hari ini karena terlanjur telat https://t.co/Z73wbpT5nO,Keterlambatan
@CommuterLine ini apa apaan sih greenline ngaret semua jadwalnya di tanah abang jeda dari kereta rangkas jam 18.15 baru masuk lgi parung jam 18.33,Keterlambatan
@CommuterLine Telat bang udah sampe tujuan dengan terlambat.,Keterlambatan
@CommuterLine HERAN BGT KERETA ARAH SUDIRMAN KE TN ABANG MUESTI TELAT HERAAAAAAN,Keterlambatan
@CommuterLine Cikarang -kp Bandan masih tertahan di stasiun tambun https://t.co/BVirX0GC6A,Keterlambatan
@CommuterLine maaf maaf mulu. please dong commuter yg ke duri/angke dibanyakin lagi masa iya yg ke manggarai udah lewat 3 kali sementara yg ke duri nggak? tau nggak manusia udah numpuk bgt. yg repot siapa? penumpang lah desek2an soalnya pada gamau telat.,Kepadatan
@CommuterLine @CommuterLine Besok bakal makin delay ya? Karena kalian ga pernah mungkin on time. Tinggal kasih alasan aja. Dan ga mau evaluasi. Mau duit doang ga mau kasih layanan.,Pelayanan
@CommuterLine Sampah banget nih jaman gini msh masalah sinyal. Diminta naik angkutan umum tapi service begini,Pelayanan
@CommuterLine Nunggu kereta lain lewat ternyata. telat 10 menit dari jadwal.,Keterlambatan
@CommuterLine Min tolong lah bikin jdwal jangan kacau balau bgini mau sampai kapan jadwal kagak benar bgini dah? Di jadwal berangkat jam segini kenyataannya ga jam segtu kudu tunggu ampe 20 menitan keretanya baru nympe jdi klau d tnyain smpe d stsiun tjuan itu bingung trs kasih tauny gmna.,Keterlambatan
@CommuterLine tolong dong ini himbauan makan dan minum di kereta di puter lebih sering terutama pas weekend sabtu minggu penumpang bnyk bgt yg makan minum dlm rangkaian tp gak ada security. penumpang lain mau negur takut ribut. kejadian kereta dari duri-tangerang.,Pelayanan
@CommuterLine tolong dong min di manggarai kalau rush hours tangganya diatur yg bener masa nik semua yg transit mau turun gimana? Apa lagi peron 2 harusnya bisa turun ini semua tanggal dipakai naik mana petugasnya diem aja ngeliatin doang,Pelayanan
@CommuterLine minnn pasti penumpang numpuk ini huhuhu mana saya di stasiun pondok ranji cm dapet ampas sisa space,Kepadatan
@CommuterLine Min @CommuterLine stasiun Tebet underpass antar Peron nya bocor dan kbanjiran nanti titip benerin ya bahaya banged soalnya takud ada pnumpang gelundung. Semangad,Keamanan
@CommuterLine hai min emang rangkaian Bogor - Jakarta Kota kalau pagi gak ada AC atau kipas gimana ya? Tiap hari kayak pepes ikan panasnya masyaAllah didalam rangkaian mana selalu full padahal hari kamis kemarin enak dinyalain jadi adem,Kepadatan
@CommuterLine 5515 telat 1 dr tambun berangkat telat 5 menit 2 Di bekasi timur ketahan 10 menit 3 Di bekasi yang jln duluan jalur 7 akhirnya jalan pelan smp Jatinegara krn depannya ada krl 4 Jatinegara Kesilang argo muria 5 Manggarai Kesilang krl masuk jalur 1 sm kereta jauh,Keterlambatan
@CommuterLine kenapa prameks sekarang tidak ada batasan penumpang ya? Kasihan banyak berdiri dan berdesakan,Kepadatan
@CommuterLine Iya min asli malu sih diliatin org2 krn satpamnya ngomong dibelakang saya langsung dikira saya yg buang tuh susu kotak : ) Saya jg posisinya bawa tumblr yah isi air putih ga mungkin beli susu : ),Pelayanan
@CommuterLine halooo ini knp kereta tujuan Bogor 1414B ketahan di Manggarai ya ga jalan2? Nunggu di Tebet mundur mulu estimasi tibanya dr td. Udah malam loh masih aja ngaret,Keterlambatan
@CommuterLine @chocobee29 Template mulu jawabnya blok apa susahnya tinggal bikin akses lagi di utara dan selatan stasiun biar ga numpuk di tengah situ apa cuma buat tenantnya rame? Jahat bgt kalo bener gitu,Pelayanan
@CommuterLine Tolong lah jangan sampai muncul SK rehabilitasi dari Presiden cuma buat urusan gini. Rehire lagi dong petugas anda.,Pelayanan
@CommuterLine Min krl tambun-cikarang harusnya berangkat jam 5:51 ini kenapa jam 5:49 knp udh berangkat ya? minta tolong bgt sesuaikan jadwal dong min. klo telat bbrp menit masih bisa ditoleransi. jangan malah kecepetan. kesel bgt rasanya kl udh sampe depan pintu tbtb ditutup.,Keterlambatan
@CommuterLine Pls ini stasiun cibinong numpuk bgttttt,Kepadatan
@CommuterLine ah telat kelamaan min. udah kesel. 40menit nunggu kereta di priuk lama bgt. akhirnya keluar stasiun aja udah saya naek motor ke tempat tujuan,Keterlambatan
@CommuterLine nah bukan nya setiap hari pasti ada pergantian jalur begitu? tapi kenapa ini lama sekali keterlambatan nya? coba cek tab mention kalian banyak loh yang komplain kereta telat bahkan dari pagi sebelum no KA yg tadi saya sebut,Keterlambatan
@CommuterLine @worksfess padet semua kackkk,Kepadatan
@CommuterLine kereta telat mulu min! dr ckg trakhir via mri jam 07.01. jam seginj blm ada. drtd diinfo kereta via mri masuk tp kaga masuk2 udh 5 menit. info kenapa si kl emg ada keterlambatan! dr dulu kaga ada bebenahnya amat!,Pelayanan
@CommuterLine dua hari ini penumpang krl tujuan cikarang via manggarai ngebludak bgt dari jam set 5-set 8 sore masih bludak. Kemarin sampe krl coba tutup pintu 6x ga bisa ketutup saking ramenya 3 krl berikutnya juga masih penuh bgt hampir ga bisa masuk lg. Please do something!,Kepadatan
@CommuterLine estimasi perbaikan berapa lama min dari Jayakarta gada kereta dari jam 5an,Keterlambatan
@CommuterLine @_retnodewi betul kadang ada gangguan listrik lah anjlok lah didalem kereta ga dikasi tau apa apa pas buka twt baru deh tau kenapa tolong ya di note untuk masukannya,Pelayanan
@CommuterLine Sama ini min Eskalator nya berdecit sejak hari senin peron 2 st kebayoran eskalator naik. Serem soalnya Trs lift 2 di st kebayoran juga mati udh 3 hari https://t.co/hX3u6K1uhG,Keamanan
@CommuterLine maaf skrg gerbong paling belakang commuter line bandung raya di gelapkan lampunya dan hanya khusus utk petugas jd kami penumpang penuh sesak dan tidak nyaman di rangkaian,Kepadatan
@CommuterLine Min banyak yang masuk kerja loh min. Kenapa jadwal kereta dikurangin? Kacau. Di Citayam jadwal 6:02 malah penuh banget kyk gini jadinya. Ternyata jadwalnya pada hilang. Habis jadwal 6:02 langsung ke 6:31.,Kepadatan
@CommuterLine @manisana544 SEMUA ORANG LU BALES MENTION GUA DARI JAM 20.00 WIB GAK LO BALES SAMA SEKALI SERVICE SAMPAH @CommuterLine @KAI121,Pelayanan
@CommuterLine min krl bogor - jaksrta kota kalau misalkan cuma sampe manggarai doang tolong diinfoin dong lewat masinis atau petugasnya. Udah lama2 nunggu taunya ga lanjut,Pelayanan
@CommuterLine tolong diganti sesuai jadwal sebelumnya ajaa tau gakk klo di stasiun itu numpuk penumpang. berharap yang buat jadwal tau di lapangannya seperti apa,Kepadatan
@CommuterLine Petugasnya kudu tegas min apalagi announcer udah berkali² ngingetin. Mosok penumpange yg kudu teriak dulu baru pada minggir? Sering nemu nih pas transit di Manggarai,Pelayanan
@CommuterLine kereta lo lama cok Ketahan masuk ke manggarai tai udah 30 menit K11 8991 205-145,Keterlambatan
@CommuterLine krl 6017 bekasi ke Kpg Bandan jalur 4 harusnya brkt jam 07.44 brkt 07.54. Satang krl di jalur 5 tanya security disuruh pindah jalur 5. Ternyata jalur 4 berangkat duluan dan sampe 07.57 belom berangkat di jalur 5.... Ini siapa yg mau ganti rugi saya telat ngantor,Keterlambatan
@CommuterLine kenapa kereta 1787 Rangkasbitung - Tanah Abang tertahan di Stasiun Parung Panjang min? Mohon infonya,Keterlambatan
@CommuterLine @KAI121 ga paham lagi sama jadwal 4015 makin ke sini makin kacau. Tolong evaluasi jadwal ini karena lebih sering telatnya mulai dari stasiun keberangkatan hingga tiba di tujuan,Keterlambatan
@CommuterLine jawaban lu gak membantu kocak,Pelayanan
@CommuterLine bisa ga sih kalian itu update peron di aplikasi?? Peron br muncul saat kereta udah sampe orang turun eskalator kereta udah jalan lagi. THOLOL. MANA PETUGASNYA KALO DITANYA KERETA MASUK PERON MANA JUGA PADA GA TAU LAGI!,Pelayanan
@CommuterLine kenapa KRL makin lemot pada lama gap antar kereta di Sudirman numpuk terus Infrastruktur terus dibenahi tetap aja lemotttttttty,Kepadatan
@CommuterLine Jam2 sibuk di perlintasan sini kacau siy crowded nya.. semua serba pengen buru2 kebayang nanti jam2 menjelang buka puasa Btw korban yg meninggal ini temen sekelas anakku pas SD,Keamanan
@CommuterLine @chocobery18 Jeda 20 menit di rush hour.. jeda 10 menit aja di dalem numpuk parah belom sama delaynya,Kepadatan
@CommuterLine saya harus gimana yaa kalo ada yang melecehkan saya? Saya paham banget gerbong penuh sekali dan harus berdempetan tp saya sangat merasa dilecehkan gak ada satpam mau lapor pun pas pindah peron orangnya gak tau kemana pun saya terlalu jijik buat ngeliat orangnya,Keamanan
@CommuterLine Semoga segera selesai ya min.. bahaya buat lansia dan difabel Tadi asal melangkah aja taunya lebih tinggi daripada stasiun lain ampe kaget pas napak,Keamanan
@CommuterLine Iya mimin si paling bersih. Sepanjang sisi peron ini di st Rajawali nih mana ada disediakan tempat sampah. Kita ga boleh nyampah atau ga boleh ngemil @jalur5_ @CurhatKRL https://t.co/2wYOLI9lrd,Kebersihan
@CommuterLine @KAI121 5717 feeder sengaja ditahan dijalur 1 tunggu 5527 masuk MRI jadi pelanggan 5527 yg bisa langsung di suruh pindah KA ke 5717. MAKIN2 BODO KCI https://t.co/rpNj1Dj7E9,Pelayanan
@CommuterLine Keretanya udh bagus pelayanan keren stasiun msh becek min https://t.co/xodpnkE852,Kebersihan
@CommuterLine @KAI121 Tolong pak di betulkan lagi jangan semua numpuk jadi satu di stasiun Manggarai penuh sesak banyak orang bisa kehabisan oksigen belum lagi mereka saling desak kan di dalam kereta,Keamanan
@CommuterLine tolong ini dibilangin gak mau ngerti..dan petugasnya tidak terlihat apalagi menegur.. ini berbahaya.. dia stay diantara gerbong.. tolong ditertibkan.. yang begini banyak dan sering ditemukan.. @KemenBUMN @KAI121 @DitjenKA @kemenhub151 https://t.co/XdCkmOwbQQ,Keamanan
@CommuterLine selalu!!!! udh nunggu lama bgt di bekasi. nunggu lagi di tambun nih kereta tujuan cikarang. TIAP HARI!!!!!! GAK EVALUASI LO SEMUA! Tolol,Keterlambatan
@CommuterLine Layar Jadwal kereta di stasiun Tanah Abang sudah lama rusak padahal ini sangat membantu penumpang utk mengetahui posisi kereta https://t.co/Lbo2r2E9GN,Pelayanan
@CommuterLine kereta arah tangerang kenapa ketahan di pesing ya min? ka no 1996,Keterlambatan
@CommuterLine Berarti telat? Wkwkwk soalnya baru datang lagi 18.18 bye min,Keterlambatan
@CommuterLine krl cikarang makin dikit dan sering delay... ap perasaan aku doang ya. hari rabu harusnya kereta berangkat jam 11.20an delay 10 menit lebih. kita kayaknya ngalah mulu sama kereta jarak jauh,Keterlambatan
@CommuterLine tolong dong min kaki gw kejepit udah mau kuong2 mu jalan lu badan gw masih di luar kaki kiri gw kejepit liat2 dulu dong tu yg suka tutup buka pintu nyebelin kebiasaan banget cek tu cctv di tanjung barat yg arah bogor sumfah kzl,Keamanan
@CommuterLine min sekali2 mungkin perlu pengecekan/maintain untuk media tv nya juga.. contohnya 204.183(3) udah robek bagian tumpuannya ngeri sewaktu2 jatuh-menimpa penumpang di bawahnya. Tiap kali lewat guncangan agak gimana gitu. https://t.co/Nj8IupxQo7,Keamanan
@CommuterLine min kereta arah tanah abang - rangkas knp lama bgt deh. ini mah bukan keterlambatan tapi LAMBAT BANGET. uda 35 menit loh ini,Keterlambatan
@CommuterLine ini jdwl krl dr cikarang di bekasi timur (5517) sy dtg ke stasiun bekasi timur jam 7.00 tp kereta br dtga jam 7.29. Telat 24 menit. Ini gmn ya upaya @CommuterLine benerin jdwl ? Udah bbrp hr jdwl kereta di jam 6 - 7 pagi kacau sdgkan ini byk org berangkat kerja https://t.co/o5RvlC4BNP,Keterlambatan
@CommuterLine @venusvbby Tapi min waktu itu pernah (udah agak lama) di gerbong khsusus cewe malah campur. Banyak banget cowonya pengen ngomong tapi lebih dari setengah tuh isinya cowo. Jadi juga bingung mau ngomong gimanaa. Takut di kroyok kalo ngomong,Keamanan
@CommuterLine MINN ini kenapa apk nya eror banget ya padahal cuma tinggal bayarrrrr plisss takut besok g dapet tiketnyaaa https://t.co/D2ROBAEVnw,Pelayanan
@CommuterLine tolong rangkaian kereta jurusan Kampung Bandan/Angke tolong diperbanyak dong kalau jam 8 malam ke atas. Nunggu di Stasiun Manggarai bisa sampai 30 menit lebih penumpang jadi semakin numpuk.,Kepadatan
@CommuterLine Rute tanahabang - tigaraksa masih belum jalan masa = = harusnya 7:10. Gembel. Udah buru2 dari rumah tp jadwal kalian yang gue buat telat Ngapa harus nunggu kereta selanjutnya tiba sih? Toh relnya kan beda juga 8 menit TELAT hmmmmmmmmm,Keterlambatan
@CommuterLine kereta dari depok jam 5:46 yg ke kota kena delay mulu tiap mau masuk ke kota kenapa ya? 2 hari ini udah ga ke kejar kereta ke arah priuk yg dr kota jam 7 pagi. Telat mulu aing.,Keterlambatan
@CommuterLine Min perubahan jadwal sekarang parah Tolong diperbanyak jadwal Parung Panjang - Tanah Abang khususnya jam 6 - jam 8 Pagi Jarak per kereta 20-30 menit sedangkan yang dari Serpong dan Sudimara saja banyak pindah kereta walau sudah ada kereta yang standby disana,Pelayanan
@CommuterLine tolong dong ini ada bapak Tua di KA 1378 tujuan bogor nyari ribut karena ngga mau kena dorong... Keluarin aja dari kereta di pasar minggu,Keamanan
@CommuterLine Ini juga lintas manggarai-bogor delay terus. Kampret. Berangkat telat. Pulang malem. Serius bisa ngatur jadwal nggak sih? Kok jadi acak acakan gini manajemenya. Kampret.,Pelayanan
@CommuterLine nemuin petugas dikondisi KRL penuh sesak dan ga tau petugas di gerbong brp. itu lansia harus turun lg di stasiun dulu buat nyari petugas biar dibantuin? atau gmn?,Pelayanan
@CommuterLine @leesvji Hari ini kacau bener ya tujuan jakot. Tiap mau masuk stasiun lelet bener. Jawabannya jg ga jelas gara2 apa. Hari biasanya ga gini dah,Pelayanan
@CommuterLine BISA GAK SIH KRL DR RAWABUNTU DITAMBAHIN. UDAH TAU PENUMPANGNYA BANYAK. MASA DI RAWABUNTU BANYAK BANGET YG GAK BISA MASUK. PETUGASNYA BUTA APA GAK PEDULI YA,Kepadatan
@CommuterLine line bogor numpuk jam pulang kantor tp 8 rangkaian terus.. jeda antar kereta lama. Ish,Kepadatan
@CommuterLine gilaaa nungguin kereta cuma ke manggarai dri sudirman aja sampe hampir 30 menit udh numpuk ini,Kepadatan
@CommuterLine 1203 kenapa delay masuk UI diem lama di UI? Rusak lagi?,Keterlambatan
@CommuterLine @pansaurs Kan petugas juga ga ada ditiap gerbong.. kalo lagi padet yaudah ga bisa gerak juga..,Kepadatan
@CommuterLine Gimana semangatttt udaj berangkat jauh lbh pagi biar ga telat malah sama aja sampenya kaya berangkat kesiangannnnnn,Keterlambatan
@CommuterLine halo ini kereta dari Tn Abang kearah Kp. Bandan kenapa delay 10 menit lebih ya? Biasanya 7.03-7.07 tapi pagi ini dari Tn Abang jam 7.17,Keterlambatan
@CommuterLine min ini kereta ketahan di tebet karna ada apa ya? Delay terus jadwalnya setiap hari gak malu mau naikin harga tiket?,Keterlambatan
@CommuterLine naik krl bukan pilihan terpaksa. Karena ga ada pilihan lain. Banyak masalah mulai dari kereta ga punya jadwal pasti. Tiap hari ka rusak pasti delay.,Keterlambatan
@CommuterLine @tanyakanrl Iya min bahaya bgt kalo licin dan banjir di dalam kereta apalagi bogor kota hujan,Keamanan
@CommuterLine min satpam nya dong tolong lebih sopan dan peka.,Pelayanan
@CommuterLine Min jadwal krl arah bogor jam 15.00-16.00 tambahin donk selama puasa jaraknya jauh2 banget adapun cm 8 dan 10 gerbong .penumpang banyak yg jam pulangnya maju selama puasa jd padet banget di kereta.,Kepadatan
@CommuterLine jika ada yang menginlnjak kotoran hewan lalu tetap masuk di kereta sehingga 1 kereta bau tidak enak bagaimana min? hehe,Kebersihan
@CommuterLine @rvldipreseptya Kalau jalur bogor isinya kebanyakan rangkaian cuma 8 gerbong sementara jalur bogor memiliki penumpang plg banyak APANYA YANG OPTIMAL dan mengutamakan keselamatan kakak? Yg ada pnp makin dipresss kayak pepes / presto yg ada pingsan sakit kurang oksigen. Paham gak?,Keamanan
@CommuterLine masinisnya keknya harus di training lagi cara ngerem kereta deh min udah berapa hari ini ngerem kasar banget bikin penumpang yang diri hampir jatoh terus.,Keamanan
@CommuterLine kereta duri-tangerang selalu penuh sesak kayanya armada harus ditambah deh min. Tiap hari ibu hamil kesulitan masuk &amp; dapet tempat duduk. Udh nunggu jadwal berikutnya tetep aja penuh. Mau gak mau penuh pun maksa masuk. Daripada gak pulang.,Kepadatan
@CommuterLine kenapa sih min line cikarang-angke di bekasi timur hrsnya jam 6:36 tp ini telat mulu perasaan chance nya tepat waktu cuma 1-2 kali seminggu???? Mana jarak sm kereta sblmnya jauh dan lama. Dibenahi dong min.,Keterlambatan
@CommuterLine bisa bisanya kereta jam 7.06 datang jam 7.16 lu ya babi evaluasi gapeka keseleruhan! Bikin telat &amp; penumpukan penumpang aja lu tolol https://t.co/BwruzuBjdC,Kepadatan
@CommuterLine @devivoyy APA YG MAU DI CEK MMG LIN CKR/BKS SETIAP HARI PASTI DELAY.,Keterlambatan
@CommuterLine @jalur5_ Ini risikonya sangat besar peron sempit dan eskalator terus berjalan... bagaimana jika ada yang terjatuh ke rel?,Keamanan
@CommuterLine @KAI121 C ACCESS ERROR TERUS. TANDA2 LIN CKR DELAY SEMUA. MMG PELER KCI DAN KAI.,Pelayanan
@CommuterLine tlng Pak. Kereta cikarang.klu pagi2 tlng jangan berhenti lama lama ya. Klu duduk enk.ini berdiri dr Cibitung ke Matraman stasiun.enk bener dah,Keterlambatan
@CommuterLine min peron 5-6 tanah abang ada kendala kah keretanya lama bgt smpe numpuk,Kepadatan
@CommuterLine WOI GILA BGT HARI INI DELAY SEMUA,Keterlambatan
@CommuterLine Padahal udh sering ada keluhan tp kenapa jadwalnya ga disesuaikan sih min dengan jadwal kereta sebelumnya? Nunggu kereta Nambo selanjutnya itu lama bgt min,Keterlambatan
@CommuterLine MIKIR DONG PAGI DARI ARAH BOGOR UDH TAU PASTI BANYAK PENUMPANG MALAH SELALU 8 GERBONG MULU. GIMANA KERETA GA PENUH SAMPE KAGA BISA DITUTUP. ORANG PUASA KEJEPIT DI KERETA 10 MENIT. DIKIRA GA PENGAP. MIKIR BIKIN KEBIJAKAN TUH. RUGI BGT KALO JALANIN 10/12 GERBONG DARI BOGOR TOLOL!,Keamanan
@CommuterLine Terimakasih atas keterlambatannya. Kita ga chaos koq. Cuma keteken sana sini. @jalur5_ https://t.co/BWl0kskPTA,Kepadatan
@CommuterLine ini ada apa lagi jalur ke Cikarang? 12.20 berangkat telat terus 12.38 ga ada kereta jadwal 12.48 sampe 12.45 belum juga ada kereta sampe Cikarang. Kalo telat kerja di denda siapa yg tanggung jawab?,Keterlambatan
@CommuterLine Cek di web jadwal gak berubah smpe stasiun dibilang petugasnya kereta terlambat blm lgi klo jadwal weekend suka ada jadwal yg mendadak di cancel gk semua yg kerja libur di weekend yah tolong semau2nya ajaa dehh kalian pdhl ngandelin bngt KRL buat kerja,Keterlambatan
@CommuterLine @tanyakanrl Min itu mah mestinya segera diperbaiki bukan sekedar jd evaluasi kedepannya karena bahaya. Masa iya masih dievaluasi aja. Nunggu ada yg celaka parah dulu?!,Keamanan
@CommuterLine @heenamiluv_ min tetangga saya habis pulang dari krl kecopetan 2 hp sekaligus.,Keamanan
@CommuterLine @Chachazzs Tapi emang bener kuk krl kota tu makin siang makin penuh. Aku stuju bgt sey klo jurusan tnh abang dan kota beda kaya dulu. Klo mau ke sudirman/tanah abang skrg perjuangan bgt transitnya dan dedempetannya blm lagii klo ada pelecehan huft ~,Keamanan
@CommuterLine Ya beginilah kerja pns asal2an ga takut di pecat. Mau kerja bobrok jg santai. Pdhl kary swasta yg pake layanan ini hrs menghadapi konsekuensi di PECAT!!!,Pelayanan
@CommuterLine min mau info aja kalo KRL dgn nomor yg tertera di foto tuh pagi ini ga enak bgt cara ngerem nya. jujur ini penuh bgt bgt &amp; cara ngerem nya aja gaenak sampe ngeluarin bau rem (tau kan ya min?). Ini keluhan dari saya sbg pengguna KRL dari 10 tahun lalu. https://t.co/A3F5sKFxPa,Keamanan
@CommuterLine Kereta tertahan di st tn abang sudah 35 menit. Kereta arah serpong.,Keterlambatan
@CommuterLine saya sudah sampai klender dari jam 07.08 sampai sekarang kereta dari bekasi gaada yang dateng gimana min udah telat nih,Keterlambatan
@CommuterLine min mohon info dong kenapa ngaret,Keterlambatan
@CommuterLine tolong dong security di stasiun transit terutama duri bisa lebih tegas klo ada yg nyelonong lewat kiri ga ikut barisan untuk pindah dari peron 5 ke peron 2. Kasian orang yang udh tertib baris liat di kiri banyak yg nyelonong lewat jalur sebaliknya.,Pelayanan
@CommuterLine Udah turun min udah dipanggil bahkan dicolek bapak2... Tapi tetep Weh molor... Mungkin mati suri nyampe stasiun tujuan dia bangun. Besok2 GERCEP min sekarang saya udah sampai. Petugasnya kok pada ilang2an,Pelayanan
@CommuterLine tolong donk evaluasi jadwal kereta rangkas-Tnh Abg khususnya pagi hari. Usul: 1. Ada keberangkatan dr sudimara supaya gak numpuk. 2. Tmbhin frekuensi keberangkat dr serpong dan parung pjg. sebelumnya 1x/jam jadi 2-3x/ jam. 3. Tmbah gerbong kereta dari 10 jd 12.thx,Kepadatan
@CommuterLine tolong dong kalo pagi ada mesin tapout yang rusak di stasiun Palmerah tuh security nya bantu buat rapihin barisnya ini masih pagi antrian tap out udah nyampe ujung stasiun karena satu mesin buat dua baris. https://t.co/pdnjrRDYtL,Pelayanan
@CommuterLine hobinya emang numpuk penumpang di satu stasiun ya min? Payah boo.,Kepadatan
@CommuterLine kak tolong dong jpo stasiun palmerah arah dari pasar palmerah udah parah itu bolongnya bahaya tolong di follow ke instansi terkait https://t.co/o9XZomphw8,Keamanan
@CommuterLine plis banget lah masa bisa-bisanya lagi rush hour line Bekasi-Kampung Bandan dibikin 10-15 menit jedanya. sekali kereta lewat isinya udah full orang gabisa masuk. nunggu kereta selanjutnya kurang lebih 15 menit.,Kepadatan
@CommuterLine Iya min tolong lah please banget ini setelah jam 16 jadwalnya jangan setengah jam sekali ke cikarang sumpah sesek banget di gerbong. lagi hamil bikin kontraksi mulu,Keamanan
@CommuterLine Min st manggarai numpuk banget min ke arah bogor tolong min di tambah feeder nya biar bisa agak manusiawi udah kukorbankan tas kerja ini 3x min udah kaya pepes berebut sembako gratis nih kurasa,Kepadatan
@CommuterLine ini mana solusinya? Udh sejam ini mau sampai kapan kretanya jalan? Nunggu sampai kreta bandaranya jalan? Kita karyawan swasta kerja telat potongan gaji besar ini. Kasih solusi lah. Jangn cuma omongan doang informasi mulu. https://t.co/ZQmSvNVqdy,Keterlambatan
@CommuterLine Stasiun cilebut numpuk tolol. Manajemen ga bisa mikir?,Kepadatan
@CommuterLine min bisa ga sih iklan di dalem krl gausah kenceng2 volumenya? wkwkwk kadang gw kaget dan pusinggggg. Informasi dari CS nya malah ga kedengeran ketutup sama suara iklannya,Pelayanan
@CommuterLine min tolonglah udah kejepit gini orang udah pada mau pingsan masih ditahan di stasiun juga? Yang dibahas di announcement masalah pelecehan terus yang mau pada pingsan gimana? https://t.co/5M75W94sOp,Keamanan
@CommuterLine Cuma di hari tertentu ya min? kemarin hari Jum'at engga deh. Tolong dong di perbaiki flownya. Buat apa ada jadwal kalo telat telat terus. Senin kemarin udah sabar ya telat karena kereta bawa batu atau apalah itu,Keterlambatan
@CommuterLine Manggarai min arah Cikarang itu terakhir set 7 adalagi jam 7.. jadi yg dari kota pada numpuk di mgr. pas keretanya dateng jadi terlalu crowded karena terlalu lama penumpukan penumpang,Kepadatan
@commuterline jancuk ngaret lagi keretanya jadwal kaga ada yg bener kacau sistemnya!!!,Keterlambatan
@CommuterLine @KAI121 min temen saya kehilangan helm udh lapor lengkap jelas jadwal jenis kereta jam tempat duduk foto bendanya literally lengkap tapi kok bisa gak ketemu ya? Kok bisa kaya gtu? Apakah ada pencurian di kereta? Tolong min arahannya,Keamanan
@CommuterLine ini lagi padet jam sgini jadwalnya jarang-jarang? Yasalam..demen banget numpuk penumpang,Kepadatan
@CommuterLine Udah telat min delay parah ketinggalan dari kereta durinya mana jdwal msuknya juga lama banget ya Allah,Keterlambatan
@CommuterLine Jadi tadi ada masalah apa sehingga jadwal tidak seperti biasanya dan delay sangat lama?,Keterlambatan
@CommuterLine Sesuai bagi kalian itu pasti delay ya? Lihat jadwal sama aktual kenapa beda 10 menit. Ga pernah ngecek?,Keterlambatan
@CommuterLine @samuel_glenn @JalurSerpong @jalur5_ Katanya keselamatan pelanggan jadi prioritas mana buktinya ???. Atau slogannya hanya utk di dalam KRL aja di luar masa bodo.,Keamanan
@CommuterLine min ini kereta kp. bandan - bekasi lama bgt sih udah setengah jam lebih di tanah abang numpuk nih,Kepadatan
@CommuterLine min ini penumpang di stasiun kalibata arah bogor numpuk bgt penumpang. Ada gangguan apa?,Kepadatan
@CommuterLine ini kenapa ya angke/kampung bandan via manggarai udh setengah jam gaada keberangkatan selanjutnya di st bekasi? udh numpuk. tolong perbaiki lg dong jam jam keberangkatannya. jangan sampe dr krl 1 ke krl lain perbedaannya sampe setengah jam begini.,Kepadatan
@CommuterLine Gapeka 2025 adalah Gapeka paling sampah - Jalur 2 stasiun duri numpuk - 4x kereta masuk di jalur 1 arah angke berbanding 1x kereta masuk di jalur 2 arah manggarai - 1 kereta arah manggarai harus mengangkut penumpang dari 2 kereta tangerang Ga masuk akal banget,Kepadatan
@CommuterLine Kurang min serius ini sampai sering banget numpuk di Tanah Abang yang mau turun di Kampung Bandan - Kemayoran.,Kepadatan
@CommuterLine @PernebangRoket Min st bekasi kan buat tempat turun KAJJ klo bawa koper trun naik tangga manual lmyn loh min...eskalator turun membantu jg lo min buat lansia/ibu hamil/ibu bawa balita,Pelayanan
@CommuterLine Min tolong di bantu untuk pohon di st bekasi timur arah keluar pejalan kaki sangat mengganggu karna mendoyong kebawah yg buat orang sulit buat dilalui dan musim hujan begini takut ranting pada jatuh. Terima kasih https://t.co/NwoIg0znoV,Keamanan
@CommuterLine KAI oh KAI tolong ya jgn banyak alasan tolong dong pelayanannya diperbaikin lagi masa ke Bekasi dr bogor makan waktu 2-3 jam kalah sama naik mobil sudah begitu berdesak desakkan lagi hahahaa lucu dan cape juga Mau untung gede tapi pelayanan kagak baik alias buruk,Pelayanan
@CommuterLine KA 2030 THB-PRP tolong petugasnya tertibin ini satu keluarga dengan banyak anak kecil udah berisik dan bikin ribut dari sejak Tanah Abang,Pelayanan
@CommuterLine Hari ini 17 Desember 25 jam 8 pagi KRL baru datang di pondok ranji setelah nunggu 25 menit dari jam 7.35.....lain kali kalo lama datangnya di info dong biar kita ga telat ke kantor dan bisa cari alternatip angkutan lain,Keterlambatan
@CommuterLine @nunungahniar lah itu terus napa satpamnya nuntun Di tangga? apakah SOP untuk layanan bantuan lansia kurang tersampaikan dengan baik ke semua petugas wtau gimana nih?,Pelayanan
@CommuterLine Min tolong dong kalo ada pengecekan kereta dilakuinnya jauh-jauh dari jadwal. Di depok udah numpuk gara-gara kereta yang harusnya 07.12 blm tersedia.,Kepadatan
@CommuterLine Ngurus jadwal kereta aja gak becus mana telat mulu ini ngurus pegawai jg gak becus perusahaan lo becus dmnnya sik,Pelayanan
@CommuterLine pelayanan yg sangat buruk dan lambat sudah stuck hampir 30 menit di jatinegara,Keterlambatan
@CommuterLine bikin dongkol banget sumpah. Telatnya banyak banget krn lama ketahan masuk jatinegara. Bikin ketinggalan kereta di transit terus. Percuma ngejar jadwal naik ojek. https://t.co/J75b3ouWz0,Keterlambatan
@CommuterLine min kereta Cikarang terlambat berangkat nih ada info ga ?,Keterlambatan
@CommuterLine Baru tiba di Bekasi stasiun Cikarang ada kirain mau nunggu penumpang yang baru turun kereta tujuan akhir Bekasi. Saya lari nyampe tangga dia jalan maksudnya apa? Ngeledek kami ya? Petugasnya bilang telah tersedia tujuan Cikarang tapi malah ditinggal,Pelayanan
@CommuterLine min yg kerja hari ini banyak loh tp knp kereta nya lama bgt nunggunya. Jd numpuk. Lokasi di st lenteng https://t.co/CiWTg2Cimw,Kepadatan
@CommuterLine pagi ini kereta tujuan thb kaco bgt yaa harusnya ada kereta di jam 6.47 tapi kereta dr rangkas dtg di jam 6.57 alhasil penumpang numpuk distasiun semenjak perubahan gapeka malah jadwal jdi kaco saya jadi harus telat mulu hampir setiap hari,Keterlambatan
@CommuterLine : coba ditempatkan bpk security di stasiun sudirman depan pos kesehatan. bnyk yg merokok elektrik.. https://t.co/VhtP1rINh9,Keamanan
@CommuterLine kereta Bogor-Jakarta Kota no 1152 kenapa ya kok agak lama jalannya tiap pintu kereta kebuka tuh ada beberapa kali nunggu dibuka tutup. Tadi jg pas di UI sampe diworo2 petugas stasiun 2 kali buat dibolehin berangkat tapi ga jalan2,Keterlambatan
@CommuterLine min eskalator stasiun manggarai sebelah kiri yg buat naik ke peron atas arah bogor bau poop kucing dah. Kirain sepatu orang tapi udah dari kmrn masih sama tuh.,Kebersihan
@CommuterLine min coba cek stasiun serpong setiap berenti bau selokan,Kebersihan
@CommuterLine Min tolong sosialisasi lagi sama security jangan hanya pasif. Tolong lebih responsif ditempat yg ramai. Kyk tadi di sudimara malah nongkrong di peron ke tn abang yg sepi. Peron ramai mlh kosong. Jadinya pada ga teratur. Ga pada mau kasih jalan utk yg turun!,Pelayanan
@CommuterLine Ini tuh wilayah wewenangnya siapa sih KAI apa Pemkot? Kenapa dibiarin jualan begini? Jadi susah jalan jorok berisik rawan copet dll. https://t.co/H1nFtUHZ0H,Keamanan
@CommuterLine 1011B kenapa delay parah? Ga becus atur waktu apa gimana? Ganti sama AI aja kalo pada ga bisa kerja.,Keterlambatan
@CommuterLine Gila si ini kreta numpuk smua orangnya yg gangguannya dimana yg kena ke yg ke kota bener bener ga ada celah naik sama sekali,Kepadatan
@CommuterLine kalau lo mau tes kereta pilih jam manusiawi lah udah malem orang pada mau buru2 plg jd pada ketahan karna nunggu tes kereta kocak,Keterlambatan
@CommuterLine WOY TOLOL!!! INI KERETA ARAH BKS/CKR KAPAN DATENGNYA SIK? UDH MENUMOUK BGT NIH DI JALUR 2!!! MALAH SURUH NUNGGU KERETA BANDARA LAGI. MIKIR DONGGG!!!,Kepadatan
@CommuterLine slmt mlm min mohon perhatiannya u/ tempat sholat di St. UI kebersihannya kurang terjaga bau&amp;kotor terutama ditempat wudhu wanita.Klo bisa tiap hari dibersihkan.Alas kakinya ditambah lg min biar gak mlesetin orang yg mau keluar masuk.Keset kakinya ditambah lg trims https://t.co/4m6gew9fxS,Kebersihan
@CommuterLine kereta arah tanah abang dr manggarai lama nunggunya transit tanah abang jg kocak masih selisih waktu kereta barang wkwk,Keterlambatan
@CommuterLine Terlanjur. Udh telat. KAI tau ga si aku berangkat dr sebelum adzan subuh buat ngejar kereta jam 5.05. Gataunya ga ada. Sad,Keterlambatan
@CommuterLine @chocodery ye si anjink ini yg bikin tadi pagi blue line chaos? anjink lah jeda 30 menit di klender kagak ada yg ngarah ke sudirman alhasil numpuk pas di sudirman sempet2nya ngeliat orang berantem pulak karna turun kereta aja chaos knp si? kajj telat ye njink malah ngerembet kemana2,Keamanan
@CommuterLine TOLONG DIPERCEPAT! KRL JKT-BOGOR TERTAHAN SEBELUM PASAR MINGGU. HAWA DALAM KERETA MULAI PANAS! https://t.co/kSYEZJf4sF,Pelayanan
@CommuterLine halo Min bisa ga ya supaya jam operasional pulang &amp; pergi kerja terutama sekitar jam 17.30-19.30 ga 8 gerbong terus untuk tujuan jakarta kota-Bogor bener2 ini beberapa minggu terakhir selalu 8 gerbong terus dan sangat padat gak karuan dr manggarai!,Kepadatan
@CommuterLine Udah tau min.. pertanyaannya .. kenapa gk jalan2 tuh kereta? Ngetem di angke padahal udh numpuk penumpang di tn abang,Kepadatan
@CommuterLine kereta 1987 yg seharusnya pemberangkatan jam 5.20 sampai jam 5.42 belum juga berangkat. Delay lebih dari 20 menit...ada apa kah gerangan min??? https://t.co/1QeZkLdg0k,Keterlambatan
@CommuterLine tiap berenti st tebet gerbong langsung bau jengkol,Kebersihan
@CommuterLine Kereta manggarai bekasi cikarang lama ya min di st sudirman. Penumpang numpuk ‍,Keterlambatan
@CommuterLine Maaf kak tapi gak selama itu delay nya . Hampir 25 mnt delay ‍️ dari jam 12.45 dan jam 13.10 kereta baru sampe stasiun bks . Semoga kedepan nya bisa lebih baik lagi system &amp; ketepatan waktu nya Karena kami pilih naik kereta spy bisa hemat waktu bukan membuang waktu ..,Keterlambatan
@CommuterLine @museum_mandiri Hallo kak ini kereta tertahan di Stasiun Cicayur kenapa yah kata nya ada gangguan Operasional tapi kagak di kasih tahu apa gangguan nya. Berita nya juga kagak ada nih di X,Keterlambatan
@CommuterLine stasiun tambun lagi kekurangan security kah?. Penyebrangan ke peron 4 gak ada yg jaga sama sekali. Cuma yg di ujung doang 1 org. Pas penumpang naik ke peron 4 securitynya ngamuk2 katanya jgn naik. Ada kereta langsung. Lah mana tau org gk ada yg jaga. Bahaya nih.,Keamanan
@CommuterLine min tolong dong kursi kursi yg ada di krl rangkas line tuh dibersihin sampe kedalemnya sbnrnya ga baru pertama kali sy lihat kecoa kecil jalan di dalam kereta tp kali ini sy ngeliat kecoa kecilnya berkerumun di pojokan kursi krl..,Kebersihan
@CommuterLine MIN INI KPN KERETA BERIKUTNYA??!! LAMA BANGET SIK...BIKIN JADWAL YG JELAS KEK. JNG KEJAUHAN JARAKNYA. UDAH MULAI NUMPUK NIH PENUMPANGNYA. TOLOL!!!,Kepadatan
@CommuterLine @KAI121 help min boleh ya min dibantu bersihkan gerbong secara menyeluruh kecoa kecil keluar dari lubang lubang bawah kursi https://t.co/z0be9xxzSd,Kebersihan
@CommuterLine kocak bgt lu. Orang baru mulai hari udah dibikin bete karena telat. Di stasiun Bekasi kereta harusnya jalan jam 07.49 lah ini baru sampe 07.50,Keterlambatan
@CommuterLine KRL parung panjang-tn abang naik dari jurang mangu pk 07.07 gerbong ke-2 ACMATI angin panas. pengap sekali gak ada udara kereta pun sangat penuh. seperti penyiksaan ruang hampa udara ya bebku. tolong di periksa &amp; dicek &amp; dibenerin kali ya. https://t.co/Xc70ilaHrA,Pelayanan
@CommuterLine kenapa sih jadwal lu di aplikasi kaga sesuai ama keadaan di lapangan? Udah pake transit nunggu lama. Masih aja kereta ga sesuai jadwal. Benerin lah SDMnya. Kesel banget sejak dipindah transit ngaret mulu arah tanah abang!!,Keterlambatan
@CommuterLine gausah kesian ntar petugasnya kena SP.. bilangin aja supaya lebih rajin mondar mandir petugasnya jgn stay trus di 1 gerbong.. makasih,Pelayanan
@CommuterLine banyak-banyakin kereta bogor pls capeee nunggu set jam mulu,Keterlambatan
@CommuterLine saran bos klo buat jadwal yg akurat apalagi yg jurusan cikarang orang2 dah pada numpuk kek nonton slank tpi krl belum dateng2,Kepadatan
@CommuterLine Atuhlah udah mah rangkaian dikurangin jadwal berantakan ada gangguan pula numpuk dah ini sudirman,Kepadatan
@CommuterLine Ka kalo tiap laporan ditanya no kereta gerbong berapa ya ga hafal ka kan gue bukan petugas Commuter,Pelayanan
@CommuterLine .... anyway bisa gk sih min di rush hour tuh kereta rangkaiannya jangan 8 terus ?? Terus tuh ACnya :( di dalem dah sesek gak ada oksigen pula,Keamanan
@CommuterLine delay semua jadwalnya ga sesuai aplikasi,Keterlambatan
@CommuterLine Terima kasih masih suka gangguan! Eskalator masih suka rusak! Petugas yang kurang informatif! Satpam judes-judes! Semangat!,Pelayanan
@CommuterLine Ini bukannya selisihnya waktu kal selisih waktu kaga sampe diilangin dari reel time KCI Acces yg bodo siapa sich cuma sehari aja benernya @KAI121 tegurlah PT KCI https://t.co/t5oPJgD7Km,Pelayanan
@CommuterLine Min mending jadwal kereta dhoho dirubah dari malang -waru ga usah ditulis smpe waru jam 22.01 Udh sebulan ini ga pernah on time Balik ke jaman dlu nih Kereta api ngaret,Keterlambatan
@CommuterLine @sahabatAshley Gimana cara ngawasin sepatu di luar min kan orangnya lagi solat yang bener aja dong kalo ngejawabin komplen. Ini sama aja kayak kejadian kemalingan di kereta jarak jauh yang viral beberapa hari lalu. Buat minta akses cctv pake prosedur ribet. Keburu terbang tuh maling,Keamanan
@CommuterLine min di KA4312 gerbong perempuan paling depan ada yg bawa sesuatu beraroma durian sangat menyengat sekali. Bukannya hal tsb dilarang ya? Saya alergi bau durian jd sampai sesak nafas krn hal tsb,Kebersihan
@CommuterLine @txtdrbekasi @PernebangRoket @KAI121 sumpah dah itu eskalator dah mo akhir tahun masih perbaikan mulu eh tp kpn perbaikannya ya proses mulu ko ga ada petugas nya yg kerja kerja jam brp tuh teknisi Goroh bae dah lu ga danta kerjanya..,Pelayanan
@CommuterLine Sbnrnya kan kalian hrsnya tau jam rawan itu jam berangkat dan pulang kerja knp di jam rawan malah ga ada penambahan kereta? Kalian udh bs prediksi dong kl lama akan jd penumpukan kl gt akhirnya chaos gbs diatur :),Kepadatan
@CommuterLine @balabalahaneud Please tolong diubah jadwal dijam 6.40an smpe jam 7an dr sf8nya menjadi sf10/sf12. Didalam kereta sudah overload dan penumpang mau naik juga penuh banget. Tolong jadi lebih baik ya,Kepadatan
@CommuterLine Min ini kereta di palmerah ketahan berapa lama ya?,Keterlambatan
@CommuterLine kereta berentinya lama bgt di palmerah .,Keterlambatan
@CommuterLine itu kereta barang ga bisa jalan malam min? udah di jam sibuk hari senin pulak. delay tanpa delay udah sesak ga karuan ini tambah delay. lagi mancing emosi apa gmn sih? @prabowo @gibran_tweet,Kepadatan
@CommuterLine punten admin kenapa kalo udah siang gini kereta arah tanah abang jaraknya jauh2 bgt bisa sampe waktu tunggu 20 menit? masa kita di manggarai nunggu kereta tanah abang yg masih dari kranji,Keterlambatan
@CommuterLine info dong kenapa kereta Cikarang - Angke via Manggarai ngaret nya 10 menit lebih yg harusnya 5.46 baru dtg 6.02,Keterlambatan
@CommuterLine @fitrahaslam_ @txtdrjkt Kalo perlu semua gerbong dijaga security biar gada kejadian ky gini. Kereta gerbongnya banyak penumpang padet security cm sedikit. Mau sampe kpn dpt laporan pelecehan seksual terus. Kita jadi merasa ga aman loh setiap naik KRL,Keamanan
@CommuterLine halo min mohon infonya kenapa kereta tangerang - duri sekarang ketahan di batu ceper?,Keterlambatan
@CommuterLine dear admin minta tolong dong di tmpt parkir baik motor atau mobil di stasiun cikarang. Ada petugas yang jaga / standby. Saya bawa motor mau parkirin. Susah banget buat minta tolong. Tidak ada orang satupun yang jaga atau standby. Saya harus angkat angkat kesusahan,Pelayanan
@CommuterLine pls kereta penataran lagi delay ya? yang ke arah surabaya?? sampe jam berapa ya?,Keterlambatan
@CommuterLine kenapa si kereta tujuan bekasi lama bgt. delaynya sampe 30 menit. kacau bgt,Keterlambatan
@CommuterLine Hari ini telatnya luar biasa sih 5509 kranji sampe ngambil jadwal kereta setelahnya. Terus berharap penumpang ga numpuk? Benerin dulu tuh jadwal ga usah muluk minta kereta baru klo jadwal skrg aja ga pernah bener Cc: @annepurba @jalur5_,Kepadatan
@CommuterLine min gapeka kok malah ngilangin kereta di rush hour si dari arah cikarang? pagi2 nunggu kereta di tambun arah kampung bandan sampe setengah jam sendiri,Keterlambatan
@CommuterLine Ditinggal kereta rangkas-merak karena kereta yg ke rangkas telat,Keterlambatan
@CommuterLine ini gimana ceritanya CL ditahan2 di depok lama bgt bisa2nya yg balik depo diduluin udh 3 kereta yg balik depo lho ini,Keterlambatan
@CommuterLine Saya pelanggan kereta api tiap hari ini bogor manggarai tapi kalo ngetem di manggarai itu lama bener penumpang sampai penuh... Sangat tidak nyaman sekali . Kenapa harus lama sekali ngetem nya,Kepadatan
@CommuterLine peron 5&amp;6 jadi ga ramah prioritas jd penuh kek perkumpulan zombi dikaji ulang dong,Kepadatan
@CommuterLine gak sekali dua kali selalu ada kecoa.. ini ga pernah di pest control atau gimana ya? Tau sih krl transportasi murah tapi kan kalo ada bayi kecoa kaya gini berarti ada indukannya jorok jadinya kasian yg ibu hamil atau prioritas duduk jd ga tenang https://t.co/YCYvtEFQyK,Kebersihan
@CommuterLine krl bekasi via manggarai kok delay yaa min....,Keterlambatan
@CommuterLine pagi min kereta menuju Manggarai di tn.abg kenapa lama sekali datangnya ya? Udah ditunggu lama malah kereta lain yg dateng. Sampe numpuk di peron. Udah nunggu hampir 30menit masih blm bs naik kereta. https://t.co/W3mUpSS2rT,Kepadatan
@CommuterLine serpong adalah stasiun dengan bau busuk,Kebersihan
@CommuterLine Kereta 5.15 dari st. Metland telaga murni selalu telat terus ya Min. Baru nyampe di st. Metland 5.20.,Keterlambatan
@CommuterLine ga ngerti lagi toilet stasiun cikarang bener2 bau &amp; kotor sekali. Dulu juga gtu.. kirain udah ga kotor. Ternyata masih. Beda sama stasiun2 lain yg toiletnya super bersih. Bagi para penumpang jg harusnya belajar antri dan menggunakan tissue toilet secukupnya,Kebersihan
@CommuterLine maaf ini mah pengelola stasiun cikini tolong suruh sedot wc. Agak jyjyk pagi-pagi lewat stasiun bau kotoran ternyata ada petugas kebersihan lagi ngaduk spiteng yang udah full . Kasian kita lewat aja kebauan apalagi petugasnya,Kebersihan
@CommuterLine thanks min @CommuterLine untuk responnya. kalo berdasar cerita dari suami karna keadaan sudah crowded bgt naik tangga dan udah shock kali ya krn baru sekali ini ngalamin begini jd ga sempet lapor ke petugas. lagian juga pasti ga bakal ketauan juga oknumnya krn se crowded itu,Kepadatan
@commuterline min ada gangguan kah? Nunggu kereta Manggarai -Duri udah lebih dari setengah jam gak dateng2. Ke Bekasi mah udah lewat beberapa kali. Bls gpl,Keterlambatan
@CommuterLine @KAI121 @kemenhub151 5527 sudah delay 3 menit harusnya 08.14 berangkat bekasi. Sudah 08.17 masih belun berangkat bekasi. Makin bodo saja KCI ini.,Keterlambatan
@CommuterLine kenapa delay 10 menit di setiap stasiun dari cisauk?,Keterlambatan
@CommuterLine min tambahin relasi angke-bekasi dong kalo jam pulang kerja. Ini udah 2x cuma sampe manggarai 2x kereta cepat. Lama bgt yg ke bekasiii.,Keterlambatan
@CommuterLine min kalo weeknd emang kerenya dikurangin yak. Aku nunggu kereta bogor dah hampir 20 menit,Keterlambatan
@CommuterLine Mana petugasnya ngang ngong ngang pas ditanya bukannya kasih solusi. Yg ga biasa naik krl alamat nungguin ga jelas pdhl bisa dikasih opsi lain ke statsiun yg beroperasi. Sialan,Pelayanan
@CommuterLine Sampe sekarang masih delay...lama bangettt biasa 23.01 bogor ini 23.21 apaann gapeka ga jelas,Keterlambatan
@CommuterLine petugasnya coba dievaluasi lg min beliau loh yg ngasih peringatannnnn hehehe,Pelayanan
@CommuterLine Pas banget naik rangkaayan yg pertama kena delay,Keterlambatan
@CommuterLine min kereta ke Bogor SF8 berangkat sekitar jam 18.00an dari Cawang nomor body 6106 (1338B cmiiw) sering rem mendadak waktu mau masuk stasiun. Tolong cek setelan remnya bahaya banyak yg mau jatuh di dalam. Tadi sudah lapor asisten masinis pas turun terima kasih,Keamanan
@CommuterLine @KAI121 KA nomor 1746 tujuan Tanah Abang - Tigaraksa seharusnya sesuai jadwal sampai Stasiun Cicayur pukul 17.21 NAMUN KENYATAAN NYA DELAY SELAMA 19 MENIT DENGAN ALASAN GANGGUAN PERSINYALAN Sehingga baru sampai Stasiun Cicayur pukul 17.40,Keterlambatan
@CommuterLine hri ini sedikit kurang nyaman ya keretanya itu datengnya lama banget jadi penumpang numpuk di stasiun sekalinya ada rangkainnya pendek penumpang jadi berebut masuk jadi desek²an anak kecil sampe kejepit di dalem kereta mau berdiri tegak aja susah padahal udh malem,Keamanan
@CommuterLine Dear krl please kaji ulang jadwal operasional KA jarak jauh di jam rush hour. Tanpa ada tambahan KAJJ kita pengguna krl setiap hari udah molor jam tibanya 10-30 menit ini nambah lagi,Pelayanan
@CommuterLine Tolong benerin AC KRL. Udah lama saya ga naik krl akhir2 ini baru naik KRL selalu panas banget dan berasa gada oksigen,Keamanan
@CommuterLine KA 6013 telaat nih delay 10 menit juga kan lama,Keterlambatan
@CommuterLine min tolong banget dong Rute jatinegara - angke via Manggarai ditambahin Nangis banget ketinggalan kereta mulu nunggu kereta berikutnya bisa 30 menit,Keterlambatan
@CommuterLine Eskalator Palmerah kapan jadi ya. Lama sekali perbaikan nya. Apakah setelah KAI g mampu buat perencanaan inventory spare part. Kalo rusak baru beli. Atau karena pegawai KAI ga terlalu butuh eskalator jadi ga perlu cepat2 di perbaiki,Pelayanan
@CommuterLine Tiap senin greenline jadwal kereta nya ngaret,Keterlambatan
@CommuterLine Gak nunggu dari jam 5 kurang lagi keretanya di stasiun parung panjang? Serem tadi pada berebut masuk di peron jadinya,Kepadatan
@CommuterLine knpa ya kereta yg dari kp. Bandan - jakarta kota yg jam 17.12 nyampe kotanya ngaret mulu udah semingguan gitu mulu,Keterlambatan
@CommuterLine Security atas nama riwansyah Tolong beradap sedikit dan optimalkan kinerja untuk bekerja Saya cape pulang kerja Lagi istirahat malah di tegur dan di tuduh yg ngga2,Pelayanan
@CommuterLine min ini knp sih kereta tujuan tigaraksa di tanah abang lama banget dari jam 7.19 loh saya di peron 5/6 ga masuk masuk nih kereta ngejonggrog aja di utara! telat ngantor nih jadinya!,Keterlambatan
@CommuterLine commuter greenline apa lagi delay kah? 1647F serpong baru masuk Rawabuntu 7.25.,Keterlambatan
@CommuterLine Ini malah kata security nya sudah lapor dan ternyata 5 gerbong depan mati 5 gerbong belakang nyala. Baru bisa di cek di stasiun akhir. Iyakali selama perjalanan sampe stasiun akhir panas2an begini??? Emg sebelum jalan gak di cek kesiapan keretanya?,Pelayanan
@CommuterLine kenapa sih kalo sore pulang kerja. Kereta dr bekasi via senen lama banget waktu nunggunya hampir 60 menit... Gimana pelayanannya makin bobrok aja!!!,Keterlambatan
@CommuterLine BAU SAMPAH DI STASIUN SERPONG BUSET DAH MIN...TEGA BANGET LUU PADA..,Kebersihan
@CommuterLine jalur green line kacau bgt min parahhh kereta sering telat jadwal juga kacau di tanah abang juga di pindah2 mulu dari 5 ke 6 parah bgt sii,Pelayanan
@CommuterLine @KAI121 bukti kebodoan KCI 5132 berangkat dulu tapi yg tiba bekasi 4078 duluan 5132 masih ditahan disinyal masuk bekasi. Mmg bodo management KCI. https://t.co/HbUVfUqmXy,Pelayanan
@CommuterLine @pansaurs mang serem banget gila sekarang tu. @CommuterLine tolong dong di max penumpang kaya jaman covid making kesini makin ga kondusif minggu kemarin naik krl itu penuh banget jurusan tanah abang - rangkas belitung kanan kiri depan belakang cowo makin tinggi resiko pelecehan tau.,Keamanan
@CommuterLine stasiun bojong gede bau,Kebersihan
@CommuterLine cisauk numpuk banged. Greenline ada masalahkah keretanya?,Kepadatan
@CommuterLine yg TEGAS dong kalo ada yg buat kericuhan langsung SIGAP TURUNIN. Bener ini bisa jadi modus copet manfaatin keadaan. @txttransportasi @jalur5_,Keamanan
@CommuterLine nih efek kreta yg dtg nya lama2 bgt numpuk2 deh penumpang.. yakali harus maksa msuk kayak pepes. Duh yg bener dong klo ngatur jadwal. Di ubah bukannya lebih baik malah jauh lebih buruk. https://t.co/cj6Z4jBnOY,Kepadatan
@CommuterLine kereta lumayan lama ketahan di depok baru.. ada gangguan kah?,Keterlambatan
@CommuterLine apa ga ada plan B pak klo eskalator 1 rusak? Ini numpuk semua di 1 pintu https://t.co/1vLbl7cVIj,Kepadatan
@CommuterLine Telat 15 menit aja dari jadwal :-),Keterlambatan
@CommuterLine nah kursi lain sudah diminta baik-baik tapi gak mau bangun gimana? malah disuruh ke kursi prioritas aja. maka dari itu seperti diawal saya bilang setidaknya perlu 1 security untuk jaga-jaga. karena dari awal saya naik sampe sekarang tidak ada security yang mobile di peron wanita,Pelayanan
@CommuterLine 5080 telat nya jauh sekali https://t.co/yHs9JBdSSj,Keterlambatan
@CommuterLine kenapa gak ada kereta ke jkt kota? Udah 15 menit nunggu di st cilebut ini dikira orang gak ada yang kerja weekend kali.,Pelayanan
@CommuterLine pengguna commuter line tolong dong kalo habis makan di stasiun sampahnya dibuang sendiri. Ini lokasinya di Stasiun Kebayoran di bawah kursi sebelah kursi persis tempat sampah. Semalas itu kah kalian? https://t.co/NmrT5ORcSu,Kebersihan
@CommuterLine HEH KAMPRET REVISI SKRG JADWAL BARU SAMPAH LU ITU BRENGSEKKKKK. DARI JAM 7:00 KE 7:17 ITU LAMA SETAN JADI NUMPUK DI BEKASI TIMUR SEMUA ORANG MAKSA MASUK KERETA LU NGOTAK LAH ANJING?!?!?!?!,Kepadatan
@CommuterLine JAM SEGINI MASIH NUNGGU KERETA KE BEKASI DARI STASIUN DURI SETELAH DITAHAN 1 JAM DI GROGIL-TANAH ABANG BRGKT JAM SET 10 AN. ADA APAAN SIH?,Keterlambatan
@CommuterLine Kalo sama penumpang lain galakan mereka min. Jadi memang Security yg harus negur. Saya pengguna harian CL dan kadang naik di weekend/libur nasional. Petugas di hari libur cenderung abai kepada penumpang seperti ini,Pelayanan
@CommuterLine Kereta selalu penuh emang bisa nyatet2 beginian pas di dalem kereta? ngeluarin hape aja ga bisa Kereta pagi jam 8an lupa gerbong berapa. Kereta malem jam 7an juga. Atau coba dicekin ajalah sendiri mana yg gerbong keretanya berpolusi suara. Iklannya kenceng pol.,Kepadatan
@CommuterLine min tolong dong untuk rute Duri - Tangerang di jam-jam krusial padat pulang kerja seperti sekarang ditambah gerbongnya. Masa iya cuma 8 gerbong saja jam pulang kerja???,Pelayanan
@CommuterLine JADWAL KERETA KE DELAY MULU BABI! YANG BENER KEK,Keterlambatan
@CommuterLine @kai Dan terjadi lagi jadwal krl menuju tanah abang harunsy jm 8:02 tp tak kunjung tiba..alhasil penumpukkan penumpang yg transit. Terus nti turun sudirman yang makin crowded dan sangat membahayakan penumpang.,Keterlambatan
@CommuterLine min satpam sudimara jutek deh suruh ramah² dong,Pelayanan
@CommuterLine masa nunggu kereta aja sejam,Keterlambatan
@CommuterLine kasih pemberitahuan dong kalau delay ini ke tanah abang nunggu smpe 25 mnt,Keterlambatan
@CommuterLine terus besok kayak gitu lagi? mau sampe kapan begitu terus min udah berangkat lebih pagi pun tetep telat ngantor karena kereta delay terus,Keterlambatan
@CommuterLine justru petugasnya gak ada ini aja suara speakernya gakjelas,Pelayanan
@CommuterLine hi estimasi keterlambatan kereta 395 cimekar - cimahi berapa lama ya? Ini udh tekat hampir 30 menit,Keterlambatan
@CommuterLine @Little_secret9 Petugasnya yg rajin ke gerbong gerbong dong bantu mengatur banyak juga petugas gak berani negur penumpang yg masih muda untuk berdiri padahal disitu ada lansia atau yg lebih butuh.,Pelayanan
@CommuterLine amit amit telat mulu gapernah bener jir jadwal kereta lu,Keterlambatan
@CommuterLine kalo pesawat delay 3 jam dapet kompensasi kalo krl dapet apa ya? 3 jam oeey dari angke ke cakung doang!!!,Keterlambatan
@CommuterLine green line nape tiap senin delay jirr? udah 10 menit ini delaynya taik banget emang,Keterlambatan
@CommuterLine min kereta bekasi atau cikarang udah dimana ya? Dimanggarai udah numpuk bentar lg pada jd zombie,Kepadatan
@CommuterLine @goarrrfieeld Paokk kereta arah cikrang ketahan mulu di bekasi jingg mana ketahannya lama bgttt gilaa udah jam brp ini gelooo,Keterlambatan
@CommuterLine tolong kalau buat jadwal yang bener ya liat traffic bukan grafik. masa disuruh nunggu 30 menitan udah gtu pake delay? https://t.co/umJbazE8Hl,Keterlambatan
@CommuterLine menyala green line makin maju makin padat padahal jam segini biasanya ga sebegitunya heuheuu https://t.co/4ldpsgTI4l,Kepadatan
@CommuterLine tlg knp ini kereta yg jur Bekasi dr Kampungbandan lwt kemayoran ga sampe2..? ini udh telat 20 menit dr jadwal seharusnya. Penumpang udh numpuk.,Kepadatan
@CommuterLine Min ini kok makin kacau ya. Tujuan cikarang sore cuma ad 17.11 dan 17.31 untuk jam 17an. Mn hari yg 17.31 ad keterlambatan lg. Smpe bekasi ud kaya zombie. Pd maksain masuk krna jam yg biasa d naikin d hilangkan dan jarak 1 kereta ke kereta lain lama,Kepadatan
@CommuterLine min kapan sih ada perubahan jadwal kereta lagi? Cape asli tiap hari nunggu kereta cikarang jaraknya hampir 45 menit. Kebuang sia2 cuma buat nunggu kereta doang. Tolong dong di evaluasi harusnya jam2 sibuk itu ditambah lg armada krl jurusan cikarang.,Pelayanan
@CommuterLine iya. fix it. Tolong bangetttttttt untuk prioritaskan keselamatan DAN juga kenyamanan penumpang kalian. gimana kalau orang distracted jadi salah turun stasiun ketinggalan barang jatoh. anything can happen so FIX IT,Keamanan
@CommuterLine Minimal lakukan rekayasa min. Ini biar penumpang di duri ke arah manggarai ga numpuk. Sampe skrg aja blm ada kereta di angke gimana ceritanya,Kepadatan
@CommuterLine Penumpang numpuk d stasiun cikarang,Kepadatan
@CommuterLine Iya saya tau tapi krl sebelumnya lebih cepet berangkatnya. Ga sesuai dengan jadwal :)) jadi saya udah persiapkan sesuai estimasi waktu pulang kerja juga jadi kacau min. Tolong perbaiki kembali kedepannya.,Pelayanan
@CommuterLine @catatananakedan Ya lo atur lah waktunya gimna gak bikin org numpuk di satu stasiun,Kepadatan
@CommuterLine iya masalahnya penuh tadi. dibilang juga susah. kl ada petugasnya biasanya lebih nurut dibandingkan cuma lewat sound speaker,Pelayanan
@CommuterLine Tolong di review tangga stasiun jurang mangu. Yg digunakan keramik yg lumayan licin dalam kondisi ramai yang dimana gerak saya terbatas saya hampir kepeleset saat turun. Bahaya sekali krn pasti banyak org yg menggunakan tangga tersebut dalam kondisi terburu buru.,Keamanan
@CommuterLine min ini kok satpamnya gaada ya? Di gerbong wanita ada bapak2 kalo bisa sih tiap gerbong wanita selalu standby security. Biar ga kaya begini https://t.co/mbLRuEt3Iu,Keamanan
@CommuterLine min kenapa bangku nunggu di st jurang mangu udh gaada lagi? malah diganti jdi tempat sampah-_- pdhl itu berguna buat nunggu https://t.co/gXWTN6VJc1,Pelayanan
@CommuterLine ko bisa sampe numpuk 3 kereta mau masuk ke juanda sih min? buset makin kesini makin delay terus rusaaaak https://t.co/KJhT07jbm8,Kepadatan
@CommuterLine @AsdoAr @KAI121 WOI ASDO ST SUDIRMAN NUMPUK KARENA 3 KA MASUK HAMPIR BERSAMAAN 5049 5525 DAN 5051 INI KARENA SEMUA LIN CKR TELAT DAN @AsdoAr SBG DIRUT PT KCI CUMA DUDUK MASIH DIKANTOR DAN TIDAK PEDULI DG PENGGUNA KRL. TELAT PRESTASI BUAT PT KCI DAN @AsdoAr .,Pelayanan
@CommuterLine Tanah bang juga numpuk nih min.,Kepadatan
@CommuterLine Saya sebagai penumpang setelah adanya transit dinmanggarai kacau dorong dorongan saya rasa kalo blm aa insiden dorongan KAI blm ada reaksi ..mending diadakan Jalaur dari Bogor ke tanabang ..karena saya yakin penumpang dari Bogor lebih padat,Keamanan
@CommuterLine gajelas delay lama bgt ke manggarai doang dari sudirman udah 20 menitan lebih buang2 waktu️,Keterlambatan
@CommuterLine @tikilita Oh ini tempat sampah yg dipisah. Tp pd akhirnya petugasnya angkat &amp; pundahin sampah ke dalam 1 tempat ya @CommuterLine,Kebersihan
@CommuterLine @Ki_Dewantoro_84 @Heraloebss Halah. Itu securitynya gak tegas.,Pelayanan
@CommuterLine 5016 telat? 10 gerbong di jadwal orang berangkat kerja? https://t.co/eBQFv9F8jp,Pelayanan
@CommuterLine ga taktis banget dah 1378 Ber CKI digapeka yang kebanyakan kantong waktu aja harusnya 18:03 lah 18:18 masih dipetak CKI-GDD ngaret kok tiap hari,Keterlambatan
@CommuterLine Evaluasi trs tapi nyata kereta dateng telat terus itu gimna yah??? kalian ada kordinir dengan jadwal kereta jarak jauh gak sih???? telatnya udah ga make sense nih jadi bikin numpuk hhhhhh,Keterlambatan
@CommuterLine malem min terowongannya Stasiun Depok banjir miiinnn. Mohon bantu direnovasi dong bahaya licin tiap musim hujan,Keamanan
@CommuterLine Lampu Jembatan penyebrangan st Palmerah arah Senayan pada mati. Gelap n cukup rawan bahaya mohon perhatian,Keamanan
@CommuterLine eh min udah 5.33 nih kaga jalan yg jadwal 5.33 dr st. Bekasi???!! Kmrn on time skrg ngaret lg..ga jelas mih jadwalnya..udh 5.34 malah skrg.,Keterlambatan
@CommuterLine kacau kacau jadwal krl bekasi pagi-pagi ancuuur klo telat ya bilang telat jgn diem aja!!,Pelayanan
@CommuterLine Dimana mana perubahan menuju lebih baik tp perubahan jadwal commuter malah makin parah. Tolong dipertimbangkan lagi terutama kereta pagi. Beneran nyampe kantor udah telat lecek parah pula,Keterlambatan
@CommuterLine info ada apa ya min di kebayoran - palmerah sampe kereta ketahan di sudimara dan ada gangguan operasional?,Keterlambatan
@CommuterLine panic attack karna kereta penuh berhenti lama bgt tp pintu ga kebuka help,Keamanan
@CommuterLine @Adtmstyy Arah bogor dah numpuk di stasiun kalibata.. mana kereta yg dtg 8 gerbong terus.. jarak kereta ke kereta selanjutnya lama banget..,Kepadatan
@CommuterLine kenapa sih orang2 yg gak prioritas gak di usir paksa pas mau naik lift kasian buat yg prioritas sampe rebutan lift dan dorong dorongan kalo satpam cuman teriak2 doang mah gak bakal mau pergi manusianya,Pelayanan
@CommuterLine Waduh tanah abang numpuk min kereta bandara aj stay di jalur 2,Kepadatan
@CommuterLine emang gak becus monyet! ini kereta ketahan mau masuk tanah abang udah mau sejam. ngapain sih lo kerjanya? GOBLOK,Pelayanan
@CommuterLine ada pin khusus ibu hamil tp wanita yang masih muda ga pada sadar diri ada org yang membutuhkan. wajib petugas keamananya respon tinggi jgn takut sama sdm indonesia apa lagi sesama terlalu di manjakan sih giliran ada yg butuh sama sama pelit cukup tindak tegas .,Pelayanan
@CommuterLine Emang gajelas banget nyusun jadwal dari dulu harusnya d stasiun awal sebelum kreta brangkat udah standby dlu lah keretanya 10 menit ini mah kereta dateng lgsg berangkat gimana mau tertib,Pelayanan
@CommuterLine @KAI121 @kemenhub151 KA 4078 MASIH DITAHAN DI TNA. ASLI TOLOL KCI DAN KAI. 4078 TELAT IMBAS 4077 DITAHAN LAMA MAU MASUK JTN DAN MAU MASUK PSE. JADI BUKAN NAIK TURUN PENUMPANG. 4078 SETIAP HARI DELAY. ASLI TAI KCI DAN KAI.,Pelayanan
@CommuterLine ada kecoa jerman nih.. Krl cikarang kp bandan via manggarai https://t.co/zhz2MNfY1t,Kebersihan
@CommuterLine DELAY NIH? kereta dari poris ke duri yang 6:32 GAADA? Gapeka-mu fungsinya apaaaaaaa???,Pelayanan
@CommuterLine kenapa sih commuter line setiap jumaat jadwal selalu kaya gini kaya yg kerrya luar kota lebih diduluin gitu Masa angke-mri baru ada di jam 6.17 pdhl udh nympe dr jam 6 d st KLD masa setiap jumaat telat mulu ‍️tanggapannya donk min,Keterlambatan
@CommuterLine TUJUAN TN.ABANG 7.53 BARU JALAN DARI KLENDER. KALO TAU GITU TADI 7.49 KERETA KOSONG TN.ABANG GAUSAH JALAN DULU YA 4n71n62. OTAK KALIAN GA BISA DIPAKE NGATUR JADWAL? HARUS NUMPUK DI MANGGARAI BIAR KALIAN KELIATAN KERJA HAH?,Pelayanan
@CommuterLine knp sih kereta bogor klo rush hour jam pulang kerja telat mulu?? Seneng bgt ya liat penumpang numpuk desek2an di stasiun?,Kepadatan
@CommuterLine Jadi jadwal aslinya jam brp? bukan 06.49? kenapa jadwal yang tertera di aplikasi tidak aktual dan update? saya standby 06.40 namun sampai jam 07.00 tidak datang2,Pelayanan
@CommuterLine Manggarai min buset dah udah kek pepes,Kepadatan
@CommuterLine stasiun duri jalur 5 dibawah tangga manual bahaya ini jalan byk yg kesandung dan jatuh minim lampu penerangan lagi. https://t.co/CH84RxQ776,Keamanan
@CommuterLine min ini gimana atur keretanya yg jelas untuk tujuan angke kp bandan org disuruh mondar mandir pindah jalur numpuk di manggarai parah sie @CommuterLine,Kepadatan
@CommuterLine @jalur5_ telat Mulu kereta lu arah Jakarta kota dah numpuk di atas jalur 10 Manggarai.,Kepadatan
@CommuterLine Puantessaaannnn jam segini udah chaos aja di Sudirman,Kepadatan
@CommuterLine tolong lah petugas nya edukasi orang orang yang suka berdiri di eskalator disebelah kanan. Ketinggalan kereta grgr telat sedetik karena orang pada berdiri dikanan.,Pelayanan
@CommuterLine @anissca Percuma yo min masang stiker anti pelecehan tapi karyawan sendiri g teredukasi,Pelayanan
@CommuterLine jedah kereta tanah abang ke serpong/parung panjang/rangkas/ lama banget keburu penuh lagi sama orang2. Jam pulang kantor gini jgn kelamaan dong,Kepadatan
@CommuterLine ini blue line ketahan lama di cakung kenapa yh,Keterlambatan
@CommuterLine Iya telat 14 menitan. Sampe ketinggalan kereta Tangerang yg 6:13 di Duri. Asli pengatur jadwal lo kacau bgt,Pelayanan
@CommuterLine Udah berdiri di pinggir buat ngeduluin yg turun tapi di dorong dari belakang,Kepadatan
@CommuterLine @KAI121 hari ini aplikasi KAI access kacau semua penumpang barcode ngga keluar alhasil disuruh cetak tiket. Cetak tiket sendiri di mesin ngga bisa harus cetak tiket di loket. Ditambah menit terakhir keberangkatan aplikasi ke log out sendiri. Parah!!! https://t.co/OVnueC6CJM,Pelayanan
@CommuterLine Kereta lain tolong tahan juga. Biar ga ketinggalan. Gangguan mulu.,Keterlambatan
@CommuterLine Sebel bgt kalo naek kereta baru yg ini lelet bgt jalan nya mana ngaret masa dr citayam ke depok lama 10 menitan..belom lg nnti berenti2 di jalur masuk stasiun lain.,Keterlambatan
@CommuterLine @_MISSinaga Eh Cs mng lu bego apa gimana???? Kok gak tau info KRL mana aj yang jadwalnya ngaret??? Lu dari tadi reply2 user ini gak nanggep kah summarynya? goblok,Pelayanan
@CommuterLine Maksud saya agar security harus tetep kursi prioritas untuk yg berhak. Minimal jgn ragu buat negur.,Pelayanan
@CommuterLine @infoBMKG Min kenapa sih udh tinggal manggarai aja di matraman pake segala delay pergantian jalur nya terlalu lama min,Keterlambatan
@CommuterLine tolong dicek berkala ya rangkaian nya. Ini puanas gerah. Kipas angin nya ga optimal membantu. Line ke Kampung Bandan via PSE dari Cikarang. Saat ini sedang berhenti di Cakung https://t.co/LuN2sZcDQP,Pelayanan
@CommuterLine Kereta 8 gerbong terus klo blm ada korban gak bakal ada perbaikan dari KAI.. manusia ditumpuk2 terus empet2an kayak ikan pepes.. sbnrnya para pejabat terkait KAI itu mikir gak sih?,Kepadatan
@CommuterLine klo kebiasaan buruk penumpang saling dorong &amp; berebut saat turun naik saat transit di st transit di tangga eskalator dilift yg Terburu/tergesa2 saling berebut tanpa peduli keselamatan yg lain edukasi soal itu hrs rutin/terus direfresment bisa2 ada yg jatuh ke bawah peron,Keamanan
@CommuterLine Stasiun Depok Lama bau sejuta tai gitu urusan lo bukan ya? Diem-diem aje lo?,Kebersihan
@CommuterLine Min tolong dong perjalanan kereta lokal bandung di perbaiki lg waktu keberangkatan dan kedatangan nya hri sabtu saya telat brangkat 10 menit dan kemarin saya nunggu kereta sampe 30 menit di st rancaekek. Emang kita ekonomi tpi ga boleh membedakan pelayanan dong,Keterlambatan
@CommuterLine eskalator dimanggarai jalur 11 yg trn dr bgr-jkt transit ga niatan dibenerin cpt? Udh 1mgg rusak jd numpuk ditangga manual. klo emg msh lm minimal dituker dl yg naik dr bks-angke jd akses trn dr bgr-jkt minimal kyk tanabang eskalator naik gbs yg turun di jadiin naik,Kepadatan
@CommuterLine plis banget udh 2x kena omel HRD grgr delay mulu kereta arah Tangerang yg jam 08.18,Keterlambatan
@CommuterLine min gmn ni dari stasiun manggarai segerombol laki masuk semua ke gerbong perempuan udah diusir baik-baik malah sampe stasiun ps minggu ngga pindah alesannya gerbong sebelah penuh padahal gerbonh campur bagian tengah msh. lowong. Petugasnya jg lambat nanganinnya https://t.co/t0fU2NrRTq,Keamanan
@CommuterLine Sekedar saran aja utk improvement. Buat yg bersih kereta lebih baik jgn cairannya pembersihnya dulu disebar baru yg ngepel belakangan gatau kpn ngepelnya. Mohon maaf jdi jorok lantainya. Basah tidak di pel tp keinjek injek org yg buat lantai becek kotor. Makasih,Kebersihan
@CommuterLine Kereta yg harusnya 7.34 di Sudimara kagak dateng Yg ada penumpang numpuk trus apa rebutan Dzolim!,Kepadatan
@CommuterLine AH TADI SAYA DARI PASAR SENEN BAWA2 KOPER SAMA BEBERAPA TAS DAN SAYA DI INJEK2 SAMPE MEPET KE TIANG TAPI MEREKQ SEMUA GA ADA YANG AWARE DAN SECURITY HANYA DIAM. POOR!,Kepadatan
@CommuterLine @KAI121 bukannya di stasiun ada larangan tidak boleh merokok ya? ini petugasnya sendiri yg merokok di dalam ruangan mereka st jatinegara pukul 14:10 peron 5. rokoknya tercium oleh saya yang sedang menunggu krl.,Keamanan
@CommuterLine sekarang headway greenline ko 20 menit aatagfiruloh bgt ini saya jam 09.20 di Palmerah kereta sampe jam 09.37 belum ada gajelas lama lama pelayanan semakin Buruk,Pelayanan
@CommuterLine min tolong dong kereta arah tanah abang (jam 5:16 di jurangmangu) diketatkan pengawasannya. setiap naik kereta jam segini suka pada duduk di lantai dan jadi minim bgt ruang berdiri beberapa kali hampir jatoh juga krn jualan sm org tidur di lantai kereta https://t.co/evD1wlf04M,Keamanan
@CommuterLine Gatau nomor KA nya min liatnya di mana . Udh kondisi capek bgt berharap bisa segera sampe rumah malah harus nunggu 50 mins. Tolong perhatiannya aja spy jumlah kereta ke arah Bekasi/Cikarang jgn sedikit. Jadwal KA kalo udh malam juga sering gak sesuai dgn app KRL Access. Thku!,Pelayanan
@CommuterLine senin pagi udah ngasih cobaan aja lah eangkaiannya 8 semua jadinya numpuk kak,Kepadatan
@CommuterLine mohon di training kembali security yg menjaga. Terlebih nama SAPUTRA itu. Asli sopan santun ga ada nantangin iya neriakin nama iya. Sebagai pekerja yg setiap hari naik kereta baru nemuin satu yg kaya gini. (4),Pelayanan
@CommuterLine @itsokayhoney_ minimal 1 gerbong ada 1/2 petugas min orang kalo lagi mengalamii pelecehan itu 11 12 kek ngeliat setan langsung kaku shock takut bingung ga nyaman. orang sekitar pun belum tentu peka jadi minimla tiap gerbong ada petugas......,Pelayanan
@CommuterLine Semua Cikarang line di gmaps delay hahaha gak malu apa kerja bikin jadwal tapi status nya delay semua... Gak berkah wooo,Pelayanan
@CommuterLine jangan dibiasain kereta pagi Cikarang/Bekasi-Kp. Bandan/Angke terlambat dong please. Numpuk dan penuh banget jadinya,Kepadatan
@CommuterLine kereta basoetta lu tuh hobi banget ya gangguan bikin kereta lain nunggu asu,Keterlambatan
@CommuterLine min ini kereta 5515A CKR-Angke jadwalnya kenapa delay terus ya:) tadi berhenti ± 5 menit di st bekasi timur baru jalan sedikit ketahan lagi masuk st bekasi,Keterlambatan
@CommuterLine 5531 ditahan lama di bekasi timur nich bego. Gara2 5529 di jalur 3 cikarang dari jam 08.00 buat bohongan doang ngatur perjalanan bodo amat,Kepadatan
@CommuterLine Min tadi aku liat kecoa di tempat duduk arah angke jam sekarang lagi di Manggarai,Kebersihan
@CommuterLine ini kereta dari tj priuk arah jakarta kota kenapa ketahan? tumben lama banget,Keterlambatan
@CommuterLine Kenapa sih kalian itu nggak pernah bisa bikin jadwal yang bener?? Selalu jadwal KRL Blue Line bentrok sama kereta jarak jauh.. KRL selalu ketahan lama di Jatinegara.. Bikin kacau jadwal KRL !! Kapan ada evaluasinya ?? Dari tahun ke tahun masih aja kacau jadwalnya !!,Pelayanan
@CommuterLine min info min KRL cikarang via manggarai pada kemana? Inidi mamggarai numpuk semua,Kepadatan
@CommuterLine Logikanya nambah peron harusnya jadi lebih lancar keluar masuk kereta di stasiun ini malah jadi sering delay dari Tanah Abang bahkan sampai Sudirman tolong manajemen perbaiki ini,Keterlambatan
@CommuterLine @Lyaindah_ dari duri ke cikarang jadi jarang bgt min parahh. masa setengah jam sekali mana sampe bekasi semua. dari bekasi - cakung kranji numpuk lama bgt nunggu kreta cikarang.,Kepadatan
@CommuterLine Maksudnya peron 5-6 ya... Giliran ditanya ke securitynya bilangnya krna banyak dr rangkas. Tapi percuma eskalatornya jarang yg naikin lebih banyak lewat tangga. Dan kita yg mau turun ke peron 5-6 super kehambat.,Pelayanan
@CommuterLine KRL 5049 bner bner ngga masuk akal delaynya semenjak gapeka masa iya jadwal sampe st tanahabang 8.20 actualnya 8.50 delay sampe 30 menit plis lah jangan red line mulu,Pelayanan
@CommuterLine punten ac krl rute jkt bogor kenapa gak pernah dingin ya? selalu sumpek padahal jelas2 lg rush hour yg padet penumpang. gak bisa didinginin lg gitu min? sumpek bgt bau apek tolong,Kebersihan
@CommuterLine kereta bogor lewat hampir nunggu 15 menit. Peron udh penuh ditambah lagi kereta udh padet biasanya sebelum puasa selalu lewat 3-5 menit kenapa makin lama..mohon selanjutnya jadwal lebih sering lagi,Kepadatan
@CommuterLine Kursi prioritas diisi orang sehat dan muda tapi yang diusir security stasiun untuk berdiri di kursi biasa. Yang berdiri sih gak masalah cuma mereka juga capek yaah pulang kerja. Harusnya si security arahin dulu lah ke bangku prioritas jadi nalar securitynya kurang,Pelayanan
@CommuterLine ini kenapa bisa ya nggak ada KRL sama sekali dari jam 07.30-07.45 rute dari Bekasi - Manggarai? Sampai ada jeda waktu panjang banget 15 menit. Kalian kalau bikin jadwal yang benerlah! Sudah 2024 masih kacau aja jadwal kalian.. Kapan bener-bener mau diperbaiki ini??,Pelayanan
@CommuterLine 4029 telat kenapa lagi sih?,Keterlambatan
@CommuterLine tolong banget dong min perbanyak lagi scurity di stasiun nya buat ngatur orang yang mau turun sama naik kereta Tadi saya mau turun dr kereta di dorong sama orang yang mau masuk bener susah keluar kereta sampe pintu kereta mau ketutup lagi !!,Kepadatan
@CommuterLine Weiii ini kereta baru Kocak banget berangkat dari depo Depok ga ada AC panass dan engaappp..pas lewat stasiun UI AC nyala tapi ga lama tiba2 kereta padam kaya Mobil LCGC ke jalur puncak..kereta bagus pi tenaga KOSONG..mending tetep pake kereta bekas Jepang,Pelayanan
@CommuterLine @annepurba besok pagi kejadian penggantian rangkaian ini apa akan terjadi lagi ? Penggantian utk menutupi keterlambatan 5508 masuk cikarang dg menipu pelanggan pengaturan yg paling bodo dlm sejarah KCI. https://t.co/gSM5EJPR3s,Pelayanan
@CommuterLine min ini kok kereta dari duri arah manggarai sama tanah abang rangkas delay banget sih hari ini? Padahal saya udah liat jadwal baru tapi tetep aja gak sesuai jadwal. Telat banget ini jadinya ke kantor!! Hadehhh jadwal baru malah makin lama,Keterlambatan
@CommuterLine Min..tolong instruksikan semua petugas PKD agar jangan berdiri terlalu ke pinggir peron agar jangan lagi terjadi kasus ODGJ dorong petugas. Dan selalu waspada agar kejadian tersebut tidak terulang.,Pelayanan
@CommuterLine Duri. - KP Bandan 45 menit nunggu kereta bikin kebangetan ini,Keterlambatan
@CommuterLine Krl dari stasiun rajawali tujuan tanah abang itu kalo datang lama bangettt untuk jadwal pagi min aku udah sampe stasiun di 07.18 dan kereta baru dateng di 07.50 https://t.co/MwvcLkOnKi,Keterlambatan
@CommuterLine @yoga_suryanto Capek naik turun tangga apa lagi orangnya pada lari larian ngeri jatoh saja.. Terus membingungkan sekarang kalau mau ke 1 peron ke peron lain..,Keamanan
@CommuterLine Toilet Wanita itu sudah ga layak loh kunci ga ada pintu tidak rapat bau kotor waktu masih pak Ignatius jonan toilet diperhatikan loh... apa di stasiun rawabuaya tidak ada kepala stasiunnya ya... kok bisa2nya toilet seperti itu masih difungsikan tkg loak jg ga mau. Renovation!,Kebersihan
@CommuterLine ini ada apaan min kereta telat udah 20 menit lebih gak ada kereta arah bogor numpuk di cawang iniii,Kepadatan
@CommuterLine @KAI121 Sama jadwal 6.35 rute panjang kenapa sih udah beberapa hari ini malah jadi 8 gerbong lagi ini aturin yg bener napa SDM lu pada bogor - kota itu jadwal paling padet rutenya please lah minimal 10,Pelayanan
@CommuterLine @WahyuAryaDamar Belum normal min. Kereta telat semua. Penumpang numpuk di Manggarai,Kepadatan
@CommuterLine 1790 tertahan lama di sudimara kenapa ya?,Keterlambatan
@CommuterLine min ini kereta dari sudirman ke manggarai kenapa lama bgt berenti nya di tengah2 sering bgt deh kaya gini bikin ketinggalan kereta ke bogor aja percuma berangkat pagi2 juga,Keterlambatan
@CommuterLine @KAI121 emang bener saya tiap senin - jumat naik krl dari duri ke poris satpam di duri emang ya Lord tengilnya ampun2an gak sopan pulaaakkk... oh sama 1 lagi... GAK ADA SENYUM2nya sama pelanggan..!!!!,Pelayanan
@CommuterLine Gausa asbun doang sampein protes pengguna transport ke management! Krl dari kp bandan sering delay pernah sampe stgh jam pula. Ga ada orang yg pinteran dikit apa ya di @CommuterLine ???? 2024 ini sering begini sebelumnya jarang Penurunan gegara ganti management apa gimane??,Pelayanan
@CommuterLine Numpuk nih min..,Kepadatan
@CommuterLine Min Telah terjadi pelecehan di kereta tujuan ke rangkasbitung kepada seorang wanita wanita tersebut berhasil menghindar dan alhasil hanya memegang tangan. Wanita itu kini berpindah gerbong dan merasa tidak nyaman dan takut. Mohon segera ditindaklanjuti min.,Keamanan
@CommuterLine cepet apanya berangkat di delay ga jelas udah 2 hari ini lho terus jadwal makin jauh gap nya. Kalo seminggu ini ngga ada evaluasi mah payah ini cuma kasi gimmick doang as usual,Pelayanan
@CommuterLine kalau memang ada trouble atau keterlambatan bisa dikasih tau ke penumpang ini Prameks sampai jam 05.56 blm berangkat dr st Jenar kena susul KAJJ. Pagi hari banyak yg berangkat kerja makasih lho jd kacau gini.,Pelayanan
@CommuterLine rame bangettt Kereta ketahan udh 15 menit https://t.co/FV9JWxXsmY,Kepadatan
@CommuterLine makin kacau aja jadwal krl lu. Hadeh. Mundur 11 menit dari bojong gede ke jakot jadi 10.33 padahal harusnya 10.22,Pelayanan
@CommuterLine di KRL TM 6000 set 6019 gerbong 6319 ada bayi kecoak di selipan bangku kereta. Harap segera dilakukan pembersihan yang menyeluruh.,Kebersihan
@CommuterLine ngaret mulu kereta lu babiiii,Keterlambatan
@CommuterLine Yup...sama diajarin hospitality ya kmrn ada yg cemberut2 n jutek CS nya akhirx ada yg ngamuk2 deh konsumen....ini call centre nya jg malah nantangin lapor top manajemen aja pdhl kita org indo kdg kasian kalau lapor2 ada yg hilang pekerjaan @CommuterLine #kangenomjonan,Pelayanan
@CommuterLine iya tolong ditangani segera ya.. pengap nih takut meninggoy.,Keamanan
@CommuterLine @jalur5_ @jalur_cikarang @AnkerTwiter dih parah pagi2 arah Jakarta kota kereta lama banget sampe penuh ni Peron,Keterlambatan
@CommuterLine min tolong di krl 1408B kereta 7 di kursi prioritas ada yang muntah lansia tadi lapor walka cuma walkanya ke depan gak balik lagi mungkin padat,Kebersihan
@CommuterLine @notforent @CommuterLine min KA 5168 kok gaada di aplikasi ga kelacak batal jalan atau gmna min ini di Manggarai numpuk nunggu yg ke Cikarang nya gaada,Kepadatan
@CommuterLine halo min maaf mau tanya dong kenapa semua satpam kereta dengak banget yak terus juga apakah pin ibu hamil itu udah ga berfungsi soalnya tadi pake pin ibu hamil ga dapet tempat duduk tapi si satpamnya cuek banget kereta jurusan kampung bandan - Cikarang nama satpamnya khalis,Pelayanan
@CommuterLine knp line bekasi suka ketahan lama bgt di klender ke jatinegara 5057 B yg berangkat dr bekasi 7.34 ketahan mulu sm kereta jarak jauh mending bikin rel baru deh buat kereta jarak jauh drpd korbanin ratusan even ribuan org jd telat masuk kantor cc: @prabowo,Pelayanan
@CommuterLine min kereta ini tuh tdi telat di sawah besar jam 7.55 balru sampe. Trus masa minta surat keterlambatan ga boleh? Alesan petugasnya karna di krl acces normal ga ada gangguan. Tpi di manggarai emang di tahan lama bgt. Gmana sih min? Bsa di sp klo begini terus sm kantor https://t.co/ZeDd389CnJ,Pelayanan
@CommuterLine gamau gua bersyukur2 gua mau protes karena jadwal krl gapeka bodoh lo ini nyusahin! lu benerin ngga nih jadwal yang baru atau at least balikin jadwal sebelumnya?! jadwal di jam2 orang berangkat dan pulang kerja ngapa dikurangin? seneng banget lu liat orang jadi pepes?,Kepadatan
@CommuterLine @pujiarto Tanah abang min kok delay kenapa green line ?,Keterlambatan
@CommuterLine ini kenapaaaa delay sampe satu jam deh???? gilaaaa yaaaa,Keterlambatan
@CommuterLine tolong perbaiki sistem pelaporan kehilangan barang. Aneh ada barang ketinggalan sama petugasnya suruh nunggu laporan di stasiun tujuan.,Pelayanan
@CommuterLine tapi kenapa harus 2 kereta yg di jam 6.44 sama 7.09 itu cuma 10 gerbong ya? kan jadinya penumpang pada numpuk di cakung dan klender baru,Kepadatan
@CommuterLine lama banget ini ketahan di jatinegara woyyyyyyy. Kereta yg dari bekasi jam 07.17,Keterlambatan
@CommuterLine Gak ada petugas tadi.. di gerbong 4-5 kereta terakhir ke Nambo..,Pelayanan
@CommuterLine jg kgak serius kl ada laporan pelecehan. Belum mateng. Pelakunya mau diapain jg masih bingung.,Keamanan
@CommuterLine ga ngerti lagi ni jadwal krl molor mulu ampe 15 menit lebih cokkk semenjak jadwal baru lo semakin kacau gws deh,Keterlambatan
@CommuterLine halo min ada apakah kereta tujuan rangkas greenline saat ini 07:20 tertahan sebelum st jurang mangu,Keterlambatan
@CommuterLine headway lo lama bgtttt ini setengah jam manggarai ga ada kereta arah angke/kampung bandan. sedangkan arah cikarang udh 3 kali lebih ini gmn sik jadwalnya???,Pelayanan
@CommuterLine WOY INI ARAH MANGGARAI MANA. NUMPUK JALUR 3 TANAH ABANG,Kepadatan
@CommuterLine min st. Kebayoran numpuk bgt. Keretanya ga dateng-dateng. Ini kenapa lagi line tangsel?,Kepadatan
@CommuterLine Minta tolong bgt refund dana tsb Saya naik kereta dri stasiun TANGERANG tanggal 6 april 2023 dampak dari kebaran stasiun pesing taman kota saya batalkan perjalanan setelah di PHPin petugas ajg kata petugasnya mau refund sampai skrg tdk ada refundnya. Bkn murahnya tp attitudenya https://t.co/yX32gLxsXn,Pelayanan
@CommuterLine Yang begini nih pagi2 bikin orang telat kereta juga datangnya lama. Mikir dong harusnya kalo perbaikan tuh malem jangan di jam sibuk begini. Orang2 didalem kereta udah kayak apaan tau ketiban karena maksain masuk semua. Transportasi umum terbaik malu2in!!,Kepadatan
@CommuterLine woy bales pengecut ya. Kenapa bisa-bisanya ujan segitu doang bikin kacau rute Cikarang? Kalau ga ada uang naikin aja argonya jadi 20-30 ribu masih fine kok.,Pelayanan
@CommuterLine @KAI121 halo kak. tolong pertegas ke seluruh penumpang untuk tahu etika naik kereta yaitu mendahulukan penumpang yang turun. brutal banget kak kalo ga diingetin bahaya juga kalau orang gatau aturan itu. ntar ada yang jatuh kan kasian. terima kasih️‍,Keamanan
@CommuterLine min kenapa si arah jakarta kota selalu delay terus skrg? gua naek 5.55 dari bogor jam segini baru sampe cikini rusak sumpah telat tiap hari ga ngasih Apologize Letter pulak rusak bgt asliiiiiii,Keterlambatan
@CommuterLine hari ini rute rangkas delay lg? buset dah https://t.co/yplQ3F7QNx,Keterlambatan
@CommuterLine Delay lagi? Kenapa ga pernah bisa on time? https://t.co/lcUb6dr85E,Keterlambatan
@CommuterLine Kereta ketahan terus pindah jalur Capek pindah jalur di stasiun kampung bandan sediain lift or eskalator dong. Kasin nih bumil,Pelayanan
@CommuterLine Veron 1 Cikarang/Bekasi Via kp.bandan delay banget biasanya hanya menunggu 30 menit ini di hari Senin ini 45 mnit. Saya menunggu transit dri jalur 5 7:15 transit ke jalur 1 menunggu kreta Cikarang/Bekasi Via kp.bandan masuk kerta jm8,Keterlambatan
@CommuterLine Arahan petugas apaan? Ini numpuk di sudirman. Infoin yg bener dong.,Kepadatan
@CommuterLine jahat bngt si krl stasiun ampe penuh dimana gara ngaret bngtttt orang pada upacara woy dikira libur kali pada telat gara lu padahal udah berangkat dari gelap nunggu kereta ampe terang nyampe tetp kesiangan,Keterlambatan
@CommuterLine yang bener aja dong kereta telat di senin pagi! Ini bekasi numpuk parah ya,Kepadatan
@CommuterLine @jalur_cikarang @AnkerTwiter parah banget nunggu kereta arah bekasi saja sampe 30mnt di manggarai ini gmn sih ngaturnya. https://t.co/lwIcRyk2Zi,Pelayanan
@CommuterLine kereta Kp Bandan via Manggarai di stasiun Tambun yang seharusnya 6:02 malah telat 4 menit ditambah lagi harus berhenti beberapa kali nunggu kereta jarak jauh. Menajemen waktu kalian jelek banget,Pelayanan
@CommuterLine pagi min ini kereta tigaraksa dari cisauk 6.19 telat ya,Keterlambatan
@CommuterLine mulai lagi taksaka pagi 7.45 berangkat dari gambir krl 1186 sudah tertahan jam 7.38 di juanda padahal masih ada jeda waktu buat melintas langsung stasiun gambir pelayanannya makin kesini malah makin ngawur pake gapeka baru @KAI121,Keterlambatan
@CommuterLine benci deh pulang kerja mau turun ke peron 8 ditutup tangga biasa. Disuruh lurus terus ke arah kai bandara turun lewat tangga baru. Makin jauh dong. Mana sempit tangganya. Numpuk di situ doang warga bekasi cikarang,Kepadatan
@CommuterLine min tolong kereta balik dari manggarai ke Angke ini ditertibkan jadwal berangkatnya. Sampai jam segini belum jalan. Harusnya jam berapa??? Ini dari jam 7. 55 belum ada kereta ke arah tanah abang lho. Gabisa tiap hari numpuk orang selama 20 menit kyk gini.,Kepadatan
@CommuterLine min delay lagi nih wdyt telat 5 menit https://t.co/FDQSTLHaQd,Keterlambatan
@CommuterLine buset dtg dr jam 6 tadi sampe skrg kereta ke manggarai ga muncul jg mana ga di infoin udh sampe mana nya diklender baru kacau,Keterlambatan
@CommuterLine Pantesan di Pesing yg 17.46 gak dateng,Keterlambatan
@CommuterLine halo min ini kenapa kereta tujuan cikarang dr st duri harusnya 7.22 malah telat jam 7.30 baru sampe??? kenapa bisa lama banget ngaretnya??? sampe orang numpuk semua loh,Keterlambatan
@CommuterLine Dasar tolol masih aja duluin kereta yang telat ngapain nunggu kereta yang dari tigaraksa padahal di parung panjang sudah ada kereta standby,Pelayanan
@CommuterLine min kenapa tadi KRL stuck di Kebayoran kurleb 10-15 menitan? Jadi telat ke kantornya :(,Keterlambatan
@CommuterLine min kereta greenline telat pic 1 ini jadwal awalnya yg fix. Yg kanan posisi saat ini yg 1632A aja telat udh 20 menit. Tapi belum ada announce apa-apa. Mohon lebih sigap dan diatur lagi ya management sistem greenlinenya. Masa udah dalam 1 bulan nov kmrn telat trs https://t.co/mCmX7YkaL2,Keterlambatan
@CommuterLine jalur antar matraman manggarai itu gimana desainnya ada 2 jalur tapi commuter mesti njogrok di matraman nunggu kereta lewat dari manggarai...masa cuma kepake 1 jalur...kan yg dri bekasi mau berangkat kerja selalu dikalahin kereta jarak jauh...,Keterlambatan
@CommuterLine Muak banget di kereta denger pengumuman dikit2 hati2 pelecehan seksual dst. Emang penumpang KAI ini mayoritas barbar2 ya. Alay banget narasi speakernya. Ga ada yg lebih bikin nyaman dan aman apa. Pls deh kai,Pelayanan
@CommuterLine Pak kenapa kereta di Stasiun Tanah Abang berangkatnya lama banget yang ke arah Serpon Rangkas Bitung Parung Panjang? Mohon pencerahan dan solusinya. Jadi semua pada numpuk penumpang parah. Apa harus dibuat rel pelintasan baru? jadi tidak menunggu kereta datang?,Kepadatan
@CommuterLine tidak nyaman mulu min tiap hari. tolong dong diperbaiki secara jadwal dan keberangkatan. kita datang pagi dengan harapan bisa tepat waktu masuk kerja tapi malah delay sampai 15 menit seperti ini.,Keterlambatan
@CommuterLine tlg donk klo pagi jam 6-7 kreta yg cm bogor-manggarai ga usah ada ke kota aja semua efeknya numpuk di tebet- manggarai buat transit kota mana kreta kota cm 8 rangkaian semua.. yg 10-12 rangkaian malah yg manggarai aja.. jd pepes dah,Kepadatan
@CommuterLine @panjirayrizki Sebetulnya 8SF asal sering min biar penumpang gak terlalu padat,Kepadatan
@CommuterLine kerja yg bener urusin jadwal lo ajg kereta delay sampe &gt;20 mins itu tolol namanya kocak,Keterlambatan
@CommuterLine ancur banget jadwal lu seminggu ini. Udah 3 kali gua hampir telat cm gara gara jadwal kereta yang gak sesuai,Keterlambatan
@CommuterLine Min ini kereta bogor lama bgt ada apa ya? Penumpangnya numpuk,Kepadatan
@CommuterLine Babi lahh udh tau green line selalu penuh make delay mulu,Keterlambatan
@CommuterLine kayaknya ini (?) di gerbong 4 banyak kecoa kecil https://t.co/x1MF9oUDbP,Kebersihan
@CommuterLine Hallo min mnta tlong dong untuk Armada dari Priouk ke Kota agk lbih pagi jangan kbrngktan pertama jam 6.30 krna jujur bnyk juga anak skolh dan pegawai yang masuknya jam 6.30 jg ksian mrk pada pada tlat masuk skolahminimal jam 5.30 atau 06.00 gtu... Foto jam 6.15 https://t.co/CR68Fq2obK,Keterlambatan
@CommuterLine kereta mana woiiiiii lama bgt cokkkk dari jam 22:00,Keterlambatan
@CommuterLine @KAI121 WOI PELER KCI/KAI MANA HASIL EVALUASI GAPEKA YG DILAKUKAN BERKALA KATAN ADMIN PELER KCI??LIN CKR SETIAP HARI PASTI DELAY.,Keterlambatan
@CommuterLine Min security distasiun sudimara tolonglah atur tuh arus penumpang in/outnya biar ga tabrakan mulu arusnya ini udah sering dpt curhatan banyak orang juga malah pd gerombol ngobrol securitynya. Biar penumpang ga asal serobot jalur in/outnya. Dri tahun ke tahun ga ada perbaikan.,Pelayanan
@CommuterLine keretanya terlambat. tidak sesuai jadwal https://t.co/4VmvljaLjo,Keterlambatan
@CommuterLine tolong kalo mau bikin perubahan jadwal tuh di cek dulu situasi kek mana jangan jd malah kacau numpuk kereta telat hadehh,Kepadatan
@CommuterLine APAAANN? JAM 5.32 UDAH JALAN. LAGIAN GA KONSISTEN BGT SI JADWAL KALIAN!! BBRP HARI KMRN TUH DIATAS JAM 5.33 TERUS BARU JALAN. KALIAN TU BUAT JADWAL JGN ANEH2 MAKANYA. INI JUGA BARU MUNCUL BRIKUTNYA 5.53. JEDA 20 MENIT LOHHH!!! UDAH NUMPUK YG NUNGGU JDINYA DESEK2AN. PALING---,Kepadatan
@CommuterLine kalau hobi telat jangan dibiasain kak udah telat dari jadwal tapi gak ada upaya perbaikan begini aja terus sampe limbad nyanyi lagu akad Trus abis ini respon dengan maaf bisa diinfokan kereta no berapa,Keterlambatan
@CommuterLine @wahyukurniawan5 Nornal seh notmal..per stasiun numpuk gila..DITAMBAH KRL 8 GERBONG MULU....NEH AJA SRH SEJAM dr bogor masih lenteng...krn penumpukan...ntah kmn krl 12 gerbong hilang hahahah,Kepadatan
@CommuterLine apa apaan sih krl masa delay lebih dr 30 menit?!!! https://t.co/iJq05C0cQl,Keterlambatan
@CommuterLine liat noh min numpuk di manggarai,Kepadatan
@CommuterLine Coba di check sendiri jam berapa yg padet penumpang.... Klo kalian gak tau berarti kalian buat jadwal gak di survei dulu main buat jadwal ada seenaknyaa.....,Kepadatan
@CommuterLine min kenapa jadwal bekasi cikarang keretanya selalu aja berubah tiap hari ini udah jam 9.10 di manggarai tapi kereta tidak ada harusnya kan ada jadwal kereta 6014 ? Penumpang udah numpuk,Kepadatan
@CommuterLine masa jarak antar kereta sampai 12 menit sih? Jam segini masih penuh orang2 mau pergi kerja dan jadi numpuk‍,Kepadatan
@CommuterLine Staisiun depok sampai lenteng itu menampung waega cibubur cimanggis jg. Ada kereta balik jam 715 820 membantu sekali. Apalagi jam itiu bnyk penumpang lansia. Sekarang masuk aja susah gitu @CommuterLine coba evaluasinya nggak setahun,Keterlambatan
@CommuterLine ada apasihhh kok delay sejam lebih gini kereta penataran surabaya kota?!! buang-buang waktu!,Keterlambatan
@CommuterLine Mitigasi kacau. Ijinin penumpang turun di tengah perlintasan bahaya. Mana petugas keamanan ga ada yg berjaga.,Keamanan
@CommuterLine ini dijadwalin di mana ya min? bisa di akses online ga? soalnya pagi ini delay lagi,Keterlambatan
@CommuterLine @KAI121 ini kenapa kacauu krl Jogja kata saya mah klo jam 5 gabisa berangkat rapel ke jam 6 aja daripada domino effect Mana gada update di display lagi... Huft ... Kasian petugas jadi samsak pelanggan ini... https://t.co/Sz30PISPRJ,Keterlambatan
@CommuterLine @catatananakedan Kenapa jadi penumpang yg suruh menyesuaikan jadwal padahal mah ya udah pada berangkat lebih cepet emang keretanya aja telat alhasil jd numpuk tuh di stasiun,Kepadatan
@CommuterLine @faysayshi Dan KAI sorry banget nih pada saat kereta ini sampai st Sudirman orang lari untuk tap out karena mereka telat bekerja gara gara jadwal KAI yang berantakan dan lucu nya petugas yang membatu tap out dengan nada meledek berkata Iyak ayo lari-lari secara berulang,Pelayanan
@CommuterLine @KAI121 bisa ga ya kewangian toilet stasiun priok lebih diperhatikan lagi? tiap ke toiletnya ga pernah ga bau pesing. bener-bener mau muntah tiap ke toilet.,Kebersihan
@CommuterLine Min tolong dong bilangin di stasiun kalideres jalur 2 dibuatin tempat tap in &amp; tap out repot harus nyebrang2 bahaya,Keamanan
@CommuterLine udah lebih dari 10 menit kereta nunggu masuk stasiun bekasi. gimana nih min banyak ibu2 bawa anak gak dapet duduk soalnya udah terisi yg bawa anak juga.,Keterlambatan
@CommuterLine Hebatnya lagi orang² dikereta malah bilang ke istri (orang sakit kenapa kerja naik kereta kan nyusahin). Tolong security besok² carikan kursi. Saya sebagai suami yg tiap hari hanya bisa jemput di stasiun cuma bisa ngelus dada waktu istri barusan cerita.,Pelayanan
@CommuterLine rencana mau naik KRL ke cikarang dan nyambung kereta lokal ke karawang. Udah ngecek aplikasi berkali kali menyesuaikan jadwal krl. Tapi kok ga nyampe nyampeeee. Nanya security juga gaaa membantu. Gimana orang mau pake kendaraan umum kalo kualitasnyaa begini,Keterlambatan
@CommuterLine Mungkin bisa jadi bahan evaluasi ke depannya. Mengingat jam pulang kantor pasti Juanda pun penuh. Apalagi sampe manggarai makin padet. Di selang seling 12 rangkaian mingkin. Jangan berturut-turut 8 Rangkaian semua udah 1 jam nih dari setengah 6 saya perhatiin,Kepadatan
@CommuterLine yg 6034 sering delay juga tuh,Keterlambatan
@CommuterLine Manggarai di jam segitu kenapa kereta Api langsng mulu sih yg lwt blm lagi masih harus nunggu kereta apa langsng yg lewat lagi. Gilaa sih ini jadi bikin telat,Keterlambatan
@CommuterLine kereta masih gangguan kah min,Keterlambatan
@CommuterLine kesekian kalinya ngeliat ada yg kencing di pinggiran pagar stasiun kemayoran. Tolong lah di kondisikan. Bau pesing bgt kalo nunggu diperon 1 https://t.co/hNYtKFsziN,Kebersihan
@CommuterLine sejak percepatan waktu tempuh KA Bandara sekarang nunggu kereta lanjutan di duri jadi lama apa penumpang commuter line biasa cuma anak tiri?,Keterlambatan
@CommuterLine @KAI121 @keretaapikita Lho itu jalan pintu masuk timur langsung ke pintu gerbang timur stasiun Tenjo dan itu adalah tanah area KRL stasiun Tenjo yg becek dan kotor kok ke Pemda... ??? Ngga ada solusi ya???,Kebersihan
@CommuterLine @ozzan @KAI121 @CurhatKRL @krlmania Kita ga akan buru buru kalau jadwal kereta nya bener. Coba kalo mau ke cikarang yg jam 17:40-19:07 CUMA ada 3 KERETA DOANG. Kelewat nunggu 40-45 menit sementara semua kejar waktu. Gimana kalo gitu ceritanya suruh jangan buru buru,Pelayanan
@CommuterLine mohon dikaji ulang mengenai jadwal kereta tiba di stasiun duri udh seminggu ini chaos gara2 kereta dateng bersamaan di setiap peron dan eskalator rusak https://t.co/buSLOzgd8g,Keterlambatan
@CommuterLine yauda sediain 12 gerbong jangan 10 terus kan ini penumpang banyak numpuk,Kepadatan
@CommuterLine halo min jalur Tanah Abang - st Parung Panjang udh normal blm ya? Ini penumpang banyak bgt numpuk di st Palmerah,Kepadatan
@CommuterLine Ini ngetem lama di pintu masuk stasiun senen knp ya?? KRL udah numpuk malah ngetem...,Kepadatan
@CommuterLine Yaallah malihh udah kek pepes ini kita dikereta belakangnya malihhhhh:)))),Kepadatan
@CommuterLine chaos bgt ya? sabtu padahal grgr semua mau ke monas. tp armadanya ga ga di tambahin layaknya sen-jum. sampe gerbong cewe aja di perbolehkan ada laki2 tuh gimana ya?!? https://t.co/TvYhVKCUDO,Kepadatan
@CommuterLine pengguna paling banyak tp dari segi pelayanan &amp; transportasi paling jelek anjir. gapernah berbenah lu bisanya minta maaf doang sampah,Pelayanan
@CommuterLine min tolong di cek dong ini bahaya banget kasian kalo ada orang yg mo pegangan naik ke kereta pegangannya lepas kek ginii KA 5069 Cikarang-Kampungbandan pintu di gerbong 3 https://t.co/WrTjWxcltQ,Keamanan
@CommuterLine @yrcfsj sorry bgt nih korban pelecehan tuh ga mudah buat speak up dan lapor good kalau mrk langsung tanggap tp ada yg akan shocked dan takut mau lapor blm kalau pelaku yg biadab malah drama ga ngaku nyerang balik dsb please lah lebih secure lagiiiii,Keamanan
@CommuterLine Hadeh pantesss ada trouble apa ya? soalnya gak dikasih tau juga dr pihak stasiun.. dan selisih waktunya lama bgt sampe overload stasiunnya,Kepadatan
@CommuterLine Halo min kereta Kp Bandan - Cikarang ketahan lama di kemayoran datang 18.58 sekarang masih ngetem di kemayoran. Info gangguannya,Keterlambatan
@commuterline min blue line kenapa ya? Kereta arah kp bandan dari bekasi timur harusnya berangkat 07.07 tapi ngaret jauh bgt jadi 07.25,Keterlambatan
@CommuterLine tolong dong kereta yg dr arah cikarang ke kp bandan/angke jarak nya jangan 20 menit sekali kejauhan mininal 10 menit sekali. Klo sekali ketinggalan nunggu nya 20 menit mayan lama,Keterlambatan
@CommuterLine hampir setengah jam kereta ketahan di stasiun Bekasi karena ada gangguan wesel. Real ikan pepes #7nov2025 https://t.co/bQ8ewArhm0,Kepadatan
@CommuterLine coba dipikir lah stasiun Tanah Abang yg lama aja ada 2 titik transit masih numpuk begitu ini lagi cuma satu.,Kepadatan
@CommuterLine @nurisajizah1 Alaaah pantes tumben blm ada kereta standby di tn abang telat lagi dah nyusahin,Keterlambatan
@CommuterLine balikin jadwal kaya semula woyyy jangan ngadi2 lu tiap hr bikin penumpang numpuk trs,Kepadatan
@CommuterLine Jakarta 19.53 adalagi 20.13 sampe citayem buset ga ngotak selisihnyaa gilaaa pantesan penumpang numpuk! Blok,Kepadatan
@CommuterLine ni yg ke manggarai kenapa dikit bgt ya commuterlinenya? Numpuk nih di stasiun,Kepadatan
@CommuterLine punya aplikasi sampah ngapain bikin sampe C-Access dan KRL Access kalo dua-duanya gabisa dipake sering banget errornya heran mending bikin satu aplikasi tapi bener gitu loh,Pelayanan
@CommuterLine Ada masalah apa sama jadwal tgl 16 Juli? Masa nggak ada masalah tp jadwal belum muncul sampe jam segini? Jgn cuma jwb pake template orang suruh nyoba berkala. Nggak membantu sama sekali. https://t.co/5hF1tdYOLg,Pelayanan
@CommuterLine Tolong menjadi concern yang ada tindakan perubahan dong Pak/Ibu karna setiap hari ini selalu kejadian Tapi security cuma diem dan ga ada tindakan apapun Terheran-heran saya ko bisa yaaa bpk2!security cuma diam malah saya yang sebagai perempuan melihatnya geram sekali,Pelayanan
@CommuterLine min petugasnya pada kemana ya orang² yg di duduk di kursi prioritas sebelah kanan berisik banget gak ada yang negur. Di KA 1382B kereta nomor 11 https://t.co/b3kHblkAFc,Keamanan
@CommuterLine jam pulang kerja di karet dah numpuk. plis,Kepadatan
@CommuterLine ini kenapa sih ditumpukin begini kereta cikarang gangguan terus woy https://t.co/gcJuVko02I,Kepadatan
@CommuterLine min cl penataran delay nya lama banget busettt mo nangis,Keterlambatan
@CommuterLine mana nih yang semalem minta maaf hari ini tetep aja telat berangkatin kereta: bukti kalo cuma yapping doang di twitter aksinya ga ada. Harusnya berangkat 07.18 tapi nungguin kereta cikarang yg tuman bgt selalu telat mau di jam berapa juga 07.23 blm diberangkatin https://t.co/SMVqo7a5Ya,Pelayanan
@CommuterLine Tolong ya itu yg atur lalu libtas kereta diperbaiki. Masa nunggu 2 kereta lewat baru bisa masuk stasiun manggarai?,Keterlambatan
@CommuterLine Lu mending cek arah dari bogor dah numpuk banget itu manusia dalem kereta Ga semuanya BUMN kek elu min banyak buruh desek desekan,Kepadatan
@CommuterLine sudah saya DM. mohon itu petugasnya kalau bisa jangan kebanyakan ngobrol sendiri. jadi saya nanyanya apa jawabnya apa,Pelayanan
@CommuterLine Yang dari cikarang via manggarai ini telat 10 menit,Keterlambatan
@CommuterLine Iya saya kan butuh ke Cikarang. Di jadwal jam 14:50. Tapi 14:50 di stasiun itu tujuan Bekasi dan setelah itu Bekasi lagi. Biasanya setelah Bekasi ada kereta ke Cikarang. Saya datng jam 14:45 ga lama kereta ke Cikarang baru berangkat. Saya curiga itu jadwal sebelumnya yg jalan,Keterlambatan
@CommuterLine Min akses keluar masuk pejaln kaki di st.bekasi mohon diperhatikan ya karena sangat kecil dan sekarang menjadi becek serta banjir jika hujan. Makasih,Kebersihan
@CommuterLine Tolonglah udah tau rame banget dan udah telat perjadwalan karena masalah persinyalan. Jangan dibiarin numpuk dong di Tanah Abang di stasiun selanjutnya juga pengen pulang ini,Kepadatan
@CommuterLine min kereta arah bogor ketahan lama di st kalibata kenapa ya,Keterlambatan
@CommuterLine help ada kecoa di gerbong 11 arah Manggarai udh smp tebet skg https://t.co/Al39N37if6,Kebersihan
@CommuterLine stasiun bekasi peron 7 security nya tolong diaturin jangan diem saja antrian 2 jalur nyelonong menjadi 3 jalur https://t.co/v8teFfDhwB,Pelayanan
@CommuterLine Masalahnya asap rokoknya masuk ke gerbong dan pintu tidak boleh ditutup oleh petugas ya terus gunanya apa. Disitu banyak anak-anak kecil loh. Berarti peron 3 boleh ngerokok? Kalau 1 dan 2 gaboleh gitu? Orgnya abis ngerokok itu lgsg bau krn dibawa masuk lg nempel di baju kocaggg,Keamanan
@CommuterLine apaan dah dijadwal berangkatnya jam 13.33 baru 13.31 udah tutup pintu terus langsung jalan. Harusnya tuh tepat waktu bukan kecepatan apalagi terlambat,Keterlambatan
@CommuterLine Terima kasih banyak Commuter Line atas gangguan yang dialaminya. Alhasil kami penumpang mengalami penumpukan di dalam rangkaian kereta. Bravo,Kepadatan
@CommuterLine Kita sudah saling peduli kalian yg gak peduli. kejahatan kecopetan pelecehan kekerasan semua meningkat gara gara kalian ubah rute. #RekanCommuter,Keamanan
@CommuterLine Busuk bgt sumpah udh terlambat 35 menit ini. dikira yang nyari uang kalian doang️,Keterlambatan
@CommuterLine security kl mau cariin duduk buat bumil jgn males cek dl kursi prioritas. jgn asal colek org duduk pas gw berdiri kursi prioritas isi bpk2. dr bogor bela2in naik yg brgkt belakangan biar duduk gw kerja 12j. perjalanan 2 5jam berat bw2 cooler bag bkn g empati tp scritynya males.,Pelayanan
@CommuterLine kp bandan via MRI delay lagiii hadoooo hari senin lho ini ayo semangat semangat,Keterlambatan
@CommuterLine Kok ada kecoak di gerbong KRL. No gerbong terlampir https://t.co/QH0jp4rzT6,Kebersihan
@CommuterLine lelet banget ni kereta ga sesuai jadwal. Bakal telat transit lagi ini https://t.co/gclH9NPkoL,Keterlambatan
@CommuterLine AC mati kereta rusak tiap pagi sering delay posisi KA di aplikasi C-access ga akurat aplikasi sering bermasalah. Dikritik ga mau? Mentang mentang satu satunya? @erickthohir,Pelayanan
@CommuterLine petugas di st duri sama sekali ga membantu! sumpah najis bgt pas ditanya malah cuma angkat bahu doang. jelek bgt kerja lo,Pelayanan
@CommuterLine Lama banget ya nunggu KRL Bogor-Jakarta Kota sampai penumpang numpuk di Manggarai.. Biasanya jeda waktunya nggak lama nunggunya,Kepadatan
@CommuterLine Semoga kemarin sore jam 17:12 di sta Sudirman KRL dari Manggarai ke arah Angke ibu² yg tasnya kejepit di dalam kereta pintu persis sesudah ruang masinis depan bisa ketemu yah.... Kasihan padahal udah digedor² pintunya @krlmania,Keamanan
@CommuterLine yg mau ke monas better turun di stasiun gondangdia atau cikini juanda penuh bgt ini sekitar jam set 7 pagi. https://t.co/KT0SDigykf,Kepadatan
@CommuterLine Bener² nih anjing . Gara² pada telat masuk jadi telat sampe thb nya . Anjing lu ya buang² waktu aja .,Keterlambatan
@CommuterLine Kacau banget dari jam 2 di Bekasi jam segini baru di cakung,Keterlambatan
@CommuterLine Nyebelin bgt yg bawa ni kereta pagi2 bawa nya ga enak. Ngerem mendadak mulu yg didalem udah pegangan aja tetep mau jatoh. https://t.co/cAvZOFBXPv,Keamanan
@CommuterLine kereta masuk manggarai aja ketahan anj pepesnya udh mateng ini kukusannya udh mateng,Kepadatan
@CommuterLine Telat gua jadi gak keburu transit di bekasi buat ngejar kereta yg lewat PSE. Kurang2in dong yaaaah.,Keterlambatan
@CommuterLine KRL Solo-Jogja mogok min sudah hampir sejam tertahan di Stasiun Srowot. Gimana ini?,Keterlambatan
@CommuterLine gunanya kereta ngetem di manggarai sampe harus nunggu kereta yg lain dtng baru dia jalan itu apa ya?,Keterlambatan
@CommuterLine @SinyoBenno Eh gimana? Cuma minta maaf doang? Petugasnya siapa? Tolong umumkan dong dan bukti mengakui kelalaiannya. Ditunggu min @CommuterLine @perkeretaapian @bank_indonesia,Pelayanan
@CommuterLine krl arah duri dr manggarai kapan masuk penumpang udh numpuk hey lama bgt ga ada pengumuman jg,Kepadatan
@CommuterLine kakakku bkn rossi min gabisa ngebut2 dia. aku dah otw 20 menit sebelum kereta berangkat. aku ga lama ini liat org2 naik nambo di cibinong ada yg msh di tangga tp keretanya ditahan sm petugasnya biar dia bisa naik. kenapa di pondok rajeg ga begitu? beneran cm beda brp detik...,Pelayanan
@CommuterLine @kegblgnunfaedh Langsung borgol aja min suruh turun. Bawa ke pos security. Membahayakan penumpang yg lain.,Keamanan
@CommuterLine min lagi ada gangguan kah? Kok ke Bogor banyak ke Jakarta ga ada satupun? Udah numpuk di St bojong,Kepadatan
@CommuterLine kereta cikarang ketahan 1 jadi kosong di manggarai jalur 3 cepetan gw ngetik drpd adminnya,Keterlambatan
@CommuterLine tolong dong untuk jadwalnya bisa diperbaiki lagi ya kak. penumpang KRL jg punya ETA yg harus dicapai bukan cuma penumpang KAN jarak jauh. udah atur jadwal sesuai yg tertera di website ternyata delay lama. biasanya 8.40 udah sampai manggarai ini 8.37 masih di cakung???,Keterlambatan
@CommuterLine Dari awal jadwal ga pernah bener tiap pagi berantakan. Percuma dijadwalkan cepat sampai kalo headway sama. Kebutuhan utama kapasitas angkut bukan laju kereta. Toh jadwal 25 menit nyatanya tetep 27-28 menit tiap pagi kayak jadwal lama @CommuterLine,Keterlambatan
@CommuterLine Rangkaian gerbong 5 nomor kereta 1159. Kesalahan bukan di operator kereta tapi di pihak manajemen @CommuterLine menerima iklan dgn suara besar yg (menurut penjelasan security) TIDAK BISA DIKECILKAN volumenya.,Pelayanan
@CommuterLine @KAI121 bahaya banget lubang lumayan besar dibiarin terbuka di samping Circle K Stasiun Bogor https://t.co/qqotsY4j3z,Keamanan
@CommuterLine Di duri kabel listriknya keluar apinya serem banget korsleting gitu. Mana pas liat lagi,Keamanan
@CommuterLine @Fahad_Inoee @KAI121 Wkwkwk petugas dilapangan mah YNTKTS . Mau ga mau kalo sholat sepatu dikekepin aja bodo amat kata orang apa dr pd nyeker,Keamanan
@CommuterLine Min kenapa deh krl sekarang delay terus udah seminggu ini biasa 5.49 udah jalan dari Bekasi ini sampe 5.58 belom ada loh Min?????,Keterlambatan
@CommuterLine Kenapa dibatesin mulu sih????? Ini dibatesin udh sebulan begini mulu telat mulu tau jadi nya peron jg numpuk,Kepadatan
@CommuterLine @radityagusti3 Loh katanya jadwal keberangkatan KA sudah diperhitungkan berdasarkan Grafik Perjalanan Kereta Api (Gapeka) tapi kok masih delay karna pergantian jalur apanya yang diperhitungkan kocaggggg,Keterlambatan
@CommuterLine krl ke bekasi cikarang ga tersedia nya sampe kapan? sampe penumpang numpuk semua di Sudirman???,Kepadatan
@CommuterLine kereta 6013 ckr - senen &gt; kp bnd Udah 3x ketahan terus nih biasanya cmn 2x aja tapi kali ini ketahan masuk pas di bekasi cakung sampe jatinegara.. blm lagi klo mau masuk senen Ketahannya bisa smpe 5-7 mnt tolong lah banyakin armada atau benerin jadwalnya,Pelayanan
@CommuterLine jadwal dari stasiun jakarta kota ke bogor kenapa krl nya kosong ya? Ada apa ya? Penumpang membludak di stasiun jakarta kota. Sampe ke toilet aja penuh banget. Jangan jangan udh di jakarta kota gerbong nya cuma 8 lagi.,Kepadatan
@CommuterLine Telat lagi jadwalnya ...ditahan semua di stasiun bekasi utk kelancaran kajj @KAI121 membayar cicilan utang proyek kereta cepat @jokowi,Keterlambatan
@CommuterLine kereta commuter di Ps Senen apakah selalu headway 30-60 menit? Tadi pukul 08.04 mau naik kereta arah Kp Bandan tapi rupanya baru ada lagi pkl 08.30 kata petugasnya. Di jadwal baru ada pukul 08.55 malah.,Keterlambatan
@CommuterLine KA 5554 kpb-bks gaenak bgt cara proses ngerem nya klo mau sampe setiap stasiun coba tolong di cek problem di masinis atau emg krl nya sampe begitu. Kesian penumpng beberapa sampe ada yg mau jatoh klo berdiri trs ga pegangan,Keamanan
@CommuterLine @kegblgnunfaedh securitynya cemen berdua tpi takut yg kurus dari gestur spertinya temannya misahin tpi ga kyak yg kedua,Pelayanan
@CommuterLine @Rhakafajar_ Bisa nya cuma Hai kaka Bisa nya cuma info posisi Bisa nya cuma nomor KA Sedangkan kita di dalam kereta udah kaya ikan pepes,Kepadatan
@CommuterLine @jalur5_ Kenapa jadwal manggarai-kp bandan jam 7.09 DIHILANGKAN???????? ga efektif dan bikin penuh peron. Kereta ready dr jam 7 tapi dibuka jam 7.55 WASTING TIME,Keterlambatan
@CommuterLine ini masalahnya kereta arah manggarai ga dtg2 tuh apa sih org jam kerja lelet mulu,Keterlambatan
@CommuterLine ini stasiun duri super goblok . 6056 udah siap berangkat bukannya berangkat malah nunggu kereta bandara lewat . Bener2 tolol,Keterlambatan
@CommuterLine segera angkut KRL dari Jepang lagi gess. Buruan biar ngga jadi pepes mulu kita-kita. Muak bgt gua sama TKDN nya Opung.,Kepadatan
@CommuterLine kok bisa ya seorang security yg notabene hrus menjaga keamanan ngomong ke penumpang klo gak mau kesenggol naik taksi aja!! hah?!! siapa dia ngatur2 cuma sama2 babu ajaa gak usah ngerasa pling hebat. Saya jg krja di bagian pelayanan,Pelayanan
@CommuterLine Miinnn ini suka banget ganti tujuan akhir ke yg kp bandan tau² terakhirnya angke.,Keterlambatan
@CommuterLine @berak_sekampung @perkeretaapian @jalur5 @KAI121 @txttransportasi @kabarpenumpang Udah tau itu bakalan bahaya kenapa dibikin kaya gitu maleeeeehhh. Emang lo pada aja salah desain.,Keamanan
@CommuterLine @KAI121 LAPTOP GW KEGENCET2 GARA2 DESEK2AN DI KERETA LO TANGGUNGJAWAB YA SETAN GARA2 UDH TELAT + GERBONG CUMAN 10 SF,Kepadatan
@CommuterLine kenapa ya dari senin sampe sekarang kereta jalur tn abang rangkas selalu telat? Mau pagi mau sore ada masalah kah?,Keterlambatan
@CommuterLine Sering kosong min dispensernya mungkin petugasnya lebih sering ngecekin lagi kali ya,Pelayanan
@CommuterLine jadwal gajelas! ada 2 jadwal kereta ke tanah abang dr jurang mangu menghilang penumpang numpuk kondisi di kereta padat dan akhirnya telat sampai kantor. sampe kapan akan begini? setiap hari harus adaptasi dengan jadwal yg berubah-ubah.,Kepadatan
@CommuterLine @Bambank_L300 @KAI121 @perker @Kemenperin_RI nih bro chaos dilapangan gegara barbek tkdn2 ga bole masuk,Kepadatan
@CommuterLine jadwal benerin ga!? delay dan ga sinkron min buat kita yang harus transit,Keterlambatan
@CommuterLine kereta lelet nih. di cawang kereta sblm nya 7.25 ini baru dateng 7.35. biasanya 7.30 atau 7.27 udah ada lagi. https://t.co/bbh7ifAYkW,Keterlambatan
@CommuterLine kenapa sih iklan marugame pake alarm??? Orang2 jadi pada waspada ternyata cuma iklan! Kalo ada emergency beneran gimana? Hapus iklan2 yang pake alarm bahaya!,Keamanan
@CommuterLine sudah. tadi kan adu mulut copet sama petugas. tapi karena gerbong terlalu padat penumpang si copet gak sempat diturunkan malah menghilang dari mata petugas pindah ke gerbong sebelah dan ybs aman sampai manggarai.,Keamanan
@CommuterLine Plis min balikin krl yg jam 6 ini chaos bgt stasiun bekasi tadi pagi https://t.co/5aiq8gt9E3,Kepadatan
@CommuterLine @agestbudi Min tolong sampaokan ke bagian informasi untuk sosialisasikan pake parfum. Gw gedeg bener klo yg naik bau asem bau ketek..,Kebersihan
@CommuterLine Delay 5x sesuai? Normal nya emang delay sih ya. Jadi delay dianggap sesuai.,Keterlambatan
@CommuterLine @Annicsm Sore line rangkas ada info kah gangguan apa hingga tertahan cukup lama?,Keterlambatan
@CommuterLine Hari libur sebaiknya tambah rangkaian min ini yg transit di St Manggarai sudah numpuk utk menuju St Tanah Abang https://t.co/dSN9IJnoed,Kepadatan
@CommuterLine 4086 telat 21 menit masuk SDM seharusnya 19.21 masuk SDM padat parah.,Kepadatan
@CommuterLine ada apaan yaa ini kereta dari tn abang mau masuk st kebayoran ud ketahan 15 menitan,Keterlambatan
@CommuterLine @YoshitsuneEmpe1 Lah masak gal ada stok spare part cadangan di gudang? Bagaimana manajemen perbaikan dan perawatan peralatan mekanis begini harus nunggu spare part? Misal pun jarang rusak harusnya ada spare part standby di gudang. Any time ada masalah tinggal mobilisasi dan order lagi s/part.,Pelayanan
@CommuterLine ee tolong dong jgn bikin stress kereta ketahan gini,Keterlambatan
@CommuterLine Harusnya di infokan di stasiun sebelumnya di mulai ada masalah. Kami ketahan di sudirman boro2 mau jalan keluar ke tahan di dalam kereta,Keterlambatan
@CommuterLine @imandani gap krl harus dibenerin sih bahaya,Keamanan
@CommuterLine tolong dong kereta yg ke cikarang dibanyakin lagi rata-rata last ke bekasi semua itu pun lama nunggunya bisa sejam sekali... jadi nya keburu numpuk semua di stasiun kranji/bekasi yg mau pulang ke tambun/cikarang jadi ga kebagian kereta karena penuh :),Kepadatan
@CommuterLine owalah pantesan 5049 padet banget.. Kacau..,Kepadatan
@CommuterLine Suka cita apaan malah jadi makin numpuk orangnya gara² jadwalnya berubah. Tadi pagi dari poris jam7 sampe duri 7.28 itu ada kerta ke angke di jalur 1. Antri bgt dari peron 5 ke 1. Terus pas udh di peron1 jam 7.35 4kereta yg dateng ke angke sampe akhirnya jam 7.56 baru ke bandan,Kepadatan
@CommuterLine kereta 1320B jakarta-bogor jadwal jam 16:44 tiba di st gondangdia realnya jam 16:45 baru berangkat dari st. Kota. Sering sekali dianggap 'biasa' kalo telat..,Keterlambatan
@CommuterLine Celah peron di stasiun Depok Baru bahaya https://t.co/zAtk0wkf00,Keamanan
@CommuterLine bisa gaaaa sehariiii aja lu tepat waktuuu ini kereta ngetem mulu udh kyk angkt udh 10 menit lebih ketahan di manggarai,Keterlambatan
@CommuterLine @JalurSerpong Ini jalan gak?? Udah di tungguin gak jalan2 informasi petugasnya sebentar lagi!!! Tp gak dateng2!!!,Pelayanan
@CommuterLine @nafaseparuh tolong jangan dicatat doang. semenjak perubahan jadwal tgl 1 juli jadi makin chaos. tiap pagi kereta cuma 10sf udah gt telat mulu,Keterlambatan
@CommuterLine g jelas ihhh jam segini g ada kereta Biasanya udah ada kereta jam 04:20 . Ini cuma ada 04 : 15 sama 04: 35 Jam 04 :40 nya mana.. Makin padet aja kan jadinya,Kepadatan
@CommuterLine min jadwal perjalanan krl dari stasiun bekasi semenjak gapeka terbaru masih kacau ya. Kok 6.16 aja baru jalan 6.22 yg 6.24 baru datang jam 6.22,Keterlambatan
@CommuterLine line bekasi knp bnyk bgtt. line cikarang jadi dikittt bgtt. padahal orang bekasi jg bisa naik yg cikarang. yg cikarang harus nunggu lamaa bgt. imbasnya manusia line cikarang pada numpuk di kranji bekasi. coba min evaluasi lg,Kepadatan
@CommuterLine beli rangkaian baru lah anj ini org berangkat kerja bukan pada berangkat main anjirrr mana cuma dikasih 8sf jd penumpang rangkaian 1153 pada naik di kereta setelahnya numpuk bgt,Kepadatan
@CommuterLine Iya tadi saya lupa lihat nama petugas yang matikan kipas angin itu. Tapi klo mau tau nama petugasnya lihat aja jam berapa siapa saja yang bertugas di peron 7 jam yang saya tulis itu. Semoga petugas itu sadar dan tdk seenaknya dia melakukan hal seperti itu lagi.,Pelayanan
@CommuterLine @sidikharipriono engga normal min keretanya stuck lama banget pas menuju gambir-gondangdia-cikini-manggarai jadinya tadi yang naik dr manggarai rame banget mungkin bisa diperhatikan jadwal kereta yang di gambir karena ini sering banget terjadi bikin telat nih,Keterlambatan
@CommuterLine Kasih informasi kek atau apa kek setidaknya kami tau kenapa kereta bogor lama,Keterlambatan
@CommuterLine @strpngst Ya makanya diatur min!! Kalo diatur bener jg ga padet imbasnya ke semua orang bikin telat aja orang naik KRL mau cepet bukan mau telat,Keterlambatan
@CommuterLine Udah tau bikin nggak nyaman masih aja. Dikira telat naik kereta tuh nyenengin? Dikira harus nunggu kereta selanjutnya sampe 4 jam tuh nyenengin!? WASTING TIME. Itu waktu bisa dipake buat kumpul sm keluarga di rumah tapi malah dipake buat nunggu kereta di stasiun wkwkwkw,Keterlambatan
@CommuterLine Tolong di evaluasi lg lalu lintas orang waktu peak hour jam pulang kerja.. numpuk.. yg lansia nunggu pintu penyebrangan dibuka orang dr gerbong depan mau ke skybridge yg di gerbong belakang mau ke underpass jalannya sempit pula.. https://t.co/gPDmjVh0Wd,Kepadatan
@CommuterLine Emg ni jalur kayak gak pernah di maintanance miring kanan kiri tinggal nunggu anjlok aja kereta baru dibenerin,Keamanan
@CommuterLine Udh tau ini dah pagi min orng pda berangkat kerja. Kereta cikarang kocak jarak nya lama. Dan gk sesuai jadwal . Belum jadwal nya dah jalan duluan giliran udh jadwal nya kdng gk datang2 dan giliran dah jalan berhenti lama di stasiun2 . Diperbaiki dong min dan ditambah kereta. https://t.co/vs0mxfd6ou,Pelayanan
@CommuterLine sebelah saya ada yang main judol bola. Dia pegang MU. Perlu gue laporin security apa engga?? Apa tunggu rungkad dulu?,Keamanan
@CommuterLine Ga akan pernah bisa on time ya? 1199F kenapa delay?,Keterlambatan
@CommuterLine @kegblgnunfaedh Sekuriti cuma berani nurunin ibuk2 yg bawa bocil nangis kenceng. Tp sama yg gempal pendek nggak berani.,Pelayanan
@CommuterLine Izin beri saran min harusnya tetap diberi keterangan di aplikasinya. Karena fungsinya aplikasi kan untuk membantu yaa semoga tim developer terutama UI/UXnya menampung sarannya nih min,Pelayanan
@CommuterLine hello ini jadwal bogor-jakarta kota kacau banget sih?? Penumpang numpuk gini https://t.co/naOy59tiTt,Kepadatan
@CommuterLine merinding ih di kursi krl banyak banget kecoa kecil2 pada jalan gitu emang ga dibersihin ya? https://t.co/tG9vr0q7V8,Kebersihan
@CommuterLine bahkan yg muda duduk di kursi prioritas dan ada prioritas datang tapi bodo amat gapapa min dibawelin sama announcer yg di dalam kereta deh biar tau malu orang kayak gitu tuh,Pelayanan
@CommuterLine Dari tambun udh on time 7:36 pas masuk bekasi buset ditahan lama bener 7:59 baru masuk bekasi. Udh mana dibekasi malah numpuk huft,Keterlambatan
@CommuterLine Tolong min petugas stay di gerbong wanita krn susah minta tolong u/ minta bntuan membantu mnurunkan ank balita trun krn sebab hamil atau gendong bayi. G enk minta tolong penumpang trs,Pelayanan
@CommuterLine kunci pintu toilet di stasiun Cisauk tidak nyantol ada yang bisa dorong dari luar walau sudah di kunci mohon di perbaiki,Kebersihan
@CommuterLine Min yang telat gara gara di palmerah berhenti lama itu gaada kompensasi dari pihak KAI nih? Kita udah prepare beli tiket KA lokal jadi telat dan kehabisan tiket pulang pas nanya ke loket petugasnya malah cengengesan gmn sih?,Keterlambatan
@CommuterLine @bobamilku Itu yang commuter apa lagi yang kereta lokal cikarang purwakarta lebih parah lagi cuma 8 gerbong jam nya sedikit udah kaya ikan teri pepes,Kepadatan
@CommuterLine @SinyoBenno Min. Jujur dah. Emg yg jaga loket commuter tuh pd knp sih kadang jutek bener. Ditegor masalah vending machine yg gabisa malah didieminn. Didiemin kaga diwaro omongan gw. Buset kaya ngomong ama tembok. Wkwkwkwk,Pelayanan
@CommuterLine @devsarman KA2346 DU-TNG berangkat kondisi lengang padahal bisa ditahan 3 menit buat menampung yang baru masuk di Peron 1. Kondisi saat ini Peron 5 overload. Dikasih cuma 8SF ya Min...,Kepadatan
@CommuterLine gue tanya sekarang kenapa tanah abang dari jam 6an udah chaos? Armadanya pada telat dateng apa gimana sih ini kan gamungkin tbtb sepadet ini kalau ga telat dari sananya???,Kepadatan
@CommuterLine greenline dari tanah abang habis 18.30 jangan 18.47 kata saya mah liat dong tuh numpuk!,Kepadatan
@CommuterLine Baru saja melihat bbrp orang yg masih merokok (ada yg vape jg) di dalam lingkungan stasiun palur @KAI121 @CommuterLine mohon petugas bisa lebih sering patroli trutama jika sdg bnyak penumpang hingga di peron yg agak depan/ujung. Mau sy tegur tpi dicegah istri tkut slh paham,Keamanan
@CommuterLine @KAI121 teruntuk seluruh pegawai kai mohon dibikinin info gimana caranya naik turun kereta prameks maupun krl. Soalnya bener2 kacau banget klo turun dr prameks tuh banyak banget yang gak paham dan gak kasih jalan jadinya desek2an parah,Kepadatan
@CommuterLine gangguan melulu dihhh green line ini gua mau berangkat dari parungpanjang yang seharusnya ada kereta 8.30 malah keretanya masih di Tigaraksa,Keterlambatan
@CommuterLine stasiun cikarang memang kata petugasnya kereta kp bandan via ps. senen kereta pertama di 06.06 dan kereta berikutnya di 06.38 kenapa yang sebelumnya dihilangkan yaa?,Pelayanan
@CommuterLine keberangkatan dari depok 5.50 diilangin alamat numpuk ke selanjutnya nih,Kepadatan
@CommuterLine nggak tau ini baru di bohong gede mau arah citayam dr bogor bau duren nya udah berkurang tp ttp aj bikin nggak nyaman security drtd ngumpul d situ tp cm lewat2 doang pdhl jelas kecium bau duren waktu mrk lewat tp nggak ada yg mau tegur https://t.co/a9ffFYy62h,Pelayanan
@CommuterLine @adhindalatifa Takut ketahuan jadwal nya kacau makannya server nya sengaja dibuat eror.. .,Pelayanan
@CommuterLine Banyak yg komplen ya terkait perubahan jadwal. Aneh juga biasa nyampe stasiun cakung kereta angke via manggarai sliweran ini malah via pasar senen sampe 2x lewat. Di cakung sampe numpuk nungguin via manggarai. Sementara via pasar senen kosong keretanya tolong diubah,Kepadatan
@CommuterLine kacau semua jadwal krl nya. nunggu hampir sejam belum tiba juga,Keterlambatan
@CommuterLine min kereta dari bogor ke manggarai kenapa ketahan ya mau masuk manggarai udah 10 menit ketahan,Keterlambatan
@CommuterLine Halo min. Di st Duri knp kereta ke Manggarai ada yg lwt jalur 5 jalur ke Tangerang. Kereta ke Manggarai bukannya sdh ada jalur: Cikarang/Kp Bandan/Angke. Ini penumpang jd nunggu lama :( dan membludak trs ke Tangerang. Sementara yg ke Manggarai dr jalur 5 dikit bgt.,Kepadatan
@CommuterLine min lama bgt ini knp berenti di stasiun bekasi krl line cikarang saya ngejar kereta lain di cikarang tolong dong gmn si,Keterlambatan
@CommuterLine Dari UI k kota. Smp sekarang jg selalu penuh sesak. Sering g bisa naik jg. Harus nunggu 2-3 kereta baru bisa naik. Klo seperti ini terus yg ada telat terus smp kantor.,Kepadatan
@CommuterLine AC gerbong kereta tujuan Tanah Abang dari arah Rangkasbitung emg bermasalah kah? Panas bgt udah kaya pepes.,Kepadatan
@CommuterLine Kacau banget mana diumumin pas udh di jalan. Bikin org telat,Keterlambatan
@CommuterLine Iya saha paham tapi jangan sampai waktu tunggunya terlalu lama. Karena biasanya kami menunggu pemberan bisa sampai 8-10 menit. Harus diinvestigasi ini kesalahan ada di mana apakah di kereta jarak jauh atau di KRL sendiri.,Pelayanan
@CommuterLine min ini ac krl yg di tengah mati kasian penumpangnya jadi pepes panas banget!! Krl arah jakarta kota td sampe stasiun tebet jam 8.53.. https://t.co/iH9rS4mTSU,Kepadatan
@CommuterLine stasiun serpong bau tai dari dulu sampe sekarang. Gimana nih..,Kebersihan
@CommuterLine ada gangguan wesel di citayam (alat yg mindahin kereta dari satu jalur ke jalur lain nya),Keterlambatan
@CommuterLine Selamat sore Kembali saya komentar terkait area lift (prioritas) bisa ditugaskan petugasnya 1 saja tiap ada kereta yg baru transit untuk jaga area lift krn banyak yg harusnya dipripritaskan tp diselak sm pengguna yg bukan prioritas..bisa diujicoba?,Pelayanan
@CommuterLine hai min ini d Tanah abang overload peron 5 dan 6 nya. Dikit lagi jatoh ke rel nih pada,Kepadatan
@CommuterLine Bener2 enak bgt kerjanya cuma cek2 jadwal kereta yg telat terus jawab aja pale template Bodo amat mau penumpang komplain apa juga yg penting kerjanya balesin pake template ajaaaa dan cuma cek2,Pelayanan
@CommuterLine baru kali naik gondangdia ke stasiun kota diatas jam 20.00 bisa 30 menit lebih gara2 nunggu kereta lain dan perpindahan jalur gilaaa.. kereta kebanykan diem nya daripada jalan bener2 useless..,Keterlambatan
@CommuterLine @farrrawaayy Kacau amat! Orang mau kerja gak bisa!,Keterlambatan
@CommuterLine Ga pernah mau on time? Pasti delay minimal 10 menit? Kalian punya jadwal ga? https://t.co/viXZK0vivO,Keterlambatan
@CommuterLine pantes lama di kota udh numpuk banget,Keterlambatan
@CommuterLine kak besok kira2 rute cikarang line via pasar senen bakal ngaret kaya' hari ini gak? kacau banget hari ini ngaret &gt; 20 menit.,Keterlambatan
@CommuterLine Kepadatan lalu lintas bagaimana? Jadwal sebelumnya hanya selisih 10 menit padahal kok ngeles padat? Bang @bonnietriyana mohon disampaikan ke komisi terkait jika @CommuterLine membuat jadwal baru tanpa memperhatikan kondisi di lapangan sehingga terjadi kepadatan penumpang.,Kepadatan
@CommuterLine ini pekerjaan di St Tanjung Barat bakal sampai kapan ya? Itu pembatas seng nya sangat makan tempat dan ruang utk penumpang lalu lalang jadi terbatas bahkan bahaya krn mepet dengan sisi batas jalur kereta. https://t.co/jKGkMR97Ds,Keamanan
@CommuterLine banyakin deh kereta cikarang u gausa ada yg sampe bekasi doang. masa dari 17.30 - 17.55 cuma ada sampe bekasi doang. terus karena cuma sampe bekasi doang tiap dari bks timur ke bekasi bis 15-25 mnt lama bgt jalur nyaa ubah kayak line bogor biar cpt https://t.co/R0p1QY13Fe,Pelayanan
@CommuterLine Gw pernah khilangan tas berisi BPKB motor lngsung mnta tlong ptugas mnta tolong satpam biar bsa d cek atau d kejar d stsiun brikutanya bsoknya gw kejar smpe stsiun bogor nyri info tlp CS ini itu smp stres tp akhirnya ngga ada hasil tp gw ngga nntut karyawan buat tnggung jawab,Pelayanan
@CommuterLine Pastiin aja jadwal kedatangan kereta lo tepat. Jadi ga kayak hari ini. Nunggu dari jam 8.08 di jadwal kereta dateng jam 8.15 eh datengnya jam 8.25. Tujuan Tn Abang menunggu di Jurang Mangu Juara banget emang KAI commuter kalo soal ngecewain &amp; ngerugiin orang.,Pelayanan
@CommuterLine min ini tuh kenapa ya kereta yang dari tanah Abang ke Rangkas delay terus di jadwal pemberangkatan 6.49 jam 6.46 bahkan baru dateng keretanya. Cape banget,Keterlambatan
@CommuterLine min jenggala surabaya lamongan ada kendala ga ya? karena saya harusnya terusan dari dhoho malang-gubeng lanjut ke jenggala gubeng-lamongan. nah ini dhohonya telat. dari kai gimana ya ini?,Keterlambatan
@CommuterLine jarak waktu setiap krl di manggarai sama tanah abang per 20 menit jadi lama bgt gini deh al hasil penumpang numpuk di peron huftt kacau,Kepadatan
@CommuterLine terbatasnya kenapa min???? minggu kemaren jumat masih normal kok manggarai 12 kereta sama kota pemberangkatan depok jg 12 kereta. itu numpuk banget min busetdeh. bakal begini terus apa gimana???,Kepadatan
@CommuterLine bisa-bisanya delay sejam rute ckr-angke,Keterlambatan
@CommuterLine udah numpuk nih penumpang di stasiun sudirman arah bekasi/cikarang,Kepadatan
@CommuterLine Terus solusinya apa? Apa mau di biarkan begitu saja Stasiun rangkasbitung juga dekat pasar dulu bau untuk sekarang lebih baik dan gak bau,Kebersihan
@CommuterLine KA 1992 Duri-Tangerang tidak ada pemberitahuan stasiun berikutnya atau tidak ada CS on train atau karena memang kendala fasilitas yang rusak?,Pelayanan
@CommuterLine @KAI121 tolong dong klo rush hour tuh KAJJ ngalah sama commuter penumpang sampe numpuk begini di stasiun soalnya krl nya g dateng2,Kepadatan
@CommuterLine ga mau revisi jadwal di rentang 13.07-13.24? Serius lho di jadwal segitu di stasiun citayam gaada kereta sama sekali. Ga di hari biasa ga di hari weekend. Minimal 1 jadwal selipin lah ini orang numpuk berasa hari kerja.,Kepadatan
@CommuterLine tolong tiap gerbong sediain petugas dong. gue TIDAK duduk di kursi prioritas dan di kursi prioritas ada laki-laki early 30s yang sehat dan tidak masuk golongan prioritas tapi gue yang disuruh bangun buat ngasih kursi sama penumpang lain,Pelayanan
@CommuterLine min kereta arah Sudirman/Tanah Abang dari Bekasi sejak gapeka 1 Februari jadi jarang/jedanya lama Penumpang numpuk pada telat nih,Kepadatan
@CommuterLine Kalau telat naik kereta walahar berarti bisa refund dong???? Kan gangguan dari KAI bukan dari kita.,Pelayanan
@CommuterLine @KAI121 minta tolong dicek KRL 1649 di kereta7 (6619 / k1-1-72-15) hari ini AC mati berulang kali sehingga kondisi sangat pengap &amp; panas. sampai buka jendela &amp; kipas gak terasa membantu.,Pelayanan
@CommuterLine Udh setngh jam nunggu kereta rangkasbitung belum ada jg,Keterlambatan
@CommuterLine Kalo bisa 12 rangkaian dari jam 5-8 arah jakarta kota. Kalo 8 mah selesai udh jadi pepes,Kepadatan
@CommuterLine udah beberapa kali hilang jadwalnya jadi padet ke kereta selanjutnya tolong diperbaiki ya thank u,Kepadatan
@CommuterLine tumben banget petugas nya gak sigap udah tau org +62 udah mulai bodo amat pdhl udah blg sama pas di depok baru https://t.co/S290Vs0Un9,Pelayanan
@CommuterLine @jalur5_ @j5base Buseeeeng libur ga libur KRL mah sama aja padet padet juga ini bukannya di tambahin jadwal perjalanannya karena libur nasional malah dikurangin haduuuh,Kepadatan
@CommuterLine Belum ada DM min biasa diminta lampirkan LP dari kepolisian kan?! Capek min bolak balik ke kantor Polisi. Kasus terakhir kemarin sudah dibantu security dr stasiun Rawa Buntu itu juga gara2 opang rusaknya ngga mau suudzon sih tapi opang cukup meresahkan di stasiun Rawa Buntu.,Keamanan
@CommuterLine @nooozleee Belom juga 1 tahun tuh stasiun bener apalagi eskalatornya payah. Kalo kita naek kereta ga bayar bodo amat lah lah ini mana ada yg ga bayar sekarang.,Pelayanan
@CommuterLine IYA TAU anjir ga usah dikasih tau gue juga tau kalo telat. Tapi benerin lah anjir kereta cikarang tuh problematic bikin kereta yg berangkat setelahnya ikutan telat juga,Keterlambatan
@CommuterLine Kalian mending adain investigasi internal dehh bisa2 bukti cctv + keterangan pegawai kuat tapi main pecat decision making &amp; makernya kacauuuu Amit2 besok2 ada tas ketinggalan petugas jadi terpaksa bongkar isinya hanya gara2 kasus ceroboh bloon kek gini. Shame on you,Pelayanan
@CommuterLine tolong dong evaluasi parkir Stasiun pondok ranji error terus kalo mau masuk atau keluar. telat 5 menit aja bisa ketinggalan kereta 2x.,Pelayanan
@CommuterLine tolong kasih kejelasan kereta kenapa gak jalan dari Bojong gede - Jakarta kota? Penumpang pada numpuk gegara keterlambatan. Pagi pagi kalian udah bikin emosi aja.,Kepadatan
@CommuterLine ini kenapa kereta dr st bekasi arah sudirman tn abang via manggarai kok ngaret bgt ya???! kereta yg hrsnya brgkt jam 08.03 dr st bekasi aja blm brgkt dan msh hrs nunggu kereta tn abang via manggarai yg dr arah cikarang berangkat duluan parah bgt telatnya,Keterlambatan
@CommuterLine kenapa setiap hari ketahan di jatinegara dan selalu telat sih anjir sampe capeeeeeeeee bgt komplen tiap hari @KAI121 kereta lu dibenerin jadwalnya @perkeretaapian https://t.co/78glMISupY,Keterlambatan
@CommuterLine bener² gk ngotak anjir kereta lu gua nunggu dr jam 9 njirrr gilaa udh mau sejamm kagak lewat itu kereta arah pasar senen,Keterlambatan
@CommuterLine ayo dong pengamanannya gimana sih makin takut aja kemana mana sendiri,Keamanan
@CommuterLine KA 5521 juga delay di jadwal 8:59. Mana belum jalan. Kalian ga punya jadwal kah?,Keterlambatan
@CommuterLine tolong dong petugas di tnh abang tuh jangan cuman berdiri doangg kasih tau penumpang yg naik eskalator sisi kanan tuh dipake buat jalan bukan diemmm aja petugasnya juga diem2 ajaaa gmna dah ngapain klo ada petugas klo ga diksih tau :))) https://t.co/CjwDR6Ig7r,Pelayanan
@CommuterLine @alzrgnny Yang bener aje kalo udah mo 2 jam nunggu kereta ke cikarang di kp. Bandan baru ngasih info begini bener benerr dahh,Pelayanan
@CommuterLine @perkeretaapian weyyy ini lama banget masuk manggarai udah 8 menit nih belom lagi ngantri turun tangga jalan keluar stasiun manggarai macet di jalan. Jangan bikin orang telat ngantor!,Kepadatan
@CommuterLine ini jadwal kereta dr cibinong 08.46 tetapi sampe 08.51 masih belum dateng ini yg bener ajalah jadwal kereta baru pemberangkatan awal aja udah ngaret please lah diperbaiki masa start dr stasiun awal aja ngaret @CurhatKRL,Keterlambatan
@CommuterLine Wey ini arah DeBar ke Jakot sampe numpuk banget antriii,Kepadatan
@CommuterLine Cakung Manggarai jam 07:07 ga ada yg lewat nih? Langsung ke jam 07:16? Buset numpuk tuh penumpang,Kepadatan
@CommuterLine di Tambun berhenti lebih lama lagi.Astaghfirullohalladzim.sehat sehat semuanya Angker di Kereta Cikarang. Aamiin aamiin Ya Alloh,Keterlambatan
@CommuterLine @_yay4 Ga usah nanya dr stasiun mn krn semua kereta lo itu TELAT..!!! Ngaret ga kira2 15 menit lebih....BOBROK BANGET PELAYANANNYA @CommuterLine,Keterlambatan
@CommuterLine Nunggu kereta dari 20:38 muncul nya 21:01 keterlaluan ini headway nya https://t.co/Y4qZFqIAXA,Keterlambatan
@CommuterLine kalo gak salah yg keberangkatan 16.56 ini soalnya aku udah ganti kereta dan lg dimanggarai lg transit mau ke kp.bandan gak sekali ini sih kemaren-kemaren aku jg nyium bau pesing tp msh denial aja tp ternyata sampe skrg masih bau pesing https://t.co/G5W6Z0TtRp,Kebersihan
@CommuterLine @tesaantobing Ini jadwal kereta dri kampung bandan - cikarang atau angke-cikarang kok dikit ya jam 16.00-17.00 kebanyakan bekasi jadinya numpuk banget satu kereta mohon diperhatikan karena ramadhan gini jam pulang kerjanya jadi maju,Kepadatan
@CommuterLine Min tolong dong infonya ini kenapa jadwal kereta priok dibatalin gitu aja tanpa ada info kenapa ??? Dan kereta baru ada jam 8.13?? Kami yang kerja numpuk lho di priok ? Kacau pelayanannya,Pelayanan
@CommuterLine Min izin bertanya saya sedang mencari pelaku pencurian apakah bisa video dan ciri2 pelaku saya titipkan ke pihak stasiun agar saat pelaku tersebut muncul di stasiun dapat di tangkap dan menghubungi saya? (Kebetulan pelaku riwayat turun stasiun angke dan duri),Keamanan
@CommuterLine kereta lu kemana gila Di jalur 2 ampe numpuk gini. https://t.co/xVie9gjpcG,Kepadatan
@CommuterLine jarak dr 8.05 ke 8.25 itu jauuuh min. mana pemberangkatan awal dr rangkas smua. biasanya ga padet ini td sy naik 8.25 PADAAAATT min bkn padet lg kejepit sy. naik dr parung baru bs gerakin badan dipalmerah baru sampe jurangmangu banyak yg ga keangkut saking penuhnya,Kepadatan
@CommuterLine kereta lokal walahar delay kah? Harusnya berangkat jam 16.50an sampe skrg blm dateng:(,Keterlambatan
@CommuterLine kereta arah cikarang hari ini knp delay lama bgt dah?,Keterlambatan
@CommuterLine gila telat nya hampir 20 menit. Delay semua. Parah yg atur jadwal. Gimana bisa diandalkan telat terus gini???? Keretanya belum sampe bekasi juga https://t.co/Ps4k4KBWBu,Keterlambatan
@CommuterLine tujuan Bogor jadwal 09.11 telat. penumpang udah numpuk di peron 11-12 karna yang dateng tujuan Nambo atau Depok terus,Kepadatan
@CommuterLine Tolong evaluasi lagi yang via PSE masa hanya 2 perjalanan per jamnya. Itu klo jam sibuk pasti numpuk banget min,Kepadatan
@CommuterLine Halo Kak. Lift di stasiun Pondok Ranji Extension sudah lama rusak belum ada service perbaikan sampai sekarang. Orang tua saya sudah lansia ada kesulitan naik turun eskalator. Minta tolong segera ada perbaikan. Terima kasih. -Rizky-,Pelayanan
@CommuterLine Coba dipikirin lagi jadwalnya banyak orang yang kegencet banyak orang tua juga kalau pagi jadi bahaya paling enggak sediain petugas biar gak overload didalem gerbongnya.,Keamanan
@CommuterLine @OhSunnyDay__ Yg bikin gapeka coba petugas lapangan sekaligus nyamar jadi penumpang dong. Trus nyobain segala rute dan semua waktu. Sebar deh tu petugasnya.,Pelayanan
@CommuterLine 5529A benar2 ilang hanya 1 hari ontime seterusnya masa bodo kg bisa ngomong lagi https://t.co/3Nky6hXuUX,Pelayanan
@CommuterLine Iya ga masalah dg 8 rangkaian tp harusnya setelah jam sibuk min. Ngeri nyenggol orang aja tar di kira pelecehan lagi...,Keamanan
@CommuterLine woy mana ini kereta ke tn abang udah numpuk bgt di manggarai jalur 2 blok!,Kepadatan
@CommuterLine Ya pantesan lebih rame naik dari Manggarai kursi udah dikuasai emak² + mbak² yg naik dari Juanda Pnp prioritas dianggap masa bodo sama mereka,Kepadatan
@CommuterLine Ada kecoa di gerbong 6 KRL cikarang kamp bandan via manggarai. Brgkt jam 17.20. Tgl 5 juni2024 https://t.co/ODVN3D71TJ,Kebersihan
@CommuterLine Min tolong itu kereta dr tn abang yang ke manggrai jalur 2 di gerbong belakang khusus wanita tapi laki2nya pada ga geser krn penuh. Petugas jg ga tegas. Ketika di sudirman baru yg udah agak sepi jg ga pada pindah. Petugasnya jg diem aja. Kalau ga tegas ngapain?,Keamanan
@CommuterLine mohon ditindak ini pelaku perekaman diam diam di krl bogor arah jakartakota sekitar jam 11 di stasiun tj.barat tampaknya pelaku sudah terbiasa melakukan pelecehan seperti ini awalnya saya kira dia merekam laki laki di depannya setelah diperhatikan dia rekam- https://t.co/WNkERZZwUd,Keamanan
@CommuterLine ini jadwal krl kenapa diubah dan dikurangin dah? Ngebuat numpuk dimanggarai,Kepadatan
@CommuterLine satu lagi ya penumpang arah tangerang itu banyak tapi terus terusan dikasih yang cuma 8 gerbong. Numpuk udah kaya pepes.,Kepadatan
@CommuterLine @KAI121 kok banyak kecoaa sii di KA Lokalnyaaa ga takut si tp ya gimana ya mau slenden di deket jendela takut kemasukan kecoa,Kebersihan
@CommuterLine @MikailaCessa Min hari ini bukan hari Sabtu / Minggu / Libur Nasional. Hari ini adalah hari kerja tidak semua orang dapat cuti bersama. Lihat kan di stasiun numpuk penumpang.,Kepadatan
@CommuterLine MANA SAMPE MANGGARAI UDH TAU KERETA TELAT MALAH YG ARAH SUDIRMAN SURUH BERANGKAT PADAHAL KERETA KOSONG. ITU ORANG YG ABIS KEJEPIT DI KERETA PASMING LARI2 NGEJAR KERETA KARENA TELAT. NUNGGU KERETA LAGI LAMA. TOLOL BGT!,Keterlambatan
@CommuterLine kenapa tidak ada petugas lost and found yang profesional? Bukan yang merangkap! Jadi tidak fokus menemukan dan membantu orang yang sedang panik dan kalut kehilangan barang. #hatihatinaikKAI,Pelayanan
@CommuterLine min angke 7:02 udah ga ada lagi skrg? numpuk banget woy,Kepadatan
@CommuterLine kenapa siang ini kereta arah bogor depok lama bgt min. Sampe numpuk di mamggarai. Padahal belum jam pulang kantor,Kepadatan
@CommuterLine Nunggu kereta ke Manggarai dari jam 08.00 di St. Bekasi Timur baru dtg jam 08.45. Trs nunggu antrian masuk St. Bekasi hampir 10 menit. Coba jelasin kenapa begini jadwalnya? Lamaaaaaaa bgt,Keterlambatan
@CommuterLine @dantsus @Heraloebss aneh banget security 2 malah ngelerai bukannya bareng nyeret tu orang keluar. padahal jorokin aja keluar dan blacklist.,Pelayanan
@CommuterLine Sudah tp cuek tdk merespon sdgkan itu tau klo lg gendong bayi dn bawa barang. Inisiatif bekerja harus nya di terapkan bukan min kpd sluruh karyawan,Pelayanan
@CommuterLine PARAH NUNGGU KERETA KE TANAH ABANG VIA MANGGARAI DARI JATINEGARA 36 MENIT!,Keterlambatan
@CommuterLine Ini belum aja ada kejadian yg pingsan atau ada kehilangan di dalam rangkaian karena banyak orang yg numpuk sampai berdesak desakan di dalam rangkaian,Keamanan
@CommuterLine iyaaaa jangan lama lama sedih banget aku min telat garagta delay terus,Keterlambatan
@CommuterLine @sadiqadhetyo Min saran dong petugasnya ada yg standby juga di area kursi prioritas. Dg kondisi kereta yg penuh sesak seringkali susah menjangkau petugas yg entah dimana Saya ngalamin hamil muda berdiri dari sudimara sampai tanah abang krn gada yg kasih dan gada yg bisa diminta bantuan juga,Pelayanan
@CommuterLine Bahaya tuh bersandar di kereta,Keamanan
@CommuterLine Semua kereta yang berangkat dari bogor jam 6 pagi delay semua ya. Situ kira delay cuma satu rangkaian rangkaian di belakangnya bisa nyusul? Mikir.,Keterlambatan
@CommuterLine KETAHAN MASUK STASIUN PASAR SENEN KENAPA SELALU LAMA BGTTTT ASTAGHFIRULLAH,Keterlambatan
@CommuterLine ada kecoa arah rangkas bitung https://t.co/DLBHdpQjKu,Kebersihan
@CommuterLine pantesan di tangerang td numpuk bgt,Kepadatan
@CommuterLine @nyiyiyiya Tadi pagi kereta tigaraksa-tn abang yg bisanya dr cisauk jam 6:30 molor sampe 6:47. Sementara di parung panjang sudah ada kereta tujuan tn abang tp tetep aja nunggu kereta dari tigaraksa lewat dulu ampun dah begoo,Keterlambatan
@CommuterLine @paruparulily @bucinnsehun disuruh cek berkala mulu yg harusnya dicek berkala itu pegawai KAI nya yg bagian input data barangkali ketiduran orangnya. ditungguin banyak orang nih. bisa dipesan jam berapa ga dijawab jawaban template terus. gimana kok ga ada mekanisme follow up ke bagian yg terkait,Pelayanan
@CommuterLine parah bgt security stasiun kebayoran hp temen gue mati dan dia gabisa pesen go transit dan kondisinya itu udah kereta terakhir malah sempet-sempetnya sok galak dan ga bantuin apa-apa bok ya yaudah sih tap-in aja buat temen gue,Pelayanan
@CommuterLine Minimal kereta balik dari Depok dong ini udah numpuk banget tau,Kepadatan
@CommuterLine jadwal kereta ngaret mulu line Cikarang - Kp Bandan Itu kereta lokal jadwalnya gimana sih min selalu ngeduluin kereta lokal ngerugiin waktu. Tolong review ulang dong jadwal keretanya ngaretnya sampai 10 menit bahkan sering lebih.,Pelayanan
@CommuterLine tidak ada Kereta Bekasi/Cikarang via Manggarai pada jam2 sibuk ituuuu 7 pagi - 7.30 gimanaaa yaaaa penumpang numpuk atuuhh,Kepadatan
@CommuterLine @sendiryan_ jawaban ga membantu tau ga. giliran bisa pilih jadwal aja seatnya banyak yg kejual dan waktu masukin identitas tbtb timeout. kami tuh butuhnya estimasi dan KEADILAN buat semua calon penumpang. makasih.,Pelayanan
@CommuterLine min mau nanya deh kenapa ya di stasiun klender tuh bau kaya kabel kebakar? Itu selalu di stasiun klender,Keamanan
@CommuterLine Min kenapa di jam jam rush hour tuh rute bogor-Jakarta kebanyakan 8 gerbong udah kayak ayam geprek lah min tolong jgn 8 gerbong di jam set 6 sampai jam 8 min itu padet banget,Kepadatan
@CommuterLine Halo Min mau info untuk kereta tujuan cikarang di jam 18.57 hari Minggu 28 September bau toilet(pesing) Saya sampe pusing sama bau nya Mau pingsan tapi takut gada yg kuat angkat wkwk Terima kasih min,Kebersihan
@CommuterLine bener2 anjing stasiun duri . Orang udah lari²an sampe peron ngejar 5142 malah satpamnya ngasih kode biar berangkat . Bukannya nungguin dlu kek . Demen banget bikin numpuk . Bener² anjing . Kesel stasiun transit kok begitu perlakuannya,Kepadatan
@CommuterLine Gatau min mungkin bisa dicek satu2 sm petugasnya nanti kedengeran pasti soalnya iklannya kenceng dan muter terus,Pelayanan
@CommuterLine Tolong ini ngeliat lansia di peron ini kasian ngeri jatuh. Tolong agar stasiun TAMBUN bisa aman naik turun penumpang. Udah masuk musim hujan. Disayangkan kemarin saat kemarau tidak ada aktifitas terkait pemindahan peron. Tolong ya @CommuterLine agar secepatnya bisa terlaksana. https://t.co/D4T5gVdOqx,Keamanan
@CommuterLine di st kebayoran arah ke serpong kok gaada kereta? Udh nunggu hampir 20 menit padahal kereta yg balik ke tanah abang udh 3 yang lewat. Ngaco ini mah numpuuuk,Kepadatan
@CommuterLine tolong kalau ada keterlambatan kereta dan gangguan diinfokan dg jelas posisi2 kereta di setiap stasiun. Jgn biarkan penumpang menunggu tanpa ada informasi jelas. Ini di Pocin sdh 30 mnt tdk ada kereta tak ada info apa2.,Pelayanan
@CommuterLine @tjib_ gak ada tindakan ya percuma dasar sampah,Pelayanan
@CommuterLine Astaga sudah basah2an di kereta tetap aja tertahan di jalur masuk senen arah ke bekasi...,Keterlambatan
@CommuterLine Min. Kereta ke cikarang jam 14:30 macet di bekasi pindah jalurnya lama banget,Keterlambatan
@CommuterLine min tolong dicek CL KPB-Bekasi 4092 gerbong 6 ada suara keras dr mesin bawah kereta dan ada sedikit bau gosong di dlm kereta (20.56 di Cakung),Keamanan
@CommuterLine @aisyahsekaram Kereta selanjutnya 20 menit min.. di peron udah penuh lg. Sama aja bukannya lega malah sama2 sesek ditambah telat. Ngawur blass sarannya,Kepadatan
@CommuterLine min kereta bogor &gt;jakot kok banyakan yg 8 gerbong doang sih minn: ) padet bgt jujurr isinyaa,Kepadatan
@CommuterLine kalo emang mau ada penambahan jadwal KAJJ tuh diatur biar ga numpuk di rush hour dan malah ngorbanin jadwal commuter line. what a shame,Pelayanan
@CommuterLine @morawwrr Semua orang juga tau jobdesc nya petugas itu yg jadi pertanyaan kenapa green line ini telat terus? Jadi penumpukan kaya gini. Masa ga pernah di evaluasi????,Kepadatan
@CommuterLine min hari ini jadwal ente kacau dah,Pelayanan
@CommuterLine dari bekasi jam sibuk 07.18-07.44 tidak ada tujuan manggarai padahal setiap hari penumpang numpuk. Mohon dievaluasi jadwal yang dr bekasi.,Kepadatan
@CommuterLine goblog delay 15 menit lebih masuk manggarai. staff ga kompeten sama jadwal delay bego ah,Keterlambatan
@CommuterLine @dayequale MIN KATA GW LU HARUS BACA BACA DEH SBLM KASI PERATURAN KEK GINI JIR BAYANGIN KL TU ESKALATOE AMBLESS BAKAL BAHAYAIN BRP ORG https://t.co/91EaWfniqo,Keamanan
@CommuterLine minn bekasi-manggarai udh 20menit ga ada niiii. Udh padet banget loh bekasi,Kepadatan
@CommuterLine iklan sasa sambal ganggu banget suaranya terlalu besar apalagi pakai suara alarm yang cukup mengagetkan dan rawan menjadi false alarm...,Pelayanan
@CommuterLine duh min tolong ya petugas peron di tanah abang ini sering banget jutek kalo ditanya. tadi saya tanya baik2 padahal. KA 5571A SF12 bilangnya cuma sampe kp. bandan aja (soalnya biasanya SF10) jadi aja nunggu lagi lama banget :) petugasnya deket eskalator 2 orang sekitar jam 17.00,Pelayanan
@CommuterLine min ka boo-jakk 1175B gerbong 6 ac nya mati min tolong diperbaiki gerah banget ini kaya pepes,Pelayanan
@CommuterLine and @kompascom stasiun transit duri jam saat ini kapasitasnya tidak aman bagi penumpang untuk berpindah peron. Sudah penuh sesak berpotensi insiden kalau kalian berpikir,Keamanan
@CommuterLine Selalu seperti ini setiap pagi setiap hari KA 558 Prameks jurusan kta-yk ac baru dinyalakan jam 5 lebih padahal penumpang sudah standby stgh jam sebelumnya,Pelayanan
@CommuterLine harusnya satpamnya jaga 1 di belakang. Ini masak laki semua di gerbong wanita no krl 1158 arah bogor,Keamanan
@CommuterLine KA4013 knp telatnya lama ya? Di jadwal aplikasi 06.37 telat smp 10 menit jd 06.47,Keterlambatan
@CommuterLine barusan ga enak banget di manggarai hampir jatoh dr tangga waktu naik tangga karena ada bapak2 ngebody turun tangga tp ngebody org2 yang naik mana keras lagi ngebodynya. Heran,Keamanan
@CommuterLine TOLONG LAH YA KALO NUNGGU SINYAL KETAHAN TUH JANGAN KELAMAAN! UDAH 10 MENIT LEBIH KERETA GA JALAN KARENA NUNGGU SINYAL MASUK STASIUN BEKASI!!!,Keterlambatan
@CommuterLine Buat apa disekat ujung ujungnya numpuk juga. Bukan solusi. Coba balikin lagi rute bogor-angke pasti orang gak bakal dulu duluan naek keretanya. Mohon atensi nya Pak @jokowi @andre_rosiade kami sudah capek di tempat kerja,Kepadatan
@CommuterLine @txtdrbekasi @PernebangRoket @KAI121 coba di hari apa gitu datengin petugasnya tontonin rame2 kalo emang beneran dikerjain permasalahannya,Pelayanan
@CommuterLine @kabarpenumpang Yuk direvisi lah signage nya @CommuterLine petugasnya juga disuruh pakai diskresi lah dalam menerapkan peraturan mana yang bisa dikasih keringanan mana yang saklek jangan pake kacamata kuda terus,Pelayanan
@CommuterLine MINIMAL KALO TELAT TUH INFOIN ADA GANGGUAN ATAU APA INI LAYAR JADWAL KERETA MATI GA ADA PENGUMUMAN APA2. ORANG DI PERON UDH BANYAK BGT. UDH NUNGGU LAMA BELOM TENTU DPT KERETA. GOBLOK BGT GA PERNAH BENER DI MANGGARAI. GANTI JALUR MALAH NYUSAHIN!,Pelayanan
@CommuterLine Pantes ni stasiun cibitung penuh bat,Kepadatan
@CommuterLine Tahun depan masih ada harapan buat ditambahin kan min? Soalnya horor kita udah di eskalator yg di bawah ga bisa maju yang di belakang juga terus nguler etah dorong-dorongan min di area ujung eskalator wkwkw. Pusing berjamaah sama security jg. Yuk bisa yuk makasih mimin.,Pelayanan
@CommuterLine Minnnn ada gangguan apa ya di Stasiun Bojong indah? Ini kereta menuju Duri tertahan di Rawa Buaya sudah 10 menit,Keterlambatan
@CommuterLine Dgn kondisi model skrng rasanya ngeri bg para difabel terutama jam sibuk..kecuali penumpukan di Manggarai diurai dgn jadwal bekasi-jakarta kita via senen dibuka lagi dan Depok-jatinegara di adakan lagi..,Pelayanan
@CommuterLine ini kenapa lama banget ya jeda waktu krl red line yang ke arah Jakarta Kota?? Sampai 10 menit nunggu??? Harusnya kan jeda waktu 5 menit.. Tolong kalian kalau bikin jadwal yang bener yang konsisten jangan kacau begini !,Keterlambatan
@CommuterLine @tobiin @KAI121 @CommuterLine ..tiap sy naik kereta n pas tato keliatan langsung security mendadak jadi mata elang standby d pojokan liatin sy gak kedip2 matanya. Kek sy mau berbuat kriminal aja..haizzzz Diedukasi donk securitynya..liat yg tato-an langsung aja negatif stigmanya..haizzzz,Pelayanan
@CommuterLine Sebenarnya petugasnya jg kewalahan krn penumpang semrawut mau lewat situ semua. Ditambah jalanan sempit. Mohon dicarikan solusi min krn prioritas jd mengalah sm mereka. Dan jika ditegur mereka lebih galak,Pelayanan
@CommuterLine @AsdoAr @KAI121 @perkeretaapian 6060 TELAT 16 MENIT KONDISI RANGKAIAN PADAT PARAH PT.KCI MEMBUKA PELUANG BAGI PELAKU KEJAHATAN DAN PELECEHAN SEKSUAL.,Keamanan
@CommuterLine @KAI121 tolong di cek dong tadi kereta serayu pwt - ps senen sekitar jam 01.25 WIB bener2 bau asap karbon bikin pusing (nge-fly) jadi masih sempoyongan nii https://t.co/513xl0wVGX,Keamanan
@CommuterLine Gw pertama masuk kerja udah telat aja gara gara eluuu telat 2 jam kocakkkk,Keterlambatan
@CommuterLine ini admin kereta mantau semua DM netizen 24 jam kenapa ga ada yang bener si jadwalnya selalu telat melulu gasesuai aplikasinya deh kacau banget,Pelayanan
@CommuterLine gila kereta jaraknya lama amat dari tadi 10 menit kaga muncul di Depok baru ketinggalan beberapa detik nunggunya bermenit mentang hari Sabtu kali dikira ga ada yg kerja . Udh Kemaren patah relnya skrg telat lagi . Di banyakin dong keretanya,Pelayanan
@CommuterLine cek di aplikasi tdk jalan2 aplikasi commuternya. Posisi baru smp stasiun Cakung 19.22 panass 12 gerbong dan padat dan telat,Keterlambatan
@CommuterLine tiap lewat stasiun bojong gede dan pintu kereta gerbong tengah ke belakang kebuka langsung bau toleit nya ya ampun bau pesing banget ini gmn ya ga ada blm ada perubahan sudah berbulan bulan,Kebersihan
@CommuterLine makanya goblok kalo biking jadwal yg bener jgn headway lu bikin ampe hampir 30 menit ANJING. NUMPUK SEMUA MANUSIA DI KERETA CIKARANG MODE SENGGOL BACOK. GUA BAKAR REZIM SKRG JUGA BISA. ANJING LU SEMUA GOBLOK. malah banyakin kereta bekasi ngapain tolol?,Pelayanan
@CommuterLine @kegblgnunfaedh Coba min tolong kasih kuasa lebih ke security. Minimal bisa miting palak bapak itu lah kalo masih nyolot dorong aja pepet ke pintu sebelum dikeluarkan tentunya. Penyakit itu udh salah dinasehati nyolot masian.,Pelayanan
@CommuterLine krl dr rawabuntu tanahabang. berhenti di tanah abang jam 7.29 gerbong wanita pertama di pintu ke 3. Lebih dr 15 orang jatoh saat kereta rem mendadak antara palmerah ke tanah abang.,Keamanan
@CommuterLine makin hari makin kayak goblok aja nih jadwal lu asliiiiii!!!! KRL cikarang-kp bandam via pse harusnya udah di telaga murni 07.31 daritadi tapi udah delay 5 menit belum ada juga KRL ini!!! Ini rush hour anjingggg buang2 waktu banget bangsat bangsattttt,Keterlambatan
@CommuterLine @catatananakedan lah... menyesuaikan waktu?? dipikirnya numpuk gitu kita gak mikir? Kalau masih bisa sih pasti kita gak mau di jam2 sibuk.,Kepadatan
@CommuterLine @CommuterLine hari ini kereta arah tanah abang dari rangkasbitung kenapa molor banget ya? Sudah hampir 30 menit loh ini nunggu kereta hehe biasanya gapernah gini. Sayang banget waktu kebuang,Keterlambatan
@CommuterLine bagus sekali nunggu kereta ke bekasi/Cikarang di manggarai sejam. mantap,Keterlambatan
@CommuterLine @KAI121 @kemenhub151 5527 harusny tiba sudirman 08.48 sesuai dg Gapeka tapi reelnya 08.52 tiba sudirman dan kemungkinan akan lebih dari 08.52 5527 pasti akan ditahan di JTN dan ditahan lama di MRI. MAKIN BODO SAJA KAN KCI.. UD DELAY AKAN MAKIN DELAY. https://t.co/qOSxztPtO0,Keterlambatan
@CommuterLine Oy gua mau balik ke bogor ini masih Di Bekasi. Mau nyampe jam brp? Kacau lu udh sejam ga jalan2 ini kereta,Keterlambatan
@CommuterLine sangat di sayangkan stasiun sdh rapi tp yg jajan pada nyampah lokasi stasiun sudirman solusi kash tempat sampah di luar stasiun https://t.co/s7Vab7OnOp,Kebersihan
@CommuterLine Jalur tn abang dari jurang mangu udah menumpuk. Kereta yg menuju selatan udah lewat 2x arah sebaliknya blm ada yg lewat. Biasanya 1:1 deh Hmmmmm. Lepet pepes deh nih,Kepadatan
@CommuterLine kenapa sekarang kereta jadi tambah kacau jadwal tiap hari beda2. Jam ngaret2. Kereta 8 gerbong semua. Jarak antar kereta bisa 10-15 menit di jam pulang kantor. Aplikasi/papan jadwal sama kenyataan ga sesuai. Dan ini di jam pulang kantor. Orang numpuk di St. Cawang,Kepadatan
@CommuterLine Jadwal baru makin buruk di jam sibuk bukannya ditambahin jdwl malah dikurangin jdwl. Baru distssiun awal aja udh padet bgt Orang2 udh pada emosi dan teriak2 krna kejepit2. Ga perlu ada yg jd korban kehabisan oksigen dl baru diubah jadwal kan?,Keamanan
@CommuterLine @KAI121 Evaluasi tuh pegawaimu yang bikin GAPEKA sama petugas PPKAmu masak tiap hari dhoho 401 harus terlambat kayak gini. Masuk kerja bikin telat sudah ndak ada kompensasi petugas stasiun bukanya minta maaf justru malah galak banget. Pelayanan buruk gitu,Pelayanan
@CommuterLine KAJJ jadwalnya rubah2 juga min? Soalnya imbas nya jadi numpuk di stasiun,Kepadatan
@CommuterLine @infojakarta gerbong khushs wanita hire petugas ceweklah.. kasihan masnya salah dikit malah dituntut pelecehan,Pelayanan
@CommuterLine @Heraloebss Security nya gak tegas. Guna nya security dsitu apaan dah..klo cm bales2an bcot mah smua org jg bisa..tuh org klo ternyta dia msh dendam sma yg ribut td trs balik kegerbong ternyta bawa sajam nusuk org tadi trs yg mau disalahin sypa? Uda pasti cuci tangan tuh satpam&amp;KAI nya..,Keamanan
@CommuterLine mohon bantuannya dr para petugas jg utk mengawasi crowded yg biasanya terjadi di jam sibuk ya. krn sindikat copet itu manfaatkan kesempatan di keramaian org yg berdesakan masuk gerbong. we appreciate ur service though. tp yg ini bisa diberi perhatian jg mungkin,Keamanan
@CommuterLine @deoct__ Udh lah setiap harinya kereta penuh sesak smp g bisa naik. Harus tunggu 1 jam baru bisa naik d jam pulang kerja. Ini cuti bersama yang g semua cuti kereta pun d kurangi.,Pelayanan
@CommuterLine lu jgn biasain kereta stuck dong jadi rame mek,Keterlambatan
@CommuterLine kereta ke bogornya kenapa lelet gini berenti2 mulu masuk ke depok,Keterlambatan
@CommuterLine min agak repot ya sejak kereta bandara ada jalur baru di stasiun rawa buaya. Orang dibatasi utk msk padahal area nya jadi 1 sama arah tangerang. Harus nunggu kereta tangerang dtg baru bisa jalan kedepan. Kalo mau ke gerbong depan kan susah jadinya,Pelayanan
@CommuterLine toling dong di stasiun tebet ada petugas yg standby di pintu keluar belakang. Jd klo ada org yg uda ngetap keluar tp gabisa keluar bisa gercep dibantu ga harus jalan kedepan buat nyari petugas. Wasting time bgt,Pelayanan
@CommuterLine Mau ke duri min via manggarai udah dari tadi keretanya blm ada juga. Kacau,Keterlambatan
@CommuterLine saya tau mungkin harga tiketnya sangat terjangkau. tapi saya minta tolong untuk kereta dhoho kebersihannya dijaga. sudah 3x naik kereta ini dan selalu disuguhi pemandangan anak kecoa mondar-mandir. puncaknya adalah hari ini sang ibu muncul di dekat jendela saya.,Kebersihan
@CommuterLine Naik KAI kebanyakan delay NUNGGU ANTRIAN MASUK STASIUN KERJA JADI TERLAMBAT!,Keterlambatan
@CommuterLine sorry maksud saya kereta barang. tadi sekitar jam 06.59 yang lewat malah kereta barang di rawabuntu. imbasnya itu engga main2 min. kereta keberangkatan awal parung panjang yang biasa masuk rawabuntu jam segitu malah molor beberapa menit kebelakngnya juga jadi kacau itu.,Keterlambatan
@CommuterLine Halo berapa lama ya lagi ya? Ini sudah tertahan setengah jam di gambir dan gak cuma ada satu rangkaian di sini yang tertahan. Tolong dipercepat,Keterlambatan
@CommuterLine Semua kereta jarak jauh sepertinya juga tertahan sy naik bogowonto berangkat jam 21.40 tp sekarang masih di Ps. Senen,Keterlambatan
@CommuterLine kalo bikin jadwal yang sesuai kenyataan lah.. ngomongnya sampe 20.34. nyatanya sampai 20.42 juga belum sampai.. bikin jadwal jangan asal bikin. pikirin penumpangnya. ngaco banget terus2an nunggu kereta lain tapi datengnya lambat. https://t.co/XqTCgs31WK,Keterlambatan
@CommuterLine wew arah MRI dr KRI headway 15 menit sekali dtg 10 kereta yg gimana ga pepes,Kepadatan
@CommuterLine tolong dong perbaiki komunikasi antara pengumuman dan petugas di lapangan di cikarang tanya petugas jalur 3 jln dulu udah lari2 dr jalur 1 nyampe di jalur 3 eh yg mau berangkat jlr 1 dulu ... dosa lu min ngerjain orang tua bawa anak lansia dll yg pindah2 jlr,Keamanan
@CommuterLine 2 KRL dorong 5529A akal2an KCI akibat dahulukan KAJJ.,Pelayanan
@CommuterLine KA 2018 schedule 08.55 dari THB 08.57. Jam 09.20 masih di Kebayoran delay 12 menit. Mantap! @CurhatKRL @AnkerTwiter @JalurSerpong https://t.co/uqoKRt9GRn,Keterlambatan
@CommuterLine KRL sudah banyak sekali kasus pelecehan seksual. Pagi 26 May ada seorang perempuan dilecehkan seksual oleh pria di krl bekasi - jatinegara. Respon petugas bagus mengeluarkan tersangka. Tetapi konsolasi untuk korban? Tersangka sebaiknya dipublish sehingga jera!,Keamanan
@CommuterLine Siang min saya kehilangan helm motor. Mau tanya apakah staff parkiran di stasiun cikarang menemukan helm saya?,Keamanan
@CommuterLine kapan sih perbaikan semua eskalator di stasiun Bekasi dilakukan? Pdhl sudah tau fasum penting kok diulur terus perbaikannya!! Stasiun Besar tetapi pelayanannya 0,Pelayanan
@CommuterLine @pipitooramadani Tolong cepet benerin deh. Saya posisi hamil tua ni udah bener bener engap kalo turun di peron 6 7. Di peron 4 5 juga. Lift itu rebutan. Yang non prioritas pada ga ngalah security buat ngaturnya juga gaada.,Keamanan
@CommuterLine @KAI121 @kemenhub151 KA 4077 DELAY LAGI TIBA KPB. DAN C ACCESS PASTI ERROR TIDAK BISA ACCESS. KA 4078 LAGI2 DELAY TIBA BSKT DAN ST AKHIR CKR.,Pelayanan
@CommuterLine lajur Manggarai - Kampung bandan. No kereta K1 1 90 105 di gerbong 5 bau pesing... Minta tolong diperiksa dan dibersihkan,Kebersihan
@CommuterLine st gondang udah numpuk bgt plis,Kepadatan
@CommuterLine Ada gangguan di krl jalur 3 tanah abang arah tambun min katanya pengecekan2..bs numpuk ini,Kepadatan
@CommuterLine @txtdrbekasi @PernebangRoket @KAI121 weh ini tuh udh diem bae kayaknya udh setahun lebih loh tulisan Sedang Dalam Perbaikan ge ora ada petugasnya pisan saban ari,Pelayanan
@CommuterLine Sama aja lu kaya mentri yg bikin susah nyari gas lpg kemarin niat bikin solusi malah nyusahin banyak orang. Mending balikin aja jadwal yg lama dari awal bulan perjalanan krl ga ada yg bener telat ama bikin numpuk!,Kepadatan
@CommuterLine kata gw mah sih. ilangin ya kereta dari tangerang langsung manggarai. stress bgt NUNGGU KERETA SAMPE 30 MENIT LEBIH LOH! apa jg motivasinya dibikin langsung ke manggarai padahal bisa transit. stress,Pelayanan
@CommuterLine nice banget waktu transit hanya untuk pindah dari jalur 5 ke jalur 1 &amp; 2 stasiun duri membutuhkan waktu 5 menit. Ini di luar dari waktu tunggu kereta yang juga kadang suka telat,Keterlambatan
@CommuterLine peak hour hrsnya armada ditambah ini jadwal kereta kok makin molor gapnya jauh selali dtg cm 8sf please evaluasii lagiiiiiiiiiiiiiii,Pelayanan
@CommuterLine bangsaat gua udah s3ngaja bangun pagi biar dateng awal eh malah delay hampir set. jam dan akhirnya telat tolol lu ah kerja yag bener jangan kebanyakan korup,Keterlambatan
@CommuterLine Min kenapa makin sering telat ya? Masalahnya keretanya jadi penuh bgt dan sesak napas di dalem min Tolong dong lebih diperhatiin lagi yang begini ke depannya apalagi di jam-jam sibuk beda beberapa menit aja pengaruhnya signifikan loh,Kepadatan
@CommuterLine min perbaikan eskalator di stasiun duri masih berlangsung kah? Soalnya tangga manualnya jadi terlalu padat,Kepadatan
@CommuterLine halo min manggarai jalur 3 dan 4 sudah penuh sesak,Kepadatan
@CommuterLine Min.. Kok jam segini di Juanda gaada jadwal kereta ke Bogor??? Ini jadi numpuk banget loh https://t.co/2pprLBKWgh,Kepadatan
@CommuterLine jadwal kereta tuh gak pernah ontime ya? Delay mulu udah mana delay ketahan pula. Hadeuh,Keterlambatan
@CommuterLine Mohon untuk jadwal kereta jam 06.36 no. kereta 4095 mohon datangnya lebih awal jika 10 gerbong Untuk meminimalisir penumpukan penumpang mohon datangnya jangan mepet2 pas pemberangkatan karena stasiun depok jika sudah jam 6.20 sudah banyak numpuk penumpangnya.,Kepadatan
@CommuterLine @cheeseandwinee Hai min krl commuterline arjonegoro dari arah lamongan-pasar turi ada kendala apa ya sampai delay 1jam setengah? Capek banget,Keterlambatan
@CommuterLine tolong ya tadi harusnya di Bekasi udh sampe lewat 07:17 trs malah delay baru sampe jam 07:23 dan baru berangkat lagi 07:34 dari Bekasi sampe Cikarang lewat 07:52 tolong tanggung jawab tiket walahar saya yang hangus atau perbanyak kereta menuju arah Karawang,Keterlambatan
@CommuterLine kereta duri arah sudirman kenapa lama banget dah? hari2 dibikin telat mulu anj,Keterlambatan
@CommuterLine min tolong dong pelaku pelecehan bermodus pura2 tidur nih barusan duduk sebelah saya gesek2 paha tangan udah sempet di tegur satpam di st bogor tp masih berkeliaran aja dia https://t.co/nopa39AeGg,Keamanan
@CommuterLine ini headwaynya bisa kali yaa direview biar penumpang dijam sibuk numpuk kayak gini di St Sudirman. Pintu samping juga bisa kali dibuka kali tap in aja uda kayak antri apaan panjang bener ngulernya. Thank you https://t.co/0tU2BbA36o,Kepadatan
@CommuterLine @sylvpr Normal kembali apaan min ini Kereta kampung bandang via manggarai ngaret mulu,Keterlambatan
@CommuterLine Min dari dan ke cikarang parah bgt masa dikurangin abis2an. Nunggunya jd sejam an bahkan bs lebih. Kemarin2 masih mending nunggu 20-30menit aja. Ini pd numpuk bgt kayanya jadwal baru gagal total krn makin nyusahin pelanggan. -_-,Kepadatan
@CommuterLine tiap pagi dan sore penumpang dari st bekasi timur harus menghirup asap bakaran sampah ‍ https://t.co/dzOO1A646w,Keamanan
@CommuterLine banyakin kereta ke kampung bandan jam 8.20-8.40 yg lewat manggarai dong min. Numpuk banget penumpang yg mau turun sudirman doang,Kepadatan
@CommuterLine Halo KAI Commuter saya udh nunggu kereta arah Duri Angke selama 30 menit di stasiun Tanah Abang sementara kereta arah manggarai udah 4-5 kereta yg jalan. Ini gimana sih jadwalnya?!,Pelayanan
@CommuterLine stasiun jakartakota sudah numpuk penumpang di peron jalur bogor ada kendala apa min? nunggu kereta langsir?,Kepadatan
@CommuterLine Kereta yang anda miliki tidak layak. 1. Sering rusak 2. Ac panas 3. Banyak kecoa,Kebersihan
@CommuterLine kenapa suka PHP sih? Di jadwal dan tulisan di kereta pun st akhir kp bandan malah tiba² semua disuruh turun angke. Udah sering banget begini. Kalau memang sampai angke doang diperbaiki.,Pelayanan
@CommuterLine Dari Bekasi-Pasar Senen-Kp Bandan. Yang harusnya berangkat 7.04 delay muluuuuu. Gak pernah berangkat pas 7.04 gak pernaaahhhh.,Keterlambatan
@CommuterLine Bapak2 ibu2 tolong kalo bikin jadwal liat diliat dilapangan napa. Masa nih yak kereta masuk Dari Bogor cuman Ampe Manggarai 12 gerbong. Nah belakangnya nih yak ke kota 8 rangkaian. Lah kita ini yg mo ke kota bejubel ude numpuk Pak Bu. Coba diubah yak. Padet pak.,Kepadatan
@CommuterLine Nope petugas bahkan tidak ada ya saat jam pulang kantor kemarin. Hiks. Dan tidak selalu setiap petugas negor. Please liat dilapangan regulary? Terutama sudirman.,Pelayanan
@CommuterLine @yrcfsj Gw malah pengen ketemu sama orang yang ngelecehin nah kalo misal dia ngelecehin gw mau gw taro kaki gw buat mukul kepala dia malah bukan takut tapi gedeg,Keamanan
@CommuterLine telat mulu arah angke via manggarai di bekasi ini. gila lu ya harusnya berangkat 8.31 malah 8.39 ga dateng2 kereta nya. gajelas bgt,Keterlambatan
@CommuterLine ehh babi kenapa ini 20 menit nunggu kereta ke tanah abang dari karet jam sibuk goblok,Keterlambatan
@CommuterLine Terjadi lagi di st pondok ranji. Tolong tertibkan ibu² yg berkumpul menghalangi penumpang lewat peron 2 di dekat petugas. Petugasnya selalu diam saja membiarkan. Suruh mereka kerja.,Keamanan
@CommuterLine min krl Tangerang - Duri mengalami keterlambatan kenapa ya min? Pnp udah numpuk,Kepadatan
@CommuterLine keterlambatan dan gangguan yang memakan waktu di St. Serpong sampai pindah gerbong kereta hampir tertahan setengah jam lebih tidak jalan. Mohon tanggapan nya https://t.co/gEWziXybFl,Keterlambatan
@CommuterLine schedule baru kalian nyusahin rakyat terutama jalur Bekasi arah Jakarta bikin penumpukan penumpang dah jarak kereta yg berikutnya lama schedule baru kalian @AnkerTwiter @jalur5_ @jalur_cikarang @jalurbekasi,Pelayanan
@CommuterLine Kalo delay berkali kali dalam sebulan. Mending bikin jadwal yang mempertimbangkan delay time. Gini aja masa diajarin pada ga bisa kerja?,Pelayanan
@CommuterLine kalian suruh kami nyesuaiin jadwal baru tapi kereta kalian telat semua.!!! Gk ada evaluasi apa!!,Keterlambatan
@CommuterLine stasiun juanda pintu masuk bau pesing udah kayak toilet umum.. atw mmg g punya hidung org KAI?,Kebersihan
@CommuterLine Kasihan min banyak orang tua anak2 kegencet ngga kuat naik tangga. Muter jauh banget keluar stasiun bogor. Zolim lu min,Kepadatan
@CommuterLine @monkey_D_ru Udh mulai numpuk di Tanah Abang niiiiih,Kepadatan
@CommuterLine @KAI121 min KA 1917 gerbong 7 kondisi AC mati hanya mengandalkan kipas saja dan posisi gerbong sangat padat. Sebelumnya gerbong sempat bermasalah dengan kelistrikan. Apa tidak dilakukan pengecekan?,Pelayanan
@CommuterLine Bbrp kali lewatin stasiun sudirman suka dgr kereta kalo lg berenti nyaring bgt bikin sakit telinga. Tp ga smua kreta bbrp aja. Itu knp ya apa ada kurg maintenance kurg oli kek rem motor yg suka bunyi atau apa. Semoga jd perhatian takut bgt jd budeg,Keamanan
@CommuterLine Kereta 1629 kok terlambat sampe 10menit Jadwal dari parung panjang jam 5.29 baru jalan jam 5.39 Tnpa pengumuman pulak,Keterlambatan
@CommuterLine Kalau optimalisasi kenapa yang 12 ga ke kota dan 8 ke manggarai aja? Tujuannya apa malah 12 sampai manggarai dan 8 ke kota? Biar numpuk masa ga kepikiran gimana memanfaatkan yang tersedia biar optimal.,Pelayanan
@CommuterLine Halo min utk jalan yg dilewati rel kereta maintenancenya tanggung jawab kai atau pemda ya? Tolong di bantu jika memang tanggung jawab kai ya utk jalur kereta di perlintasan cisauk dibawah flyover itu rusak parah bahaya bgt utk kendaraan lewat disana bisa tersangkut,Keamanan
@CommuterLine min ini tujuan cikarang dari sudirman ga ada info apa apa tapi jadwal acakadut. 21.14 #5174 di jadwal tujuan CKR tapi di sign tujuan BKS. Ini sampe 21.46 juga kereta#5176 belum ada tanda2 masuk. Ini effectively nunggu 1 jam dari kereta terakhir di 20.39... kocak https://t.co/yhugw16TFe,Pelayanan
@CommuterLine min keretamu becek nih gerbong 3 kereta 6059 tujuan kampung Bandan via pse.. sekarang sudah arah Klender.. gatau becek karena apa https://t.co/1t4BNDSIii,Kebersihan
@CommuterLine Ini kereta knp lama sekali masuknya udh tau jam plg kerja pada lelettt bgt masuknya. Kai mau dikritik mulu tapi solusi tdk ada kebanyakan maaf knp kagak ada benar kerja kai ya. @CommuterLine Perbaiki tuch sistem kerja kai jangan kebanyakan lelet dan dodolnya.,Pelayanan
@CommuterLine Pantesan di stasiun Sudirman numpuk,Kepadatan
@CommuterLine min.. ayah saya kesulitan utk scan QR menggunakan Go Transit info petugas St. Kld Baru malah diarahkan beli kartu baru drpd membantu scanin QR-nya. Kok kurang membantu ya stafnya..,Pelayanan
@CommuterLine Ya waktu keberangkatannya di majuin lagi angke 5049 5051 karena 2 kereta itu masih di waktu rushhour kalo harus ngalah sama KA Jarak Jauh penumpang numpuk dan telat.,Keterlambatan
@CommuterLine min tolong banget ini mah kesian banget yg mau transit di bandan kalo dari duri. Yg duri-bndn 6.41 sedangkan kereta dr tangerang baru nyampe 6.40 wkwk akhirnya nunggu 10 menitan eee nyampe bandan ketinggalan kereta priok auto nunggu 1/2 jam lagi,Keterlambatan
@CommuterLine Mending jadwal lama kasian yg balik jam 10 malem. lewat 15 aja orang uda khawatir takut gak kebagian lah ini diubah jadi lewat 10:06 gak relevan si,Pelayanan
@CommuterLine ini kok keretanya lama berhenti di kertosono sih katanya cuma 25menit tapi kok ini udah lebih 20menit ge berangkat aku bisa telat kukiah lah,Keterlambatan
@CommuterLine @jalur5_ @AnkerTwiter @CurhatKRL tapi malah numpuk sampai antri panjang gitu mau tap out aja butuh waktu sampai 5-10 menit kenapa gak dibikin akses tap out baru samping stasiun ke area pejalan kaki jalan jalan kendal? Sudirman udah penuh banget kalau mau tap out di pagi hari,Kepadatan
@CommuterLine gue gatau ya udah berapa kali komplen tapi ya tolong lah ini kereta lo ga masuk akal jadwalnya. Udah nunggu di peron katanya itu kereta paling duluan dateng eh tau-tau peron lain duluan. Gw nunggu udh hampir setengah jam:) malah janjian sama orang pula:),Keterlambatan
@CommuterLine Keretanya panas banget ga manusiawi di jam yang padet penumpang,Kepadatan
@CommuterLine jalur 1 ka 1665 tujuan tanah abang di parungpanjang gerbong cewek paling belakang bau tai kucing min,Kebersihan
@CommuterLine min bisa ga sih krl bogor - jakot yg jam 8.05 &amp; 8.10 di stasiun depok tuh dijadiin 12 rangkaian kek. Jangan 8 rangkaian. Jeda ke krl sebelumnya 10 menit di 7.55 dalam 10 menit tuh manusia udh numpuk tau. Jam 8 jg masih banyak penumpang. Masa tiap hari jadi pepes :(,Kepadatan
@CommuterLine Tolong banget ya min . Kalo minta AC dari segi ruangan udh ga memungkinkan jadi ya minimal bersih dan wangi aja . Saya rasa tidak pantas jika kita beribadah di tempat yang kotor . Makasih udh diterima sarannya semoga dilaksanakan dengan baik,Kebersihan
@CommuterLine @AsdoAr @perkeretaapian @KAI121 WOI ANJING SAMPAI KAPAN CL DARI DAN KE CKR TELAT TERUS SETIAP HARI ANJING. INI MMG SENGAJA DIBUAT TELAT TIAP HARI KRN PERJALANAN DIKURANGI DAN HEADWAY JAUH2 TUNGGU NUMPUK DISTASIJN CL LU BIAT RAPET2 YA ANJING,Pelayanan
@CommuterLine @mhdrizkyf SEMUA PERJALANAN MIN. SEMUA PERJALAN. DI RUSH HOUR PAGI. SEMUA NUMPUK. DEPOK JUGA.,Kepadatan
@CommuterLine KA 1649 telat min,Keterlambatan
@CommuterLine @rizkaaulia Min kenapa gangguan terus ya? Udah numpuk ini di parungpanjang,Kepadatan
@CommuterLine KA 1784 gerbong 6 kenceng banget speakernya om.. takut ada yg sakit jantung. kalo kumat di kereta kan gak lucu...,Keamanan
@CommuterLine Pada dorong dorongan https://t.co/hnJ9sfrysP,Kepadatan
@CommuterLine semakin lama kereta dateng semakin numpuk penumpang di stasiun semakin penuh di dalem kereta. Semakin lama kereta brangkat dari stasiun semakin penuh penumpang di dalem rangkaian kereta semakin numpuk lagi penumpang di stasiun berikut nya begitu seterus nya,Kepadatan
@CommuterLine Ka 1629 udah telat 10 menit lbh min krn ada lokomotif 1 gerbong jalan..kira2 telat brp lama lagi??,Keterlambatan
@CommuterLine jadwal baru ngaco banget !!! dari PRP banyak yg di hapus semu dari rangkas penumpang naik tengah jalan sampe jakarta udah jadi pepes sama dendeng !! perubahan itu penambahan slot bukan menghapus !! perbaiki jadwal yang ada,Pelayanan
@CommuterLine iniii knp dehh kereta tuuu lamaaa bgt. Bisa di stasiun nunggu sejam buat kereta lwt doang? Udh gt yg 8 kereta ga pas di pintu masuk skrg. Niatny mau cepet naik kereta malah jd lama,Keterlambatan
@CommuterLine Halo min kenapa ya krl keberangkatan pukul 15.22 dari Stasiun Gondangdia ke Bogor selalu delay sekitar 10-15 menit di Stasiun Manggarai akhir-akhir ini?,Keterlambatan
@CommuterLine Jangan kedemenan dh u ganti2 jadwal tapi ga info ke pnp DAN MINIMAL BANGET BERANGKAT SESUAI JADWAL! Tadi rangkaian lo itu jalan 7.45 sedangkan jdwl baru lo 7.46 PETUGASNYA KEKEUH JAM 7.45!!!!!! Gua marah bgt sumpah jadinya telat 15 mnt + ketinggalan krl cikarang jahat kalian,Keterlambatan
@CommuterLine sumpah telat lo juara hari ini. Kereta yg harusnya berangkat jam 18:14 dari st cikarang ke arah manggarai sore ini delay 20 menit jadi 18:34 baru tutup pintu. Hebat banget perusahaan yg satu ini,Pelayanan
@CommuterLine jujur bgd ini kereta ke kemayoran dri tn abang selalu jdi anak tiri gangguan gini keretanya lama parah yg biasanya muter jdi angke doang jujur anak tiri nya berasa bgd jujur,Pelayanan
@CommuterLine tolong disiapkan tangga tempat turun penumpang. Ini sangat berbahaya. Penumpang di gerbong ini harus lompat utk turun kereta. Bagaimana kalau org tua? Dibantu security bukan memecahkan masalah. Masih bahaya. Tlg perhatikan. @KAI121 @kemenhub151 @DPR_RI https://t.co/U3OouMqMDv,Keamanan
@CommuterLine ac mati penumpamg sesak penuh sebecanda ini kah KRL hehehhehe https://t.co/dv0qFklVFM,Kepadatan
@CommuterLine @readingauinhere @KAI121 Yang begini sering lo masa nggak ada solusi selain minta maaf? Saya sendiri tiap jumat dan minggu standby di jam 00.00 dan selalu begini. Tolong lah jangan didiemin dan minta maaf mulu apalagi suruh kita clear cache lah instal ulang lah itu bukan solusi.,Pelayanan
@CommuterLine jadwal kereta tujuan bekasi dr tanah abang kacau bgt ya? Dari kemaren berubah2 mulu deh,Pelayanan
@CommuterLine hebat banget 44 menit cuman bisa dari cikarang sampe bekasi timur doang. 4 stasion loh. Amazing. Wah HRD gw tepuk tangan sih ngeliat gw telat hari ini. @KAI121 kereta lo yg telat jadi kereta gw yg ngalah.,Keterlambatan
@CommuterLine jam² berangkat kantor dari St. Jurangmagu 7.12. masinis nya jelek banget moodnya sumpah ngerem se-enak udel nya aja. Di kira bapaknya mungkin di dalem bukan orang kali yak. Padahal di dalem udah kayak pepes sarden.,Keamanan
@CommuterLine dear KRL serius deh masalah kursi prioritas ini harus bener2 dibenerin. Ini kereta arah tanah abang - rangkas ada ibu2 hamil dan ga ada yg kasih duduk. Dia mau jalan cari kursi lain jg susah krn kereta padet banget.,Keamanan
@CommuterLine Ini penyakit lama yang tak kunjung sembuh saking sudah akut Kak. Sudah saatnya KAI &amp; KCI formulasikan cara agar KAJJ ini tidak clash dgn CL terutama di rush hours dmn penumpang cenderung menumpuk &amp; sangat padat. Terimakasih,Pelayanan
@CommuterLine iya tapi td gaada kereta nya minn kereta sebelumnya berangkat dr kalibata 6.43 trus baru datang lagi 6.54 jadi ada ga sesuai jadwal ada yg hilang dan telat,Keterlambatan
@CommuterLine Buruuuuuaaaaaannn.. tanah abang bekasii numpuk niiih,Kepadatan
@CommuterLine kacau bgt biasanya jam segini udh dpet krl kp bandan via pasar senen dari bekasi sekrng malah belom ada info apa-apa️,Keterlambatan
@CommuterLine Ini kenapa kereta cikarang jd jarang bgt?? Yg harusnya kereta bekasi di kranji 5 kurang bisa transit cikarang malah gak dapet dan harus nunggu kereta cikarang jam setengah 6 jauh bgt???,Pelayanan
@CommuterLine min jam sgni di stasiun kranji 3 berturut turun kreta bekasi cikarangnya lama bgt. penumpang arah cikarang numpuk. tolong min selang seling gitu bekasi cikarang jgn bekasi terus.,Kepadatan
@CommuterLine min tolong banget kereta bandaranya diurus yg bener security ga ramah sistem mesin suka error pas rame di dm tiap ada kendala ga direspon,Pelayanan
@CommuterLine jadwal baru kok malah kacau nih. keretanya gak nambah rute nambah panjang ya. bikin sengsara aja min. https://t.co/Gu6yBEV5Lq,Pelayanan
@CommuterLine Nih jadwal ini di stasiun pondok ranji tidak pernah tepat waktu. Penumpang selalu numpuk. Kecewa. https://t.co/XT5mOnOsap,Kepadatan
@CommuterLine Krl tangerang-duri tiap jam 6.50 pagi berangkat panasnya kayak dipanggang enih badan. Mana padet orang lagi bahaya nih kalo sirkulasi udara ga bagus bisa kekurangan oksigen. Tolong diperhatiin ya min,Keamanan
@CommuterLine Harusnya lu umumin di manggarai jadi orang bisa cari alternantif kendaraan lain. Kasian yg udah numpuk dimanggarai.,Pelayanan
@CommuterLine Sering bgt kereta delay padahal nyampe di stasiun selalu di waktu yg sama. Sepanjang perjalanan ke stasiun jg sll ngecek aplikasi dan terpantau ga ada kereta selama itu. Kayaknya fitur jadwal kereta ga ada gunanya. Lebih baik pk fitur posisi kereta walau suka miss jg.,Pelayanan
@CommuterLine ini kenapa jalur Bogor -jakarta kota ngk ada ada gangguan dimana Min...dah numpuk nih di st depok baru yg lewat ke bogor trs,Kepadatan
@CommuterLine ini tanah abang arah kampung bandan kenapa jarang yang lewat? Kebanyakan sampe angke bikin numpuk aja percuma gw berangkat pagi2 mending lo atur tuh jadwal kareta nya bad service bad system,Pelayanan
@CommuterLine tolong bgt kasih penerangan di st kemayoran dan kondisikan areanya juga. Banyak bgt org yg kencing di pagarnya. Kaya pedangan atau ojek pengkolannya. Jorok. Bau. Kotor,Kebersihan
@CommuterLine @ramadew_ Delay kok tiap hari,Keterlambatan
@CommuterLine halo admin ada yang numpahin kopi di kereta takut kemana mana ini cecerannya nanti tolong ya min sekarang keretanya lagi masuk ke stasiun cikini ak kereta Bogor arah kota ya min https://t.co/jB9cxnmus4,Kebersihan
@CommuterLine Go Transit error noh kaga bisa scan di gate. Minimal bikin pemberitahuan lah udeh beli tiket kaga bisa discan giliran complain ke cs tiket malah melotot. Tolol,Pelayanan
@CommuterLine ini rombongan emak2 sudah ribut berisik ngobrol terus ketawa2 berisik sudah ditegur sama sekuriti juga masih aja berisik malah makan cemilan bocil2nya.. Gak paham aturan kayaknya nih gak pernah naik KRL *Krl tujuan bogor*,Pelayanan
@CommuterLine Ga semangat krl line ijo delay mulu gabisa diandelin,Keterlambatan
@CommuterLine masih pagi kamar mandi wanita stasiun duri jorok + kotor bgt??,Kebersihan
@CommuterLine petugas keamanan ga pernah sopan memperlakukan penumpang seperti maling dan teroris padahal tidak bisa naik KRL tanpa tiket kereta harus ditindaklanjuti ke kementerian perhubungan dan DPR kalau perlu panggil wartwan anggaran paling banyak APBN tapi ga beres SDM,Pelayanan
@CommuterLine iya tolong juga security di peron 8 paling ujung yaa tadi ga ada semoga ga ada lagi yg ngevape distasiun,Keamanan
@CommuterLine 4086 telat parah makin padat di MRI.,Kepadatan
@CommuterLine min kereta tanah abang yg ke Bekasi/Cikarang lewat manggarai pada telat penumpang numpuk. Ditambah lagi eskalator mati melulu + toilet atas direnovasi. Kalau...,Kepadatan
@CommuterLine Ya iya dong mimin emg stasiun mana lg yg per hari ini baru SO. Yg di jalur 1&amp;2 min yg arah naek ga nyala eskalatornya. Malah yg turun. Pokoknya besok hrs udh nyala ya. Masa SO udh molor gini sarana pndukung jg masi ga nyala. Apa gunanya itu atasan2 kalian nongkrong cuma---,Pelayanan
@CommuterLine Wah saya kurang ingat karena sudah sejak hari Jumat Minggu lalu. Jumat itu sekitar pukul 10 pagi kereta berjalan lambat sekali dan berhenti terlalu lama dari sepanjang stasiun mangga besar sampai Manggarai.,Keterlambatan
@CommuterLine ini ada yg makan es cream d kereta ga ditegur petugas apa gimana? Padahal security lewat 5144B. Gerbong 6 wkwkw Tp dah selesai makan es cream sih gegara dy pke baju dinas kah?,Pelayanan
@CommuterLine Gila 4.35 dihapus udh bagus itu jadwal yg g bikin numpuk aplagi senin di bogor,Pelayanan
@CommuterLine Thanks min tolong sampein juga ke satpam yang di dalem. Arus penumpang ke peron tolong diperhatiin soalnya peron 2-3 udah penuh sama yang baru turun. Yang mau naik juga lewat situ padahal bisa aja dialihin lewat jalur 1 deket pos pengumuman biar lebih lancar.,Pelayanan
@CommuterLine min krl tangerang arah duri yg brgkt jam 7.50 dari tgr pagi ini panas dan pengap bgt!!! Acnya mati ada kipas tp ga membantu! Saking panasnya saya nyaris pingsan! Tolong dicek dan semua rangkaian diganti ac aja jgn pake kipas lagii! https://t.co/9703GQp1Xx,Keamanan
@CommuterLine min ini kok di jadwal harusnya cibitung ada yg arah jakarta jam 07:16 sama jam 07:33 tapi ini udah jam 07:34 masih belum ada kereta lewat dari tadi??? Malah yg arah cikarang dateng mulu. Telat loh saya. Padahal udah di stasiun dari jam 07:14,Keterlambatan
@CommuterLine gangguan ga sih ke bogor . Kok tersendat terus .. mana ga ada info officially juga ... takut kena komen negatif kah?,Pelayanan
@CommuterLine Mobil nya bangke... Gara kamu banyak bet yg telat dan dipotong gaji gara2 telat ke kantor..,Keterlambatan
@CommuterLine aneh juga ini yg menuju tanah abang lancar sdgkan sebaliknya tidak masuk2 sama skali. Padahal yg numpuk itu yg brgkt dr tanah abang. Gagal paham sama proses penanganan setelah normalnya bagaimana,Pelayanan
@CommuterLine Baik mohon bantuannya untuk ditegur agar tidak ada lagi kejadian serupa. Sangat disayangkan kejadian ini juga dapat merusak nama baik KAI dan @PT_Transjakarta yang sebelumnya saya kenal pelayanannya sangat ramah karena ada di lingkungan KAI dan Transjakarta.,Pelayanan
@CommuterLine makin kesini makin numpuk min tolong dong min dievaluasi perasaan minggu kmrin ga bgni deh klw bgni klw ujan tp aku ngerasa ko skrg selalu penumpukan mulu walaupun ga hujan pake yg sistem ada 2 kereta di 2 jalur dong jd peronnya ga penuh https://t.co/qvNtktau1T,Kepadatan
@CommuterLine kapan sih jadwal kereta bisa tepat gitu yg rugi kan penumpangnya udh ikutin jadwal tp gak tepat trs udh jalur bekasi ke angke/kp bandan skrg berenti lama mulu mau msk jatinegara di jatinegera Kan gk bs seimbangin yg transit dipalmerah ketinggalan kereta transitnya,Keterlambatan
@CommuterLine kereta tanah abang - Kp. Bandan kenapa delay lama ya? Biasanya jam 07.06-07.-08 tapi ini malah 7.15 Kan yg mau naik krl dari kp.bandan ke ancol/tj. Priok jd keganggu Yg biasanya naik dr kp. Bandan jam 7.36 jadi harus naik yg yang 8.00 karena ga kekejer,Keterlambatan
@CommuterLine saya di Manggarai mau naik kereta arah Bekasi. udah 30 menit nunggu sampe sekarang belum ada,Keterlambatan
@CommuterLine gajelas jadwal dirubah tapi kereta datengnya telat wkwkwk,Keterlambatan
@CommuterLine ampas bener sistemnya kacau telat mulu!!!,Pelayanan
@CommuterLine penumpukan penumpang stasiun duri. Atur ulang deh jadwal nya. Ga jelas malah makin numpuk. Kereta telat terus gak sesuai jadwal! https://t.co/IeXpADtyEw,Kepadatan
@CommuterLine Bodo amat gangaruh KITA BUTUH TANGGAAAAAAA TAMBAHANNNNN PAHAM GA SIH? Kudu gua kirimin kak GEM biar PAHAM?,Pelayanan
@CommuterLine Knp ya jadwal krl ke kota skrg jaraknya jarang2??? Jadi numpuk di stasiun penuh,Kepadatan
@CommuterLine Kalau petugas memang ada di setiap stasiun min tapi di St kampung Bandan kayaknya perlu kemudahan akses buat yg prioritas. Ga mungkin kami minta dibantu petugas kalau masih pake tangga dong? Wkwk @CommuterLine,Pelayanan
@CommuterLine Tanya nomor KA udah dibales tapi kok ga dijawab? Kenapa ga mau jawab? Kenapa slow response banget sama konsumen? Mentang mentang monopoli jadi ga mengutamakan pelayanan?,Pelayanan
@CommuterLine @hajigoor @kabarpenumpang Diperbaiki SOPnya dan kasih paham petugas keamanan dengan baik. Kalau belum paham jangan boleh ngelayanin penumpang dlu. Petugas keras thd penumpang krn SOPnya sendiri kaku dan nggak fleksibel. Petugas kan pegangannya SOP yg tertulis.,Pelayanan
@CommuterLine Hallo ka tolong sekali untuk kereta ke stasiun bogor dari stasiun manggarai agar berangkat sesuai jadwal atau lebih telat yaaa saya naik kereta terakhir dari stasiun tanah abang dan estimasi sampai stasiun manggarai 00.12 mohon yaa kaaa terimakasih kaaaa,Keterlambatan
@CommuterLine kebiasaan. 1762A lama banget langsirnya anjing . Udah numpuk orang² di peron,Kepadatan
@CommuterLine 5517B kapan berangkatnya udh delay 50 menitt???,Keterlambatan
@CommuterLine @_den_t_i_ Tolong di share jadwal kereta barangnya min apakah memang sengaja dijadwalkan pada jam sibuk? Atau kereta barang telat juga? Saya coba bantu salah satu cara untuk evaluasi jadwal green line yg langganan telat/trouble. Siapatau tim Commuter belum tau apa itu evaluasi.,Pelayanan
@CommuterLine INI DARI KEBAYORAN KE RANGKAS HARUSNYA DARI JAM 06.12 LEWAT KOK DELAY AMPE JAM 06.41 ????,Keterlambatan
@CommuterLine @KAI121 mmg parah 4025 sudah telat 7 menit tiba bekasi timur skr ditahan di sinyal masuk bekasi. Memang kg punyak otak ya KCI. Sudah 08.13 harusnya 08.06 tiba bekasi. Ditinggal 5527 nicj. Bodo mm kci.,Keterlambatan
@CommuterLine ga paham lagibsamq pikiran yg buat jadwal. KRL cikarang jalan dr manggarai 17.22 rangkaian 12. setelah itu 17.40 (lead time 18 menit) rangkaian 10. Gimana ga jadi pepes org didalam??,Pelayanan
@CommuterLine min tolong di stasiun tn abang di peron2 nya dijagain petugas di area keberangkatan cikarang/bekasi. banyak bgt modus2 min bahaya buat cewek,Keamanan
@CommuterLine min ini kereta ke serpong lama banget dipake testing tapi ga ada info awal.. udah numpuk orang-orang,Kepadatan
@CommuterLine min tolong dong stasiun manggarai peron arah cikarang jalan samping tangga udah sempit kenapa mesti ditutup sebelah? Petugasnya nyolot banget lagi pake berantem sama penumpang. Masalahnya lagi rush hour ini jam pulang kerja penuh,Pelayanan
@CommuterLine Nah bisa diaturin lg kah min? Sebelum2nya bisa kok naik yg kereta arah bekasi jam 5.48. Lumayan nunggu kereta selanjutnya bisa 15 menit grgr selisih kedatangan ke tn abang 1-2 menit,Pelayanan
@CommuterLine hi jarak waktu krl bekasi-kp bandan via manggarai di jam 7 pagi terlalu jauh kak hampir 40menit loh ini bikin numpuk. tolong segera di review kembali di jam pagi ini udah kayak pepes tiap hari,Kepadatan
@CommuterLine wei kereta nambonya manaaaa telat 20 menit belum sampai manggarai nih,Keterlambatan
@CommuterLine Aih ini ternyata masalahnya. Numpuk bgt penumpang ni,Kepadatan
@CommuterLine ini dari pgi di bekasi timur dr jam 6.30 lelet bgt anjir ga ada kereta lewatnya kereta jarak jauh terus mana rush hour gabisa masuk woy kalau lelet jd penuh gerbongnya,Kepadatan
@CommuterLine Dari stasiun manggarai ya min Dan jadinya sering bgt terlambat karena jadwal kereta yang gajelas ini Td ngecek pun kyknya gaada gangguan apa-apa tapi keretanya selama itu kenapa? Aplikasinya masih gabisa diakses min Gacuma saya doang yang gabisa penumpang lain pun jg gabisa,Pelayanan
@CommuterLine minnn ini kenapa jadwal Angke via manggarai berantakan bgt jadwalnya . numpuk semua di stasiun Bekasi mana jamnya mundur semua,Kepadatan
@CommuterLine Aww makasih sudah membalas maaf min gak da fotonya karna engga kepikiran. fokus jalan pelan pelang biar badan gak jatoh aja soalnya licin banget. Nanti deh hari kerja aku fotoin kalo gak da perubahan,Keamanan
@CommuterLine Heh tolong dibanyakin lagi kereta dari arah Jatinegara tujuan tanah Abang via Manggarai banyak orang transit numpuk di Manggarai!!!!,Kepadatan
@CommuterLine Bisa gak kl gangguan diumumkan di stasiun2 transit terdekat dari lokasi gangguan biar penumpang cari alternatif gak numpuk di stasiun,Pelayanan
@CommuterLine Pelayanan @CommuterLine semakin lama menurun! Dengan perubahan jadwal yg tdk masuk akal. Kereta Pasar Senen - Bekasi sejam sekali. Kereta ditahan lama krn menunggu kereta jarak jauh. Tidak sinergi dengan perbaikan mutu transportasi publik!,Keterlambatan
@CommuterLine lu juga harusnya mempermudah buat cek cctv lah. gimana kalau case pelecehan seksual????,Keamanan
@CommuterLine Manggarai padet bgt kaya teri,Kepadatan
@CommuterLine mimin ini jalur 8 sts manggarai udh 2 kali keretanya tidak untuk penumpang makin lama makin numpuk nih,Kepadatan
@CommuterLine GAPEKANYA DIBENERIN LAH WOI! ITU KERETA KP. BANDAN PS. SENEN 06.54 TELAT MULU BIKIN YANG MAU PINDAH DI ST. BEKASI KE JALUR 7 PASTI KETINGGALAN. KADANG JUGA JALUR 7 BELOM DATENG. VIA PS. SENENNYA KURANGIN AJA LAH KALO JAM SEGITU. GAUSAH MINTA MAAF DIBENERIN!,Keterlambatan
@CommuterLine kenapa dari tadi kereta tujuan tanjung priuk mundur teruss ?? Udh jam brp ini biasanyabudh smp stasiun tanjung priuk ini jam sgini msh nunggu kereta,Keterlambatan
@CommuterLine jadwal lu benerin cobakkk su st duri cikarang via bandan jam 8.36 baru ada kereta nya apa ga gilaaaa gw tiap hari telat kerja mulu balikin jadwal lamaa,Keterlambatan
@CommuterLine antri masuk manggarai dari tebet lama amat udah hampir 10 menit an,Keterlambatan
@CommuterLine min mau kasih saran green line kayaknya udah perlu 12 rangkaian deh soalnya penumpangnya udah banyak banget. Minimal yang tanah abang - rangkasbitung dulu deh. Selama ini 10 rangkaian udah overload banget apalagi pas rush hours.,Kepadatan
@CommuterLine ini kereta ada kerusakan jalur solusinya emang jadi gonta ganti kereta ya? Bukannya semakin kacau untuk penumpang?,Keterlambatan
@CommuterLine selamat siang min cuma mau kasih tau tadi di manggarai saya hampir kecopetan di peron 7 mohon untuk penjagaan nya lebih di ketat in lgi krna tadi satpam hanya berdiri dibawah tangga saja untuk yang lain yg ingin berpergian di mohon untuk hati stay safe semua,Keamanan
@CommuterLine tolong lah yang ngatur jadwal kereta jangan tolol-tolol banget. jadwal dr sudimara semenjak ada update GA PERNAH sesuai. hari ini bahkan dr jam 6.12/6.14 gaada kereta. jadi penumpang numpuk dan banyak yg gamasuk.,Kepadatan
@CommuterLine tumpukin aja terus gpp rangkaian arah tnhbg-rangkas gk usah nambah bikin lautan manusia aja tambah hiu dan lumba2 jadi deh tinggal berenang gk usah peduli tuh kalo ada anak kecil/lansia yg jalan di pinggir2 peron yg sempit apalg kl hujan makasih ya love https://t.co/JMccWUtHko,Kepadatan
@CommuterLine @KAI121 4025 berangkat CKR 07.47 tiba bekasi timur 08.12. 4025 sudah delay 9 menit tiba bekasi timur. Mantap KCI semakin bodo saja. https://t.co/lq6kyLWqQQ,Keterlambatan
@CommuterLine Pertimbangan apa 12 sampai manggarai disusul 8 sampai kota dari bogor? Biar di manggarai numpuk? Logikanya dibalik dong 8 yang sampai manggarai 12 yang sampai kota pengendalian risiko sederhana gitu aja masa ga kepikiran sih.,Kepadatan
@CommuterLine kebiasaan bgt ya di st cakung atau st bekasi kereta cikarang via senen pasti nunggu lamaa bgttt sampe kereta via manggarai dtg trs penumpang kereta manggarai pada pindah ke kereta yg dari senen. Maksudnya biar apa??? Jancok,Keterlambatan
@CommuterLine tolong min di app update info peron kereta di stasiun jangan telat. Udah semingguan ini telat terus updatenya,Pelayanan
@CommuterLine Gimana follow upnya? Udah dipecat belom si petugas? Ga usah koar2 lapor pelecehan kalo pegawai lu sendiri kek gini,Keamanan
@CommuterLine tolong tegur petugasnya krl bogor pagi pemverangkatan dr cawang jam 5.58 saat didepok diinfokan yg diberangkatkan duluan kerera jalur 3 saya di krl jalur 4 lgs pindah ketika sudah pindah ke jalur 3 diinfokan yg duluan jalur 4 yg pertama saya naiki dr cawang,Pelayanan
@CommuterLine Hadeuh Telat hariini gara gara commuterline terlambat 15 menit cuman buat diem di pasar Minggu doang,Keterlambatan
@CommuterLine telat kerja sejam grgr iniiii sampe pindah 2kali kereta,Keterlambatan
@CommuterLine seriusan jadwal lu anjing bgt yg baru. skrg kereta cikarang di jam sibuk sore kek dikit bgt LU BANYAKIN BEKASI YG ISI MANUSIANYA DIKIT ASU LU SEMUA ANJING GUA MAU BALIK CEPET HARUS NUNGGU 30 MENIT KE KERETA SELANJUTNYA LU ASU,Keterlambatan
@CommuterLine @chocobery18 banyakin kereta cikarang!!!! masa dari duri jam 5 sampe cikarang stgh 7 mlm dan full desek2an! berenti nya lama lama bgt lagi.,Keterlambatan
@CommuterLine Greenline telat lagi nih 2 kereta mangkrak di serpong,Keterlambatan
@CommuterLine pantesan ini penumpang numpuk di sudirman ada hmpr setengah jam nungguin krl ga dtg2,Kepadatan
@CommuterLine pegawai negri enak pd cuti dirumah kita swasta yg harus kerja apa harus diperlakukan begini min? https://t.co/nNaZWpMyrl,Pelayanan
@CommuterLine Coba di evaluasi lagi semua petugas min kalau anak kecil yang nanya jawabannya ketus kalau bapak bapak yang nanya baru deh mereka sungkem Ini pengalaman saya di stasiun kampung bandan,Pelayanan
@CommuterLine kenapa kereta ga ada berita gangguan tp datangnya telat? #sudimara,Keterlambatan
@CommuterLine @andipramsah Hadehhh.. telat semua jadinya.. numpuk ini di sudimara.. ‍️‍️‍️,Kepadatan
@CommuterLine saran semisal emg rusak keduanya gak terhindarkan minimal ada satpam atau staff yang bantu di tangga kasian tadi ada lansia juga kesulitan naik turun tangga thank youu,Pelayanan
@CommuterLine @chocobery18 coba tlg itu jadwal nambo di manggarai knp jadi jam 18.03?? bikin numpuk krl setelahnya edan,Pelayanan
@CommuterLine @cristianebianto Delay setengah jam min di manggarai,Keterlambatan
@CommuterLine @chocobery18 Mending ganti nama deh itu grafik. Beneran GAPEKA sama demand gue liat2 jadinya. Headway lama di jam padet itu gimana sih perhitungannya?,Keterlambatan
@CommuterLine sudah ku DM ya min baru kali ini lho kereta terlambat selama ini,Keterlambatan
@CommuterLine Aaaack saya jadi telat niiiiih aduuuh,Keterlambatan
@CommuterLine jadwal kereta dari Bekasi lo berantakan banget hari ini. Beberapa hari ini kayak gini. Numpuk banget di Manggarai dan harus nunggu lama. Gila lo ya.,Kepadatan
@CommuterLine Ohhh.. saran min krl tujuan cikarang yang jam sore ditambahin soalnya kalau sedikit jadi numpuk banget,Kepadatan
@CommuterLine pagi ini krl bogor-kota kenapa si padet jalannya lama tapi ga ada kejelasan ?,Keterlambatan
@CommuterLine gangguan udh dari jam 7 di bekasi kalian baru posting jam segini! mana info pindah2 peron seenak udelnya! dikira cuma 1 atau 2 org x yg nunggu kereta dtg!,Pelayanan
@CommuterLine @cookierainboow Status terkini @CommuterLine jangan lama-lama saya diri bersebelahan sama bapak-bapak yang bau badan nih.,Kebersihan
@CommuterLine Gak kapok2 ya perempuan muda masih ada yg duduk di kursi prioritas lelaki tua yang mau dipaksa bangun dari kursi. Tolong dong sekuriti nya ditatar ulang. Capek deh komplain yg sama kejadian yg sama terjadi lagi dan lagi.,Pelayanan
@CommuterLine Nggak ada min tolonggg tindaklanjuti yaa min di menu posisi kereta jadwal yg muncul itu minimal untuk 30 menit kedepan gitu jadi kita bisa tau semisal keretanya ada delay atau ada perubahan nggak dari Jadwal yg biasanya :'),Keterlambatan
@CommuterLine Ya ampun 10mnt lebih ketahan di pondok Kranji loh apa gk numpuk nih Tanah Abang,Kepadatan
@CommuterLine @KAI121 ASLI TAI ANJING KONTIL ANJING KCI. 4078 DITAHAN DI BEKASI. TAI MMG KCI DAN KAI. 2 MINGGU FULL 4078 DELAY TERUS. KONTOL KCI.,Keterlambatan
@CommuterLine kereta line cikarang kebanyakan telat dan perjalanan lambat dikit2 nunggu kereta jarak jauh Ga usah muluk2 setepat waktu seperti kereta jepang kalo masih kebanyakan nunggu Keterlambatan kok terjadwal....,Keterlambatan
@CommuterLine min coba deh ini kenapa ya kereta line rangkasbitung - tanah abang ac nya sering banget mati? orang udah kaya pepes dikukus begini,Pelayanan
@CommuterLine Admin kenapa finding mesin e-money di stasiun Parungpanjang gak bisa pakai uang cetakan baru kata petugasnya bisanya pakai uang lama karena ukurannya beda.,Pelayanan
@CommuterLine Ini gak salah CS nya bilang Selamat Menikmati Perjalanan Anda ? Gimana mau menikmati dr Tanah Abang aja ke arah Rangkas udah full di setiap gerbong. Pengaturan jadwalnya gimana sih? Tolong lah ini yg naik KRL manusia bukan binatang.,Kepadatan
@CommuterLine Mana inget udh turun kereta dari 30 menit lalu padet juga mana keliatan tulisan gerbong berapa,Kepadatan
@CommuterLine lama juga nih kereta ke kampung bandan berhenti di tanah banag. Ada kali 5 menit,Keterlambatan
@CommuterLine min kok di st. tanah abang numpuk banget gini sih keretanya ke mana??? https://t.co/u1Q1lgmMDc,Kepadatan
@CommuterLine Aplikasi sampah. Berhari hari stuck di welcome screen. Internet kenceng banget aplikasi lain ga ada yang bermasalah buktinya bisa kirim tweet. https://t.co/nWoCIxW6sa,Pelayanan
@CommuterLine Soal nunggu kita nunggu tanggapan KAIC soal tuduhan palsu pelecehan yg mengorbankan karir&amp;nama baik petugas. Leza Arlan bilang 'petugas sdh mengakui perbuatannya' eh menurut pihak sana tnyata diintimidasi&amp;ditekan sdng permintaan buka CCTV&amp;dikonfrontir tdk digubris. Ramai loh,Keamanan
@CommuterLine setiap di stasiun Cakung berhenti lama banget tuh ada apa sih? Hari ini nomor kereta 6301 K1 17137 stuck di Cakung 20 menitan ada kali.,Keterlambatan
@CommuterLine 1203 kenapa delay 15 menit? Rusak? Kereta baru udah rusak? Dikorupsi?,Keterlambatan
@CommuterLine @ortakkk Di stasiun metland telaga murni juga sama tdk ada keran untuk cuti tangan mesti ke toilet. Kenapa mesti dilepas ya? Titip juga toilet stasiun nya juga untuk tempat sampah hanya ada satu itupun di luar nya dlam bilik atau ruangan kecil nya tdk ada yg ada bwa bks tissu keluar,Kebersihan
@CommuterLine rute ckr-kp bandan perkiraan kapan kembali normal? Beberapa hari ini jadwal kereta kacau banget sih sekali ada kereta ramenya udah kaya ikan sarden anjir,Keterlambatan
@CommuterLine @KAI121 Mending lu hire cs deh supaya balesannya ngga template. Masak harga tiket kereta pada naik tp hire cs ngga mampu dih,Pelayanan
@CommuterLine Jalur CIKARANG-K.BANDAN DELAY 30 MENIT. Minimal di infoin ada permasalahan apa biar kami tau,Keterlambatan
@CommuterLine terima kasih. next kalo ada pnmp spt sy tlong tegur dg tegas jgn diberlakukan kasar. sy pure salah paham kirain kereta yg sy maksud bru akan berhenti trnyt bru berangkat dr st sudimara. kacau bgt petugsnya sampe mau jepit penumpang pake pagar,Pelayanan
@CommuterLine Halo min tolong atensinya. Ini ada yg kena pelecehan di krl,Keamanan
@CommuterLine @KAI121 hebat yaa..dihari Senin kereta lokal Bandung raya pagi di 7gerbong padet sampe pintu gerbong sulit dittup eh stlah hampir setengah prjlnan ada gerbong 8 yg kosong dan baru dibuka..si paling gerbong karyawan.. yg bayar berdiri ampe pegel desek²an pdhal hehe,Kepadatan
@CommuterLine Min inii kenapa lagi kok keretabke arah duri dari tadii gak ada ini dah numpuk bgt sejam lebih nunggu dari geser tengah ampee dah depan bgt,Kepadatan
@CommuterLine tolong lagi2 petugas keamanan stasiun sudimara. Sangat tidak tanggap dalam tugasnya. Bapaknya jg terlihat tua. Sepertinya sudah tidak mampu lagi. Saya panggil karena pintunya bermasalah hanya melihat ke saya dan diam saja. Ga ada niat utk membantu.,Pelayanan
@CommuterLine @achmadmrza @perkeretaapian @KAI121 @AsdoAr MANA MUNGKIN SI ASDO AR MAU KOORDINASI DG DAOP 1 SELAMA INI KERJANYA ASDO AR KG JELAS PERJALANAN LIN CKR TIDAK PERNAH DI EVALUASI KL ASDO KOMPLAIN DIBPECAT ASDO TAKUT KEHILANGAN JABATAN DIRUT PT KCI. JAWAB ADMIN KCI JAWAB TERTOLOL.,Pelayanan
@CommuterLine @vegitamuf Semua keretaaa miin. Elaah. Yg jelas arah jkt dr bogor jarak kedatangan lama2 bgt. Penumpang udh numpuk. Udah nunggu setgh jam blm bisa naik.,Kepadatan
@CommuterLine Halah boro2 membantu. Tadi posisi udah di depan pintu KRL belum ketutup tapi dihalangi karena mereka udah mau jalan. Kalau belum ditutup hrsnya gak masalah nunggu 1-2 detik doank,Pelayanan
@CommuterLine jalur 1 kereta tanah abang ke duri udah 20 menit telat ni minn.,Keterlambatan
@CommuterLine ka 5748 harusnya masuk 16.57 sampai jam 17.08 belum masuk..saya nunggu kereta ke mgr dr st.sdm jam 16.50 g da kereta masuk..telat terooss,Keterlambatan
@CommuterLine dzolim lu pagi pagi bikin stres banyak orang penumpang numpuk di manggarai semua susah dapet ojol ojek yang mangkal disitu matok harga up 50rb. eh giliran pas udah tap out ternyata ada kereta ke arah jakarta kota yg lanjut diberangkatin becanda aja terus https://t.co/H05o4PwJty,Pelayanan
@CommuterLine 1377f pas di gondangdia kenapa bau hangus ya min?,Keamanan
@CommuterLine @hubdat151 @jokowi makin parah naik umum krl.. Pantesan orang rela naik mobil pribadi.. Krl armada krl dikit.. Penuh dan delay terus.. Ac panas.. Makin memburuk pelayanan bukan makin bagus krl commuterlin jakarta bogor.,Kepadatan
@CommuterLine becek bet ini gerbongnya tumben amat gada yg ngepel2. Tujuan jakarta kota. Gerbong 4. https://t.co/SjgrqLAo6M,Kebersihan
@CommuterLine KA 1637 arah rangkas bitung-tanah abang telat. Tolong penjadwalan commuter dibenerin Ontime! Penumpang pada numpuk. Selalu telat setiap senin. Apa sih masalah lu?,Pelayanan
@CommuterLine Selamat pagi @CommuterLine kenapa ya sudah 2 Minggu ini setiap pagi tidak dikeluarkan kereta rangakaian 12 gerbong lagi ya ??? padet sekali isi keretanya setiap hari hanya 8 gerbong sj. Mohon agar dapat diperhatikan agar mengeluarkan rangkaian kreta 12 gerbong lagi terimakasih.,Kepadatan
@CommuterLine biasanya dari gondangdia ke arah bogor . 17.36 . 17.42 dan 17.46 dan ini malah dari 17.38 ke 1746 . Ya numpuk laa di st gondangdia .. please la kaji lagi jadwalnya,Pelayanan
@CommuterLine mohon security menertibkan penumpang yang duduk di priority seats KRL. Jangan hanya lalu lalang ga jelas securitynya!,Pelayanan
@CommuterLine nih min kebiasaan KRL kalo hari senin. Ini harusnya di cakung jam 6.19 tapi sampe foto ini diambil jam 6.23 kereta blm sampe juga. Telat 4 menit aja segini banyak orangnya. Coba deh biasain tepat waktu. Orang jg lama lama gedeg kl telat mulu https://t.co/OErK97wQPi,Keterlambatan
@CommuterLine terjadi gangguan commuter line di bagian AC. Jalur Jakarta menuju Bogor. Suhu di dalam kereta mencapai 30°c. Puanasss https://t.co/poYom7EcEJ,Pelayanan
@CommuterLine Tolong dong petugas di Manggarai lebih peduli lagi jalur tangga utk naik dipake utk turun dan gak dikasih jalan buat yg naik malah di dorong penumpang yg akan naik ke peron . petugas cuma diem aja ini bahaya banget sampe di dorong kaya bgtu .,Keamanan
@CommuterLine Telat 1 menit nunggu kereta berikutnya 30 menit kemudian...,Keterlambatan
@CommuterLine min serius mau nanya kenapa di manggarai krl arah bogor 3:1 arah bekasi ini mau ke bekasi numpuk dulu di peron 8 hasil transitan dari atas udah kayak permen 3 milkita setara segelas susu 3 krl bogor setara 3 krl bekasi/cikarang,Kepadatan
@CommuterLine @Uhe30350503 MANA ADAAAA NORMALLLL ITU LHOOOOO GANGGUANNNNN TAPI MIMIN TAK INFO APAPUNNN TAKUT DIGERUDUK KAHHH???,Pelayanan
@CommuterLine Oke min tapi tadi kereta selanjutnya baru berangkat dari cisauk jam 7 artinya telat. Mohon evaluasinya ya,Keterlambatan
@CommuterLine krl jalur rangkas tanahabang kenapa telat? harusnya 7.50 ini jd 7.59 jadi penumpukan penumpang di stasiun parungpanjang dan semua stasiun berikutnya. gerbong penuh sesak dan panas ac tidak dingin.,Kepadatan
@CommuterLine Apa ada upaya kerjasama yang bisa dilakukan dengan Pemkot Tangsel pengelola sampah dan semacamnya? kan sayang yak penumpang kereta harus ikut merasakan bau yang tidak sedap. Kayaknya dulu gak segitunya banget bau tidak sedapnya,Kebersihan
@CommuterLine @KAI121 @kemenhub151 4078 telat 10 menit tiba bskt. Selalu setiap hari pasti telat.@KemenBUMN PT KCI dibawah manajemen yg skr KRL setiap hari pasti delay dan manajemen PT KCI seakan lepas tangan dan masa bodo tidak perbaikan sama sekali.,Keterlambatan
@CommuterLine @biasalahanakmud Ini masukan scr umum aja soal toilet stasiun 1) tolong dlmnya kasih cantolan utk tas (di toilet st pd ranji yg dkt bintaro plaza ga ada) 2) tolong desain lantainya diperbaiki biar mengurangi becek genangan air (spt di foto ini kl menggenang airnya bs pergi ke mana???) https://t.co/IcN9qTkmZw,Kebersihan
@CommuterLine min tolong kasi tau petugas kereta ngetem di st serpong. Kalo ingetin penumpang untuk keluar (bukan kereta buat nunggu krl selanjutnya) itu yg sopan dong. Kasian bapak bapak tua dibentak. https://t.co/465yarnoFE,Pelayanan
@CommuterLine Jam segini msh penuh sesak bekasi via manggarai... Tertahan brp jam di stasiun bekasi???,Keterlambatan
@CommuterLine Heran sama kalian.. sudah tau Red Line arah ke Jakarta Kota load penumpang tinggi bukannya di perbanyak jadwalnya pas pagi.. seharusnya kan setiap 5 menit ada jadwalnya.. ini kenapa malah jadi lama jeda waktunya?? Bikin numpuk penumpang aja kalian !,Pelayanan
@CommuterLine huftt kreta bogor delay ±20menit alhasil gwehj telat ngampus pantesan beda bgt am di jadwal brentinya lama mulu,Keterlambatan
@CommuterLine Itu yg diatas rak jaya banyak debu min,Kebersihan
@CommuterLine mash ada yg suka duduk di sambungan ternyata K1 125 04 sekarang udh pd turun min announcement nya harus di selipin lg menganggu bahaya juga kan https://t.co/VXVpjgrxB1,Keamanan
@CommuterLine seharusnya kalau udh jelas ada gangguan di pintu masuk stasiun diinfokan donk oleh petugasnya jadi bisa pilih alternatif lain ini petugasnya malah diem aja.,Pelayanan
@CommuterLine @criscrosbre Kereta ke arah Rangkas Bitung jgn dibikin 20 mnt kelamaan jadi numpuk,Kepadatan
@CommuterLine BELOM INI MASIH KETAHAN DI TAMBUN GILA TELAT BANGET INI,Keterlambatan
@CommuterLine Min tolong dong kalo buat jadwal di manggarai antara jam 7.25 - 7.40 ada kereta utk tujuan tn abang terlalu padat penumpang jam segini. Kereta banyak yg kecepetan / telat Imbasnya ? Ya pada telat. Tolong diperbaiki SLA nya,Keterlambatan
@CommuterLine min kok jalan rel di palang pintu stasiun serpong itu ga dibenerin ya? Soalnya bahaya untuk pengguna jalan yang mau nyebrang perlintasan.,Keamanan
@CommuterLine @kai 4023 harusnya berangkat cikarang 07.41 baru berangkat cikarang 07.57 telat 16 menit ini yg namanya normal belum lagi ditahan lama mau masuk bekasi apakah normal perjalanan KRL ? Yang bodo siapa ini. JAWAB WOI. https://t.co/kejasdd6XQ,Keterlambatan
@CommuterLine kok keterlaluan anjirr Anjirrr bangetttt cokkk sumpaaahh.... Ini kereta ke arah manggarai tiba2 cuma 8 kereta dan telat bangettt... Ini numpuk anjirrr,Kepadatan
@CommuterLine telat bgt ini nunggu kereta 1 jam udah kaya mau boarding pesawat zzz,Keterlambatan
@CommuterLine ini kenapa kereta green line arah tanah abang pada ketahan di Sudimara,Keterlambatan
@CommuterLine saya pengguna kereta commuter mohon agar pihak kci menaruh rambu k3 terutama di wilayah anak tangga . Karena sudah berebutan ada yang naik bahaya main hp di tangga naik maupun turun potensi bahaya di kereta commuter,Keamanan
@CommuterLine hari saya d tanah abang nungguin kereta ke arah kampung bandan lama sekali ada 1/2 jam saya nungguin yg ada kereta sampe angke terus.. gmna seh ngatur nya pak???? Kasian mereka yg buru buru k kantor... tolong d perbaiki jadwal dan ngatur nya yg bener donk pak ???,Keterlambatan
@CommuterLine Pagi min..salah satu sebab penumpukan penumpang di Manggarai Krn blm disiplin dlm penggunaan eskalator.sebaiknya pd jam sibuk dimatikan saja biar semua berjalan ditangga/mobile.pagi2 olahraga kaki/jantung..diamnya di eskalator jd numpuk lama,Kepadatan
@CommuterLine Stasiun Sentiong 2 kereta tertahan di Tanah Abang :((,Keterlambatan
@CommuterLine benerin deh jalur kereta LOKOMOTIF kalian. Beneran nyusahin banget. Di stasiun rjawali tiap hari telat terus kereta cikarang jam 17.05 gara gara selalu ada kereta non penumpang / lokomotif lewat sampai 3x di rush hour. JADI PADET DIMANA MANA ANJING STRESS BGTTTTT,Keterlambatan
@CommuterLine @AjieDewantara perubahan sistem hrs kai peka skrg aja makin tdk karuhan depok jlr 2 jam kbrkt 07.00 tuch diinfoin kl kereta sdh masuk tdk diam saja lama2 heran cara kerja Kai bukan pintah tambah dodol.harus'y dgn berubah sistem kereta makin diperbanyak jadwal jgn terlalu lama @CommuterLine,Keterlambatan
@CommuterLine selamat malam min saya ijin melaporkan bahwa saya mengalami pencurian handphone merk Realme C33 dengan casing hitam di Stasiun Jatinegara pada hari ini tgl 26 Sept 2025 sekitar jam 08.45 s/d 09.00 WIB pagi tadi kira kira bisa dibantu dicek tidak min??,Keamanan
@CommuterLine ini kereta ke kota dari manggarai kenapa lama banget min? Udah numpuk banget ini di peron 10 mana yang arah bogor udah 3 kali lewat,Kepadatan
@CommuterLine Semuanya ka sama aja gatau rangkaian ke berapa puyeng udah rame penuh banget kek pepes dempet banget ada loker gak kak?,Kepadatan
@CommuterLine ada masalah apa di bogor...??? Pagi2 gak spt biasa penumpang di cilebut numpuk. Masalah klasik ya...??? Beresin napa..!!!!,Kepadatan
@CommuterLine Kecewa banget sama krl hari ini. Gak ngotak ditahannya gak semua perusahaan toleransi dengan keterlambatan. Mau minta surat keterlambatan dari stasiun tujuan malah diomelin sama petugasnya karena saya inisitip ambil salah sendiri kenapa GAK jaga dan READY ditempat.,Pelayanan
@CommuterLine min tujuan cikarang-manggarai lama bgt dua relasi ga berangkat berangkat. udah numpuk di stsiun,Kepadatan
@CommuterLine perbaiki sistem jadwal kereta yang bener sering banget beberapa kali ngalamain ga sesuai! percuma bikin jadwal kalo bisa ngaret sampe 30 menit bahkan lebih,Keterlambatan
@CommuterLine Iya berangkat sesuai jadwal tapi diberangkatkan kosong. PPKAnya gabisa liat ada kereta baru masuk peron 1? Ga bisa liat 5577A penuhnya bukan main? Bisa dong tahan kereta tunggu transitan. Sekarang peron 5 Duri overload sampe tangga atas. Ricuh.,Kepadatan
@CommuterLine min tolog di sta Bogor lebih aware lagi petugasnya baik security ataupun petugas yg jaga di gate. Sore ini kejadian ada penumpang sejak masuk gate sampe mau naik kereta masih megang rokok dan masih dihisap (lumayan jauh jaraknya). Thanku,Pelayanan
@CommuterLine @KAI121 @kemenhub151 4078 MASUK BKS 17.54. DELAY LAGI TIBA BSKT DISUSUL ARGO PARAHYANG LAGI. SETIAP HARI DARI AWAL GAPEKA DAN DI BAWAH MANAJEMEN PT KCI SKR. KRL TIDAK PERNAH TEPAT WAKTU. @KemenBUMN,Keterlambatan
@CommuterLine Bingung petugasnya tuh dimananya? Masa iya harus nyari petugas dari gerbong satu ke gerbong lainnya,Pelayanan
@CommuterLine tolong dibuka lagi tujuan Sudirman tanah Abang dll dari Bogor biar ga numpuk semua mana gerbongnya kebanyakan 8,Kepadatan
@CommuterLine Kereta dari negara manapun atau buatan sendiri boleh min Yang penting 12 gerbong sama Ac nya kenceng ya biar penumpang ga kaya ikan pepes didalem,Kepadatan
@CommuterLine kenapa kereta Cikarang berhenti lama bgt di Cakung? Sy udh berdiri dr stasiun cibitung.lutut sy tdk kuat izin pingsan ya Pak/Bu .kuatkanlah sm jatinegara.aamiin aamiin Ya Alloh.ri protes di mari br jln kembali',Keterlambatan
@CommuterLine ini petugasnya kok ga ada? Arah Tigaraksa barusan ninggalin Rawa buntu https://t.co/eViTjwkIUb,Pelayanan
@CommuterLine min tolong sop satpamnya diperketat lagi lah disuruh lebih sabar sama jangan ngomong kasar gitu masa gua baru turun dari krl ketahan lama banget kyk posisi lagi cape banget nih ada satpam teriak kalimat yang kurang etis gitu,Pelayanan
@CommuterLine Kakmin keberangkatan dari Bogor jam 04.10 udah gak ada ya? Tadi pagi sekuriti bilang udah gak ada lagi tapi pas saya cek C-Access masih ada.,Pelayanan
@CommuterLine tadi masuk jakot udh pada ngantri nunggu masuk kereta pdhl biasanya akan ada 1 kereta lg yg udh standby. Hayo gangguan yah mau ngaku ga,Keterlambatan
@CommuterLine halo ada yg bisa jelaskan knp saya mencium bau benda terbakar di grbng 1 kereta duri-tangerang. Selama ini saya ga pernah mencium bau menyengat seperti ini. Tapi dari awal kereta ini berangkat saya udh mencium bau tsb. Btw kereta ini tadi brngkt pukul 17.40an.,Keamanan
@CommuterLine pagi ini KA Tambun - Tanah Abang kenapa terlambat sampai Tambun min? Harusnya berangkat dari Tambun jam 6:37 KA baru tiba di Tambun 6:47,Keterlambatan
@CommuterLine lagian ya padahal jadwal kemarin kemarin aja masih suka ancur ancurran dengan adanya hambatan tiba-tiba kadang kereta di tahan masuk manggarai aja ditengah jalan masih suka ditahan kadang tiba-tiba ada trouble yg bikin penumpang lain terlambat ini lagi buat gapeka baru hadeh,Keterlambatan
@CommuterLine Rangkas tanah abang. Selalu saja security hanya lewat z tanpa memperhatikan kursi prioritas.,Pelayanan
@CommuterLine makin kacau aja si kereta ngaret mulu di duri numpuk kereta Manggarai blom dateng 1 pun yg dari tangerang 3 kali dateng coba itu stand makanan di ancurin tambah eskalator sama tangga.,Kepadatan
@CommuterLine Semoga pengelola st TN abang bs kasih opsi untuk jalur pindah ke peron 5-6. Jadi gak hanya jalur ini. Foto hr ini. Waktu hujan besar (lupa tgl bln) lebih padat sesek di jembatan ini @CommuterLine https://t.co/ur7bdsmJX6,Kepadatan
@CommuterLine @soundsofcherry_ Hallo admin kenapa akhir akhir ini keret 8/10 gerbong aja ya. Jam pagi hampir semua 8 semua di dalem numpuk banget ada aja yang ribut. Tolong diperhatikan lagi terima kasih,Kepadatan
@CommuterLine Bogor - jakarta padet gilaaak gangguan dimana sih?,Kepadatan
@CommuterLine Iya udh masuk jd ngaret penumpang jd numpuk anjir,Kepadatan
@CommuterLine lagi dan lagi KA 5031 TELAT BANGET sampe kpb jam 6.41 bikin transiter Tanjung Priok ketinggalan kereta 2206 dan harus nunggu hampir 20 menit untuk naik kereta TKP selanjutnya.,Keterlambatan
@CommuterLine YANG NGATUR JADWAL SIAPA SIH? JAM 7.55 KERETA BALIK JALUR 1 JALAN KONDISI MASIH KOSONG MASUK JAM 7.58 KERETA BALIK JUGA DI JALUR 1 JUGA SAMPE PENUH SESAK GA JALAN SAMPE JAM 8.11. GA BECUS NGATUR HEADWAY ANTAR KERETA. T***L. JANGAN DIPELIHARA KET***LAN,Keterlambatan
@CommuterLine jam segini (18.45) masih padat antri lama dapat kereta bahkan sebelum turun peron di jalur 5 dan 6 perluasan dan penataan tanah abang berefek sangat signifikan. Signifikan lebih buruk dari sebelumnya bravo!,Kepadatan
@CommuterLine kocak bgt masa tujuan bogor kereta di manggarai sedikit trs nunggu lama lgi. Ga kyk biasanya. Jdinya skrg numpuk banget. Tolong dong kinerjanya. Masa lagi rame gini kereta ke arah manggarai-bogor jarang,Keterlambatan
@CommuterLine hari ini aku kena pelecehan seksual di krl manggarai https://t.co/4ypEn3AZhU,Keamanan
@CommuterLine min..min.. rel kereta dah bnyk knapa klo mo msk manggarai dr arah bogor/kota dgn nomor KA berapa aja masih berhenti tertahan sih..sekalian klo ada info anouncer terbaru penumpang yang naik kereta dilarang menyender kasian yang disenderin berat..udah ketahan kreta disenderin lagi,Keterlambatan
@CommuterLine Mayan sejam nunggu di kebayoran demi kereta rangkas bitung wkwk.,Keterlambatan
@CommuterLine ini gak salah min Senin dan rush hour dikasihnya kereta 8 rangkaian dan dari Bogor semua?? Alemong jadi pepes di dalem ini https://t.co/YYf0NME4Jv,Kepadatan
@CommuterLine kereta dari manggarai ke angke biasa berangkat 10.19 ini 10.16 udah berangkat. Terus kereta selanjutnya 10.33 belum sampe? Please lah jadwalnya dibenerin lagi? Rangkaian belum penuh hrusnya 10.19 bisa berangkat malah angkut lain malah jdi nunggu lama!,Keterlambatan
@CommuterLine KA 1183 nih kereta udah di komplain ga ada perubahan telat mulu sampe jakarta kotanya,Keterlambatan
@CommuterLine Tolong lah ini 5517A udah disalip kereta antar kota malah disuruh nunggu feeder sama kereta bandara berangkat dulu,Keterlambatan
@CommuterLine @podomorotenjo kami pengguna jalan masuk di stasiun Tenjo semenjak ada pemb fly over aksen masuk timur jln becek menyusahkan pelanggan. Apakah tidak bisa perbaiki jln masuknya... Becek becek sekali tks,Kebersihan
@CommuterLine pengelolaan KA Bandara sudah ditangan anda ya katanya? Tapi mau Tap &amp; Go pakai kartu Bank BUMN tidak bisa? Pindah pengelolaan kok malah downgrade pelayanan? Unik lho anda ini,Pelayanan
@CommuterLine pelayanan kacau banget ini di stasiun sudirman ini orang antri di dalem gate diluar gate atas bawah stasiun sudirman!!!!! https://t.co/WFuhjJ7Mnp,Pelayanan
@CommuterLine Lagi jam peak hour malah lewat beginian. Mau heran tapi green line si paling telat. Kereta 1641 di jadi 6.34 nyampe di Parung Panjang. https://t.co/ruDmdeRyye,Keterlambatan
@CommuterLine kenapa satpam di stasiun skr lembek2 yaaa. Tanah abang padet bgd ini loooohhh,Pelayanan
@CommuterLine Halo min. Smlm 18 Agustus sy tiba di st Duri (dari Taman Kota) pkl 22.43 wib. Seperti biasa nunggu kereta ke Bekasi/Cikarang tp kali ini lamaa bgt datang pkl 23.33. 50 menit min. Itu kenapa ya. ️ Dan kenapa jadwal di mlm sering gak sesuai aplikasi. Seringan telat.,Keterlambatan
@CommuterLine ada apalgi sih ini hr ini...butuh 20 menit nunggu di manggarai buat kereta ke bogor.. kacau kali hr ini,Keterlambatan
@CommuterLine lama bgt kereta arah sudirman di kampung bandan udh 30 menit ini woyyy,Keterlambatan
@CommuterLine selamat pagi min mohon maaf mau menginformasikan bahwasanya kereta commuter Line Supas 455 bau air seni cukup menyengat.,Kebersihan
@CommuterLine min ini kereta gangguan apa gmn ya? kok jadwalnya ngaret bgt mana distasiun jg numpuk orgnyaa sekali kereta dtg ga bisa masukkkk,Kepadatan
@CommuterLine Min ini kereta ke tangsel pada kemana? Udah numpuk ini di tanah abang,Kepadatan
@CommuterLine Jadwal mu kacau .. di tahan terus kereta di manggarai.. ga bener,Keterlambatan
@CommuterLine gamau umumin ada gangguan sinyal min ? Kacau banget ga ngasih tau,Pelayanan
@CommuterLine please bgt ini manusia yang buang sampah kasur springbed atau cuma ngejemur dijalur kereta yg bikin jalur green line malam ini kacau balau harus disanksi atau di kasih peringatan pokoknya diusut dihukum kacau sih ngerugiin banyak bgt ini.,Keamanan
@CommuterLine Nunggu kereta arah Angke via Manggarai di Jatinegara. Lama banget. Rentang jam 17.30 - 18.15.,Keterlambatan
@CommuterLine Ini ada gangguan apa di stasiun daru bisa bisa ketinggalan kereta lokal rangkas ini min,Keterlambatan
@CommuterLine K1 1 88 193 JR 205-106 posisi KA di Pasar minggu min. Ac nya kadang dingin kadang engga min. Padahal penumpangnya ga padet banget masih terbilang longgar dan kosong. Wajar kok min kereta udah tua .,Pelayanan
@CommuterLine Lalieur min ngecek jadwalnya. Gak naik dari st keberangkatan juga jadi takut kira2. Mending ini ini dijadikan bahan pengingat ke seluruh kru KRL hehe. Terima kasii,Pelayanan
@CommuterLine ini kenapa kereta bekasi -angke via mri lama sekali ya berhentinya? Berhenti di klender baru lama di jatinegara juga lama sudah delay 30 menit dari estimasi sampai dan tentunya banyak jg yg komplain didalam gerbong.,Keterlambatan
@CommuterLine @KAI121 @perkeretaapian KA 5049 DAN 5051 MASUK SUDIRMAN BERDEKATAN WAKTUNYA INI 5049 SUDAH SESUAI JADWAL ANJING ? APA 5051 YG KECEPATAN JING TINA SUDIRMAN. @CommuterLine KEMARIN PAS BENER NYOLOT JAWABNYA SKR KOK DIEM AJA PERINTAH ASDO YA ??,Pelayanan
@CommuterLine line hijau numpuk bgt kenapa sih yaAllah tiap hr jadi gini,Kepadatan
@CommuterLine lama banget sih kereta ke bogor masuk cikini aja,Keterlambatan
@CommuterLine Rangkaian ke Stasiun Angke atau Kampung Bandan kok belum ada yang datang? Penumpang sudah menumpuk di peron Stasiun Manggarai. Peron basah dan licin karena hujan bahaya untuk penumpang. Banyak bagian yang bocor air dari atas! https://t.co/PZbXAsRW6Q,Keamanan
@CommuterLine stasiun serpong bau banget sampah cari tau mending deh kenapanya,Kebersihan
@CommuterLine kenapa nih tumben bgt numpuk dan udh dempet dr sudimara?,Kepadatan
@CommuterLine Kereta dhoho 405 malang - sby selalu dan selalu ngaret Di jdwl smpe waru jam 22.01 tp sdh jam 22.20 masih sidoarjo KAI KAI gini kok masih aja berulang..,Keterlambatan
@CommuterLine Gerbong 8 KA THB-RKS pemberangkatan 18.00 Emak2 berisik + ada lansia gakebagian duduk butuh petugas gaada yg ngalah,Pelayanan
@CommuterLine min itu banyak perlintasan bahaya sepanjang Citayem sampe bojong gede.. coba deh diperbaikin,Keamanan
@CommuterLine kok punya security ga ada empati empatinya barang saya ketinggalan saya coba lapor ke security. Tapi malah suruh ke petugas stasiun,Pelayanan
@CommuterLine @sridhifa Minta sama yth bpk @andre_rosiade biar de pe er ga nolak impor krl bekas selama inka blm menyelesaikan pesanan. Dan perlu ditekankan lg kereta komuter chaos setiap hari kerja pd jam sibuk bukan cm selama natal tahun baru atau lebaran spt kata ibu @Evitanursanty.,Kepadatan
@CommuterLine kereta CLI 125 6001 tujuan bekasi barusan ngerem mendadak bgt pas menuju masuk stasiun jatinegara. Entah apa yg di pikiran masinisnya banyak penumpang berdiri yg jatoh nimpa yg lain bahaya lho.,Keamanan
@CommuterLine min bisa gak sih keberangkatan dari manggarai ini di-set supaya sampe tanah abang masih keburu kereta arah serpong yg terdekat. Bukan kudu nunggu 10 menit lagi utk kereta berikutnya. Masa di manggarai dari 7.54 sampe palmerah 8.36 sih,Keterlambatan
@CommuterLine klo diatas jam 7.45 malam kereta Bekasi/Cikarang jadwalnya per 38 menit sekali kah? Ini udh nunggu dari jam 7.55 Malam kereta ke Bekasi ada lg jam 8.33 malam,Keterlambatan
@CommuterLine Jadwal sebelumnya sudah bagus min.. Karena jam 16.30 dari palur.. Jadi kami kami yang jam pulang jam 16.00 (jam pulang rata rata pegawai) masih bisa kekejar dan nda terlalu buru2 di jalan Kalau yang jadwal juni sangat mepet itu..,Keterlambatan
@CommuterLine Lu semua tolol udh tau ada HUT TNI tapi armada gk ditambah gaada antisipasinya Orang yg masih kerja jadi gk kebagian kereta Numpuk noh di stasiun Tebet Tolol tolol kesel gue pagi pagi https://t.co/kEFs0ZQI11,Kepadatan
@CommuterLine dari 5.15 sampe 5.32 gak ada kereta lewat menuju tanah abang di stasiun rawabuntu. Ini managementnya gmn? Gmn gak numpuk anjing,Pelayanan
@CommuterLine kak tlong dongg yg stasiun duri kalo bisa pak satpamnya lebih kerasin lagi untuk yang ngatur ditangga yang peron 1 dan 2. soalnya ini kondisi lagi penuh bgt jam segini ini malah yg mau naik naik pke tangga yg mau turun juga pdhl yg mau turun masih banyak diatas,Pelayanan
@CommuterLine Gate penyebrangan di stasiun Depok Lama tuh bkn cm u/ Lansia &amp; Ibu Hamil ya. Karna yg BUKAN LANSIA dibukain sm petugasnya. Giliran ada yg mau masuk katanya khusus LANSIA &amp; IBU HAMIL lah td kemana aja pak?? Semua orang muda yg lwt disitu penyakitan kah??,Pelayanan
@CommuterLine Naik krl juga sama aja parahnya. Siapa yang tahan dengan mekanisme dan kebijakan yang anda lakukan sekarang. 1. Sering telat 2. Sering gangguan 3. Kapasitas overload 4. Banyak rangkaian 8 kereta doang Saya sih pengguna krl tapi kalo saya berduit ya mending naik mobil.,Keterlambatan
@CommuterLine Halah dijagainnya cuma sehari setelahnya sama aja ga diaturin. Penumpang turun jd susah DAN KETINGGALAN KERETA KOSONG. Saya ulang KERETA YG JALAN KOSONG KRN PNP GA KEBURU NAIK! Petugas yg jaga di tangga cuma 1 gak bs kepegang. TOLONG DITAMBAH JD 2 PETUGAS DI JAM SIBUK SAJA!,Pelayanan
@CommuterLine ini kenapa yaa kereta tertahan di kebayoran +- 20 menit https://t.co/uli1rTKDGT,Keterlambatan
@CommuterLine Kalian bisa transparan ga kasih info penyebab gangguan nya apa? Bilang aja anjlok jadi penumpang bisa cari alternatif! Ya kalo dibilang gangguan ya sebagian penumpang ngira paling sinyal/nunggu pergantian jalur kereta. Gangguan gangguan.... apee gangguan arwah?,Pelayanan
@CommuterLine woy ini ada kendala blue line apa enggak? Kok tumben stasiun klenderbaru padet banget? Tumben juga kereta kp bandan via ps senen padet kayak via manggarai???? Gak ada pengumuman apa apa?,Pelayanan
@CommuterLine mandi asep nih pagi-pagi di stasiun UI. Tolong ditegur ya tetangga seblah stasiun dari aroma sih ((sepertinya)) mbakar sampah plastik https://t.co/r3AfuAWTuk,Kebersihan
@CommuterLine @KAI121 min KA 338 JATILUHUR udh sampe mana min? Ini delay sampe 2 jam buset mohon update detailnya karena petugas gajelas,Keterlambatan
@CommuterLine selamat pagi min izin melaporkan saya kehilangan totebag saya yg sya taruh di bagasi atas kereta rangkas-tn abang entah terbawa orang atau memang pencurian semoga hanya terbawa dan bisa dikembalikan soalny ad dompet berisi identitas dll,Keamanan
@CommuterLine @hnstystnv Boong boong dari sebelum KA 1647A jalan aja udh ngaret kereta2 sebelumnya,Keterlambatan
@CommuterLine rLine nunggu ijin lewat kemayoran utk lwt pasar Senen udh 30menit Masih BLM jalan!!!! bodatttt bajingan gembelllll Berdiri!!! Penuh!!!! Cape!!!! Bikin penumpang gila!!!! Wujud pelayanan rendahan Kereta ngetem hampir 30 menit!!!!!!! @gibran_tweet,Keterlambatan
@CommuterLine kereta ini bagi sy sudah tdk layak operasi min. AC tidak ada dingin2nya. Kaca jendela akhirnya dibuka (sgt bahaya). Sy sampai st bojong gede 18.47. https://t.co/oW5mpzOtFN,Keamanan
@CommuterLine Agak telat tapi gpp min akan aq apresiasi. Next nya mohon jika ada gangguan lagi segera diingfokan thx ‍️,Pelayanan
@CommuterLine tolong cek lagi kondisi kereta pemberhentian Stasiun Pondok Ranji 08.17 tujuan Stasiun Tanahabang panas pengap kondisi penumpang padat AC gak nyala. Cuma ada kipas angin jendela dibuka. Rangkaian K1 177 ya! https://t.co/hRFYdgPTtP,Kepadatan
@CommuterLine Kereta dr parung panjang ke tn abang kok berangkat 5.36 bukan 5.38 hari ini????? Trus kenapa td palang nya nutupnya lama bgt? Yg sebelah barat stasiun? Kereta lewat kelamaan 5 menit nunggu di palang. Ya saya tau ini tentang keselamatan tapi KRL mu 5 menit nunggu baru lewat!!!!,Keterlambatan
@CommuterLine Kak tolong jadwal nya dikaji lagi Kereta yg dr cibitung-manggarai jam 06.52.. ini penumpang numpuk terusss parahhh kak terima kasih,Kepadatan
@CommuterLine kacau kacauuu ketahan teruss cawang-tebet skrg tebet-manggara. Hadehhhhh lihat jadwal malah gitu gimana siii https://t.co/B3hrl5fHme,Keterlambatan
@CommuterLine @Rnurfajar Jadi ikutan sebel deh baca jawaban dari adminnya. Kereta lu min yang salah kenapa jadi dia yang harus nyiapin waktu. Emang dikira waktu orang tuh banyak buat nunggu kereta doang?,Pelayanan
@CommuterLine commuter line supas delay kah? Kok gaada info smpe jam segini blom ada kejelasan,Pelayanan
@CommuterLine Tolong tegur tuh security di stasiun sudimara.. Kalo jadi petugas aja menye2.. Jangan jadi petugas.. Kasian yang lain harus lewat underpass sementara yang pura2 jompo bebas gitu aja lewat penyebrangan prioritas,Pelayanan
@CommuterLine min kalau delay di jadwal biasanya jam 4.47 terus jadi jam 5.04 tu karena apa si? saya telat banget nih min jadinya,Keterlambatan
@CommuterLine min coba dong untuk kereta jgn 1-2 satpam aja yg jaga di gerbong. Satpamnya jrg yg keliling. Byk lansia dan anak2 gak dpt kursi. Yg pada muda2 dpt kursi gak mau ngalah.,Pelayanan
@CommuterLine pokoknya hampir tiap hari deh kereta dari tn. abang ke arah manggarai. petugasnya juga kadang diem aj,Pelayanan
@CommuterLine AC panas jadwal telat terus penumpak numpuk rebutan oxygen complain diteruskan doang ke pihak terkait gak cape minta maap mulu?,Kepadatan
@CommuterLine kereta cikarang udh di duri ga jalan2 . Ngecek apaan sih ? Tn abang udh numpuk,Kepadatan
@CommuterLine @nuovie Mmg petugas security KCI tidak ada yg ramah dan sok jago semua gayanya. Hanya beberapa saja yg ramah selebihnya belagu. Gaya bicaranya sok tegas apa tidak di brief soal pelayanan yg baik harus bagaimana ???,Pelayanan
@CommuterLine min ini numpuk penumpang lintas thb-rk tolong di follow up ya gangguannya,Kepadatan
@CommuterLine Kl jam sibuk petugas cuma ada di gerbong tertentu &amp; jaga pintu aja. Itupun 1 rangkaian kereta paling 2/3. penumpang diminta usaha sendiri. Pdhl justru di jam2 itu orang2 susah untuk mendapatkan kursi prioritas. kampanyenya diganti mari pekerjakan pegawai kereta dgn seharusnya,Pelayanan
@CommuterLine ini ada air minum penumpang tumpah di rangakain 5087 gerbong wanita paling depan. Jadi lantainya becek. Tolong di kondisikan petugasnya,Kebersihan
@CommuterLine udh capek sama petugas stasiun parung panjang! dikira gue cidera boongan gue kena ligament grade 3 yang ga bisa napak kaki bagian belakang! sebulan gue udh begini udh bolak balik rs di kira cidera ankle secepet sakit biasa??!!! malah diliatin doang dari bawah,Pelayanan
@CommuterLine Tolong satpamnya pilih dengan benar mana yang berkebutuhan khusus. Mentang2 yang pakai kerudung ga keliatan udah tua apa muda jadi diperbolehkan untuk lewat rel yang jelas2 itu untuk lansia ibu hamil anak2 atau yg berkebutuhkan khusus.,Pelayanan
@CommuterLine Ini kenapa mau masuk pesing ketahan ya update donk....,Keterlambatan
@CommuterLine bener bener yaaa ini 20 menit lebih nunggu kereta dari duri ke arah cikarang/bekasi. malu ih sama keretanya dari jepang pas dikasih ke indo cuma buat telat doang,Keterlambatan
@CommuterLine tolong ini ada pelecehan seksual dikereta saya 5055,Keamanan
@CommuterLine 2 jam ini minn delay nya mau kuliahh,Keterlambatan
@CommuterLine dpt kereta dr st klender jam 6.10 smp tanah abang jm 6.50 lamanya selalu lama di st jatinegara n manggarai Kereta kok kayak angkot sih lama2 nih @CommuterLine,Keterlambatan
@CommuterLine Pantas .. kereta nya terlambat semua,Keterlambatan
@CommuterLine min klw bisa tempat wudhu stasiun Rangkasbitung dikasih keset anti air begini dong Mana licin trus lantainya becek mulu anaknya beberapa kali kepleset dstu Meskipun sering dibersihkan airnya tapi klw lagi antri tetep aja banyak lagi airnya. https://t.co/nLSpNv0XEU,Keamanan
@CommuterLine ini knapa yg KA 1639 datangnya telat.. jadi numpuk d sudimara.. ‍️‍️,Kepadatan
@CommuterLine MINNNN telat mulu ya Allah 6.38 green line RAME BANGETTTTTT di cisauk lhoo pada numpuk wallahi,Kepadatan
@CommuterLine tolong banget ini mah apa ga boleh kereta dari st bogor ke jakot sama manggarai waktu keberangkatan sampe abis subuh sampe jam set7 lah dikasih minimal 10 rangkaian gitu soalnya sekarang 8 rangkaian teh rame bgt saya ga sanggup dorong dorongan tiap pagi,Kepadatan
@CommuterLine Udah 1011B AC mati. Delay dari jadwal? Maunya apa? Cuma mau duit doang?,Keterlambatan
@CommuterLine greenline dari tanah abang kok lama bgt ya? udah numpuk nih di tanah abang greenline nya gadateng2,Kepadatan
@CommuterLine @kai 5531 telat masuk Sudirman 32 menit dan akan bertambah terus waktu telatnya. Ini setiap hari krn jalur bekasi jadi tidak di anggap dan masa bodo beda dg jalur bogor jalur bogor sudah di fasilitasi feeder di MRI. https://t.co/TnTihzqZ9S,Keterlambatan
@CommuterLine Kebiasaan nih delay mulu buat apa ada jadwal gk sesuai! Gk disiplin https://t.co/k3UTeVaDoX,Keterlambatan
@CommuterLine Gangguan mulu gua liat2 stasiun bekasi udah se chaos ini. Harus ada kompensasi sih kata gua mah. Kita telat potong gaji min tolong tanggung jawabnya @KAI121 @CommuterLine,Keterlambatan
@CommuterLine Masalahnya sering bgt yg penumpang nya padat gerbong cuma 8 sedangkan penumpang yg tidak padat dapet 12gerbong. Kasian soalnya banyak anak kecil yg ke gencet sana sini,Keamanan
@CommuterLine delay masuk stasiun manggarai karena apa ya? ini udah mau 20 menit ketahan. gila juga kalian,Keterlambatan
@CommuterLine ini kenapa lagi yaaaas KRL rangkas - tanah abang.....penumpang numpuk di sudimara,Kepadatan
@CommuterLine MONYEETT KERETA SENEN JADWAL 7.01 DI BEKASI LAMA BANGET DTGNYA INI UDH JAM 7.05 BOSS,Keterlambatan
@CommuterLine mohon di perhatikan juga min untuk celah peron di st tanah abang baru karena celahnya lumayan besar bahaya untuk lansia &amp; anak kecil,Keamanan
@CommuterLine @Felixaji Tolong lah Pihak KAI parah antrian juga...Dari Rawabuntu udah gak bisa naik...Jadwal gak karuan...Di Stasiun Tanah Abang juga di minta Surat Keterlambatan katanya kalau gak ada gangguan gak di kasih...Udah di jelasin petugasnya ngeyel...Koordinasi lah...,Pelayanan
@CommuterLine Tlg diperbaiki pak. Akses ke Stasiun Serpong. Becek dan berlobang. Terima ksh. https://t.co/IHll8yRjwH,Kebersihan
@CommuterLine Lu kalau buat jadwal ngotak dikit ini dicawang arah k bogor. Nungguin 11 menit untuk krl jam 19:30. Gila!! Ud numpuk d peron juga!,Kepadatan
@CommuterLine kak maaf aku cuman mau bilang kereta koq sekarang bangkunya rata-rata bau pesing ya? mungkin lain kali ada pembersihan dibagian bangkunya kak mungkin bekas anak kecil ngompol atau orang lain yg kebelet gak sengaja kecing dibangku https://t.co/59nhgjnRJm,Kebersihan
@CommuterLine kenapa pas hari senin dan jam berangkat kerja? 3 hari kemarin low demand bukannya dibenerin? template nya minta maaf aja? ini penumpukan tiap stasiun di green line dan jadi telat pada kantor plus selama di perjalanan lebih pepes dari pepes. you can do better then this! thanks,Pelayanan
@CommuterLine @ardiwidiyantoro tiap hari keretanya terlambat padahal udah standby di stasiun jam 5.45. tadi ada lokomotif lewat penumpang pun numpuk. baru kali ini saya naik kereta pagi sampai sesak nafas saking penuhnya.,Kepadatan
@CommuterLine jalur 5 dan 6 tanah abang keretanya kelamaan ngetemnya jd numpuk klo jam plng jam segini,Kepadatan
@CommuterLine Iya warning ni stasiun bekasi 2 kali kejadian begini pertama pas sore kedua hari ini gatau petugasnya sama apa engga karena beda bulan maksud gw harusnya sblm announcement itu cek2 dlu lah gw terlambat ini ke kantor malah lg haid lemes naik turun tangga jangan diremehin,Pelayanan
@CommuterLine jadwal tangerang jg telat? Toilet di stasiun Duri yg besar tdk layak ya. Kotor bau kunci pintu susah https://t.co/Z9nmi6gAsJ,Keterlambatan
@CommuterLine Terimakasi sudah bersedia membalas! Orng orng kayaknya ga akn peduli kalo ga kejadian wkwk jadi mungkin dr satpamnya kan banyan ya jd bisa di tugasin buat jaga di lift ini yg hari ini. Td jg ada yg blng satpamnya naik lift aja aku tunjukin gambar ini dia cuman ketawa https://t.co/SH7N5PDjKQ,Pelayanan
@CommuterLine @samuel_glenn @JalurSerpong @jalur5_ Asli ini saran bego dan g membantu sama sekali. D luar stasiun g pernah ad ceritanya petugas standby kecuali mereka lg isitrahat dan nyebat.... Apa emang mereka harus turun dl manggil petugas terus naik lagi k atas biar bisa didampingi waktu turun k stasiun??,Pelayanan
@CommuterLine halo kamin kok sekarang KRL banyak kecoa yah di kursinya. Memang tidak ada pest controlkah untuk menangani ini? https://t.co/1cuG1elad1,Kebersihan
@CommuterLine @kimbaaabeu aku rasa kemarin pas turun sentiong tu jarak peron ke keretanya tinggi banget deh min.. agak bahaya terutama kalo arus mudik bawa barang,Keamanan
@CommuterLine terus jadinya pelaku yang ambil tumblrnya siapa @CommuterLine ? masa iya kalian ga bisa buka CCTV nya wkwk jelas loh di awal pkd foto tumblr nya ada kalian lebih milih pecat orang dari pada buka cctv? bukan masalah harga tumblr nya tapi ada maling di instansi kalian wk argi ga,Keamanan
@CommuterLine stasiun sudirman pegangan escalatornya sudah gundul. Tangga escalatornya juga susah rada kotor. Mohon dibenahi ya min https://t.co/ONSwQfOBiy,Kebersihan
@CommuterLine Oke. Takutnya yg iseng dan bikin bahaya kereta pas lewat. Tolong banget dicek ya. Makasi Min!,Keamanan
@CommuterLine BALIK LAGI KE JADWAL LAMA AJA KLO GA BECUS! @CommuterLine @annepurba GAYA GENERASI UBAN KALI KELAMAAN NUNGGU KERETA,Keterlambatan
@CommuterLine Relate kemarin gue nunggu kereta dari jam 1 siang udh 40 menit di telaga murni ga ada2 asem. Kekmana gua besok,Keterlambatan
@CommuterLine tolong itu kereta terakhir green line dari arah palmerah kan 23.20 gpp dah telat 5 menit karena ini kereta terakhir. Tapi mohon bgt nih kadang 23.35 juga kereta masih belum ada dan akhirnya di 23.40 baru ada. Tolong jangan ngaret hanya karena ini kereta terakhir,Keterlambatan
@CommuterLine St sudirman. Udh 2 krl manggarai lewat namun bekasi 6.58 baru lewat. Biasanya ada di 6.45 Ini knp jd ilang 1 jadwal skrg krl sesak krn padat,Keterlambatan
@CommuterLine Dari jam 07.00 s/d 07.16 kosong Min ga ada kereta satu pun jadi numpuk banget penumpangnya. Coba dievaluasi lagi terkait jadwal di jam-jam padat tersebut Min.,Pelayanan
@CommuterLine @diniimaryani Jawaban lu gag solutif... Di jam2 sibuk malah lewat kereta barang.. Orang pada numpuk jadinya...,Pelayanan
@CommuterLine makin gak efektif ke arah tanah abang makin lama nunggu makin numpuk di manggarai hadeh!!!,Kepadatan
@CommuterLine pelecehan krl arah jakarta kota 07.04 wib tolong ditindak Pelaku ga mau ngaku ngakunya tas tergeserketerangan korban tangan dari posisi di atas - elus pundak - tangan ke bawah meraba-raba!!!! https://t.co/a2VqZFIGzt,Keamanan
@CommuterLine bisa ga di stasiun rangkas yang baru petugasnya rajin announce kalo eskalator bagian kanan tuh buat jalan.... Soalnya pada diem di kanan trs jadi antri panjang tolong banget kmaren petugas nya diem2 aja,Pelayanan
@CommuterLine Dari Bekasi dah naik yg jam 06:53 eh malah pas di stasiun Manggarai nunggu kereta ke kota lama dah dapat eh ditahan didepan bakamla lama #schedulebarucommuterline buruk @AnkerTwiter @jalur5_ @jalur_cikarang @CurhatKRL @JalurBogor @jalurbekasi,Keterlambatan
@CommuterLine Yg berangkat jm 05.19 itu kereta telat bukan sesuai jdwl. Tolong cek lapangan jgn cuma share jdwl. Suruh akses c-access pula aplikasi complicated-access,Keterlambatan
@CommuterLine ckrg -kp bandan via senen udah mah sejam sekali keretanya telat mulu 20 mnt mana ketahan mulu dibeberapa stasiun. Dikira semua org ke arah mri semua apa gmna,Keterlambatan
@CommuterLine Reply-nya telat kelamaan. Sama kayak perka Anda.,Pelayanan
@CommuterLine tolong kenapa jadwal kereta dr bni city saat pukul 21.00-22.00 selalu tidak tepat waktu (jurusan cikarang) sblmnya ada jam 21.06 tp lama² delay bahkan sampai 21.35,Keterlambatan
@CommuterLine kereta serpong banyak kecoanya.. sekali2 boleh lah pest control dikit jorok banget,Kebersihan
@CommuterLine cepet perbanyak kereta dan/atau gerbong green line kek. numpuk dan jadi pepes mulu heran. harus berangkat dr kemaren apa biar ga jd pepes?,Kepadatan
@CommuterLine tolong itu gate bojong di buka lagi lah!! Gate gaperi itu udah gak manusiawi!! Becek jalan sempit rusak gx da trotoar khusus pjln kaki!! Blm lg chaos d pintu perlintasan!! https://t.co/RR7NQtaBIo,Kebersihan
@CommuterLine mint ini knp gaada kereta jadwal jam 9 dari parung panjang ke tanah abang ya? efeknya jdi rame di parung panjang karena selisih nunggu kereta berikutnya jdi 20menit,Keterlambatan
@CommuterLine Paling sebulan ke depan bakal ada perjalanan yang bermasalah. Biasanya tiap senin pagi ada rangkaian rusak. Sejak 2002 masalah delay ga berubah.,Keterlambatan
@CommuterLine Min kondisikan petugasnya dong kondektur juga masa customer dibiarkan berdiri sedangkan petugas duduk dengan santai untuk commuter line saya tau tiketnya murah tp kan prioritas tempat duduk customer kan buat customer. Huft,Pelayanan
@CommuterLine hebat banget sekarang nunggu krl ke cikarang 1 jam di rajawali emang keren sekarang pelayanannya makin buat pengguna di uji kesabarannya,Keterlambatan
@CommuterLine @sunflowerr_16 Kg mungkin jalur bogor telat mmg jalur bekasi/cikarang waktu normalnya telat 10 -15 menit masih dibilang KCI waktu normal jadi yg bodo siapa kg taukan.,Keterlambatan
@CommuterLine Setidaknya petugasnya disiapin depan lift min buat ngatur flow biar yg prioritas didahulukan petugas banyak tp cuman mandangin aja dari jauh,Pelayanan
@CommuterLine lama anjeng mau sampe berapa jam nunggu didlm kereta jing?,Keterlambatan
@CommuterLine woiii minn mauu tidurr inii nangis bgtt badanku udh sakit sakit nunggu kereta dua jam,Keterlambatan
@CommuterLine ADA KOMPENSASI TIDAK WOIIIIIII KACAU PULANG KERJA BURU BURU AGAR MENIKMATI TENANG DIRUMAH JAM SEGINI STUCK DI BEKASI. APA KOMPENSASI NYA NIH. KACAU HANYA MAAF MAAF MAAF.,Keterlambatan
@CommuterLine priuk - kota. udah setengah jam saya nunggu kereta ga dtg2. gmn dah? nanti di bandan juga begitu yaAllah knp sih,Keterlambatan
@CommuterLine @Cycloneisian Telat jam segitu keretanya masih di Jatinegara sampai Manggara jam 06.09 Kenapa kereta feeder dari kp bandan - manggarai balik lagi ke ko bandan yg jam 05.50 sampai manggarai kemudian berangkat jam 05.55 berangkat kok di hilangkan Jadwal bagus kok hilang,Keterlambatan
@CommuterLine ini juga Bogor-Jakkota ngaret. Bogor-Manggarai biasa 07.50 ini 08.02 br ada. Penumpang ditumpuk biar jadi pepes. Tulul.,Keterlambatan
@CommuterLine mau sedikit protes meskipun ga akan ditindak lanjuti hehe. kenapa ya tiap pagi kereta yg masuk di stasiun bogor selalu di jejerin. imbasnya jadi numpuk penumpang yg turun. belum lagi tabrakan sm penumpang yg mau naik :)))),Kepadatan
@CommuterLine @erickthohir Stasiun cisauk setiap keberangkatan jam 6.59 dan 07.20 udh ky dijemput izroil..cobain dah. Jgn pada dekem aja dikantor tuh juga security yg ada distasiun fungsikan dengan baik klo gerbong udh keliatan penuh suruh tertibkan penumpang yg maksa @kemenhub151,Keamanan
@CommuterLine @KAI121 lah siapa bilang serangga ? gue jelas2 nulis kecoa jangan suka nyari nama baik di hal yang kotor min,Kebersihan
@CommuterLine Ngurus kehilangan buat bukti cctv harus seribet ini padahal saya sudah liat sendiri saat pintu krl tertutup. Dan jeda waktunya singkat saat kehilangan dan buat laporan karena harus buat laporan polisi dan menunggu antrian pemutaran cctv keburu kabur lah malingnya. Kacau. https://t.co/BW0FKwHgbG,Pelayanan
@CommuterLine kenapa sekarang kereta Bekasi-Kampung Bandan 7.27 udah mulai ngaret lagi? Makin parah ngaretnya jam 7.35 baru otw nunggu kereta via senen berangkat dulu baru berangkat nih kereta,Keterlambatan
@CommuterLine Institusi anda memang ga ada bagian crisis handling untuk reputational risk ya? Gercepnya kok cuci tangan. Hargai staff yg sudah melakukan tugas seseuai SOP meski blm memuaskan pihak penumpang lindungi mereka jg. Viral dikit pecat ubah kebijakan dll reaktif sekali.,Pelayanan
@CommuterLine Kereta ngantuk masinis dr depok 7.20 samapi sawah besar hampir 90 menit... Makin buruk pelayanannya @kemenhub151,Keterlambatan
@CommuterLine min tadi di kalibata palang pintu udah diangkat dan sirine penandanya udh dimatikan padahal ada kereta ketiga dr arah pasar minggu baru.. banyak motor udah pada nyebrang di klakson kenceng banget br pd nyadar ada kereta lg.. untung ga kenapa napa itu.. ngeri,Keamanan
@CommuterLine @perkeretaapian Baik min terima kasih respomnya. Gimana nih @perkeretaapian untuk JPO dari st. Tambun ke arah kp. Kobak. Kalau hujan agak ngeri licin dan kalau sedang padat. Itu hanya cukup untuk 2 baris orang. Agak bahaya min @perkeretaapian,Keamanan
@CommuterLine @imandani Sebisa mungkin gap tuh dibenerin dong. Bawa orang tua naik KRL sampai trauma takut naik dan turunnya.,Keamanan
@CommuterLine @KAI121 setiap saya ke toiletnya sih selalu bau pesing menyengat toilet cowok bukan toilet yang samping musola.,Kebersihan
@CommuterLine Mau ada satu tidaknya penambahan kajj. Itu KRL Cikarang juga hedway nya jauh. Ngapain Ampe tambun doang tuh KRL. Numpuk penumpang Cikarang Ampe 30 menit lebih nunggu nya.,Pelayanan
@CommuterLine tolong lain kali jadwalnya dimutakhirkan. Ngedahuluin 3 kereta jarak jauh + 1 kereta pulang dipo (arah Cikarang tadi) kayaknya terlalu lama. Jedanya 1/2 jam lebih dengan kereta sebelumnya.,Keterlambatan
@CommuterLine harusnya 5517 masuk bekasi 07.10 reelnya masuk bekasu 07.50 ini bukan selisih waktunya tapi pindah jadwal. KAJJ telat KRL berimpact jadi yg bodo siapa. Makin hari pelayanan KCI makin hancur jg bisa atur perjalanan. https://t.co/xMnTEMRUXm,Keterlambatan
@CommuterLine Hanya beberapa kursi tidak memadai.. Lorong peron yg panas pengap dengan penumpang penuh.. Tidak ada kipas blower.. Jgn hanya petugasnya saja yg pake kipas,Kepadatan
@CommuterLine Min tolong ya itu kan di stasiun duri akses pindah peron dari jalur 5 ke 2 cuma 1 tangga manual ya. Bisa gak sih jangan di bagi 2 lagi tuh tangga manual sama yg mau naik. Kan yg naik bisa pake eskalator. Gila ya org numpuk dorong2an kayak gtu tangga 1 dibagi 2.,Kepadatan
@CommuterLine Ini rel antara Depok - Citayam sering kejadian tertemper kereta. Jam padat seperti ini harusnya akses nyebrang pintu warga bisa diperketat bahkan ditutup menghindari kecelakaan seperti ini,Keamanan
@CommuterLine Min udh selesai blm si pengecekannya? Ini yg di Sudirman ga jalan2 udh semakin numpuk ini penumpang.,Kepadatan
@CommuterLine Ini gk mau ada evaluasi akses penyebrangan Stasiun Duri? Mau nunggu ada korban meninggal dulu? Akses eskalator mati langsung lumpuh Suruh orang yang ada disini tonton video dari saya kalo masih takut dosa tolong beresin https://t.co/ebUDoCwCl0 https://t.co/JG4CM9yGei,Keamanan
@CommuterLine Telat ini masuk kantor keberangkatan jam 6.20 Bogor - JKT belum ada KRL d peron 3,Keterlambatan
@CommuterLine peron jalur 3 Depok Baru kapan mau ditinggiin ya peronnya? Bahaya lho ini antara peron sama lantai kereta beda tingginya. https://t.co/BAa8Wd6ozB,Keamanan
@CommuterLine Yg bentak saya itu pakai kacamata laki-laki pakai masker hitam tingginya sekitar 160-170an (middle range),Pelayanan
@CommuterLine @jalur5_ KRL ke 2 tetap penuh sesak https://t.co/selEvtwUhq,Kepadatan
@CommuterLine Baik min terimakasih banyak infonya. Sangat membantu timetable ini karena aplikasi Commuter C Access atau yang satunya tidak bisa diakses,Pelayanan
@CommuterLine kritik untuk walka KRL palur -yk. Tolong kalau bawa bagasi minta di naikkan ke tempatnya. Ini mengganggu yang berdiri. Sangat sempit dan berdesakan krn tempat penuh dg koper dan kardus,Kepadatan
@CommuterLine Nah coba deh min dr 17.07 ke 17.53 hampir sejam min...... Ini kereta ke Bekasi udah 4-5 kereta kebayang gak lu udah mah nunggu lama jadi pepes juga,Keterlambatan
@CommuterLine @yudiiidoey Selisih waktu sampai 50 menit ??? Jadi yg bodo siapa KCI apa pelanggan ? Jawab min.,Keterlambatan
@CommuterLine nice jadwal makin tidak menentu. Kereta arah manggarai sudah masuk 3x ke stasiun sudirman sementara arah tanah abang-duri belum ada satupun yang masuk. Suka banget sih bikin penumpang numpuk,Kepadatan
@CommuterLine @curhatkrl min update info gangguan LAA udah 20 menit stuck di bawah jembatan summarecon Bekasi nih https://t.co/0xJknonZyw,Keterlambatan
@CommuterLine Lu goblok apa gmana anjing . Orang orang tuh pada lari . Seenggakanya kasih waktu buat transit anjing .6056 juga lama dan penuh bangsat . Lu demen banget bikin penumpang kesiksa . Anjing anjing,Keterlambatan
@CommuterLine KA 1185 pemberangkatan depok Gerbong 2 dari depan Bangku prioritas penuh Ada ibu hamil minta tolong dibangku 7. Bapak2 ada 4 pura2 tidur semua Mohon perhatian dan himbauannya,Keamanan
@CommuterLine ini mau sampai kapan KRL dikalahkan terus jalurnya? Tengah malam malah delay setengah jam.,Keterlambatan
@CommuterLine tolong dong satpamnya disuruh kerja kalo rush hour di Stasiun Duri. Sering banget rush hour peron penuh tangga penuh orang lalu-lalang rusuh tapi satpamnya ga ada satupun yang ngatur. Pada tidur di kantor kah?,Pelayanan
@CommuterLine Stasiun Depok Baru banyak lansia yang kalau nyebrang lewat terowongan bawah tanah yang tangganya gak sedikit ditambah gak ada petugas yang standby dideket akses masuk terowongan,Pelayanan
@CommuterLine Ini kenapa sih tangga peron 3 &amp; 4 petugas jaga cuma 1 di jam sibuk? Harusnya ada min. 2 org utk atur flow naik turun penumpang transit. Kami yg mau ke bekasi/ckg selalu ketinggalan kereta krn susah turun peron krn dikuasain pnp yg mau naik. Plis jgn cuma iya2!! https://t.co/ZYWjIkjcYL,Pelayanan
@CommuterLine Jam 8.30 Petugasnya ngomel2 bilang jangan ke peron 4 kalo belom disuruh. Pas akhirnya udah di bolehin ternyata masih ada kereta langsung lagi. Petugasnya panik nyuruh orang2 untuk minggir. Mau minggir gimana. Peron 4 sempit gitu.,Kepadatan
@CommuterLine krl cibinong kota Jadwal jam 7.15 dr cibinong kenapa delay mulu. Kereta jalan lelet... Banyak yg telat kantor karena tidak sesuai jadwal terus sampe nya @prabowo perbaiki lagi pak biar semua nyaman naik umum.,Keterlambatan
@CommuterLine Minta staff divisi yang bersangkutan aja kak untuk pengecekan rutin. Kita penumpang mana notice. Memangnya gak ada pengecekan rutin untuk kelayakan dan kenyamanan?,Pelayanan
@CommuterLine satu lagi.. Tolong di trainee dengan benar itu security pada ga bisa kerja kok lolos jadi security.. Security kan petugas.. Harus tegas.. Bukan galak ya.. Tapi tegas.. Sering banget gue liat di gate prioritas buat nyebrang di stasiun sudimara.. Securitynya ga bisa kerja.. Ga adil,Pelayanan
@CommuterLine Kenapa bagian tempat duduk prioritas harus dipakai ditempat yg tidak sesuai dengan orang²nya dan kadang securitynya tidak mau bantu untuk tempat duduk terutama utk ibu hamil malah kadang ada security yg pergi diminta bantuan.. Miris..,Pelayanan
@CommuterLine bikin emosi pagi2 gabisa pake go transit terpaksa beli kartu 40rb isinya cuma 10rb tidak ada pemberitahuan perihal tidak bisa scan go transit hadehhh app c access jg error gimana sih KAI dari sabtu bermasalah semua!! pelayanan SLOW RESP! INCOME PEMBELIAN KARTU KMT HARI INI,Pelayanan
@CommuterLine Bagus banget ya? Udah bikin saya telat 2 kali padahal saya selalu berangkat di jam yang sama dan nunggu di Jam yang sama. Udah 2 kali saya berangkat di jam yang sama malah KRL nya yang delay. Bikin saya telat 2 kali. Bagus,Keterlambatan
@CommuterLine Min gamau saran ke tukang pembuat kebijakan tu untuk kembalikan rute Bogor-Tanah Abang? Makin ke sini kok kayaknya makin pengen nyiksa penumpang biar pada numpuk di stasiun ya kocak ah... #BringBackJalurBogorTanahAbang,Kepadatan
@CommuterLine Sta.Tambun kak harusnya berangkat jam 7 tp tertahan kjj..jadi telat. Di stasiun selanjutnya penumpang makin bertumpuk gak karuan jadilah ikan pepes yang bahkan ketika mau keluar di sta.jatinegara aja susahnya setengah matiii,Keterlambatan
@CommuterLine jadwalnya jelek bet. Kereta manggarainya lama bet datengnya aaaaaaaaaaa,Keterlambatan
@CommuterLine Semangat semangat kereta lu noh benerin gangguan sampe numpuk di manggarai,Pelayanan
@CommuterLine ini seriusan hari senin di manggarai numpuk begini jarak kereta jauh?? Lebih dari 10 menit lohh kereta dtg aja belum tentu bisa masuk.,Kepadatan
@CommuterLine Ya Alloh kasian bgt itu penumpang2 pada jadi ngaret mana pasti ngekor kebelakang,Keterlambatan
@CommuterLine @infojakarta Pak tlg stasiun rangkasbitung diperhatikan..petugasnya di edukasi dlm hal kesantunan. Tgl 22 itu libur pembeli tiket dan penunggu kereta bnyk. Ruangtunggu diluar full orgtua bayi dsbnya. Bnyk tmpt kosong utk org2 duduk tp diusir dg kasarnya cuaca panas terik..mubazir tdk dipakai,Pelayanan
@CommuterLine KA 1951 TM 6022 di kereta nomor 7 (6722) panas banget kakac nya mati bau lagi di dalam,Kebersihan
@CommuterLine Gangguan mulu nih.. udah tiap pagi jalur hijau waktu tiba dan berangkat tidak konsisten sore jam pulang kerja di TA sring ga ada kereta. Semakin buruk nih KRL. @Danantara_ri @bumn_idn @KAI121 mgkn perlu diganti saja diroos KRL.,Keterlambatan
@CommuterLine 18:00-18:05 terjadi dorong-dorongan antar penumpang di tangga st. Transit Duri terjadi bottleneck akibat maintenance escalator dan akses ke platform cuma 1 tangga dengan lebar muat hanya 4 orang dan 1 lift yg muat 4-6 orang. https://t.co/NT5OzryViF,Keamanan
@CommuterLine tolong jafwalnya di update doang ya di aplikasi kacau dah jadwal ctanah abang cikarang gak seauai dengan si aplikasi tolong jadikan pwrhatian biar penumpang gak salah perkirakan waktu,Pelayanan
@CommuterLine rush hour Bogor-Jakarta dikasih 8 kereta mulu mau bunuh org krn sesek napas?????? Yg bener aja dong @kemenhub151,Keamanan
@CommuterLine Sore ini barusan betul KA 5153 gada 5 menit dari waktu sampe lgsung berangkat lagi. Padahal kereta dr rangkas baru sampe. Orang2 baru transit yg sejauh 2 Samudera itu. Kenapa sih min? Gerbong kosong malah diburu2in. Harus nunggu lagi kereta selanjutnya yg ujung2nya penuh bgt.,Keterlambatan
@CommuterLine pantesan di stasiun tangerang numpuk banget,Kepadatan
@CommuterLine @elbonitaa Ini admin ga pegang Dashboard posisi krl kah? Semua berhenti nunggu kereta masuk Sudimara. Kocak bgt,Pelayanan
@CommuterLine min kalau ada keterlambatan itu bisa diinfokan tidak minimal 15menit setelah jdwal keberangkatan jdi kita d stasiun itu tidak menduga-duga. Menanyakan kepada petugas mereka jawabnya ketus.,Pelayanan
@CommuterLine kalau ga blunder ga makan ya min? yg buat kebijakan siapa yg dipecat pegawainya sendiri kocak memang ️ KAI nih klo viral dikit langsung main pecat ya? kelihatan bgt pengen selalu terlihat baik di mata customer padahal ga semua customer itu baik,Pelayanan
@CommuterLine halo admin. Ini gimana ceritanya kereta yang kami naiki ada bau asap terus kita semua keluar dari kereta dan sekarang malah terdampar tanpa ada maaf atau announce dari pihak kalian?,Keamanan
@CommuterLine tiap pagi KRL yg masuk di stasiun bogor selalu jejer misal peron 2 lalu 3 atau 4 lalu 5. jadi antrean penumpang turun dr KRL numpuk dan selalu seperti itu setiap pagi,Kepadatan
@CommuterLine St. Citayam dicor udah di-share di sini belum? Sangat mengganggu flow penumpang numpuk ketahan semua di gate masuk. Kereta lumayan sepi kelewat gitu aja.,Kepadatan
@CommuterLine cape banget jujur bangun pagi ngejar jadwal kereta biar ga telat ujung2nya telat juga. ga sekali dua kali lho kek gini terus pulangnya juga sama aja. cih,Keterlambatan
@CommuterLine @txtdrjkt Hadeuh min gmn sih makin kesini makin kacau balau aja jadwal kereta nya,Keterlambatan
@CommuterLine Konfirmasi Top Up KMT Access By KAI - 25070108746 DARI CS EMAIL KALIAN MINTA BUAT KE LOKET LAGI DAN KIRIM BUKTI FOTO KALO BELM MASUK KALIAN KENAPA MEMPERSULIT BISA KERJA GAK KALIAN ANJING,Pelayanan
@CommuterLine kata petugas di stasiun rawa buntu gotransit @gojekindonesia masalah? Saya barusan nanya ke gojek katanya ga ada masalah? Ini yang bener mana?,Pelayanan
@CommuterLine ya mana gue tau yg telat yg mana cek aja sistem lo jam 07.40 di stasiun cakung harusnya ada kereta yg mana,Keterlambatan
@CommuterLine Telat updtae kah Stasiun UI udh numpuk ini,Pelayanan
@CommuterLine 1997A TNG-DURI ini drtd ada anak laki-laki bukan balita berisik di gerbong perempuan. security yang lewat dieeeem aja kalo anak gpp ya?,Pelayanan
@CommuterLine Dammnn!!! Kan yg dlm pengecekan bukan jalur CL min??? Ayolahhh udah nunggu sejam lewat loh ini!!! masa iyaa kereta jarak jauh bisa lewat CL ngakkk!! Bukan cuma penumpang kereta jarak jauh yg mau cepet kita juga penumpang CL mau pulang cepet capek kerja!!!,Keterlambatan
@CommuterLine kok fasilitasnya menurun sih? Masa dari Malkot hingga Tanggulangin gak ada announcement pemberhentian stasiun tolong diperbaiki dong fasilitas sama pegawainya. Untung aku sering naik coba kalau first time naik bisa salah turun stasiun‍ https://t.co/JgQYdOtQU9,Pelayanan
@CommuterLine tolong dong kalo weekend khususnya dari tanah abang gerbong depan &amp; belakang khusus perempuan bener2 dijaga satpam. karena ini banyak bgt cowok2 yg masuk dan gamau pindah gerbong padahal udh dikasih tau kalo itu khusus cewek https://t.co/Yhwv8TKP16,Pelayanan
@CommuterLine oh sama tambahan nih pembatasan kecepatannya dibatasin sampe bagaimana ya kok telatnya bisa sampe 10-15 menit? headway green line 10 menit + ada kereta serpong sebagai buffer aja udah pepes banget ini jadi 20 menit udah bukan pepes lagi ini udah jadi mesin jagal manusia.,Keterlambatan
@CommuterLine Sejak Rabu kemarin kereta selalu lama banget ketahan tiap mau masuk Manggarai dari Tebet,Keterlambatan
@CommuterLine minta tolong dong min kasih tau petugasnya yang di stasiun kranji ketus sekali,Pelayanan
@CommuterLine min @CommuterLine rute tigaraksa - tanah abang dengan keberangkatan jam 05.01 kenapa di hapus ya?? kenapa sekarang kereta pagi dari rangkasbitung semua? kereta pagi itu lumayan padet kalo berangkatnya dari rangkasbitung dan saya lihat jam nya juga makin mundur aja nih,Kepadatan
@CommuterLine angke via manggarai mulu nih mana pasarsenennya? Oh dirapel sampe jeda 30 menit lebih biar numpuk ya,Kepadatan
@CommuterLine Halo min 3 Jan kemarin saya sampai stasiun Tanjung Barat sekitar pukul 13.35 kereta ke Jakarta Kota baru sampai sekitar pukul 13.50. Selama saya nunggu arah ke Bogor juga gak ada sama sekali. Pulangnya dari Duren Kalibata sekitar pukul 16.30 juga baru dapat kereta sekitar 16.45.,Keterlambatan
@CommuterLine @jalur5_ permisi mau nanya krlnya pada kemana Jalur 12 dan 13 penuh sesak https://t.co/9Tx7dZuJve,Kepadatan
@CommuterLine Masa jadinya 8.05 hadehhh jd numpuk min td,Kepadatan
@CommuterLine min di Sudirman numpuk banget buat turun lagi ada masalah kah ? https://t.co/Nu3I8h1GAO,Kepadatan
@CommuterLine Iya lu info dong di dalem kereta dan di stasiun . Tolol banget orang jadi bingung kenapa telat gangguan engga tp kayak siput,Pelayanan
@CommuterLine min kereta rangkas-tanabang jadwalnya kenapa jd kacau? Yg dr Cilejit jam 6:15 kenapa jd mundur 6:21? Ga ada pemberitahuan apa2 lagi.,Pelayanan
@CommuterLine line tanah abang lama bgt jalannya. Kereta antar kotanya byk bgt anjir,Keterlambatan
@CommuterLine di stasiun Manggarai knp eskalatornya naik semua??? numpuk itu penumpang yang mau turun,Kepadatan
@CommuterLine min saya dapet perlakuan ga enak sama petugas KRL di stasiun batu ceper. Lapor kemana ya,Pelayanan
@CommuterLine mau sampe kapan eskalator yang mau ke peron 11 &amp; 12 stasiun manggarai selesai diperbaiki? Kasian lohhhh orang orang pada numpuk di tangga semua. Tadi juga liat ada yang disabilitas gimana coba itu mau naik ke peron atas?,Kepadatan
@CommuterLine min hari ini ada apa ya min kereta line bogor delay semua sampe sejam???,Keterlambatan
@CommuterLine @KAI121 Barusan ada ibu2 jatuh terlentang di stasiun depok baru pas mau naik kereta arah bogor. Detailnya ga tahu kenapa tapi kelihatannya karena jarak antara kereta dan peron terlalu tinggi dan jauh. Ini bahaya bagi banyak orang terutama lansia.,Keamanan
@CommuterLine Pantes manggarai numpuk min,Kepadatan
@CommuterLine ini katanya prioritasin penumpang ini kita tertib udah prioritasi yang turun dulu. Eh malah ditutup pintunya ama csotnya. Tanah abang-cikarang ( via pasar senen). Tolong bgt jangan kek gini yaa pliss ini kereta udh lama bgt nunggunya,Pelayanan
@CommuterLine Mohon pelayanan Stasiun Palur ditingkatkan saya dapati ticketing belum buka bahkan sampai jam 04.35 untuk keberangkatan pertama (05.55) dengan alasan petugas tiket belum datang. Di sisi lain vending machine untuk top belum dioperasikan juga.,Pelayanan
@CommuterLine kata gw berbenah ya ini buat prameks biar ga delay delay trs. udah rangkaian gerbong sekecil itu tapi penumpang selalu overload jadwal ngaco,Keterlambatan
@CommuterLine Minggu kmrn sy tap in di sta Sudirman lalu tap out di situ juga krn mau naik LRT. Yg men-tap out-kan petugasnya dan saat itu palangnya dlm kondisi sll terbuka (bukan buka nutup kyk biasanya). Tp saat kartu emoney nya mau sy pakai tap in LRT tnyata tdk bisa. -cont,Pelayanan
@CommuterLine di klender dari 16.36 baru ada lagi kereta ke cikarang 17.13? ini penumpang mau dijadiin pepes apa gimana yaa? https://t.co/8FVCxYWoDr,Keterlambatan
@CommuterLine Cmonlah baru kemarin gw telat masa skrg telat lg udhlah kalo otw ketahan bbrp menit gegara kajj skrg pake gangguan lg. Kata gw mah lu cepet2 evaluasi deh kajj waktunya jgn kebanyakan jgn mentang2 cust krl nih bayar lebih murah dri kajj malah lu semena2in kek gini.,Keterlambatan
@CommuterLine eh nih kereta dari kemaren telat mulu yah. dikira yang lain sama kaya lu kalo telat kaga kena potong gaji?,Keterlambatan
@CommuterLine kebijakan baru utk rngkaian kereta 8 yang jd maju berhentinya di stasiun tangerang sangat tidak efektif.. penumpukan antara penumpang turun di jam ramai pada peron 1 dengan yg ingin naik kerta menjadi sulit karena penuh antiran utk ke gate keluar.. mohon evaluasi,Kepadatan
@CommuterLine kereta yg saya naikin 12.25 masuk manggarai tp kayaknya nomor keretanya yg ini. dr tanah abang banyak bapak2 masuk gerbong cewe pdhl udah disuruh security tolong dong ini dipaksa keluar aja https://t.co/b8koNSuzPb,Keamanan
@CommuterLine Sampe Kebayoran tadi ada 2 kereta ngantre jalan. Sumpah semua orang udah cape. Nungguin pengen cepet pulang. Cuma gegara ada orang buang sampah spring bed ke rel kereta. Asli idup lu gak tenang sih. @InfoKRL @jalur5_ https://t.co/WvSn4S11uL,Keterlambatan
@CommuterLine KAI tolong dong ruang cs sama loket yang di St Bekasi timur diperbaiki kurang nyaman karna panas banget tolongg bangett,Pelayanan
@CommuterLine Udah 3 hari ini jadwal ngaco bgt deh. Mana jarak antar kereta 10menitan dengan gerbong 8 semua di rush hour alhasil kegencet udah kayak apaan tau. Setiap stasiun juga minim bgt petugas untuk bantu kontrol kapasitas org masuk gerbong. Hadeuhhh,Kepadatan
@CommuterLine kereta belakangan sering bgt berhenti nunggu lama dipertengahan jalan kereta jakarta kota berhenti 15 menit di stasiun UI 16.31 sampai 16. 46 lalu kereta yang saya naiki menuju Jakarta kota berhenti pertengahan st. pasar minggu (K1 1 88 183) menyebabkan tdk on time,Keterlambatan
@CommuterLine Anda nyuruh kami penumpang ini berkelahi apa gimana? Nunggu udh 45 menit lebih gak ada kereta arah bogor sat! Gondangdia udah penuh ini woy!! Belom lagi nanti masuk manggarai &amp; tebet bakalan jadi remah remah ini!! @JalurNambo @jalur5_ @keretaapikita https://t.co/0amfaGvWcJ,Keterlambatan
@CommuterLine gara2 ini gangguan tadi nungguin krl yg ke kota sekitar 20 menit di manggarai dan yg datang 8 gerbong..bener2 jdi pepes dan banyak juga yg gak ke angkut tadi.,Kepadatan
@CommuterLine kenapa kereta di manggarai lama bgt yaa. Biasanya cepet tp skrg jedanya hampir 20 menit utk nunggu tiap kereta. Alhasil numpuk semua di manggarai,Kepadatan
@CommuterLine @KAI121 lah K.A Kertajaya juga kena dampaknya? udah nunggu setengah jam ini. Makin telat aja ini jadinya.,Keterlambatan
@CommuterLine halo kak mau request utk krl jurusan manggarai sekitar jam 07.07-07.10 jd 12 gerbong seperti sebelumnya. krn terlalu padet bgt kalau 8 gerbong. mohon ditindak lanjuti. terimakasih,Kepadatan
@CommuterLine Kalian pembuat kebijakan GAPEKA 2025 ini dipakai gak otaknya? Mau mengurai kepadatan di jam sibuk kenapa head away malah dikurangi jadi setiap 20 menit? Sudah dikaji belom setiap buat kebijakan? Kalian gak menggunakan krl jadi enak aja buat begini. Sampah bener ini KAI Commuter,Kepadatan
@CommuterLine Dear KRL apakah jam anda relevan? Mohon di kaji ulang. Katanya keselamatan anda adalah prioritas kami Ini penuh sesak . Saya tepat berdiri di depn pintu jarak waktu keberangkatan selang 2jam . Penumpang akan menumpuk ntr pada pingsan lohhh apa ga d pikirkan https://t.co/jv6RbcJvYE,Kepadatan
@CommuterLine Kereta no 1236 tujuan jakarta kota-bogor speaker berisik banget bang. Klo pas iklan kek ordor (orkes dorong) depan muka. Pecah bgt suaranya maaf jd krg nyaman,Pelayanan
@CommuterLine di kereta tiap gerbongnya ada CCTV nya gak sih min? kasian ini temen saya kena pelecehan di dalam kereta https://t.co/YBfj8oQDEX,Keamanan
@CommuterLine MINIMAL TUH KALO GANGGUAN ATAU TELAT INFOIN DONG JANGAN DIEM DOANG. ORANG NUNGGU KERETA DI MANGGARAI SETENGAH JAM SENDIRI. MANA LAYAR MATI GA TAU JADWAL BERIKUTNYA JAM BERAPA. MAKIN LAMA MAKIN ANEH!,Pelayanan
@CommuterLine Saya pagi ini naik kereta dari jurang mangu ke tanah abang ada kali nunggu hampir 15 menit di st jurang mangu. Biasanya jam 6.55 udh dateng keretanya tp pagi ini jam 7.10 baru sampe. Katanya gapeka bakal lebih sat set tp knp jd sering terlambat dan menumpuk penumpanglebih banyak,Pelayanan
@CommuterLine Di serpong 8:20 baru berangkat 8:30 jd membludak itu keretanya. Mana jadi telat sampe kebayoran 8:55 parah bgt!,Keterlambatan
@CommuterLine petugasnya ga ada nih...di gerbong. ada yg asik lesehan sambil nonton film. https://t.co/tsZezyRVnp,Pelayanan
@CommuterLine gila apa???? ini di jadwal kereta ke bekasi di 07.42 tiba tiba ganti jadi cikarang 07.50 sampe sekarang gaada!!!! KACAU,Keterlambatan
@CommuterLine @50n3 @tubirfess @KAI121 Ga menggangu gimana?? itu bau nya mengganggu bngt,Kebersihan
@CommuterLine ko bisa kereta jarak jauh sampai numpuk 2 harus nungguin semuanya lewat dulu baru KRL bisa lewat.. kacau sekali kalian.. mengorbankan segitu banyaknya penumpang KRL karna kereta jarak jauh..nggak bisa atur yang bener ya jadwalnya??,Pelayanan
@CommuterLine min tolong lah red line kalo jam sibuk jangan dikasih yang 8 rangkaian kasih yang 10 atau 12 rangkaian gitu efeknya pada kejepit min didalem + masinisnya bawanya masya Allah banget (ngerem mendadak dan pas berangkat juga mendadak banget) sampe pada jatoh didalem https://t.co/sdb5GGqJO3,Keamanan
@CommuterLine di stasiun bekasi ada 2 jadwal commuter arah cikarang krna telat tunggu yg sebelumnya penuh dahulu? Dan yg sesudahnya harusnya jalan ngetem dahulu https://t.co/no3gq9fLyA,Keterlambatan
@CommuterLine Ya pasti lah sangat tidak optimal untuk Nambo - Jkt kalian pasti punya data nya kan untuk penumpang yang padat itu di bagian mana saja ? Minimal di jam padat seperti pagi dan sore di set lah rangkaian 10/12 gerbong atau di perbanyak lagi jadwal nambo - jkt . Tolong lah yak,Kepadatan
@CommuterLine keretamu mogok a? Cok jam sgini ga ada kereta di gondangdia udh nunggu dr jam 21.50 smpe skrng. Suka2 bgt jir kalian mo jd negara maku subsidi dipotong tp public transnya jelek bgt,Keterlambatan
@CommuterLine kesabaran : tau banget min yg naik KRL sabar2 orangnya Kebersamaan : bener banget min satu (kereta) telat semua (kereta) telat yaa.. #solid Waktu yang berharga : mimin paling tau deh cara (buang) waktu yang berharga (dengan nunggu kereta jadwal ga sesuai),Keterlambatan
@CommuterLine becanda kali nih jadwal krl bukannya makin bener malah makin jelek. Buset ini orang2 udah pada numpuk di stasiun tanah abang mau naik kereta ke arah angke gak muncul2,Kepadatan
@CommuterLine KRL BRENGSEKKKK KERETA TELAT 30 MENIT GUE TELAT NGANTORRRRRRR,Keterlambatan
@CommuterLine KAI please lah ini kenapa yg arah bekasi ataupun cikarang dari stasiun karet telat muluh sampe penumpang numpuk,Kepadatan
@CommuterLine kereta jam 07.07 selalu telat kan jadi numpuk kalau mau ada perubahan jadwal tuh yg konsisten https://t.co/n5Dx5M0y1l,Pelayanan
@CommuterLine Stasiun Manggarai dan Juanda PENUH SESAK! https://t.co/cDtRG8WI1F,Kepadatan
@CommuterLine disebalah sini... informasi yang disampaikan tidak terdengar jelas entah kualitas speakernya atau petugasnya belum makan https://t.co/VHPfywlVbP,Pelayanan
@CommuterLine Yang ke kota dari bogor kenapa delay tiap stasiun? Ada yang rusak lagi?,Keterlambatan
@CommuterLine sore KA 1764 pagi KA 1647 dan udah hampir seminggu ini KA 1647 telat mulu,Keterlambatan
@CommuterLine min tolong dong krl lama banget demi nunggu kereta jarak jauh masa iya 35 menit masih stuck masuk stasiun bekasi dari cikarang. Masih stuck btw https://t.co/pHKCVyZNfM,Keterlambatan
@CommuterLine halo tolong dibalas DM saya. Pegawai kalian tidak bekerja!,Pelayanan
@CommuterLine 30 menit delay pagi ini. Liat nanti sore bakal kejadian apa lagi,Keterlambatan
@CommuterLine krl pdk ranji thb kok telat bgt ya pagi2 hadeh jd numpukkk,Kepadatan
@CommuterLine Gerbong 8 sisi timur bau pesing. Ada yg diem2 beser sepertinya https://t.co/Ryp3sQMUl8,Kebersihan
@CommuterLine tlg diperhatikan lagi keamanan dikereta dong min masa ga ada satpam sm sekali di 1 gerbong kereta. Kemarin di rangkaian krl 5049 (ckr-angke) ada pencopetan wktu berhenti di st buaran. Kasihan yg kena copet ga dpt bantuan apapun krn gaada satpam di kereta,Keamanan
@CommuterLine ini kereta di bogor ga bersngkat berangkat udh numpuk gmn ini? Jalur dah penuh semua pdahal,Kepadatan
@CommuterLine @Bambank_L300 @KAI121 Sejak kapan hari Jumat jadi akhir pekan? Dan apakah semua karyawan dapat cuti bersama? Sejak kapan min? Jawab. Yang kerja bukan cuma org² di KRL doang kita² karyawan swasta juga kerja min. Jangan dzolim sesama karyawan. Nunggu kereta lama pas kereta datang jg g bisa masuk.,Kepadatan
@CommuterLine manusiawi dikit lah kl bikin jadwal kereta arah Cikarang. Ini numpuk bgt manusia di Duri. Lu pada mah enak gak ikutan nungguin kereta. Makin hari bukan makin bagus malah makin ngaco. Malu dikit apa!!!!,Kepadatan
@CommuterLine min sepertinya tdu saya kecopetan di KRL green zone card holder saya hilang semoga kalau ada yg nemu bisa di aman kan ya min terima kasih,Keamanan
@CommuterLine sudah beberapa hari kecewa dengan pelayanan KRL terutama Bogor - Jakarta Kota. Sudah beberapa hari kereta terlambat dan berhenti di tengah jalan menyebabkan penumpang menumpuk di stasiun. Mohon jadwal keberangkatannya bisa dikembalikan seperti semula .,Pelayanan
@CommuterLine UDAH SIANG BEGINI KENAPA AC NYA BUKANNYA DINGIN MALAH ANGET ? MASINIS NYA LAGI SAKIT ATO APA ? UDAH KEK IKAN PEPES INI (line tnh abang - parung),Kebersihan
@CommuterLine ini kenapa kereta Parung Panjang - Tanah Abang jam 06.38 malah ketahan di tengah hutan dan infonya nunggu kereta lain masuk serpong dulu? biasanya gak begini,Keterlambatan
@CommuterLine ini jadwal baru ka ke stasiun tigaraksa jadwal jam 17.25 kereta dateng 17.29. Telat 4 menit! setiap menit itu berharga ya pak.,Keterlambatan
@CommuterLine min kalau tas merah tas bayi ketinggalan di kereta serpong bisa ditemukan kah? Saya naik kereta dari st kebayoran lama jam 13.26 Saya buat laporan 10 menit setelah turun dari kereta via telp cs. Mohon pencerahannya. Trims,Keamanan
@CommuterLine semenjak ganti jadwal rute line biru telat terus penumpang bener2 numpuk di manggarai. Bikin jadwal ga pernah bagus heran bgt!!!!!!,Kepadatan
@CommuterLine Tolong diatur itu jadwal keluar masuk kereta barang sampai bikin molor diatas 10 menit tau ngga efeknya kerta penuh seperti apa,Keterlambatan
@CommuterLine knp si tangerang line udah bener 12 SF 1 rangkaian dikurangin jd cuma 8 SF sekarang jd numpuk penumpang yg naik kek lemper.,Kepadatan
@CommuterLine Hadeh stuck di depok baru Mau keluar stasiun ngeri tambah lama,Keterlambatan
@CommuterLine Ah kebiasaan kalian. Jadwal makin kacau KRL Blue Line di hari Senin. Luar biasa! Bikin orang berangkat ngantor telat semua! Kalau gaji di potong apa kalian mau tanggung jawab? Belum lagi keseringan ngetem kayak angkot bikin nggak sampe-sampe bikin makin telat semua,Keterlambatan
@CommuterLine dari jam 18.55 s/d skrg (19.50) mau ke MRI dr SUD ga ada kereta. Ada apakah? Rush hour loh ini. numpuk manusia di sini,Kepadatan
@CommuterLine Gk ngeri lagi sama Lu Gw dari jam 19:03 di manggarai gk ada kereta ini Adanya next kereta jam 19:33???? Maksudnya apa biar numpuk gitu orang orang???????? Ngaco https://t.co/MQETHXYklJ,Kepadatan
@CommuterLine Kacau ah jam padet dah nyubuh telat aja gawe sueee,Keterlambatan
@CommuterLine min kreta kebayoran menuju rangkas jam 7:20 tadi delay ya? baru dateng jam 7:31,Keterlambatan
@CommuterLine ye pala batu lu min hubungin petugas juga cuek semua zzzzz,Pelayanan
@CommuterLine harusnya jam 8.09 dah sampe sudirman tapi baru sampe jam 8.36 di St sudirman. kacau !!!! https://t.co/QKzdFxwOSm,Keterlambatan
@CommuterLine stasiun rawabuntu kenapa bau sampah ya? ‍,Kebersihan
@CommuterLine mohon perhatian nya dgn memangkas jumlah gerbong di jam2 brk pagi sdh dipikirkan jg kah jika penumpang rawan konflik + rawan kecelakaan?,Keamanan
@CommuterLine @29RAS Ini nunggu kereta ke bekasi di manggarai jg lama bngt. Ga singkron bngt sama kereta ke kmp bandan sampe nongkrong di manggarai doang sepi bngg,Keterlambatan
@CommuterLine ini di st juanda numpuk bgt orangg loh mana yg pertama dateng 8 rangkaian,Kepadatan
@CommuterLine admin kereta krl ini dilengkapi cctv luar ga sih? Barusan kayak ada suara semacam tembakan arah ke gerbong2nya. Buat identifikasi pelaku2 vandalisme. Masih ingetkan kejadian maret 2022 proyektil (senapan angin) tembus ke kaca? Jd ngeri.,Keamanan
@CommuterLine mau tanya ini yang ngusulin desain musolah di stasiun tanah abang baru siapa ya? Itu gak ada talang airnya bikin becek tiap orang wudhu. Kalau lagi rame kadang becek nya sampe tempat solat. Tolong lah diperbaaiki. Solat butuh tempat suci.. https://t.co/hrPJ5QR0RV,Kebersihan
@CommuterLine kenapa sih sekarang kereta 8 rangkaian terus bikin numpuk penumpang. Sumpah ga nyaman naik pemberangkatan Depok 6.34 enak bgt kosong skrg jadi penuh terus sampe jam berapapun. Begitupula kereta pulang rush hour 8 rangkaian terus. Penuh2an ga peduli jam berapapu,Kepadatan
@CommuterLine Ini ketahan sampe 20 menit min dr st. Bekasi ke Cikarang.. Kasih kesempatan yg KRL jalan dulu mereka yg pulang kerja udah desak²an.. Jgn kereta api langsung terus dikasih jalan,Keterlambatan
@CommuterLine Kereta jkt kota di bogor kok cuma satu ya jadi numpuk,Kepadatan
@CommuterLine benahin nih satpam kek begini tolong dipecat aja. Cek cctv dan semuanya.,Pelayanan
@CommuterLine Sudah lebih dari 30 menit tertahan,Keterlambatan
@CommuterLine @ardeliawinata Harus optimal ngaret ga lebih dari 5 menit masih oke lah. Ga sampe 20 menit juga.. penumpang jadi makin numpuk pada telat ke kantor.,Kepadatan
@CommuterLine @KAI121 ini gimana ya kok aplikasi mendadak eror gini? Tadi mau cek tiket ternyata ke logout login lagi malah gabisa via email maupun nomor hp juga gabisa takut bgt gabisa pulang tp untung nya security nya mau bantu cek lewat komputer tolong gimana ini,Pelayanan
@CommuterLine Kenapa kereta yang harusnya sampe di Bekasi Timur jam 5.50 gak pernah on time ya? Selalu telat.. kereta sebelumnya juga sampainya jaraknya jauh jadi pasti numpuk..,Keterlambatan
@CommuterLine Ok ini knapa kereta dr sudirman ke tnh abang lama banget juga,Keterlambatan
@CommuterLine Saran saran : kalau sudah diputuskan mereta hanya sampai stasiun kebayoran jgn lamban dslam memutuskan kereta itu harus balik ke arah srp/prp/rk nya lg kapan jgn sampe pnp numpuk di KBY ga jelas pdhal ada 2 kereta ngejogrog disitu,Pelayanan
@CommuterLine Pelayanan KAI makin amburadul ... perubahan jàdwal Cikarang sexnya rapet² jadwalnya terus berikutnya jauuh jadwal nya. Berlakukan lg jd penumpang ga numpuk,Kepadatan
@CommuterLine kenapa ya jalur 11 dan 12 arah bogor atau depok di stasiun manggarai jamnya selalu gak tentu? Dari jam 7.46 sudah banyak orang tunggu tapi keretanya masih di juanda. Tolong dong jangan suka numpuk peumpang!,Kepadatan
@CommuterLine @SeptriandaY green line pagi2 jalurnya dpake ama ka barang... jelas aja pnumpang numpuk padha gabisa naek krl yg uda penuh.,Kepadatan
@CommuterLine min gk mau gt bikin peraturan ada dendanya/di keluarin dr stasiun? Banyak yg sering ngelanggar trs kurang tegas juga petugasnya,Pelayanan
@CommuterLine Selamat pagi! Bisa info delay krl min kenapa kena sinyal tertahan alasannya masalah operasional ini udah hampir setengah jam loh delaynya,Keterlambatan
@CommuterLine @KAI121 @keretaapikita Lho itu jalan pintu masuk timur langsung ke pintu gerbang timur stasiun Tenjo dan itu adalah tanah area KRL stasiun Tenjo yg becek dan kotor kok ke Pemda... ??? Ngga ada solusi ya???,Kebersihan
@CommuterLine Sambut pagi dengan emosi terlambat kerja gara - gara CL PENATARAN 421 kok bisa didahulukan kereta parcel padahal sudah terlambat disusul KA GUMARANG,Keterlambatan
@CommuterLine ini tertahan smpe brp lama ini di tanah abang cuma buat nungguin antrian di manggarai???????????,Keterlambatan
@CommuterLine sumpaaa kenapa jadwalnya lamaa bgttt kenapa makin malam makin lamaaaaa mo pulang pun nunggu lama bgtt mana kereta kebogornya pun blm https://t.co/tpPCg7RaKJ,Keterlambatan
@CommuterLine haiii min kenapa yaa udah 3 hari ini KRL rawabuntu-tanah abang untuk jam berangkat kerja gerah banget gak kerasa ac nya mohon perhatiannya min karena kondisi KRL pasti penuh sesak ditambah suhu panas makin mudah menyulut emosi orang yang berdesakan di KRL Tks,Kepadatan
@CommuterLine @annepurba 5529 tiba nonggol lagi di jadwal agar kebodohan KCI tidak terlihat makin bodo maka di nonggolkan lagi. https://t.co/1ovJL4U55Y,Pelayanan
@CommuterLine min bangku KRL napa bau pesing ya,Kebersihan
@CommuterLine @achmedibda Sumpaah commuter mending tetep wajib deh padet kek gitu kalo ada yg bersin apa ga muncrat ke muka tuh,Kepadatan
@CommuterLine Harusnya dari pimpinan @KAI121 bisa lebih gigih memperjuangkan penambahan gerbong utk KRL Jabodetabek krn yg ada skrg sangat kurang. Jangan menurut saja dgn omongan anggota DPR yg tdk tahu kondisi lapangan. Nunggu 2025 keburu chaos! Mungkin hanya pak Jonan yg bisa mmengatasi,Kepadatan
@CommuterLine @subisaja Ada gila gilanya lu min enak banget ngomong berangkat lebih awal. Gua udh brgkt lebih awal tetep aja ga berubah org kereta lu aja suka delay ga sesuai waktu kocak,Keterlambatan
@CommuterLine tolong ini gerbong 9 kereta 4019 TB-KP Bandan ga berasa dingin AC nya. Malah jam brangkat kantor. Isinya juga ga padat sesak tp panasss. Dicek lagi lah biar ga merugikan penumpang,Pelayanan
@CommuterLine dear admin kejadian mengerikan. kita td terjebak di lift stasiun cikarang. orang lain udh coba pencet tombil alarm liftnya. tdk ada tanggapan. alhasil pintu lift dibuka secara paksa. pintu terbuka. alhasil kita lapor ke security. security security pd planga plongo https://t.co/5zBZHuqgqb,Pelayanan
@CommuterLine min td ada yang dorong saya pas kereta blm berhenti di stasiun cawang. Sangat membahayakan. Mohon untuk d tegur. Naik 1332B jurusan bogor dr cawang gerbong depan ciri2 ibu kemeja kuning garis2. Bisa di cek dr cctv stasiun cawang terima kasih.,Keamanan
@CommuterLine Kenapa 1011B tiap hari delay bisa 15 menit lebih? Kalian ga punya jadwal pasti atau ga bisa atur jadwal? Atau ga terima kritik? Buat apa ada 121 kalo ga terima kritik? https://t.co/Fz6IzDkndz,Keterlambatan
@CommuterLine Saya tadi naik dr Bekasi harusnya 7.17 baru jalan 7.29. Masuk Kranji ditahan 2 menit. Sampe Jatinegara ditahan 2 menitan. Sampe Matraman ditahan lagi 2 menitan. Faedahnya apa? Bergantian jalur? Ada perbaikan armada? Di awal perjalanan aja udh delay. Aneh.,Keterlambatan
@CommuterLine @CommuterLine KRL 5039 telat lagi min 5.53 baru masuk Bekasi. Masa ga ada perbaikan? @KAI121,Keterlambatan
@CommuterLine masuk manggarai ni kereta ketahan lama bgt deh knp si,Keterlambatan
@CommuterLine @PernebangRoket @perkeretaapian @KAI121 @txtdrbekasi Ganti sekalian vendornya dong !! Pidanain vendornya kalau ga jelas !!! Berani kerja ga ?? Katanya pelayanan untuk masyarakat !!! Gimana ini Pak Dirut @mas_didiek,Pelayanan
@CommuterLine Jadwal yg seharusnya duluan 5531 atau 5529 A di apps harusnya 5529A ini yg bodo siapa yg buat jadwal apa yg ngatur perjalanan. Beri alasan tepat knp 5038A bisa masuk cik dulu drpd 5508 harus 5508 duluan. KCI bodo pelanggan yg dikorbankan.,Pelayanan
@CommuterLine haduh kira2 brp lama ya ini? takut gak kekejar jadwal KA Pangrango :(( masih ketahan di UI,Keterlambatan
@CommuterLine Minimal pintunya buka njingggg gw sejam di dalem kereta gak bs ngapa2in dah telat kerja fakuy,Keterlambatan
@CommuterLine percuma min kalo gaada security bisa ga satu gerbong satu security? banyak manusia yang ga sadar sama yang lebih membutuhkan soalnya,Pelayanan
@CommuterLine KRL gak bisa ngurus jadwal masa iya setia naik kereta delay terus. Malam ini kereta jurusan cikarang delay di stat bekasi smpai setengah jam. Diperbaiki dong atur jadwalnya spy tdk merugikan dan buang waktu orang banyak!,Keterlambatan
@CommuterLine jadwal baru kalian bikin numpuk. Semua jadi telat masuk kerja.,Kepadatan
@CommuterLine Tnb rangkas gangguan min? Numpuk di tanah abang,Kepadatan
@CommuterLine Dari kejadian ini udah jelas kalau KAI tidak punya SOP yang baik. Di saat darurat aja petugasnya gak tau harus ngapain. Kasih penjelasan aja kagak,Pelayanan
@CommuterLine Idih najisnya udah kemarin kereta telat sekarang harus telat juga?!!! Gilaa kali ya ga ada bener nya,Keterlambatan
@CommuterLine @junmisugi433 Tanah abang jalur 5 dan 6 numpuk nih hehehe,Kepadatan
@CommuterLine Antrian panjang tiap hari tp loket cuma 1. Hujan pula. Dan mahalan tarif parkir daripada naik keretanya. Udh lama nunggu kereta lama juga antri keluar parkiran BEKASI TIMUR https://t.co/uR8Rg42n5i,Kepadatan
@CommuterLine min ini serius udh gpp kalo gapake masker? entar pas di dalem kereta malah di tegur petugasnya suruh pake masker lg. udh di arahin &amp; dikasih himbauan boleh lepas masker blm petugas satpam di dalem keretanya min?,Pelayanan
@CommuterLine Min tolong para penumpang sore hari wajibkan pakai anti deodorant. Ini bau ketek kena AC luar biasa semerbak sampah walau sudah pakai masker.‍‍‍,Kebersihan
@CommuterLine min tolong ya jadwalnya dibenerin lagi. Ini kereta ke bogor di gondang jam 20.18 ada lagi baru jam 20.36. Yang bener aja? Numpuk ini,Kepadatan
@CommuterLine antrean padat kipas mati. Di stasiun sudirman nih. Mohon dibantu~,Kepadatan
@CommuterLine @Barudak_Sunda35 Disuruh gak fokus ke satu pintu Tp semua pintu jg kalau didalamnya padat/ penuh ya pasti berdesak desakan jadinya Jarak antar kereta kalau bisa jangan lama Sehingga gak terjadi penumpukan di stasiun,Kepadatan
@CommuterLine Kacau benar...ngetem lagi di rajawali.... Sprtinya jadwal kajj @KAI121 yg berantakan sampai membuat KRL di rush hour ngetem lama.,Keterlambatan
@CommuterLine tolong deh ini greenline kenapa sih selalu kaya anak tiri di tanah abang selalu numpuk kalo jam pulang kerja,Kepadatan
@CommuterLine Ngeri banget klu senin msh kayak gini jadwal apa ga bakalan chaos itu pas jam plg kerja... Semua pd ga sesuai jadwal jalannya ️,Keterlambatan
@CommuterLine min ini saya udah nunggu setengah jam loh untuk jalur ke tanah abang dari sudimara biasanya gak kayak gini. Mohon dievaluasi lagi dong kereta barang yang lewat jangan d jam hectic gini!!!,Keterlambatan
@CommuterLine Tolong lah itu satpam2 yg muter2 dalam gerbong itu dilatih lagi biar ada empati dikit sering bgt liat nenek2 gak dapet duduk di prioritas dan berdiri tapi satpamnya malah cuek aja jalan terus tanpa nanya tu nenek turun dimana atau nyariin tempat duduk,Pelayanan
@CommuterLine Min kenapa green line ganguan atau berubah jadwal tiba tiba ya? Kereta parung panjang ke tanah abang yg biasanya berangkat jam 7.40 tiba tiba batal berangkat dan dipindah jalur 1 ke 4. Penumpang jadi numpuk. Kenapa ini?,Kepadatan
@CommuterLine jadwal KRL kacau bgt sumpah! Penumpang pada numpuk semua di stasiun pada nunggu kereta berikutnya sampe 20menitan!,Kepadatan
@CommuterLine stasiun cikarang sampah sesampah sampahnya. Akses masuk dgn gojek error dari siang dan sampai skrg mati. Org hrus bolak balik beli kartu emoney lg keluar duit lg ngisi lg hilang waktu. Pecat aj tuh pengurus stasiun. Pelayanan publik kok lemot,Pelayanan
@CommuterLine kamu balesnya template trs min T__T huhu pokonya kalau kereta arah bogor di jam pulang kantor tolong bgt waktu jeda nya jgn kelamaan ya bener2 numpuk bgt. thx luv T__T,Kepadatan
@CommuterLine ini gangguan operasional apan siiii kereta ketahan di st kalideres,Keterlambatan
@CommuterLine Sistem kereta makin gk jelas makin kesini kereta tertahan lama di cikini belom dimanggarai lama.padahal sistem dirubah harus makin pintah ini alias goblok.kebanyakan dodol sistem dirubah itu emg harus diperbaiki bukan kebanyakan ndk jelas,Keterlambatan
@CommuterLine @annepurba 4025 dan 5529 masih nongkrong di cikarang ini ud penuh pelanggan. Bodo amat sicj https://t.co/DKJJiTOEvn,Keterlambatan
@CommuterLine Penumoang sudah penuh diperon ke Bogor. Pelayanannya sekarang payah mengecewakan....nilai KRL -0.,Kepadatan
@CommuterLine min ada apa di depok? Kira kira estimasi delay berapa menit yah? Di cilebut soalnya tertahan 20 menit,Keterlambatan
@CommuterLine halo min ini kok di kranji penuh dan numpuk banget yaa? Info dr security katanya ada gangguan wesel d bekasi. Kok ga ada info2 yaa min? Kasian ini penumpang2.. Terpantau dstasiun ga ada pengumuman apapun dibStasiun. @CurhatKRL https://t.co/GkQpBhw7oO,Pelayanan
@CommuterLine Hai min. Mau laporan bole kali min ini pintu utara St. Rawa Buaya dikasi lampu dikit jalannya jauh+gelap gulita sampingnya pohon2. Ada cahaya klo ada kendaraan aja. Lampu per 2-3 meter yg kecil aja gpp kok. Krn jujur serem bgt klo plg kerja sendiri. Makasi min https://t.co/hYW4dxaQnf,Keamanan
@CommuterLine hampir 30 menit nunggu kereta dari sudirman ke arah duri. Gile,Keterlambatan
@CommuterLine Tolong ya petugasnya ngga ada. Jalur 11 12 dekat tangga paling depan arah laju kereta https://t.co/yWGWJlfKFK,Pelayanan
@CommuterLine tolong dong kalo announce keterlambatan kereta jgn cuma di speaker stasiun soalnya ga kedengeran (kalah sama suara mesin kereta) tolong di aplikasi juga dicantumin kalo keretanya molor,Pelayanan
@CommuterLine kereta 6060B telatnya sampe 20 menitan. Harusnya 17.58 udh dateng ini 18.20 baru dateng. Udh cape pulang kerja kudu cape nunggu kereta. Ayo dong diperbaiki lagi,Keterlambatan
@CommuterLine ini tumben amat kereta jarang2 padahal biasanya ga selama ini nunggu di cawang. Jadi bikin numpuk penumpang,Kepadatan
@CommuterLine bingung bgt ini di stasiun jatinegara pintu keluar kalo judulnya emang buat keluar ditegasin dong securitynya biar orang ga masuk darisitu https://t.co/kSqrKi7Oce,Pelayanan
@CommuterLine nunggu dari stasiun Pondok Jati jadwal kereta yang tertera 08.29 tapi kereta baru tiba jam 8.40 memang sering telat 4-5 menit dari jadwal tapi hari ini terlambat bgt tolong disiplin ya masing masing orang punya pengaturan waktu.,Keterlambatan
@CommuterLine di Gambir stuck udh 20 menit jangan tanya kereta nomor berapa..cek sendiri kereta bogor mana yg skrg masih stuck di Gambir. berangkat dr Juanda 18.34 18.55 masih ga gerak..ga berubah2 dah heraaaan,Keterlambatan
@CommuterLine asli ya ini 5576 kp bandan - cikarang stuck di kemayoran lama bgt trus arah sentiong jg lama bgt! kenapa si jd sering error di rush hour? ini dari hari sabtu loh error mulu kereta minim bgt pelayanannya bikin telat balik aja https://t.co/TMrz1CeapO,Keterlambatan
@CommuterLine kak ini ada gangguan apa gimana y? kereta arah bogor penumpangmya numpuk. posisi di cikini,Kepadatan
@CommuterLine Gak gangguan tp 4011 seminggu ini telat bgt sampe ngantuk nunggunya,Keterlambatan
@CommuterLine Ngaku the best transport tapi masalah delay Manggarai bertahun tahun dibiarkan aja? Ga ada improvement? Ga punya KPI?,Keterlambatan
@CommuterLine info dong kereta arah rajawali/manggarai di st tanah abang gak masuk masuk keretanya kenapa ya? sudah numpuk,Kepadatan
@CommuterLine halo min di jalur 2 Stasiun Tanah Abang ada bangkai tikus sudah 2 hari tidak diambil dan menyebabkan bau. Tolong kerahkan petugas stasiun untuk mengambil. https://t.co/QH7E3UfnHG,Kebersihan
@CommuterLine Tolong ini no KA 1245B jalan nya lambat banget molor dari jam estimasi tiba apanya yang jadi lebih cepat?,Keterlambatan
@CommuterLine kereta lo sampah anj bermimggu2 gue ga bisa napas di kereta orang gila penumpang desekan pendingin rusak emg mau bikin org mati lo y,Keamanan
@CommuterLine @KAI121 @kemenhub151 @KemenBUMN KA 4078 BERANGKAT KLENDER 17.19 KEMARIN2 SERING DITAHAN LAMA DI SINYAL MASUK JTN. INI SALAH SATU YG MEMBUAT DELAY KRL BISA 10-49 MENIT. https://t.co/UXKruZrRCM,Keterlambatan
@CommuterLine Aplikasi c-access sampah banget . Keluar mulu daritadi,Pelayanan
@CommuterLine Aku lebih takut gangguan operasional kereta daripada kehujanan..,Keterlambatan
@CommuterLine @bulepotanx Iya terserah mau punya gangguan mental tapi itu sepertinya sengaja dilakukan terlihat dari orang itu kayak memang minta direkam oleh rekannya (mungkin untuk kebutuhan konten. Mana membahayakan nyawa petugas lagi. Mending diproses hukum deh biar dia dan si perekam kapok.,Keamanan
@CommuterLine tolong edukasi announcer kalo kasih info tujuan akhir sama nomor kereta itu yg bener. saya nunggu di cakung selalu salah diinfo kereta tambun 5146 tapi diinfo bekasi,Pelayanan
@CommuterLine min udah 2 hari eskalator st kranji mati. Dan lift nya penuh sekali sama org yg bukan prioritas. Akhirnya saya sedang hamil 7 bulan harus naik tangga tinggi menuju mesin tap out. Tolong security di st kranji tegas dong atur penumpang untuk dahulukan prioritas.,Keamanan
@CommuterLine @annepurba @KAI121 apakah 4010 bisa menjadi 5529 ??? kl melihat reel seperti ini. Baru aja terjadi entah pelecehan atau copet di 5517 ini krn jadwal yg telat dan KCI buka kesempatan utk para pelakunya yg manfaatkan kepadatan KRL. https://t.co/abTp9H4pnN,Keamanan
@CommuterLine Sudah 1 jam nunggu kereta ke bandan di Duri... mundurin lagi lah jadwal kereta ke tanjung priok sampe jam 10 kalo kek gini,Keterlambatan
@CommuterLine banyakin kereta bekasi diatas jam 22.00 ngapa et nunggu sejam buset,Keterlambatan
@CommuterLine plis jangan delay delay KRL dong masa delay nya sampe 10 mnt. kan tujuan orng berangkat lebih dulu biar ga telat ini malah telat gara gara nunggu KRL yg ga sesuai jadwal. arah cikarang dari tambun harusnya berangkat 6.45 baru berangkat 6.55,Keterlambatan
@CommuterLine kalau boleh saran di stasiun2 yang padet kaya sudirman/manggarai upgrade tap kartunya sering delay dan error. Antrian sering panjang di rush hour keluar stasiun aja bisa 15 menit sendiri,Pelayanan
@CommuterLine Jam segini malah gangguan. Kacau! Dampaknya kemana2. Arah Cikarang dari Jatinegara juga jadi kena delay,Keterlambatan
@CommuterLine @KAI121 @perkeretaapian KA 4078 SUDAH TERSEDIA DI KPB KEMUNGKINAN BERANGKAT KPB SESUAI JADWAL. TAPI PADA AKHIRNYA TIBA ST BKST DAN CKR AKAN DELAY. KENAPA BISA TERJADI DAN SETIAP HARI ? KL PERGANTIAN JALUR KENAPA SETIAP HARI BAGAIMANA MANAGED WAKTUNYA ?? https://t.co/XoEJbyr8Re,Keterlambatan
@CommuterLine @KAI121 4025 masih belum tiba bekasi sudah ditinggal 5527. Kehilangan waktu lagi 15 menit. Apakah KCI bisa ganti kerugian waktu pelanggan. KCI tidak pernah ada solusi dan semakin bodo saja. https://t.co/rfU9obIgIt,Keterlambatan
@CommuterLine wah ada gangguan apa ini? Dr 7.45 di stasiun perkiraan awal 7.50 dtg malah mundur terus dr tadi statusnya masih berangkat Bektim. 10 kereta pula. Ini udh bukan numpuk lagi mah di Kranji https://t.co/gpHAPN19LD,Kepadatan
@CommuterLine Ini knp sta.manggarai numpuk bgt yg mo ke bekasi...d kmn kretanya sih,Kepadatan
@CommuterLine @anissca Ditunggu update nya @KAI121 atas peristiwa ini... Biar masyarakat yakin anda melakukan tindakan yang tepat dan ada efek jera pagi pegawai @KAI121 yang seharusnya menjunjung tinggi etika/moral dan profesionalitas untuk kenyamanan penumpang !!!,Pelayanan
@CommuterLine Kenapa nggak diputer lewat senen aja sih bestikuuuh??? Mending ngebuang waktu 1 jam tapi lewat jalan muter ketimbang buang waktu 1 jam cuma luntang lantung di stasiun nunggu kereta ga jelas,Keterlambatan
@CommuterLine Halo Admin. Gua mau kasih saran ya. Kalau lintasan nyebrang itu maunya jangan pilih kasih nih bilangin satpamnya. Konsisten. Kalau cuma cewek aja boleh lewat ya cewek aja. Ini gua dilarang tapi cowok lain aja om2 boleh lewat situ. Gak sekali ya kejadian kayak gitu.,Pelayanan
@CommuterLine min ini ada anak bayi di kereta arah bekasi (skrg posisi di manggarai) ngga dapet duduk mau cari tempat juga gabisa krn sesek mepet️,Keamanan
@CommuterLine hari hari blue line gangguan hadehh cc: @perkeretaapian ayolaahh DDT Bekasi Cikarang di percepat biar gak gini terusss udh tau frekuensi kereta tinggi,Keterlambatan
@CommuterLine Terus delay stasiun bogor itu hal yang wajar? Emang ga pernah on time?,Keterlambatan
@CommuterLine yg sebelumnya emg terlambat kenapa min? ngeduluin KAJJ ya? biasa jam 16.38 udh di rajawali ini sampe jam 17.06 ditambah ini berhenti2 mulu tiap mau masuk stasiun Ya Allah,Keterlambatan
@CommuterLine sejam lebih nih nunggu kereta lu dtg tp gak dtg2 jg arah cikarang!,Keterlambatan
@CommuterLine yang mau ke tangerang / rangkas langsung ojol ajaaa ke duri / tnb daripada stuck sepi bngt ini kereta tangerang,Keterlambatan
@CommuterLine kenapa sih greenline telat mulu jadi ketinggalan kereta transit ke pasar senen. Benerin dong tuh jadwalnya,Keterlambatan
@CommuterLine ada apaa nih gondangdia semua numpuk? ditahan KJJ 2x nihh kayanyaa,Kepadatan
@CommuterLine kacau bgt krl hari ini ketahan lebih dari 30 menit naik kereta 6.45 jam 8.30 masih ketahan di gambir ini bakal tiap hari kayak gini?,Keterlambatan
@CommuterLine ini pintu keluar masuk utara di stasiun bojong gede gak ada petugasnya apa yg jaga? Jadi susah mau minta tolong siapa . Ada petugas satpam datang bawa disabilitas baru di tolongin . Yg biasa jaga pake baju putihnya kok gapernah ada yaa . Tolong dong min,Pelayanan
@CommuterLine @samuel_glenn @JalurSerpong @jalur5_ Suruh keluar petugasnya... nungguin penumpang... bantuin yg kesusahan.... masa suruh telp dulu ? Gak kepikiran orang tua atau difabel model penjelasan begini...,Pelayanan
@CommuterLine Apakah kedepannya bakal ada tujuan Bogor - kp.bandan? Repot min kalo harus pindah pindah...mending kalo pindah keretanya langsung ada..yang ada penumpang ditunggu sampai numpuk... Jujur kecewa banget sama skema transit dimanggarai... Udah kereta panas...AC cuma angin,Kepadatan
@CommuterLine halo min kereta arah bekasi cikarang kenapa yaaa Kok gaada sama sekali dari 21:20 Numpuk nih aliennya https://t.co/iM89DfbXad,Kepadatan
@CommuterLine @KAI121 @kemenhub151 18.58 4078 masih di bekasi. Sudah delay 5 tiba bskt.@KemenBUMN semenjak di bawah manajemen yg skr PT KCI perjalanan KRL telat setiap hari tidak evaluasi sama sekali dari PT KCI Telat KA 10 sd 40 menit.,Keterlambatan
@CommuterLine ada gebrakan ape lagi ni pagi ini di st bekasi semua kereta telat?!?!?!?!,Keterlambatan
@CommuterLine pantesan pada numpuk di kebayoran sampe ada pengumuman bagi yang terburu2 bisa menggunakan moda transportasi yang lainnya,Kepadatan
@CommuterLine @Askrlfess Semua stasiun sama aja ga ada yg ramah. Masih mending cs stasiun yg ada di Jawa timur ramah . Kemaren saya bukan dijudesin lagi tapi disentak sama petugas loketnya di stasiun klender cuma gara nominal topup @CommuterLine,Pelayanan
@CommuterLine Jak-bogor dari 21:06 ada lagi 21:21 21:36 yang datang cuma 8 gerbong apa ga numpuk itu penumpang belum lagi weekend/hari libur.. Kalo bisa diperbanyaklah jadwal berangkatnya belum lagi kereta yang datang cuma 8 gerbong.,Kepadatan
@commuterline crowd control lu jelek anjir di jalur 3-4 access mau keatas chaos pada numpuk susah jalan,Kepadatan
@CommuterLine tolong lah kalau KRL pagi atau j jam office hours AC nya di full-in . Udah kayak pepes AC pelan banget. Gimana pada gamau banyak yg pingsan kalau turun. Susah napas,Keamanan
@CommuterLine kronologinya dikarenakan laki-laki tersebut adu mulut dengan security st manggarai yang menyebabkan kurang nyaman bagi costumer krl yang pada akhirnya sempat adu mulut dengan pengguna krl lainnya.,Keamanan
@CommuterLine Sejak September kenapa komuter Green Line sering terlambat ya. Sering gangguan aliran listrik atas. Padahal kereta sudah tidak bisa mengakomodasi penumpang karena penumpang tambah banyak tapi gerbong tak ditambah.,Keterlambatan
@CommuterLine min kenapa skrg balik lagi di rentang jam 06.25 - 06.50 di stasiun Depok gaada rangkaian 12 SF? Masalahnya bener-bener sesak dan kegencet min Saya aja sampe lebam-lebam karena didorong-dorong sama orang yang mau masuk Tolong lah diperhatiin lagi buat jam-jam sibuk,Keamanan
@CommuterLine minimal sediain dong KRL arah angke di MRI biar kalo ada gangguan pakenya KRL cadangan udah numpuk gini juga orang di MRI hadah,Kepadatan
@CommuterLine Yg perbaikan tanah abang - palmerah kenapa bekasi - tanah abanb ikut delay di jatinegara &amp; matraman berhentinya lama bgt hampir 15menit,Keterlambatan
@CommuterLine di manggarai dari 7.37 sampai skrg gaada kereta ke tn abang sama sekali. jadinya numpuk semua ini yg seharusnya udh 2-3 kereta jalan. ngaco dah,Kepadatan
@CommuterLine Duh payaaahhh dari 07:10 sampe 08:00 gw nunggu kereta gila giliran gw mau masuk kurang 1 menit aja ga boleh !!!!!!,Keterlambatan
@CommuterLine Kalo udah pada numpuk seperti ini setiap malam khusus weekend diatas jam 8mlm tiap nunggu kereta rute duri-tangerang yang nunggunya setengah jam sampai 1jam gimana masa ngak mau evaluasi penambahan &amp; diperbanyak jam rutenya? Seharusnya bisa efisian dalam perjalanan tpi jadi lama. https://t.co/4hGWxJAAsh,Kepadatan
@CommuterLine Oooh ini yg bikin kereta berikutnya jadi padet man cuma 8 gerbong,Kepadatan
@CommuterLine Halo belakangan ini Bekasi-Kp bandan/Angke keberangkatan pagi sering terjadi delay ditengah2 perjalanan tiap masuk stasiun ada apa ya? Saya yakin ini pasti banyak karyawan telat ngantor mohon informasi jelas? Jangan hanya informasi menunggu pergantian da gangguan apa sebenarnya?,Keterlambatan
@CommuterLine min ini kenapa kereta tanah abang rangkas gk gerak ya stuck mau masuk palmerah Jam dr tnh abang 6.50 Hadeeehhh bikin telat terus nih,Keterlambatan
@CommuterLine Ayoo dong ditingkatkan lagii pelayanannya biar gak terlambat jadwal2 kereta nya,Keterlambatan
@CommuterLine Kalo ini sudah jelas terlambat KA 1623A yang berangkat dr Serpong harusnya tidak perlu menuhghu dan ikut terlambat. Apakah ada isu keselamatan jika KA 1623A tetap sesuai jadwal dan tidak wajib menunggu KA 1621 lewat dulu meski SANGAT TERLAMBAT??,Keterlambatan
@CommuterLine @pundingin @KAI121 Pokoknya kereta yg ke arah bogor sampe sekitar 22.15an hari ini. Tolong dibenahi ya bau bgt. Malu lah min kalo ada turis gitu misalnya wkwk mau taro dimana harga diri KAI ckck,Kebersihan
@CommuterLine @indhprmts Sy pelanggan KAI Ckrg. heran mmg saat pulang kerja jam 16-17 dimn sdg rame KA ke Bks/Ckrg durasi dtgnya bs 15-30 mnt sekali shgg penumpang numpuk smntr di sbrangnya yg ke T. Abg sepi krn tiap 5 mnt skali ada KA masuk. bsa 5 ke TNA baru 1 ke Bks/Ckrg. buat apa ya grafik itu?,Kepadatan
@CommuterLine Hahahaa lucu jadwal nya aja masih suka telat 06.23 tapi dateng nya selalu di atas 06.23 masih harus ngalah sma kereta apa jawa,Keterlambatan
@CommuterLine kata gua mah balikin jadwal yg dlu min malah makin bikin numpuk penumpang. ga efisien,Kepadatan
@CommuterLine @tanyakanrl Jgn tunggu orang meninggal atau cacad baru diperbaiki min. gercep itu bahaya bgt. Safety itu yg diutamakan,Keamanan
@CommuterLine Jam kerja min tolonglah. Masa telat 10 menit apakabar masinis jepang kalo telat 10 menit,Keterlambatan
@CommuterLine Imbas ada perbaikan penumpang numpuk di tiap stasiun tdk bs naik ddlm Kreta pun sangat sulit bergerak. Mohon utk kedpnnya dipikirkan SOP jk ad rel guna membuat kami sbg penunggu nyaman. Krn memanusiakan &amp; memberi nyaman penumpang adlh prioritas jasa layanan transportasi https://t.co/cxkhZGcFiz,Kepadatan
@CommuterLine nih min baca ya. Di st Manggarai sering bgt eskaltor mati tp tetep dipake bahkan dijam padat. Itu bahaya. Mohon diperhatikan lebih baik ditutup.,Keamanan
@CommuterLine sudah 20 menit karena ada gangguan jalur kereta Kemungkinan akan ketinggalan Kereta bandara @KAI121 yang sudah dibeli. Sial bener. https://t.co/wfNyJIVIuu,Keterlambatan
@CommuterLine Ya tapi gap nya jauh duri udah penuh ditambah tanah abang udah penuh emang hobi ya numpuk penumpang?,Kepadatan
@CommuterLine peron 2 stasiun tambun spt ini gak bahaya? sekalian aja 2 meter min https://t.co/VOAqVbiL5U,Keamanan
@CommuterLine udah bener kemaren jadwal keretanya 5-8 menit sekali sekarang malah molor lagi mana di rush hour lagi biar apa dah ditumpuk begini? Payah,Keterlambatan
@CommuterLine ini mau numpuk kaya gimana lagi orang di peron 2 bekasi udah 3x lewat arah tanah abang duri angke sama sekali belum ada yg dateng. Coba dong diperbaiki lagi kereta arah sudirman tanah abang duri angke diperbanyak juga di siang. Karena orang kerja ga cuma pagi aja!,Kepadatan
@CommuterLine halo ini kenapa udah 20 menit kereta belum dateng ya dari stasiun sudirman ke manggarai? penuh orang ini,Keterlambatan
@CommuterLine @Grumygust Coba pasang CCTV di tiap gerbong. Biar kalau ada aksi kekerasan atau pelecehan siapapun bisa melaporkan ke kalian.,Keamanan
@CommuterLine Ini knp jdwl kereta dr gondang dia ke bogor lelet bgt.lama2 sistem ndk karuhan makin kesini kerja kai ndk becus.tolong diperhatiin jgn maunya dimengerti tapi tdk diperbaiki cara sistem keberangjatan @CommuterLine,Keterlambatan
@CommuterLine Min 5509 dari kemarin sampe stasiun duri kenapa selalu telat yang bener aja lahh,Keterlambatan
@CommuterLine delay terus deh!!! Hari senin juga udah kereta tambun - kp bandan via senen datengnya telat masuk bekasi juga ketahan lama dikira waktu 5-10 menit buat orang berangkat kerja ngga berharga kali!!,Keterlambatan
@CommuterLine klo gitu banyak in yg ke parung panjang aja min setidak nya buat ngurai penumpang jadi ngak numpuk pas jam pulang kantor,Kepadatan
@CommuterLine min kampung bandan kenapa gelap bgt ya ini tumben lampunya ga nyala? Agak bahaya nih min soalnya bagian tangga jg becek takut ada yg kepleset soalnya gelap-gelapan ginu https://t.co/7BDo6qhLG9,Keamanan
@CommuterLine hai min tolong jadwal kereta TNG-Duri yg berangkat 05.07 ditertibin. Udah 2 hari berangkatnya telat terus. Akhirnya di duri jadi ga kekejar kereta bekasi 5.38. Masa buang2 waktu 25 menit untuk nunggu kereta selanjutnya di duri. Kacau dah.,Keterlambatan
@CommuterLine @KAI121 ini kenapa ya kereta tiap weekend kalo malam di atas jam 8 pada lama semua munculnya baik dari manggarai-duri mau pun duri-tangerang jadi orang pada numpuk di stasiun manggarai maupun di stasiun duri kalo bisa tambah perbanyak dong kereta ke arah tangerang,Kepadatan
@CommuterLine KRL berikutnya ya tetep padat karena jaraknya ada yg 1 jam 2 jam dan 3 jam. Ini khusus akhir pekan di semua jam padat.,Kepadatan
@CommuterLine kereta serpong tanah abang telat loh 4 - 5 menitan,Keterlambatan
@CommuterLine @infoBMKG Min tolong dong kereta batu bara jangan lewat di rush hours kaya gini telat mulu daaaah dan jd pepes lg nih gw,Keterlambatan
@CommuterLine Gangguan mulu astagfirullah udh weekend dr maja kereta udah penuh astagfirullah kenapa ga bisa diselesaikan sih ya allah,Kepadatan
@CommuterLine ngaret nih 1671A ???? biasanya jam segini udah masuk parungpanjang by CAcces msh di sudimara,Keterlambatan
@CommuterLine yg dari cikarang sampai bekasi udah ga bisa naik wkwk padeettt persis pepes kegencet-gencet,Kepadatan
@CommuterLine satpam di stasiun sudimara judes semua saya jadi ketinggalan kereta gara2 garus lewat bawah padaha kalo nyebrang saya gakan ketinggalan,Pelayanan
@CommuterLine ka1653 serpong-thb delay udh 10menit gaada informasi apa2 ini,Keterlambatan
@CommuterLine Saran min @CommuterLine coba secepatnya rekonsiliasi sama satpamnya dan perbaiki SOPnya untuk crisis handling kayak gini. Jangan langsung panik dan main pecat-pecat kalau ada yang viral. Masih ada kesempatan untuk jadi 'the good guy' di case ini :),Pelayanan
@CommuterLine Percuma saya bayar pajak dan ditambah bayar tiket yg mahal kalo pelayanannya masih di bawah standar. Paling tidak tepat waktu lah.,Keterlambatan
@CommuterLine Gini amat ya Yg punya mobil tsb sadar ga sih kalo dia tuh nyusahin orang banget? Nyusahin yg mau ke kantor kuliah ataupun penggunan KA Bandara itu sendiri. Ga kebayang gw mah orang yg udh pilih naik kereta biar ga macet- macetan malah jadi lama gara2 kaum ga sabaran.,Keterlambatan
@CommuterLine min ini jadwal #KRL malem (jam 21+) kenapa dikurangin ya penumpang masih pada numpuk juga di stasiun #tebet,Kepadatan
@CommuterLine Ga ada arahan apa2 Min petugas nginfoin ada masalah apa juga engga. Ga sigap nih. Bahaya padahal itu kalau meledak di dalem.,Keamanan
@CommuterLine masinis KA 5527 gimana deh bawa keretanya?? Tiap ngerem pada jatoh semua ini org²nya di gerbong,Keamanan
@CommuterLine g pernah sesebel ini jadwal KRL lu benerin dong bos jam kereta angke sama kp Bandan dr bekasi kacau bgt hari ini 07.02 besok 07.05 besok lgi bisa 07.11 besoknya bisa 07.17 jadwal nyampe sama berangkat kacau Team analisisnya naik kereta g sih ancur bgt,Keterlambatan
@CommuterLine saya sangat kecewa sama pelayanan di stasiun manggarai. Buat apa di buat ruang tunggu besar tp ttp harus panas2an nunggu d tempat sebelum tap in kereta bandara. D ruang tunggu dalam kan lebih adem. Tolong dikoreksi,Pelayanan
@CommuterLine Dear manajemen tolong dianalisis kembali waktu naik turun penumpang di stasiun rawa buntu masa baru ngebuka udah dibilang pintu akan ditutup sedangkan orang yang turun sgt banyak. Saya udah bbrp kali hampir jatuh perkara ini karena org pd buru dorong an ‍‍‍,Keamanan
@CommuterLine please donk Security KRL jogja solo kalau weekend suruh muter kek dijabodetabek banyak lansia gk dpt duduk egois bgt yg pada naik apalagi anak muda lagi negor mulu capek,Pelayanan
@CommuterLine anu mau req dong kalau kereta jam 5an ke cikarang itu pake yg 12 gerbong dong Masa ini manusia dah rame dari transit2 sebelumnya trus nambah lagi yg di bekasi. Kasian yg lansia sama ibu hamil ikut sempit dari transit terakhir.,Kepadatan
@CommuterLine kereta pertama dari depok ke jkt kota tadi jam 06.05 dari depok baru. harap security lebih tegas untuk bangunin kan tugasnya.,Pelayanan
@CommuterLine @puffymealz udah tau bahaya kalo ujan licin itu udah ada peron yg bener bukannya dipake bingung gw dah,Keamanan
@CommuterLine min KA jarak jauh kalau penumpang sepi dari Gambir pas di jam sibuk pagi hari 6-8 better ngga usah jalan. Bikin kacau jam KRL nih. Numpuk dah di manggarai. Atau better ngga usah ada dulu KA jauh di jam kerja pagi.,Kepadatan
@CommuterLine delay nya gak main-main min. mau sampai kapan min? https://t.co/qjjvMPTVfA,Keterlambatan
@CommuterLine paling nggak tuh ada perkiraan pengecekennya sampai kapan. Penumpang kejebak di dalem kereta padet tp ga ada kepastian sampe kapan. Ini ditahan sampe besok pagi kah???,Keterlambatan
@CommuterLine nunggu dari 7.38 sampe 8.00 kereta bekasi belum ada. Perbaikin jadwalnya ga!!!! Orang terlambat terus kalo gini,Keterlambatan
@CommuterLine sskarang di peron boleh ngerokok ya sambil nunggu krl. Satpamnya dilambai2 dipanggil2 juga gak nengok2.,Pelayanan
@CommuterLine ini kira2 berapa lama lagi ya saya tunggu arah Duri? Kenapa delay nya lama sekali. Mau bayar kalau saya ada potongan gaji?,Keterlambatan
@CommuterLine dari Parung Panjang ke arah Tanah Abang ada gangguan kah? Saya tertahan sebelum ke Cisauk dari arah Cicayur nih,Keterlambatan
@CommuterLine Td di stasiun maguwo jam 7.00 mau ke stasiun palur udh msk gate gaada petugas yg jaga nunggu 30 mnt ternyata baru diinfo petugas klo KRL udah gaada. Trs keluar gate ga dibukain portalnya jd harus tap kartu yg mana saldo kepotong. Tolong di briefing lg petugasnya:(,Pelayanan
@CommuterLine min kereta nomor 1619 arah parung - tanah anang gerbong pertama licin banget bahaya. masa habis di pel ga kering-kering? https://t.co/wUQSHYZVOC,Keamanan
@CommuterLine min krl jurusan cikarang-manggarai knp blm jalan ya? di jadwal 19.01. takut ga kekejar kereta selanjutnya :(,Keterlambatan
@CommuterLine min passanger cewe dan security yg bertugas di tap out bakmi gm jutek banget. dari mata dan negurnya judes. tolong di edukasi min dari kita udah ramah nanyanya,Pelayanan
@CommuterLine Yaelah gw sengaja ngambil kereta lebih pagi biar dateng kantor pagian malah telat gegara ginian. Bener bener dah lu yg kek gini minta naik tarifnya,Keterlambatan
@CommuterLine min katanya per 1 juni jadwal krl nambah tapi kenapa malah makin lama ya datangnya? banyak berenti juga bikin lama sampe dan bikin numpuk di stasiun. tolong dikaji ulang.,Pelayanan
@CommuterLine petugasnya diam saja nih di dalam banyak yg bawa anak kecil tp gk dibantu carikan tempat duduk. https://t.co/KRqkwPVZJE,Pelayanan
@CommuterLine Udah 2 hari jadwal nggk sesuai kereta PP berangkat 5.38 skrng ketahan di sudimara.. Telat dikit ngaruh kmn2 soalnya min.. gak semua bisa selesai dgn permintaan maaf sii minimal ada pemberitahuan d c acces biar kita ngatur diri sendiri mau jln jam berapa,Keterlambatan
@CommuterLine lama amat tumben jarak kereta ke tn abang dari 9.25 ke 9.51 yang ada gw jadi telat,Keterlambatan
@CommuterLine minimal jangan bikin orang pada panik kalo gapeka kalian udah berantakan. Tolong ditraining lagi untuk announcer di dalam kereta kalo habis umumin pintu dibuka jangan langsung umumin pintu ditutup orang jadi panik dorong-dorongan sampe ada yang jatoh keinjek.,Keamanan
@CommuterLine Min bisa ga si kalo jam 6 sore keatas tu krl via manggarai tu sering gitu. Jangan kampungbandan ke pasar senin mulu. Mengsad slalu penuh orang terus yg pada nunggu kereta via manggarai,Kepadatan
@CommuterLine Tolonglah KRL baru Jangan di Jam SIBUK Udh Sensornya sensitif bgt plus kereta nya juga jalan nya lambat 20 Menit Untuk 3 Stasiun Agak gak masuk Akal Tolonglah klo menghambat jangan di masukan di Jam sibuk kereta baru ini,Keterlambatan
@CommuterLine halo kak rute arah tanah abanng di daerah rel matraman - manggarai kenapa bunyi gesekannya mengganggu banget.. bikin telingga pengang boleh minta tolong dicek karena itu terjadi cukup lama,Keamanan
@CommuterLine ga ada rencana nambahin kereta sudimara- tanah abang? Masa dari 8.30 selanjutnya 8.49 lalu 8.59. 8.49 slalu sesek soalnya jedanya kelamaan. Tolong di prioritaskan!,Kepadatan
@CommuterLine Dm saya soal barang tertinggal gak direspon dr kemarin sore boleh tolong di follow up? Makasih Saya cuma mau tau apkh ada petugas yg menemukan. Krn di area barang sy tertinggal cukup ramai petugas. Terima kasih,Pelayanan
@CommuterLine min mo info dong itu jarak turun dari pintu ke luar bawah jauh banget serem jadinya takut nanti klo ada yang mau turun gak seimbang jadi jatoh di stasiun Citayam jurusan bogor https://t.co/bNdpalkCHE,Keamanan
@CommuterLine lu yang bener aja benerin sinyal pasca gempa makan waktu lebih dari 30 menit belum kelar juga tinggal masuk manggarai ini min sampah bener. https://t.co/H8awS0bjsu,Keterlambatan
@CommuterLine Min KA 1385 BOO-&gt; JAKK TM 6515 kereta 5 saat ngerem agak bau sangit,Keamanan
@CommuterLine lg gangguan kah? Di karet numpuk bgt. Tp kereta ke bekasi blm tersedia,Kepadatan
@CommuterLine Bisa-bisanya jam segini Blue Line Cikarang / Bekasi yang ke arah Manggarai belum ada juga.. kenapa bisa telat banget sih nggak sesuai jadwal?? Sampai penumpang numpuk ini gara-gara kerja kalian yang nggak pernah konsisten.. telat terus !,Keterlambatan
@CommuterLine Udah 2 hari sampe depok baru di jam yg sama masih padet terus biasanya udah lowong jgn dikurangkurangin min jadwalnya yaa,Kepadatan
@CommuterLine pls bgt tanah abang as a transit station yg byk bgt org mau ganti jalur kenapa minim bgt petugassss yg standby? dr orang yg kebingungan sampe ada ibu ibu yg gabisa clearly ngeliat &amp; hrs dibantu tp NONE OF SECURITY WAS THERE TO HELP in around 10-15 mins,Pelayanan
@CommuterLine @madsimad Posisi kereta di up masuk ui min kereta ketahan ini menuju bogor jam 22.28 kereta masih berenti,Keterlambatan
@CommuterLine Baik min terimakasih..atas respon nya meski tidak diketemukan... Tapi sekedar saran..andai yg petugas lapangan d stasiun sama cepat nya dgn mimin dlm respon n melayani .. blg akan d wa tapi sampe mlam ga ada kabar ..satu lagi boleh x min petugasnya d lebih ramah sedikit ..,Pelayanan
@CommuterLine Nah siapin argumen min kalo emang gaboleh karena itu emang udah di luar bangunan stasiun tapi masih area stasiun. Pasti ada aja yg ngelak. Apalagi petugas biasanya bertugas sampe sekitaran gate. Petugas yg lewat area yg dimaksud cuma 1-2 yg mungkin sekedar abis sarapan aja,Pelayanan
@CommuterLine @ensetyobudi Ya udah terlanjur numpuk min knp sih solusinya selalu telat. Tolong dong diperhatikan punctuality kedatangan dan keberangkatan kereta jgn dibiarin numpuk gt penumpang itu berimbas ke kenyamanan dan keamanan kalo terlalu padat,Pelayanan
@CommuterLine sumpah ya lelet banget sih? pelayanan gak ada yg beres jam kereta berubah terus. ngaret mulu. Susah sih punya pemerintah mau kritik gabisa astaga!,Keterlambatan
@CommuterLine gmn sih di manggarai numpuk bgt loh???? jadwal yang terdekat 20.33 sm 20.44 tp disini udah numpuk padet bgt???????? 2 kereta ga cukup nampung orang sebanyak itu,Kepadatan
@CommuterLine @elbonitaa Gmn ga telat pagi2 rush hour ada kereta barang lewat. Pake ngeles lagi,Keterlambatan
@CommuterLine tolong petugas loket stasiun cikarang bisa di ganti ga? Jutek banget lakik,Pelayanan
@CommuterLine @Heraloebss min di kereta itu sering ada peringatan bagi penumpang yang MEMBUAT KERIBUTAN akan kami TURUNKAN dan KELUARKAN dari area stasiun. Seharusnya penumpang itu digiring keluar apalg bikin ribut dgn sekuriti. Bagaimana mau nyaman jika petugas TIDAK TEGAS dgn aturannya sendiri?,Pelayanan
@CommuterLine Kereta arah Kota kl pagi tuh dikasih 12 gerbong donk...jgn malah kebalik. Arah Bogor 12 gerbong arah Kota 8 gerbong. Arah Bogor penumpangnya bis sambil main bulutangkis tuh saling kosongnya gerbong. Arah kota udah kayak ikan sarden. Numpuk.,Kepadatan
@CommuterLine astaghfirullah nunggu kereta arah bekasi di stasiun sudirman hampir setengah jam. Udah gitu di st manggarai ketahan kereta jarak jauh,Keterlambatan
@CommuterLine @faysayshi Tadi lama bgt tolong ketahannya. Udah jalan duluan dr kereta cikarang pdhl masih telat aja heran,Keterlambatan
@CommuterLine kok ga jawab? ni yg make KRL tanya ke petugasnya lgsg pls aku kepo jg,Pelayanan
@CommuterLine lah itu saya ngetweet jam 6.33 tp ga ada kereta krn delay jd 6.41 skg aneh bgt,Keterlambatan
@CommuterLine min tolong lah security di tanah abang lebih sigap lagi. Kalau pas lagi kereta datang di atur naik dan turunnya lebih baik. Kalau penuh yg naik kasih 3 jalur begitu jg sebaliknya. Jangan malah pusing sendiri ujung2nya malah kedorong orang2.,Pelayanan
@CommuterLine KA dari tn abang ke jurangmangu jam 7an malam yg delay tadi. Tolong dibantu hindari delay karena akan menumpuk penumpang terutama jam pulang kerja karena sangat penuh. Kalau ga dapet gerbong wanita harus di gerbong campur dan ini potensi pelecehannya besar,Keamanan
@CommuterLine mohon maaf tp bau bgt ini samping stasiun. padahal cuma lewat bentar doang tp baunya sampe dalem gerbong https://t.co/Rl4PPgC3Bs,Kebersihan
@CommuterLine ini penumpangnya ada yg melakukan pelecehan gak ada otak org pulang kerja malah jadi bahan napsu https://t.co/4gsFUtUXpT,Keamanan
@CommuterLine kalo kereta landing st jgn di jeda iklan suara kenceng !!! Gatau kereta lanjut apa tidak!! Ama security jgn bau ketek!!,Pelayanan
@CommuterLine pantesan tumben delay lama bgt huh mengantuk,Keterlambatan
@CommuterLine min jadwal kereta manggarai ke tanah abang setelah 7.48 jam berapa lagi. Sampai jam segini belum ada. Terlalu lama min.,Keterlambatan
@CommuterLine tlg ya ini himbauan makan &amp; minum dlm gerbong sering di sounding karna masih bnyk bgt penumpang bego yg gak baca aturan. apalagi penumpang weekend. kejadian hr ini gerbong wanita belakang mba2 jamet makan cilok bau banget ga ada yg berani negor karna malas ribut https://t.co/p9u5NsuTlh,Kebersihan
@CommuterLine dorong plisss bikin susah ratuhan manusia,Keamanan
@CommuterLine Masih tertahan di tnh abang kereta Serpong :((,Keterlambatan
@CommuterLine @Alfirafirara Kira2 Pak Asdo tahu tidak keluhan lintas cikarang ini atau tau tapi kg peduli dan masa bodo karena PaK Asdo hanya mendengar aja tidak ada tindakan dan tidak turun ke stasiun2 cek perjalanan KRL terutama lintas cikarang. https://t.co/dnpxipWuuh,Pelayanan
@CommuterLine Boleh saran ga ya min aturan dilarang berbicara dg nada keras yg dpt mengganggu kenyaman penumpang lainnya itu di announce pas di kereta? Krn beberapa kali saya lumayan terganggu dg orang yg ngomongnya keras2 dan kebetulan sedang tdk ada petugas di gerbong. Mau negur tp takut,Pelayanan
@CommuterLine tolong ya CS dari kereta commuter line keberangkatan dari cawang tujuan manggarai untuk jadwal jam setengah 8 CS nya yg perempuan tolong jangan langsung nutup pintu pas saat org mau naik !! kaki saya hampir kejepit karena sifat buru-buru CS yang bahayain penumpang,Keamanan
@CommuterLine satpam stasiun Bojong Gede pilih kasih! Kalo emang jalan penyebrangan buat org2 tertentu tolong diterapkan semestinya! Ini saya liat semua orang lewat jalan penyebrangan giliran saya terakhiran di suruh lewat bawah. Aneh,Pelayanan
@CommuterLine 1621 dr rangkas telat lbh 20mnt kenapa ka 1623A dr serpong gak diberangkatkan duluan kan jalur di depannya kosong jauh? Kalau gini beban di 1621 jadi penuh.,Keterlambatan
@CommuterLine Min kalo kereta rangkas-tanah abang delay 10 menit lewat tolong diinfo dong.. ini jadwal jam 6.01 baru datang jam 6.13 an,Keterlambatan
@CommuterLine Apakah sampel video yang saya kirim tidak masuk dalam kategori mengganggu? Sudah 1 jam tidak ada petugas yang datang seharusnya petugas tidak hanya standby diantara gerbong wanita dan gerbong campur. Gerombolannya pun sudah turun tanpa ditegur dan diedukasi.,Pelayanan
@CommuterLine pls maintenance green line dong tambahin gerbong sampe 12 dan perbaikin sistemnya hari ini bayak ngetem lama sampe telat ngantor liat penumpang makin hari makin banyak apalagi di bintaro numpuk bgt org mau masuk maksa maksa,Pelayanan
@CommuterLine ini kenapa dari jam set 8 kurang ga sampe2 yaa krl tujuan tanah abang? Udah keburu numpuk nih di jurangmangu orang2nya haduh,Kepadatan
@CommuterLine @scomberomorini Tak cuma sekali ketemu serangga (kecoa semut kutu dll) alangkah baiknya dibersihkan secara rutin keretanya,Kebersihan
@CommuterLine @KAI121 Tolong dong pegawai nya di edukasi lagi atau di kasih sanksi karena merugikan penumpang kalo penumpangnya yg gak paham kasian pasti bakalan batal berangkat. @CommuterLine @KAI121 https://t.co/cbz8sTi44p,Pelayanan
@CommuterLine ga gerak2 malah mundur mulu jamnya gimana sih kak numpuk https://t.co/kQRrsLo2bo,Kepadatan
@CommuterLine Menuju Bogor. Tadi udah saya tegur petugasnya kenapa ngga berani minta kursi prio yang ditempatin orang non prio tapi cuma ngangguk aja. https://t.co/8bsgYGT5s3,Pelayanan
@CommuterLine terlalu template jawabanya gak membantu percuma !!!,Pelayanan
@CommuterLine KA1990 kereta 3 dari depan ada yang makan nih satpam gabisa lewat soalnya penuh banget pepes mejret mampus kasih SF8 aja terus Min.,Kepadatan
@CommuterLine Dear admin tolong kereta ini jangan buat jam sibuk yg padat penumpang panas bangettt gak nyaman nyiksa yg berdiri terima kasih https://t.co/YL7DOaXjwl,Kepadatan
@CommuterLine sarap ah sejam nunggu kereta ke arah duri via manggarai dari bekasi blm ada juga,Keterlambatan
@CommuterLine @annepurba @KAI121 5146 padat krn tujuan bekasi/cikarang terbatas KCI bukan peluang utk pelaku kejahatan dan pelecehan di dalam KRL. Entah apa yg ada di pkkiran manajemen KCI pagi dan sore telat utk jalur biru. https://t.co/xdKTePfHq5,Keamanan
@CommuterLine Ga kaget sih kalo angka pelecehan seksual dan angka kriminalitas makin ningkat di KRL karena kereta udah penuh masih terus di masukkin orang apalg yg sf8 dan sf10. Evaluasi yg lambat.,Keamanan
@CommuterLine Kalo eskalator untuk yang naik harus tangga untuk yang turun!!! Semuanya sama-sama ngejar kereta tapi ya harus adil juga!!!! Perubahan waktu aja udah bikin telat ditambah harus berebut tangga juga!! Sibal baka!!!!,Keterlambatan
@CommuterLine Gila jam sibuk gapnya 20 menitan dong antar rangkaian kereta perstasiun ...gimana gk numpuk ini penumpang..,Kepadatan
@CommuterLine @cupcakes_nya Bentuk upayanya kaya gimana min. Tiap ditanya jawabannya upaya mulu tp ga pernah tu ngeliat ada yg lg memperbaiki. Bahkan petugas juga cuek aja kalo ada penumpang yg turun bawa bawa koper harus turun tangga,Pelayanan
@CommuterLine 933924A telat datang di Stasiun BNI City menuju stasiun tujuan ke arah bandara. Dan berhenti sekali beberapa menit sebelum Stasiun Duri. Kenapa ya? Oh harganya dua bulan lalu itu 19k kenapa sekarang jadi 35k ya?,Keterlambatan
@CommuterLine halo min ini kenapa kereta arah rangkas ngaret lama bgt,Keterlambatan
@CommuterLine kalo bs tuh jalurnya konsisten blg petugas A katanya jalur 7 trs kata petugas B jalur 5 udh di jalur 7 pindah ke 5 trs disuruh pindah lg ke jalur 7. Pagi2 emosi gue jd kyk keluar sia sia gk jelas gara2 lu,Pelayanan
@CommuterLine eh plis dong di krl baru tuh kudu standby pkd gitu digerbong wanita buat bantu penumpang prioritas yg butuh kursi.. susah bgt tau mana orang2 gue colek gak bergeming bjirrrr lu tidur atau kenapa dah,Pelayanan
@CommuterLine eh itu petugas kau itu kalau mau negur ga usah ngebentak dan seakan nuduh dong. Ga enak banget dengernya. Padahal ini pertama kalinya naik sendiri tapi dapet pengalaman ga enak dari petugasnya dih. Padahal bisa negur baik baik tanpa harus bentak bakalan paham kok.,Pelayanan
@CommuterLine sumpah yaa gua pulang effort bgt lebih cepet tapi taunya malah numpuk di tanah abang itu orang2 arah rangkas mana tiba2 aja pindah peron lagi kereta datengnya-_- kesel bgt dah,Kepadatan
@CommuterLine ya allah min bekasi-kp bandan via pse 6.40 kenapa di hpussss si ini jadi padet bgt udah kaya ayam geprek,Kepadatan
@CommuterLine @awalhd01 Kok ga ada yg kasih duduk sih?? Petugasnya kemane?,Pelayanan
@CommuterLine mending evaluasi dulu! security2 juga ga pada informatif yang ada judes gak karuan!! penumpang malah disuruh naik transjakarta pas komplain konyol banget!,Pelayanan
@CommuterLine Tolong stasiun BNI City dikasi lebih banyak kipas puanas bukan main ga ada udara sama sekali. AC tak ada kipas yang adapun antara ga muter atau muternya ogah2an. Keringat ngucur seperti habis marathon padahal nunggu kereta. Dibantu ya Bapak/Ibu. Terima kasih,Pelayanan
@CommuterLine Iya min @CommuterLine hanya saja setelah penyesuaian yg baru per 1 Juli menurut saya jd gak efisiensi kepadatan di kereta maupun di peron 5 St duri KA 1981 ada perubahan KA 1983 gak ada perubahan jd terlalu lama sehingga penumpang menumpuk,Kepadatan
@CommuterLine tolong dievaluasi secara baik ya kak. jujur di jam-jam sibuk malah numpuk penumpang. aku apresiaai bgt skrg keretanya cepet jarak cuma 2-3 menit aja per kereta tapi kok ya banyak yg gerbongnya cuma 8 :(,Kepadatan
@CommuterLine Min tolong untuk jam rush hours pulang kantor banyakin jadwal ke arah cikarang jadwal baru juli ini perbandingan nya 3 ke arah st bekasi 1 ke arah Cikarang banyak numpuk penumpang min,Kepadatan
@CommuterLine MOHON DI EVALUASI KINERJA SECURITY ST. DURI. KAMI PENUMPANG TANGERANG YG TURUN DI PERON 5 TANGGA MANUAL YG KHUSUS NAIK DI BUAT TURUN OLEH PENUMPANG TRANSIT DR PERON 2 AKHIRNYA RIBUT KAMI PENUMPANG INI SECURITY NYA GA ADA.,Pelayanan
@CommuterLine min udah 2 hari ini KRL commuter nya delay 10-20menit Di st cisauknya kena imbas ni Jadwal jam 6.20 sampe 6.35 blm brangkat ni Kenapa ya min,Keterlambatan
@CommuterLine Udah hampir 30 menit nih numpuk di Manggarai. Bobrok bgt. Korup mulu sih,Kepadatan
@CommuterLine min red line kalau pagi banyakin yg 12 plis. Masa mostly 8 Ini saya duduk aja sampe ikutan kejepit kakinya,Keamanan
@CommuterLine apaan bejir arah priok dari kampung bandan jam 07.03 udah berangkat padahal masih ada 1 menit lagi. Mana transit di kp bandannya di jalur 4 mana keburu. Tapi kalo sore sering bgt dari priok telat 2-3 menit nyampe kampung bandan jd ketinggalan kereta yg ke duri,Keterlambatan
@CommuterLine Si tolol bikin headway jauh banget 20 menit lebih nikin jadwal ga pake riset. Kalo tanggal kejepit jadi pemalas ya? BUMN ngejar profit dibanding layanan?,Keterlambatan
@CommuterLine jadwal barunya nyusahin gap Antara satu dan lain makin jauh lebih enak jadwal Sebelumnya peningkatan kecepatan apanya krl udah standby jam 08.12 di DP jadwal berangkat jam 08.24 tapi tetep aja berangkatnya mundur jadi 08.29 malah makin telat. sucks!!! https://t.co/Pc8xEHGi1e,Keterlambatan
@CommuterLine ini krl lagi ada masalah apa sih baru juga masuk abis libur lebaran ada ajaa siahh krl access kagak bisa krl telat penumpang jadi numpuk kek ikan pepes https://t.co/dmIm52uNNE,Pelayanan
@CommuterLine @beatricrosiana Min @CommuterLine kenapa sih perbaikan persinyalan kok di jam jam rame gini emang ga ada preventive maintenance? Dalam seminggu ini kacau terus perjalanan relasi pondok ranji - tn abang,Keterlambatan
@CommuterLine kecewa dengan petugas parkir motor lantai atas st bogor tidak membantu samasekali untuk parkir. Hanya duduk saja dan tidak mengarahkan untuk parkir yg kosong atau tersedia. Tidak hanya sekali kejadian seperti ini. Thx,Pelayanan
@CommuterLine jalur kereta Rangkas Bitung - Tanah Abang kenapa pagi ini masih di tahan tahan lama berhenti di hampir tiap stasiun min capek nya kemarin malam blm ilang ini sudah ada kendala lagi mohon profesional team work anda di tingkatkan terima kasih,Keterlambatan
@CommuterLine Slmt siang ka.mushola st kramat karpet basah paling ujung krn kena air hujan dari atap plafon.jdnya bau apek karpet tsb.mhn semua mukena di semua stasiun di laundry agr bersih dn tdk bau apek krn yg pakai mukena byk.mks,Kebersihan
@CommuterLine min kenapa ya security di stasiun tanah abang pada jutek jutek? (bertanya dengan nada dering),Pelayanan
@CommuterLine @KAI121 ini kenapa ya commuter line arah padalarang delay nya lama bgt???,Keterlambatan
@CommuterLine nungguin apaan si anjir di palmerah??? Udah kaya ikan pepes engapppp,Kepadatan
@CommuterLine @raeyozin Ganti gak jadwal GAPEKA lo yang kampret ini semenjak lo ganti kereta kacau udh bertahun2 pake sebelumnya lo malah bikin kacau yg sekarang,Keterlambatan
@CommuterLine ini jalur serpong ada apa ya Min? Kok sekua kereta tertahan di setiap stasiun cukup lama?,Keterlambatan
@CommuterLine nih min faktor kereta cikarang telat. Telatnya sejam lebih. Jadi numpuk semua https://t.co/82OAxeOWU7,Kepadatan
@CommuterLine @KAI121 manggarai rembes dimana mana minn bahaya babget,Keamanan
@CommuterLine min mau nanya. ini kereta rangkas line kenapa berenti terus ya? delay bgt ini jadinya!,Keterlambatan
@CommuterLine kok di 705 banyak pnp prioritas dan pnp berisik tapi petugasnya ga negur? Kebiasaan banget petugas line Joglo gak berani negur.,Pelayanan
@CommuterLine ini di cikarang numpuk banget asliii.. ah gila ada2 aja masa tiap minggu gini,Kepadatan
@CommuterLine tolong sampaikan ke petugas² st manggarai ya contohlah petugas² st bekasi. Di sana lift prioritasnya dijaga petugas &amp; penumpang² bisa tertib antri masuk keluar lift serta benar² mengutamakan penumpang prioritas. Tidak ada desak²an &amp; saling dorong. Thanks. https://t.co/yque3XSP3r,Pelayanan
@CommuterLine GA BECUS KERJA!!!!! pada pusing di dalem sesek pegel geraaaaaah mana berangkat kerjaaa telaaaaat!! Arrgghhhhhhh,Keterlambatan
@CommuterLine @herisantiko 8 rangkaian itu udah gak efektif. Paling banter harus 10. Waktu pandemi 8 kereta juga sepi sekarang udah normal 8 kereta jadi pepes..,Kepadatan
@CommuterLine woi min mau masuk jatinegra aja pake acara berhenti 2x padhal gak ada apa apa masinis lo amatrian apa gimana?? KA yang berngkat Dari Bekasi jam 6:50 bodo amet ama nomer seri.,Keterlambatan
@CommuterLine st duri kereta padat karna jadwal telat jdwl mohon diperbaiki https://t.co/oCRkZvftED,Keterlambatan
@CommuterLine tolong sekuritinya ada pembinaan mental juga.. klo jagain penumpang jangan emosian dan jgn sok jagoan... td ada ribut2 kecil di eskalator sta tn.abang oknum sekuriti vs penumpang #baper,Pelayanan
@CommuterLine Min masukkan dong kasih larangan main hp di tangga (ya harusnya sadar sndiri sh sbnernya). Terutama yang turun di Tebet &amp; rush hour. Sering banget di tangga tuh lama krn pd sibuk mesan ojol. Pdhl bahaya buat mereka sendiri jg selain ganggu orang lain.. Makasii,Keamanan
@CommuterLine ini KA 1645 yg k tanah abang biasanya 6.40 dr sudimara knapa telat dah??? Ada gangguan apa lagi ini?? Udah numpuk semua ini jadinya..,Kepadatan
@CommuterLine krl kenapa jadi sering banget telat sih jadwalnyaa kl pagi.. udah tau orang berangkat kantorrr tolong lahhh numpuk muluu mana skrg kereta pagi kebanyakan dr rangkas bitung https://t.co/kBLFC03j4a,Kepadatan
@CommuterLine ada apa KRL jurusan Cikarang tadi gak untuk penumpang? Numpuk bener di Manggarai ini??,Kepadatan
@CommuterLine ini knp kereta bekasi 5505A jalan terlebih dahulu dr kereta cikarang 4009 bela2in naik 4009 buat ngejar jalur manggarai malah harus nunggu kereta selanjutnya yg beda 15mnt telat kerja gara2 krl bikin jadwal gak sesuai,Keterlambatan
@CommuterLine tolong dong ini toilet wanita bagian lantai atas stasiun pondok Cina cuma ada 1 tempat sampah di depan dekat wastafel kenapa ga per pintu toilet dikasih tempat sampah??,Kebersihan
@CommuterLine 1768 becek . Rangkaian no 4 tolong di keringin . Keburu ada yg jatoh https://t.co/wHaM6A6Mwj,Keamanan
@CommuterLine salam buat cipung CS KRL Palur-yk jam 6.08 ngoceh pantun mulu...,Pelayanan
@CommuterLine min kok pintu prioritas yg buat keluar stasiun palmerah biar ga naik tangga itu dikunci ya? Mana kuncinya dibawa security kalo gitu repot dong. Saya lagi hamil engap naik turun tangga.,Keamanan
@CommuterLine Bukan cuma Stasiun Manggarai.. Di jalur 1-2 Stasiun Duri juga sama.. Pasang tali merah itu loh jadi mereka yang turun bisa masuk ke belakang antrian dengan petugas mengarahkan.. Di Duri mending sih petugasnya masih jaga lha ini petugasnya nontonin orang-orang pada nyelak,Pelayanan
@CommuterLine Bisa dipercepat gak sih min proses evakuasinya. Takut ketinggalan KAJJ,Pelayanan
@CommuterLine @KAI121 GUA BARU SAMPE RUMAH GARA-GARA KERETA LOOOOO ARAH KAMPUNG BANDAN JAM 20.35 YG TELAT DATANGNYA ITU TIBA2 PULANG DIPO!!!!! JADWAL SELANJUTNYA JAM 20.56!!! TERPAKSA NAIK KA BANDARA &amp; DI DURI UDAH GAADA KERETA SAMPE JAM 22.00!!!!! https://t.co/xGxGAfg6CZ,Keterlambatan
@CommuterLine tolong bgt ini kereta yg ke arah bogor udah 15 menit sekali + telat beberapa menit pas naik acnya cuma angin pula gimana sih,Keterlambatan
@CommuterLine Gabisa liatnya krlnya penuh bgt gara2 jadwalnya ga sesuai. Numpuk orang2. Tolong diperbaiki juga pengaturan jadwalnya biar ga telat berpuluh2 menit.,Pelayanan
@CommuterLine kata gw dari pada elu bikin jadwal kereta Bogor-jakaeta yg selang 5 menit tapi delay masuk aja bisa 10 menit apus aja dah,Keterlambatan
@CommuterLine krl klo ga telat ya kecepatan. Harusnya krl 1187 berangkat dr depok baru 6.14 ini 6.11 udah jalan aja. Bikin numpuk yg rangkaian berikutnya aja,Pelayanan
@CommuterLine ayolah min gila kali sejam nunggu kereta doang kasian ini ada wota kelamaan nunggu kereta udah siap keluarin pedangnya di tas itu. https://t.co/1FjSqiJd5P,Keterlambatan
@CommuterLine jadwal lu tiap senin kacau. Alasannya paling selalu selisih waktu sama kereta jarak jauh apa lah. Kereta manggarai ke tanah abang tadi dari jam 05.57 cuma ada jam 6.14 sama 6.18. Ya numpuk lah manusia. Benerin.,Kepadatan
@CommuterLine @KAI121 commuter line jakarta to bogor sangat sedikit sekali siang ini. Karena penumpang lebih banyak anak kecil hingga balita. Seluruh rangakaian penuh dan padat. Apakah tidak diperhitungkan oleh KAI?,Kepadatan
@CommuterLine @armahandaka Aduh udah numpuk nih di manggarai,Kepadatan
@CommuterLine @RMU_ID @RMU_ID see. tidak membantu. oper aja operr. minta tolong banget ni. bayarnya lebih mahal dari parkir liar dan ruko ini. kita dukung fasilitas resmi tapi pelayanannya? capek.,Pelayanan
@CommuterLine hari selasa tgl 25 nov kereta angke via manggarai yg hrsnya di cakung jam 6.19 baru dtg jam 6.25 jam 6.24 dateng jam 6.31 kereta sisanya jg telat. Dan itu semua 10 KERETA. PENUH bgt. Trs hari ini kejadian lg. Emg bener2 udh gaabis pikir. Telat mulu.,Keterlambatan
@CommuterLine Cilebut. Dari awal pun udah delay kan? Kapan bisa tepat waktu? Tarif minta naik tepat waktu ga bisa?,Keterlambatan
@CommuterLine min tolong kalo ada penumpang yg naikin kakinya ke seat orang lain tuh ditegur atau dibikin aturan gt ini sepasang pasutri pada naikin kakinya mana kakinya yg cowo bau banget,Pelayanan
@CommuterLine min apk nya tolong dong diperbaiki kek semula ini kacau banget dari tadi cuman muter gajelas astagahh,Pelayanan
@CommuterLine @KAI121 @kemenhub151 KRL JALUR CKR SETIAP HARI DELAY. KAGA ADA EVALUASI DAN SOLUSI NGRUGIIN WAKTU PENGGUNA KRL. APA PT KCI TAKUT SAMA DAOP 1. JADI DELAY KRL TIDAK DI TINDAK LANJUTI. DIR OPS KCI HANYA DUDUK MANIS DI KANTOR. MASA BODO SAMA DELAY KRL.,Keterlambatan
@CommuterLine Anak saya pernah kecopetan Laptop Kantor seharga 30 juta di Line Jakarta Kota tapi Qodarullah tidak diminta ganti rugi oleh kantornya,Keamanan
@CommuterLine gaada petugasnya min di gerbong perempuan tadiii,Pelayanan
@CommuterLine Percuma min @CommuterLine bersuara hati2 pelecehan seksual kalo kaya gitu terus mah,Keamanan
@CommuterLine Semua kereta min dari bulan Oktober tuh hampir selalu telat. SEMUA,Keterlambatan
@CommuterLine LAPOR min kayaknya agak kacau ni jadwal terutama cikarang antrian kendaraan panjang krn nungguin kereta lewat terus mohon solusi segera. Trims,Keterlambatan
@CommuterLine Tolong kembalikan jadwal kreta bogor-kota gerbong 12 berturut2 di jam sekitar 06.50-07.10 Parah bgt sih skrg masa yg bgr-manggarai mulu gerbong 12 sering x lengang Dan bgr-kota yg gerbong 8 mulu pepes gk ketulungan udh ngangkut yg transit ditebet sma yg numpuk dimanggarai parah,Kepadatan
@CommuterLine nemu anak kecoa lg nih di bangku prioritas gerbong 4 kereta parung panjang-tn. Abang sekitar jam 06.30 kereta 1469 . Duh kayaknya emg udh beranak pinak di tiap kereta ya https://t.co/nOzElu2VTw,Kebersihan
@CommuterLine Gak berani klo gak masker an di KRL bau gak sedap klo lagi rame,Kebersihan
@CommuterLine haloooo ini ko kereta jalur 4 di manggarai lama banget ya berentinya,Keterlambatan
@CommuterLine kenapa ya ga bisa stick to jadwal selalu telat. Ga bisa ada perubahan ya masa uda bertahun2 kaya gitu terus. Penumpang numpuk nanti di stasiun transit chaos. Mana eskalator di stasiun sering rusak. Kl rusak perbaikannya lama.,Pelayanan
@CommuterLine Tolong rangkaian kereta diperbanyak dan jadwal lbh banyak. Terutama pada jam2 sibuk dan padat pagi dan sore. Setiap hari terasa semakin penuh sesak,Kepadatan
@CommuterLine Kenapa sih penggantian wisely nya ga malam gitu loh ini jadi numpuk banget min.,Kepadatan
@CommuterLine semoga segera dibenahi min karena bener2 ga nyaman ga kebayang yg kerja di stasiun serpong seharian nyium bau sampah,Kebersihan
@CommuterLine ini kenapa kereta Tigaraksa kenapa delay sampe 10 menit?? kan harusnya jalan jam 8 min.,Keterlambatan
@CommuterLine @iamnoangel__ Kalau.delay knp krl. Gk mau keluarkan letter,Keterlambatan
@CommuterLine min gerbongnya masa ada kecoa gimana maksudnya https://t.co/ODyg5DI6v7,Kebersihan
@CommuterLine min ini kondisi keretanya layak gak sih? Kita yang penumpang takut lho. Kereta arah jakarta kota sekarang posisi di stasiun gondangdia https://t.co/eFINs9SJqM,Keamanan
@CommuterLine KA Lokal Merak Tujuan Rangkasbitung di jam 17:02 dari St Cilegon Delay kenapa ya min? daritadi nunggu di stasiun blm masuk keretanya nih,Keterlambatan
@CommuterLine STOP THIS BULLSHIT CRISIS MANAGEMENT!! LO TUH GOBLOK YAA! LO KIRA SURAT TERLAMBAT LO NGARUH DI KANTOR GUE?? TAI,Pelayanan
@CommuterLine mungkin perlu dipertimbangkan tempat sampah area masuk parkiran (+jalan kaki sekarang) ke stasiun. Busetttt dah sampah plastiknya. https://t.co/tPliEEZT2P,Kebersihan
@CommuterLine KCI lbh sering peringatkan pelecehan seksual drpd ingatkan jaga barang bawaan kpd penumpang. Pdhl penumpang rawan kecopetan/kehilangan.,Keamanan
@CommuterLine Kereta basoetta yg gangguan efeknya kemana mana nih pikirin anjg kerja yang bener makanya @CommuterLine,Keterlambatan
@CommuterLine Min kenapa ya semenjak red line ada perubahan jam blue line jd bner bner delay tiap hari kacau bgt tiap hari ga pernah ga delay dr 10-30 menit heran bgt,Keterlambatan
@CommuterLine @fitriadz ini sama juga parung panjang-tanah abang semua2nya dari rangkas ga ada yg dari parung panjang. jam 7.10 diilangin. gila ga ramah buat pekerja. dari 6.35 loncat ke 7.55 kalo ada orang penyakit dalam gmn blg mau duduk itu kereta dari rangkas. saya bekas jatoh ga bisa berdiri lama,Pelayanan
@CommuterLine lama bgt nih KRL Bekasi. Numpuk di Sudirman ada apa min?,Kepadatan
@CommuterLine ini ngaco banget angke-cikarang ga on schedule. Numpuk banget di angke min tolongg:(,Kepadatan
@CommuterLine [Rawabuntu] kereta dari rangkasbitung udah 2 kali lewat dari range waktu 06:14 - 06:30. Yang ke arah tanah abang kok cuma sekali ya? Setelah 06:14 selanjutnya 06:32 tu kenapa ya? Numpuk banget kan jadinya,Kepadatan
@CommuterLine tolong cepat diperbaiki eskalator dan lift stasiun Bekasi. What a blatant neglect of safety. Komplain langsung ke petugas juga gaada solusi konkrit. Ibu hamil dan lansia tetep disuruh naik eskalator mati. Kalo jatuh atau kenapa2 bisa tanggung jawab apa?,Keamanan
@CommuterLine Masih lama gak tuh. Anak gw balita masih di dalem kereta ini di tengah2 bukan di stasiun. Yang bener aja dah kaga dikasi solusi minta maap doang.,Pelayanan
@CommuterLine bisa mikir dikit gak stasiun duri peron 5 eskalator naik cuma 1 yang nyala?? kmrn2 yg nyala dua aja numpuk. apalagi ini gilaakkk bilangnya rusak lah 2 hari lalu aja dibikin ke atas dua2nya meskipun satu ga nyala,Kepadatan
@CommuterLine @infoBMKG Parah udh numpuk gini di depok keretanya malah pd pulang depo geblek,Pelayanan
@CommuterLine mau sampe kapan ga dengerin komplain penumpang .ini udah aneh banget masa kereta baru stasiun pemberangkatan pertama aja udah PENUH. Mana AC mati please lah jangan pura2 ga liat kita juga manusia btw bisa aja mati di kereta,Kepadatan
@CommuterLine Pakai JR terus aja Pakai KFW kek gini terus Pakai japan meskipun kursi dikit ac ga begitu dingin dan sudah umur tp masih oke Kalo pake buatan Indonesia mogok2an rem suka ga release kebakaran bau sangit kayak ad orang jualan sate aja,Keamanan
@CommuterLine min. Kereta mau masuk jkt kota dari depok 6.05 kenapa ditahan harus nunggu 2 kereta ke arah bogor lewat duluuuuuuuh?????????????????,Keterlambatan
@CommuterLine min update dong ada apa. Ini krl pada telat,Pelayanan
@CommuterLine . Pelayanan makin kurang min. Eskalator rusak hmpir di semua stasiun. Jadwal kereta banyak gangguan. Kacaooo,Pelayanan
@CommuterLine @nrlazizahfs Saat bulan puasa ini rush hournya pulang kerjanya jdi maju sdgkan keretanya gak ada percuma dari kantor pulang cepet kalo mesti nunggu kereta 1 jam tolong jadwalnya diperhatikan lagi bener2 numpuk orangnya,Pelayanan
@CommuterLine Min eskalatornya kapan betulnya ya? Ga capek disorakin terus sama warga kereta jalur bogor? Satpamnya juga teriak teriak terus mohon diedukasi (060224/17:55) https://t.co/w9uCKZCCYw,Pelayanan
@CommuterLine ini greenline ganguan lagi?!!!! di rush hour?!!! Kereta keberangkatan 5:10 gerbong wanita tiba mati ini lu pengecekan ga sih sering banget loh seumur gw naik krl greenline paling sampah anjir,Keterlambatan
@commuterline kalian luar biasa jadwal 7.55 baru berangkat 8.08 emg keren banget deh pelayanannya,Keterlambatan
@CommuterLine Terus ini udh 10 menit di dalem kereta arah Sudirman tp ga take off jg ni kereta busettt nunggu apaansi? Kacau wasting time bgt parah!,Keterlambatan
@CommuterLine Semua org yg keliru jadwal tu malas kebanyakan aplikasi ini-itu Dan kami jg baru baca keterangannya krn posisinya terlalu ke kanan. Org² fokus nya langsung di jadwal makanya saya sarankan DIBEDAKAN WARNANYA. Serius desain jadwalnya rawan misinformasi Tolonglah terima saran,Pelayanan
@CommuterLine Kacau KRL dari 7.45 berhenti mau masuk manggarai dari arah tanah abang samapi saat ini. Sudah setengah jam berhenti ini. Tertahan masuk Manggarai.,Keterlambatan
@CommuterLine @KAI121 Yg paling sering pemberangkatan 6.20-7.20 paling kacau informasi led diperon atas pun gk bisa diandalkan,Pelayanan
@CommuterLine kereta blue line dari cikarang ke kp bandan hari ini DELAY TOTAL!!! Via manggarai masih blm brgkt2 di tambun harus 7.35 udh otw ini ketahan lagi krn KA Lokal?? Woy ketahannya bisa 15 mnt lebih Tolong kasih solusi lah biar g kethan terus sm KA LOKAL lu itu,Keterlambatan
@CommuterLine tanah abang numpuk bgt,Kepadatan
@CommuterLine kereta ke tanah abang telat,Keterlambatan
@CommuterLine kereta arah bogor tertahan di st. Ps Minggu karena gangguan operasional. Gangguan operasional apa ya Min? Dan berapa lama kira² selesai?,Keterlambatan
@CommuterLine ini knp sih kereta yg arah rangkas berenti di jln lama bgt? Gak jelas... Saya mau lanjut ke kereta lokal arah merak takut ketinggalan,Keterlambatan
@CommuterLine @Fahad_Inoee @KAI121 Min @KAI121 apakah tidak ada kompensasi untuk keterlambatan kereta kemaren hampir sejam nunggu kereta jalan,Keterlambatan
@CommuterLine payah bgt si green line masalah mulu jadwalnyaaa!!! giliran penumpang numpuk gampang bgt bilang tunggu kereta selanjutnya orang tuh udh perhitungin waktu jd meleset semuaa,Pelayanan
@CommuterLine Gue naik KRL 1025B ketahan di pasming kira2 5 mnt trnyata nunggu kereta ukur jln rel lewat dlu. blm lg pas KRL jalan malah pelan bngt pula. Emg ga ada wkt lain blok @CommuterLine ? hrs banget ganggu pnp KRL yg lg berangkat masuk shift siang? gue msk kantor telat 5 mnt nih TOL!,Keterlambatan
@CommuterLine jalur 1 stasiun tanah abang keretanya kok gk dateng2 ya??? Penumpang udah numpuk papan pengumuman/LED Displaynya jg gk ada keterangan,Pelayanan
@CommuterLine Setelah itu harusnya jarak keretanya dekat juga jangan sampai setengah jam... Kejauhan... Tadi sampai Manggarai langsung penuh padat desak-desakan... ‍️‍️‍‍,Keterlambatan
@CommuterLine @RezaRatm @KAI121 @perkeretaapian Beberapa bulan lalu aman min. Jdwl kereta kalaupun ada keterlambatan ga sampe lebih dari 15 menit walau dr Bekasi Timur ke Bekasi ada perlintasan sebidang. Sekarang setiap hari jadwal kacau telat di atas 15 menit. Selalu mendahulukan KAJJ. Kapan diperbaiki min jdwlnya?,Keterlambatan
@CommuterLine @KAI121 @perkeretaapian Jadi solusinya apa? Sering terjadi di jam sibuk seperti ini dan di jadwal ini? Memangnya ada siapa sih di rangkaian KA1916 sampai kalian rela membuat terlambat kerete sebelumnya? Ini saja 07.42 kereta yg harusnya sudah berangkat menjadi tidak berangkat. Apkh begini cara kerjanya?,Keterlambatan
@CommuterLine @Rizz__53 Tolong min klo kereta barang masuk di st rangkasbitung jangan diparkir di jalur 1 kasian org2 yg mau naik kereta di jalur 2 &amp; 3 harus nyebrang lewatin rangkaian gerbong kereta barang apalagi yg bawa anak kecil bahaya mengancam,Keamanan
@CommuterLine Sudah turun kak saya boro2 lit no seri kak pengap sesek,Kepadatan
@CommuterLine tadi pagi sy liat ada kucing di stasiun Juanda persis di depan pintu keluar commuter line dekat tangga. Tolong segera dibawa keluar takut turun ke rel bahaya,Keamanan
@CommuterLine min.. Toling dong... Jam jam segini.. Jarak 1 kereta ke kereta lainnya jangan lama vgt dari arah bogor.. Masa sampe 15 menit.. Udh gitu kereta sebelumnya cm sampe manggarai... Ini mah numpuk penumpang min namanya...,Kepadatan
@CommuterLine kereta delay 20 menit dari bogor 09.15 tujuan jakot udah ketahan mau masuk tebet udah 10 menit lebih logikanya kenapa ditahan padahal depannya aja gaada krl sebelumnya sebab kereta yg saya naikin udah paling numpuk orangnya udah kerja bikin telat aja,Keterlambatan
@CommuterLine jadwal GAPEKA beneran ga peka sm keadaan dari jadwal kereta ke kereta selanjutnya jarak waktu lama belum lg kl ketahan akibatnya penumpang numpuk di banyak stasiun bikin kereta overload. siapa yg bisa senyum?,Pelayanan
@CommuterLine tolong dong min KRL palur-jogja no 669 yang tiap jam 06.00 berangkat dari palur menuju jogja sudah beberapa bulan ini tidak pernah on time waktu sampai nya di st. lempuyangan pada pukul 07.19 selalu saja lebih dari itu entah selalu terlambat 5 hingga 10 menit,Keterlambatan
@CommuterLine min tolong KRL jangan lama lama berhenti pas di stasiun Serpong bau sampah banget sampe masuk gerbong. Betul ga pak? @PHasiholan,Kebersihan
@CommuterLine bisa ga itu jadwal kereta diperjelasss??? tanah abang rangkas buset padet bgt tiap kereta,Kepadatan
@CommuterLine bisa gak petugas lu kalo negur di kereta gak usah ngegas gitu bikin satu gerbong liat? ANEH BGT org naro tas di bagasi atas malah ditegur? ITU TAS SAYA PRIBADI TAS KANTOR BUKAN KOPER YA,Pelayanan
@CommuterLine masa kereta pagi tangerang jam 7.08 sama 7.20 jomplang bgt ya udah lebih padet yg pagi tapi lebih panas min tolong diperbaiki ya,Kepadatan
@CommuterLine tolong benerin signage di Stasiun Bekasi donk. Bikin kagok kalo lagi padat. Signage-nya suruh jalan di kanan pdhl orang2 biasa jalan di kiri satpamnya yg teriak2 suruh jalan di kiri penumpangnya pd bingung akhirnya tabrak2an Yang bener yg mana nih. https://t.co/PMKLuBu1eZ,Keamanan
@CommuterLine Min apa gak numpuk itu yg via ps senen pasti di bekasi naik yg 6.28 semua...gapnya kepanjangan kalo nunggu 7.01...kalo 6.03 kepagian. Mana yg start bekasi pagi banget kalo gak siang banget. Coba dievaluasi lagi.,Pelayanan
@CommuterLine @KAI121 @CurhatKRL Sebaiknya kursi ruang tunggu tersebut disediakan untuk SEMUA PENUMPANG KRL MAUPUN LOKAL sama aja kami juga bayar &amp; mesti dapat fasilitas. Bukan berarti yg naik KRL duduk ditangga atau berdiri saja. Rubah aturannya dan beritahu pegawai kalian dilapangan. Terima kasih,Pelayanan
@CommuterLine harus kasih kompensasi ke pengguna atas waktu yang terbuang 40 menit++ nungguin di stasiun di jam dan hari kerja!! Coba kalo ada potong gaji pas telat ngantor harus ada pertanggungjawaban sih,Keterlambatan
@CommuterLine kenapa sejak habis lebaran KRL telat mulu untuk perjalanan pagi dr Cikarang KRL dari Cikarang yg harusnya sampai 7:44 di sudirman bisa sampai jam 8:00 bahkan bisa sampai 8:15 faktornya nunggu kereta jarak jauh.,Keterlambatan
@CommuterLine Ada apa hari ini? Krl pada delay yg D stasiun Tanah Abang,Keterlambatan
@CommuterLine Kenapa ga diinfo ke penumpang sejak di dalam kereta sih? Saya bisa turun tebet tadi buat sampe ke rscm daripada ikut numpuk di manggarai. Setelah liat twit ini ternyata udah 2 jam lalu jadi kebayang komunikasi dan flow informasi kalian tuh jelek banget ya,Pelayanan
@CommuterLine lagi ada apa Min? Ini line arah Bekasi udah numpuk kereta ga dateng2. KRL Access juga ga bisa dibuka,Pelayanan
@CommuterLine Kalo kereta sesuai jadwal setiap 10 menit ada nggak mungkin penumpang numpuk. Gak hari senin nggak hari biasa SAMA!,Kepadatan
@CommuterLine Min kok ilustrasi nya ga sesuai kondisi di manggarai ya? Yang penuh sesak gitu.,Kepadatan
@CommuterLine ini kenapa ya kereta arah kampung bandan jam 7.55 tbtb berenti di st Angke dan semua penumpang disuruh TURUN. Mana petugasnya gak jelasin kenapa. GAJELAS BANGET,Pelayanan
@CommuterLine mohon jadwal KRL dgn Pemberangkatan awal &amp; Tujuan Akhir Tigaraksa segera ditambah krn semua pengguna sangat membutuhkan perjalanan KRL Relasi Tgs-Thb (P.P) krn KRL Tigaraksa dapat memecahkan kepadatan &amp; membantu skl mengurangi beban perjalanan KRL Rangkasbitung,Kepadatan
@CommuterLine Min atulah udh setengah jam di Manggarai nunggu kereta ke arah Sudirman/Tanah Abang.. Gimana cerita ini malah jadi penumpukan penumpang.. Apa emang ditunggu sampe membludak dl br jalan??,Kepadatan
@CommuterLine Nunggu kereta dr stasiun manggarai ke arah sudirman dr jam 8.29 baru ada jadwal arah kp. Badan jam 8.52 Jauh banget jarak waktunya penumpang udah penuh Gangguan ya?,Keterlambatan
@CommuterLine hi hello satpam satpam yg di stasiun bisa diminta buat lebih ramah lagi gak ya dalam menjawab pertanyaan? td abis liat ibu ibu nanya arah trs dijawab judes dan sembari jalan gitu dijawabnya.. terima kasih ya!,Pelayanan
@CommuterLine briefing petugasnya yg bener sih. Ditanya jalur mana yg duluan jawab jalur 5 ternyata 7 duluan yg jalan. Elah.,Pelayanan
@CommuterLine kereta arah cikarang ketahan lama bgt di manggarai ngapain sih,Keterlambatan
@CommuterLine arah bogor ada apa ya kereta 18.50 sampe sekarang ga jalan dan ketahan di sawah besar,Keterlambatan
@CommuterLine Dari manggarai lah min udh numpuk tadi saya baru bs dpt kereta pas 10.20 dari jam 9.20 nunggunya klo ada gangguan tolong pas pengumuman di stasiun dibilangin dong,Pelayanan
@CommuterLine pagi min ini delay kenapa ya? Seharusnya jam 7.26 sudah datang kereta di Jurangmangu ini 7.30 blm datang juga. Mohon infonya terimakasih.,Keterlambatan
@CommuterLine @apadilah20 Petugasnya tolong dikasih pelatihan lagi tentang toleransi. Itu lagi senggang bisa ditanya dulu baik baik. Komunikasikan baik baik.,Pelayanan
@CommuterLine EVALUASI LAGI JADWAL KERETA DARI BOJONGGEDE KE BOGOR. MASA NUNGGU 15 MENIT LEBIH DARI KERETA SEBELUMNYA https://t.co/GE99axqSWS,Keterlambatan
@CommuterLine kereta tujuan bogor-jakarta kota yg berangkat jam 6.45 lama bgt berhentinya tiap peron pdhal pintu udh tertutup. Sumpah ga guna liat jadwal kai access kalo jadwalnya selalu telat 10-15 menit,Keterlambatan
@CommuterLine evaluasi stasiun durinya udah dijalanin belum min? Berkali kali kejadian eskalator rusak atau maintenance bikin padat penumpang yang lewat tangga. Kok gak ada perubahan sama sekali? Lagi lagi numpuk dan sulit bergrerak https://t.co/PJUae4qahs,Kepadatan
@CommuterLine halo admin kereta JAKK-BOGOR 1144 di gerbong 5 bau pesing. harap menjadi perhatian ya min,Kebersihan
@CommuterLine penumpang numpuk di St. Kranji ... Lagi aneh bgt jadwalnya. 5055 07.37 5057 07.40 Deket bgt jaraknya Masak selanjutnya jam 8? Kenapa ga dipecah aja? Ini org2 yg ketinggalan 7.40 numpuk semua do jam 8 ini!!! Mana 10 kereta pula. Headway mcm apa 20 menit gitu!,Pelayanan
@CommuterLine minimal di weekend kek ini di hari kerja coba. kita pada telat tadi nunggu setengah jam lebih,Keterlambatan
@CommuterLine @deardikey Jadwal krl kok kacau penympukan d st duri dan tanah abang mohon d tinjut. Tks,Keterlambatan
@CommuterLine @infojakarta padet kalik ini kreta apai india kah?,Kepadatan
@CommuterLine @DPR_RI @kemenhub151 NAIKAN HEAD WAY PLISS numpuk mulu kadang php,Kepadatan
@CommuterLine min ini st serpong dr masuk ke area aja udh bau bgt sampah. ini lebih bau dr kemaren2 sampe tembus di masker,Kebersihan
@CommuterLine 1161 kenapa delay parah? Kenapa sering banget berhenti sebelum stasiun? Rusak lagi? Gangguan rutin?,Keterlambatan
@CommuterLine Kaca sampe berembun sangking panas pengap sesek ac cuma keluar angin panas itupun kecil sekali,Kepadatan
@CommuterLine GA SESUAI JALAN DR BEKASI AJA TELAT 5 MENIT LOL GUKK GUKKK GUKKK (TRANSLATE: 10 SF MULU 12 SF LOL JADWAL KERETA LU PANGKAS JADI SETENGAH JAM SEKALI PENUMPANG NUNGGU LAMA GA KEBAGIAN NAEK TOLOLLLLLLL),Keterlambatan
@CommuterLine minnnn gerbong rangkaian 204-06 k1 1 85 40 jurusan bogor engappp bangettt ac kaga berasa. ngga terlihat ada sekuriti nggak tahu kalau diujung tolong acnya suhunya dikecilin sampai kipas kipas https://t.co/64E8szfjGw,Pelayanan
@CommuterLine min petugas di pintu skybridge bojonggede jangan main hp mulu tuh. masa ada 3 petugas gak peka ada bapak lansia kesusahan tap in jam 20.15,Pelayanan
@CommuterLine @morawwrr kalo ada pengaturan flow penumpang aturnya DI LANTAI ATAS BUKAN DI PERON. Ada sekian banyak space stasiun kenapa dibiarkan semua numpuk di peron &amp; jembatan? penumpang juga ga akan numpuk kalo keretanya TIDAK TERLAMBAT HAMPIR SETIAP HARI,Keterlambatan
@CommuterLine Bener-bener kacau ya sekarang jadwal KRL Blue Line dari Bekasi/Cikarang via Manggarai nggak pernah on time makin parah telatnya.. Bagaimana ini masa sudah ganti tahun masih kacau begini? Apa nggak ada evaluasinya ya dari tahun lalu??,Keterlambatan
@CommuterLine kereta telat mulu bos prasaan.. Ga pagi. Ga sore.. Hadeeh... (5043B),Keterlambatan
@CommuterLine @KAI121 tolong infoin ke petugasnya udah free mask kok masih disuruh pake masker di update dong. Jelas2 sudah banyak beritanya dimana2 https://t.co/6PsK9VaMGv,Pelayanan
@CommuterLine Jadwal baru lu gak jelas bro. Gak sesuai sama jadwal. Bikin kacau waktu perjalanan orang ‍,Keterlambatan
@CommuterLine min hari ini saya mau naik kereta bias. Sudah tiba di stasiun 30 menit sebelumnya. Kebetulan saya bawa kucing karena di rumah gak ada orang. Tapi kata petugas gak boleh bawa hewan. Akhirnya saya cancel keberangkatan padahal dah beli tiket. Mana gak bisa refund,Pelayanan
@CommuterLine gila bgt dah ini di stasiun Lenteng numpuk kereta dikurangin aneh klo mau dibenerin tuh pas tgl merah atau hari libur cuti bersama mah ga semua org cuti bersama y!,Kepadatan
@CommuterLine Stasiun bekasi jalur 7 numpuk banget min. Jalur 4 kereta baru tapi kayanya ada masalah gajalan jalan,Kepadatan
@CommuterLine bagus bgt di pengumuman lu disuruh lapor kalo ada pelecehan seksual tp pas dilapor malah disuruh ke stasiun lain ya pepekkk benerin lg kerja lu,Keamanan
@CommuterLine @KAI121 4077 SUDAH TERSEDIA DI JALUR 7 BEKASI AKANKAH DELAY LAGI TIBA KPB SEPERTI KEMARIN2 ??? DITAHAN LAMA DI SINYAL MASUK JTN DI ST PONDOK JATI SINYAL MASUK PSE DAN ST PSE ????? https://t.co/kZ7F9oLAuO,Keterlambatan
@CommuterLine Dan sampai skrg blum ada perbaikan. Lift pun jg sdg tidak beroperasi sudah 2 hari di st. Manggarai semisal beroperasi pun kami para prioritas hrs berdesakan dgn para penumpang yg tdk berprioritas. Tolong eskalator nya segera diperbaiki jangan ditunda2. Terimakasih,Kepadatan
@CommuterLine KERETA LO LAMA BGT YE ANJIR. di pasming sudah numpuk orang ke kota ini woiiii. TELAT TELAT TELAT,Keterlambatan
@CommuterLine Lain kali kerjanya lbh gercep dong min teknisinya udh tau ini jam pulang kantor nunggu lama bgt sampe numpuk. Efeknya ini yg kemana2.,Pelayanan
@CommuterLine Bikin orang kena SP karena kalian delay dan kalian ga ada tanggung jawabnya sama sekali? Kok enak? Kalian kerja ga punya KPI?,Keterlambatan
@CommuterLine Minta tolong kereta ke cikarang diperbanyak jam sore. Sekalinya ada ngetem lama bgt di bekasi,Keterlambatan
@CommuterLine ini numpuk banget ada gangguan apa gmn sih? Di jalir jkr kota bogor,Kepadatan
@CommuterLine Saya tau tim kalian liat tweet ini di layar segede gaban tolong dgn sangat balikin jadwal sebelumnya dari arah parungpnjng/rangkas ke tanah abng. Setiap hari dihampir tiap gerbong dijam pagi selalu antar pelanggan ribut adu mulut senggol2an krna jam kereta berubah yg makin kacau,Kepadatan
@CommuterLine Hadeeeh udh numpuk bgt di tnh abang tp ga ada info apa2 nih. Di infoin dong sampe nanya PKDnya aja katanya ga ada info keterlambatan,Pelayanan
@CommuterLine Stasiun Bogor akses Alun2 Kota Bogor. Berantakan sempit rawan copet. Kerjasama atuh sama Pemkot biar saling jaga aset.,Keamanan
@CommuterLine eskalator turun di jalur 4 &amp; 5 stasiun bekasi tolong dicek ada 1 anak eskalator yg kalo diinjek turun takut bahaya,Keamanan
@CommuterLine sejak perubahan jadwal. Krl bekasi kemayoran maupun sebaliknya kacau bgt. Ga sesuai sama di jadwal aplikasi. Terlalu mengecewakan. Mau heran tp udh terbiasa kecewa sama jadwalnya,Keterlambatan
@CommuterLine @chocobery18 Yaa berarti hitungan loe ngaco liat realisasinya dong dimana mana numpuk,Kepadatan
@CommuterLine stasiun cawang hari ini kocak sih Pintu masuk dr bawah sekali masuk brp org ngetap gak bs dorong. Keknya mending dicek disetting ulang deh,Pelayanan
@CommuterLine @__eival__ Udah seminggu ini jadwal dari Serpong ke Tn Abang kacau!!!Penumpang numpuk di https://t.co/EtlmujS7NV saya sampe KA keempat baru keangkut.Gak bisa masuk penuh sesak!!!,Kepadatan
@CommuterLine tolong lah stasiun lenteng agung di buat lift sperti di UP buat bumil dan lansia kasian! mau nyebrang masa nunggu 4 kereta lewt dulu oke lah demi keselamatan tp kesel jg nunggu berdiri lama bgt buat nyebrang doang mana yg satu satpam standby yg satunya entah kmn,Pelayanan
@CommuterLine Min tolong rute bogor - jakarta kota jangan 8 gerbong harusnya 12 gerbong karna banyaknya penumpang. Ini udah tau penumpang ke jakarta kota padet tapi kebiasaan bgt cuma 8 gerbong,Kepadatan
@CommuterLine kenape si setiap berubah gapeka selalu aja ngatur jadwalnya kek orang idiot. Kereta lu telat semua noh. Badut lo,Keterlambatan
@CommuterLine min untuk yg via manggarai untuk di brngkt kerja kalau bisa on time jangan sampai mesti pindah peron dan berubah jam juga min.. Jadi numpuk di stasiun,Kepadatan
@CommuterLine minn jadwl mu mlm wes josss... dari PL -Yk jam 11.42 kok malah d hapus. Pdhl itu penuh tiap hari dan daribalapan pun ud berdiri. Yang kerja pelajon pegawai swasta shift awan pie min . Isa pulang ke slo dr yk makek jam mlm tapi ga isa brgkt dari slo ke yk. Aku heran,Pelayanan
@CommuterLine @j3r_r1 Jam lo jadwal perbaikin nyet! Kereta telat mulu jadi penumpang numpuk!!!!,Pelayanan
@CommuterLine At least tolonglah ada petugas standby di jam-jam sibuk seperti ini untuk atur antrian biar ga nyodok-nyodok. Dan mengingatkan penumpang non rutin membawa anak utk tetap hati-hati.,Pelayanan
@CommuterLine tolong banget ini jadwal kereta yang jam 7.15 dari manggarai ke kampung bandan diadakan kembali ya. Bayangin itu orang numpuk dari jam 7.09 sampai jam 7.28. Rentang waktunya terlalu jauh,Kepadatan
@CommuterLine 1011B kenapa delay sampe 5x tadi pagi?,Keterlambatan
@CommuterLine min ac mushola stasiun tanah abang baru tolong dinyalain dong.. bau apek banget ga ada udara.. apalagi dijam-jam sholat.. makasih,Kebersihan
@CommuterLine Pelayanan jelek aplikasi juga jelek. Gonta ganti aplikasi mulu. Payah,Pelayanan
@CommuterLine setahun coba deh itung kejadian penumpukkan kaya gini tuh udah berapa kali sering banget gak bebenah2 herman banget dah orang udh numpuk banget telat setengah jam tuh nyampe rumah bisa telatnya sejam hal-hal kayak gini udah sering harusnya udah bisa diantisipasi,Kepadatan
@CommuterLine ini jeda 1760 sm 1758 kok bisa ya sampe 4 stasiun . Imbasnya jadi pada telat kereta belakangnya . Hadehhh . Yg ngatur goblok banget,Keterlambatan
@CommuterLine 10 gerbong? Arah kembali ke sudirman bisa padat penuh sesak https://t.co/3apz4nhGnG,Kepadatan
@CommuterLine mohon kereta dr tanah abang ke angke dikurangi jam 06.30-07.30. Kami terlalu lama menunggu dr kereta dr tanah abang ke bekasi/cikarang,Keterlambatan
@CommuterLine Beneran serem banget sudah hetic malah orang-orang berlomba menonton kecelakaan. Mau jalan kaki keluar stasiun saja sangat susah,Keamanan
@CommuterLine @jalur5_ Oiya min kereta lokal kan kalo mesen di KAI Access ada nomor duduknya. Tapi pas implementasinya kok jadi rebutan tempat duduk? saya pernah nanya satpamnya katanya tempatin aja yang ada. Terus buat apa ada nomor duduk di tiket @CommuterLine,Pelayanan
@CommuterLine ini kenapa kereta dari cisauk ke TA telat mulu ya? gak ada info apapun juga. penumpang jd numpuk di peron makin engap dan gak ada yang ngumumin soal perubahan jadwal kayak gini dari kemarin. kereta dari serpong ke tanah abang juga telat banget set 8 baru jalan.,Pelayanan
@CommuterLine hari ini c access eror. di CKR ada 2 krl standby di app blum nyampe https://t.co/3h7eRG6ssc,Pelayanan
@CommuterLine min tlg dibantu toilet st. Depok baru yg di peron 1.. toilet hanya 3.. yg 2 jorok karna ada sisa2 yg blm disiram.. biasanya ada petugas.. tadi sekitar 7.12 - 7.16 ga ada petugas yg bersih2,Kebersihan
@CommuterLine percuma udah pake pin bumil juga tetep di tolakin. semoga aja security di stasiun bekasi bisa berinisiatif ya utk bantu bumil cari bangku.,Pelayanan
@CommuterLine info dong kenapa KA rute Rangkasbitung - Tanahabang yang harusnya berangkat jam 6.01 sampai delay dan baru berangkat 6.12? Ini parah banget sih telatnya,Keterlambatan
@CommuterLine St. Manggarai. Peron 9/10. Jam 6.46 Saya gak tau nama petugasnya kan bisa dicek di jadwal mereka. Saya mau naik ke pron 10 dengan tangga. Saat saya naik penumpang arus turun memenuhi tangga saya. Saya hampir jatoh ke bawah. Saya pun teriak. Petugasnya cuma liat doang. Miris.,Pelayanan
@CommuterLine @KAI121 Belum lagi yang paling sebel itu sering disalip sama kereta jarak jauhnya @KAI121 di Tambun. Sehingga jadwal berantakan alias telat. Mohon kalau sudah bikin jadwal sendiri ya dipatuhin lah @CommuterLine https://t.co/H8iWC34Uzi,Keterlambatan
@CommuterLine HARI2 TELAT LO ANJING GA PERNAH TENGGO SIALAN SEMUA LINE LO TELAT TOLOLLLL UDH MAU SEBULAN GAPEKA SIALAN LO GA ADA PERUBAHAN YG ADA PENUMPANG NUMPUK!!,Pelayanan
@CommuterLine Cepetan woy! Takut telat kereta terakhir sukabumi nih !!!,Keterlambatan
@CommuterLine jorok banget ada anak kecoak padahal kereta dilarang makan minum. Udah dimatiin dan gak nyampah kok. Iya sama sama https://t.co/VyhJErTUED,Kebersihan
@CommuterLine Telat ya min keretanya? Td di st Sudirman ga ada keretanya jam 20.44 sesuai jadwal adanya jam 20.50an dan sampe Duri jam 21.11. Dikira naik 5179B tapi ada kereta dtg di Duri jam 21.15 sesuai jadwal. Jadinya nunggu 40an menit di stasiun duri nunggu kereta ke Rawa Buaya,Keterlambatan
@CommuterLine tolong dong krl line bogor - jakarta kota yang 8 gerbongnya ditambah lg khususnya di rush hour. mana senin pagi 8 gerbong seseknya bukan main. akhirnya banyak yang gak keangkut gada2 padet bgt,Kepadatan
@CommuterLine Ac nya angin aja nih mana padet orgnya telat ngantor pulak https://t.co/oR6QaXEjQ7,Kepadatan
@CommuterLine yth manajemen kai especially st. kp bandan line tanjungpriok - kota security nya di briefing buat jagain penumpang turun tangga doang? yg mau naik kereta ga di prioritasin bgt. posisi udh depan pintu aja ga dibantu hold seperkian detik. apa gunanya security?,Pelayanan
@CommuterLine Please green line perbaiki operasional. Please perbanyak perjalanan jangan terlambat lagi. Makin banyak yang pakai jalur ini dan seharusnya untuk segera ditingkatkan pelayanannya.,Keterlambatan
@CommuterLine @museum_mandiri Bingung sama jadwal kereta yang ke Parung / Rangkas. Jeda nya lama bgt ya. Sedangkan ke area lain lebih sering. Apa emang arah ke Rangkas / Parung kurang prioritas ya,Keterlambatan
@CommuterLine hadeh.. manajemen gmn ya.. udah nunggu di manggarai lama.. sampai tanah abang malah gak ada KRL standby penumpang numpuk dibiarin aja.. emang nih yg ngatur KRL tol*l https://t.co/rQKvKz2Jt6,Pelayanan
@CommuterLine min kapan stasiun bekasi dikelarin masa tiap nunggu kereta arah bekasi mesti dijemur kek ikan asin+taruhan nyawa penumpang udah ga sedikit ini Keluar mau tap aja aksesnya cuma 1,Keamanan
@CommuterLine astagfirullah ini kereta barang yg aku liat tadi jangan2 pantesan senja utama yk telat berangkat 8 menit dan krl sampingnya berenti lama,Keterlambatan
@CommuterLine Tolong dikurangin ngaret (Delay nya ) . Sbg penumpang pilih naik kereta tujuan nya untuk hemat waktu bukan nunggu lama dtg nya kereta . Tolong bener bener diperbaiki deh system perkeretaapian nya . Jngan infrastruktur terus yg diperbagus . - Terima kasih,Keterlambatan
@CommuterLine knp saya waktu nunggu kereta datang (40menit sebelum kereta datang) gaboleh ketoilet sama petugasnya dgn alasan takut besi jatuh tapi 10 mnt kemudian ada anak kecil sama bapa bapa boleh lari larian di lorong? knp ya min,Pelayanan
@CommuterLine @KAI121 please banyak banget hewan ini. tadi ada anak kecoa juga (gaada fotonyanya karena keburu takut) https://t.co/rojeoSKUJl,Kebersihan
@CommuterLine ini kenapa tujuan cikarang 18.42 sudirman belum dateng juga dah Delay mulu heran gaada info pula!,Keterlambatan
@CommuterLine mau turun commuter saling dorong mendorong begitu gak sabaran padahal di depan ada disabilitas sama anak kecil bagaimana itu solusinya? Bisa ada Kejadian nyungsep jatuh pas celah peronnya itu. Edukasi penumpang utk tidak terburu2 dan peduli keselamatan pengguna comuter,Keamanan
@CommuterLine Terima ksh sehat selalu barakaAlloh mas e simple sj min kash tempat sampah di pintu masuk biar yang biasa nyampah liat ada tempat sampah tau sendiri to orng2 di indo ini biasa nyampah kasian juga itu mas2 juga capek harus bersihin bekas orang2 makan,Kebersihan
@CommuterLine Ini masukan untuk jadwal antara jam 9-10 kalo bisa jaraknya jangan terlalu jauh ya min. Tahun lalu jam 09.06 atau 09.08 masih ada tapi skrg knp kok sudah ngga ada dan jaraknya malah jauh banget dari 09.00 ke 09.13 di stasiun soalnya numpuk dan di dalam kereta penuh sesak,Kepadatan
@CommuterLine Min kita nih dah kegencet. Suara PA nya bikin telinga mau pecah ditambah ada tontonan ga penting gini. Bikin keretanya sunyi aja bisa ngga sih? Suara PA aja cukup. https://t.co/BCE47ree26,Kepadatan
@CommuterLine Jdwl keberangkatan normalnya di jam 18.09 st. Sudirman - st. Duri jam 18.18 dr st. Sudirman - st. Duri tp terjadi keterlambatan alhasil semua numpuk di St. Sudirman.,Kepadatan
@CommuterLine greenline lg greeline lg gangguan mulu telat mulu capek bgt gw ngomel keknya ke elu TP GAADA PERUBAHAN APAPUN MASIH KEK SAMPAH NIH GREENLINE,Keterlambatan
@CommuterLine @andikaGoGo86 Hah? Ini palmerah udah penuh sesak. Setengah jam gak ada kereta lewat arah rangkas parung dkk,Keterlambatan
@CommuterLine @CommuterLine kenapa sii kereta cikarang - angke ngaret muluuu di manggarai astaghfirullah. Kalo yg bikin macet kereta antar kota cari solusi dong anj. Jangan org disuruh nunggu 15 mnt lebih muluu. Belajar cari solusi kerja yg bener.,Keterlambatan
@CommuterLine green line delay mulu masalah yang parung juga ga selesai selesai penuhnya udah ga ngotak urusin dong green line ini kasihan juga tuh yang di sudimara jurang pondok udah susah masuk semua tambahin kek pemberangkatan dari sudimara apa gimanaa ayo lah,Keterlambatan
@CommuterLine Kereta barang lokomotif @KAI121 ntar kereta penumpang... Ga heran jadwal KRL kacau mulu...,Keterlambatan
@CommuterLine @txtdrjkt Ya masalahnya KRL YK-Solo paling cepat sejam sekali. Ada gila2nya nunggu di stasiun lama bgt huang2 waktu,Keterlambatan
@CommuterLine ga bermakna hari gua karena lu krl. karena ni kereta transit manggarai arah kmp bandan telat mulu ya di liat liat,Keterlambatan
@CommuterLine LAGI? pantesan di Lenteng numpuk. dari kemarin ada aja masalah pagi2 heran bikin telat mulu udh smpe stasiun pagi jg tetep aja ujung2nya telat gara2 kereta asu,Keterlambatan
@CommuterLine kebangetan ya sekarang AC nya makin panas dan tempat duduknya kotor bgt,Kebersihan
@CommuterLine gilaaa numpuk di jalur 2 st manggarai ini pada kmana kretanya ? Yg bikin jadwal gimana ngga di analisa dlu tolol,Kepadatan
@CommuterLine ini green line yg ke tanahabang gangguan ya? Ko intervalnya jd lama bgt?? Akhirnya numpuk penumpang di sudimara ga dapet kereta penuh terus https://t.co/cnoZ4FWliX,Kepadatan
@CommuterLine tolong banget dipertimbangkan tambah gerbong atau kereta utk jalur rangkasbitung-tn.abang. Setiap hari kerja penumpang padetnya bener bener udah padet banget mau berangkat lebih pagi atau lebih siang itu udah ngga bisa diprediksi akan selalu padat luar biasa.,Kepadatan
@CommuterLine pagi ini Jalur Serpong ke Tanah Abang kacau banget. Cek jadwal ada yang 8.51 ini udah lewat 7 menit masih ga muncul juga buset,Keterlambatan
@CommuterLine @merapi_uncover Bilangin security yang biasanya suka jalan di gerbong dong tegas kalo ada penumpang yang susah dibilangin. Sama-sama bayar kok ngerasa paling ekslusif cuma naik kereta tok.,Pelayanan
@CommuterLine Min ka Rangkas transit tanah Abang bisa bau gini gmn.,Kebersihan
@CommuterLine Suara informasi petugasnya kak. Lebih kenceng dari suara pengumuman stasiun tanah abang,Pelayanan
@CommuterLine kalo ada kaya gini tuh gak diinfoin di hari sebelumnya kah? orang pada telat 1 jam dr jam biasanya kreta numpuk dijalur orang numpuk distsiun,Pelayanan
@CommuterLine mau di umumin kyk apa juga.namanya org.mau cewk atau cowok pasti berebutan duduk ini.Astahhfirullohalladzim.aku minta ampun Ya Alloh.Kereta Cikarang kampung bandan via manggarai.terlambat 10 menit.itu bermakna BG kami.ANGKER,Keterlambatan
@CommuterLine @JalurSerpong @jalur5_ Turun dari angkot di jembatan atas mana ada petugas yg standby. Petugas Commuter Line Nongkrong di warung sini ceritanya ? https://t.co/I0RtBxmHNS,Pelayanan
@CommuterLine @jalur5_ @jalurbekasi Ini yg bikin schedule gmn sih dah hampir 20mnt nunggu di Manggarai kereta tujuan ke Bekasi atau Cikarang lama banget,Keterlambatan
@CommuterLine kenapa commuterline dhoho 401 tiap mau masuk st. Wonokromo mesti ditahan yang akhirnya jadi telat diwonokromo dan st. Gubeng hampir tiap hari gitu. Apalagi ketika ada rombongan anak TK. telatnya jadi nambah karna turunya lama.,Keterlambatan
@CommuterLine goblok nunggu kereta 20 menit bego bat masih selasa anjir,Keterlambatan
@CommuterLine min tolonglah kondektur suaranya saat memberikan informasi diperjelas masa kayak orang berbisik artikulasi gak jelas. Jadi takut terlewat nih sudah sampai stasiun mana.,Pelayanan
@CommuterLine yang dari Duri-Bekasi bisa gak min kalo pagi ditambahin???? jadi numpuk nih setengah jam. sementara yg ke Angke lewat ajaaa teruss padahal kepadatannya rendah ?? hhhh,Kepadatan
@CommuterLine Kereta ketahan terus pindah jalur Capek pindah jalur di stasiun kampung bandan sediain lift or eskalator dong. Kasin nih bumil,Keterlambatan
@CommuterLine Ada gila nya ini diinfo h- brp jam gw telat naik mrt gegara mau tap out sudirman lahh yg antri msh banyak dari kereta sblmnya saking numpuk,Kepadatan
@CommuterLine @zodakuwe Min kaya nya kereta cikarang line delay nya udah terlalu lama segera berbenah yaa,Keterlambatan
@CommuterLine lah penambahan buat greenline cuma di jam malem? HAHA kegocek banget kirain pagi yang ditambah yang kacau tuh pagi masa KAI gamain sosmed sih galiat kah berapa banyak yg jatoh di peron grgr rebutan naik kereta? ckckck,Keamanan
@CommuterLine ini sampe kapan peron 4 stasiun tambun mau dipake ya? Kalo ujan bahaya banget https://t.co/UJc3PWQfO1,Keamanan
@CommuterLine min ini kereta ke bogor kenapa 8 rangkaian terus ya? Kereta 12nya rusak kah? Jam sibuk pulang kerja loh ini stasiun manggarai udah padet bgt. Makasih min,Kepadatan
@CommuterLine halooo kak KA 1060B ini kenapa AC nya ga berasa yaaa??? Panas bgt berasa lagi dioven. Tolong lah jam2 rame pulang kerja harusnya bisa dimaksimalkan ACnya.,Pelayanan
@CommuterLine kok jdwlnya kacau sih biasa 11.40 ada didepok baru ini gak ada. masa baru ada jam 12.01,Keterlambatan
@CommuterLine @kabarpenumpang Dan khusus yang cantik dan kenal sama securitynya ya min? Sering liat tuh yang parasnya lumayan di kasih jalan padahal bukan prioritas.,Pelayanan
@CommuterLine beralih naik KA 1651 yg lebih awal karena KA 1655 telat terus sampai Palmerah. Nah KA 1651 sama juga telat. Evaluasi lah. Terlambat jangan dijadikan tradisi/kebiasaan.,Keterlambatan
@CommuterLine kereta cikarang bakal ada masalah lagi ga pagi ini? kemrin kemarn bermasalah terusss udh beberapa kali jadi telat ngantor,Keterlambatan
@CommuterLine halo ini kereta jalur hijau kenapa gangguan ya? CS ditelpon jawabnya kaga tau announcer gk kedengeran karena suara iklan KEKENCENGAN,Pelayanan
@CommuterLine sampai kapan min @CommuterLine sudah numpuk penumpang sudirman tolong informasinya min terima kasih,Kepadatan
@CommuterLine min ini ada gangguan kak krl jkt kota-bogor? Ga ada diinfo apa apa sama petugasnya.,Pelayanan
@CommuterLine udah bikin jadwal baru KRL yg makin ngawur. Ini masih delay juga dari jadwal baru. Jurangmangu - Tanah Abang jadwal gapeka baru : 6.35. Sampai sekarang 6.41 belum muncul batang hidur keretanya. @KAI121,Keterlambatan
@CommuterLine hi kai minta tolong Cleaning Service kereta arah parung panjang dengan no kode #1700 di kai access bisa ke gerbong 5 air minum ku tumpah dan jd agak becek:( minta tolong dipel,Kebersihan
@CommuterLine Buset jalur green Line/Rangkasbitung-Tanah abang ke nya kalo gak delay serasa ada yg kurang Delay mulu 5-10 menit Ga guna di bikin GA PEKA/JADWAL kedatangan/keberangkatan tidak sesuai jadwal,Keterlambatan
@CommuterLine @ameIioratessa @RosaKamel NORMAL APANYAAAAAAA???? we are stuckkkk even worst.. keteta di tahan?? gabisa masuk?? kejepit?? kegencet??? mana yang normal???????,Keamanan
@CommuterLine @elbonitaa @CommuterLine dicek aja yang saat ini masih tertahan di stasiun serpong? Pelayananya jelek banget gak punya datanya,Pelayanan
@CommuterLine kereta lu kebanyakan ngetem niat brangkat pagi biar aman malah makin telat krn kebanyakan ngetem payahhhh,Keterlambatan
@CommuterLine banyak banget alesannya. ya kalo telat diupdate jadwalnya blok biar gak numpuk orang. saya baru naik kereta di pd ranji jam 7.30 tadi. bayangin orang2 nunggu setengah jam dari yang harusnya berangkat 6.59 karena kereta2 yang dateng udah penuh.,Pelayanan
@CommuterLine Gila ya kalian. Gue sampai peron 11.27 menit nunggu kereta ke anke/kampung bandan tidak ada kereta. Dan harus nunggu yg pk. 11.56. Makanya ini negara gak maju-maju transportasi umum malah dikurangi. Pelit banget babget sih !!!! Sudah tangerang cuma sejam 2x juga. ASTAGA DEH ‼️,Keterlambatan
@CommuterLine heran sama petugas di stasiun. Semalam sampai stasiun bgr Tap out karena mesin tapnya rusak Flaz saya terpotong 2x. Dilaporkan eee petugasnya mala menyalahkan bank penerbit kartu. Sebenarnya dia paham ngak kalau mesin distasiun bgr itu rusak. Aneh,Pelayanan
@CommuterLine Mohon maaf atas ketidaknyamanannya tp ga ngapa2in juga petugas dilapangan. Org pd telat kantor prtugas di st matraman anteng aja dibawah santai2. Pelayanan kalian bobrok,Pelayanan
@CommuterLine dampaknya smp ke cikarang - bandan delay lama,Keterlambatan
@CommuterLine @Oksyen_ @CommuterLine @AsdoAr WOI ANJING ST BEKASI TOLOL ANJING WOI ASDO AR TAI LU CEK ST BEKASI ANJING SERING TAHAN KRL SD 20 MENIT ANJING ALASAN LU TUNGGU AMAN KAJJ JUGA JARANG MASUK BEKASI ANJING. ST BEKASI PETUGASNYA KL NAHAN KRL KG PAKE OTAK ANJING @AsdoAr,Keterlambatan
@CommuterLine Pantes palmerah arah kulon numpuk gini jarang jarang lawan arah sampe numpuk,Kepadatan
@CommuterLine tolong dong klo bisa disetiap krl ada nomor atau kontak petugas yg bertugas yg bisa dihubungin kalau ada sesuatu saat perjalanan krl ( pernah ada yg sesek napas mau pingsan tp ga ada petugas jdi bingung semua mana kondisi penuh sesak ) layaknya kereta jarak jauh,Pelayanan
@CommuterLine min. Lift prioritas manggarai mending ada petugasnya deh. Barusan didorong bapak2 sampe mau jatuh padahal posisi lagi hamil. Trs dia yg segar bugar nyuruh ibu bawa anak keluar lift karena overload. Kenapa ga dia aja yg keluar,Keamanan
@CommuterLine No KA 1193 berangkat dari depok baru 06:38 kereta berjalan lama dan AC tidak terlalu dingin,Keterlambatan
@CommuterLine @muelpontoh Tidak terburu tapi jadwal u ga bisa dipercaya telat terus bikin orang perlu lari karena nyampenya telat terus numpuk. Ngaca woy! @CommuterLine,Pelayanan
@CommuterLine Mohon di perketat ya min penjagaan nya krna rawan bngt dsitu,Keamanan
@CommuterLine krl DELAY 10 mnt jadi 20 mnt jadi 30mnt GILAAA blm lagi inii harus nunggu kereta lain jalann dulu 4x ya allah capekk bgtttttt GIMNA SIIII,Keterlambatan
@CommuterLine udah 3 kereta bekasi numpuk ini yg ke ckr kaga jalan jalan buset,Keterlambatan
@CommuterLine boleh x lipservice nya dikurangin infoin aja telat berangkat gk sesuai jadwal jgn ngakalin kereta yg akan diberangkat duluan dari peron/jalur lain tp jadwalnya molor (gk sesuai),Pelayanan
@CommuterLine Lo kan ada stasiun DIPO buat nyimpen kereta lo keluarin lah 1-2 rangkaian buat gantiin yg telat gue tau gabisa asal keluarin at least ada peraturan khusus buat situasi kek gini dari dulu atasan atasan KAI dipake kek otak S3 Profesor nya,Keterlambatan
@CommuterLine Yang di Rawabuntu arah ke Tanah Abang sdh mulai numpuk. Katanya ada rel patah di stasiun Daru. Benar ya? Kacaaawww...,Kepadatan
@CommuterLine During-tangerang banyakin dong keretanya kalo jam segini. Ada gila2nya setengah jam nunggu kereta gini di Grogol,Keterlambatan
@CommuterLine Bener2 lu ya min Ketahan n numpuk banget ini penumpang dlm kereta kayak pepes teri,Kepadatan
@CommuterLine maintenance sampah mu tolong diperbaiki scan gojek gk bisa di stasiun klender baru bikin rugi pengguna saya lg gk bawa kartu terus disuruh beli kartu di KRL 40rb coba.,Pelayanan
@CommuterLine @calll23 gak usah ditanya kereta jam berapa dan nomor kereta. baru saja saya berangkat juga terlambat 20 menit dr jadwal seharusnya kr nunggu kereta dr stasiun awal.,Keterlambatan
@CommuterLine Semoga pengelola st TN abang bs kasih opsi untuk jalur pindah ke peron 5-6. Jadi gak hanya jalur ini. Foto hr ini. Waktu hujan besar (lupa tgl bln) lebih padat sesek di jembatan ini https://t.co/xG7Marfge8,Keamanan
@CommuterLine Buset ini penumpang numpuk banget ini telat 1 jam keretanya,Keterlambatan
@CommuterLine ga dikasih masuk setelah smpt brkali2 ditolak masuk akhirnya ada 1 security yg bolehin masuk. mayan laa brdiri dluar mondar mandir stgh jam br dibukain pintunya,Pelayanan
@CommuterLine tolong dong petugasnya masa di gerbong cewe ada cowonya,Keamanan
@CommuterLine tolong dong ditertibkan para perokok di pintu masuk st. Parung Panjang tempat yg harus ya bebas asap rokok malah jadi smoking area karena dibiarkan dan tidak ada tindakan tegas petugas. Sesak napas tiap masuk stasiun. https://t.co/k0fNyY9qgD,Pelayanan
@CommuterLine Stasiun manggarai ke duri nomor kereta boro2 orang numpuk gara2 kereta lu lamaa. Krjaan anak buah lu nih pak @BudiKaryaS,Kepadatan
@CommuterLine Seperti biasa min kereta lu telat mulu cape banget jir,Keterlambatan
@CommuterLine Bangsat arah jakarta kota ketahan arah bogor kereta rusak. Bangsat bangsat,Keterlambatan
@CommuterLine Yang bener aja KRL Bogor - Jakarta Kota via Manggarai telat banget ini sampai jeda waktu 10 menit.. Kenapa ya?? Padahal load penumpang sangat tinggi yang transit di Manggarai.. baru awal tahun sudah kacau begini.. Mohon evaluasinya,Keterlambatan
@CommuterLine tolong diprioritaskan lagi untuk lansia. Kasian lansia ga bisa buru2 soalnya. Minimal ada petugas setiap gerbong. Btw kemarin saya jg hampir kecopetan di KRL https://t.co/Xhjb3yCHPr,Keamanan
@CommuterLine Delay nya lumayan juga ya ini min,Keterlambatan
@CommuterLine Yaudah lu buka akses jalur bawah lah udah jelas stasiun kecil tangga sempit membuka peluang copet aja lu terus securitynya suruh antrian paling ujung lah gue dateng 2 kereta lebih awal ogah antri paling ujung kalo mau tahan dulu kereta yang masuk biar gak numpuk,Keamanan
@CommuterLine tlg infoin ke security di dlm kereta pria paruh baya lbh berhak dpt bangku ksg dari wanita usia belasan atau 20an. Jadi kalau nyari bangku kosong buat prioritas nyari yg sedapatnya aja.,Pelayanan
@CommuterLine kacau banget jadwal 4017 kampung bandan via pasar senen. Udah beberapa hari lho ini dibenahin dong harusnya 07.14 jadi 07.30. Ckckck Eskalator st klender baru sudah dikomplain juga gaada perubahan belum ditangani juga. Kacau bangett,Keterlambatan
@CommuterLine kereta greenline lu lamaa masa 20 menit lebih nunggu,Keterlambatan
@CommuterLine emang mentang-mentang weekend boleh sengaret itu????? Telat 5 menit aja penumpang udah numpuk ini telat ya 20 menit fuck you kci,Keterlambatan
@CommuterLine @KAI121 semakin mantap delaynya 4025 tiba bekasi harusnya 08.06. KCI tidak punya solusi 4025 setiap hari pasti begini. KCI semakin bodo dan tidak ada solusi. Mau transit naik 5527 jadinya naik 5057 kehilangan waktu lagi 15 menit lebih. Apa KCI bisa ganti ????? https://t.co/XUr8OKx9WK,Keterlambatan
@CommuterLine Min kenapa stasiun Serpong kalo malem bau sampah nyengat bgt gw kira cuman sehari doang ini udah hari ke 3 masih sama kalo malem bau sampah,Kebersihan
@CommuterLine ngomong doang lu! Hari ini kereta 5057 TELAT DIBERANGKATIN. 07.37 aja baru diberangkatin tuh si kereta cikarang 5055 dari bekasi. Yang harusnya 07.34 5057 udah berangkat!!!!!!!!! Ih bebal banget sih. Akan jadi efek domino ngerti ga sih!!!,Keterlambatan
@CommuterLine masa nunggu kereta dari Sudimara ke Tanah Abang lebih dari 20 menit jam segini kacau jadwalnya,Keterlambatan
@CommuterLine min ini kenapa kereta cikarang - kampung bandan kacau banget jadwal nya. Ada ngaret 20 menit ini. Jadi numpuk di stasiun,Pelayanan
@CommuterLine koq bisa2nya kereta yg dr Kby duluan masuk Pd. Ranji? Kereta saya yg harusnya duluan sdh ketahan 30 menit ini. Kacau pengaturan kalian.,Keterlambatan
@CommuterLine min toilet pria di stasiun tanah abang bau bangetttt,Kebersihan
@CommuterLine 6.19 kereta tujuan Tanah abang dr cisauk telat. Datang jam 6.26,Keterlambatan
@CommuterLine Tolong dikomunikasikan ke semua stasiun ya. Td dpt instruksi dr security utk masuk aja tanpa tap &amp; kami disuruh menghubungi petugas di stasiun tujuan. Takutnya stasiun tujuan ga terinfo.,Pelayanan
@CommuterLine @melindmelon Kalo punya karyawan tolong di bekali otak sama hati ya. Yaa di arahkan lah naik eskalator bangke bener pegawai @CommuterLine gaji doang gede otak dongo,Pelayanan
@CommuterLine @jalur5_ peak hours kereta lama rame terus eskalator rusak terus impor ga dibolehin maunya pake kereta inka tapi 2025 stasiun alurnya berantakan disuruh hati hati terus dan penumpang lagi yg kena. lanjutkan min.,Keterlambatan
@CommuterLine min ini kenapa ya kereta arah cikarang lama banget ya? Saya sampai di manggarai jam 19:58 dan nunggu kereta cikarang ga muncul jadi saya naik arah bekasi jam 20:19 saya sudah sampai di bekasi jam 20:50 dan harus menunggu sampai 21:28 jeda waktunya hampir 1 jam https://t.co/FhXxwlHUVq,Keterlambatan
@CommuterLine sudah 2 bulan merasakan pelayanan commuter line tujuan parung panjang- tn abang rangkas bitung-tn abang sama sekali Ac tidak terasa gak kebayang klo full berdesakan. Yang ada sauna para penumpangnya. Tolong perbaikan pelayanannya.,Pelayanan
@CommuterLine kenapa ya commuter di jama berangkat dan pulang sering telat? 6054 juga sudah padat ac tdk ada telat lagi https://t.co/Ofb9KRoEOH,Keterlambatan
@CommuterLine Estimasi kapan min? Kalau pagi kaki ga napak badan kegencet nih,Kepadatan
@CommuterLine hari ini di st Depok saya ingin melintas lewat penyebrangan (bkn tgga) karena kaki saya sakit. Namun saya diteriaki yg muda pakai tangga dan dihadang tidak boleh nyebrang langsung. Security tidak memaklumi keadaan saya hanya karena saya muda . Mohon lebih bijak,Pelayanan
@CommuterLine Petugasnya malah sering di gerbong perempuan bukan di gerbong campur wkwk,Pelayanan
@CommuterLine Gw ga pernah semarah ini sama krl. Biasanya desek2an ngaret masih gw maklumin. Gw kejebak berjam2 juga pernah masih gw maafin. Ini anak gw sekarang anjing yg ikut kejebak di krl. Yg ngide perbaikan jam segini siapa dah kaga mau ngaku. Kasian petugas lo yg di kereta jd sasaran.,Keterlambatan
@CommuterLine lagi ada gangguan kah? Keteta arah jakot pada kemana? Di stasiun cilebut udah numpuk,Kepadatan
@CommuterLine Coba dicek sendiri kak. Baru kejadian. Huft. Ini jalur 12-13 langsung penuh,Kepadatan
@CommuterLine Ada aja yaa gangguan nyaa Sma nya sperti di batu ceper yg petugas security nya ga ada yg ramah2 udah gitu selalu ga ada di peron jadi susah buat bertanya..,Pelayanan
@CommuterLine Kacau nih delay lama banget,Keterlambatan
@CommuterLine kenapa sii krl depok - jakot ditiadakan yg jam 06.30 padahal itu sangt membantu. Dan mohon untuk warga bogor &amp; depok itu kan banyak kenapa krl yg disediakan kebanyakan hanya 8 gerbong utk tujuan jakot. Sedangkan yg hanya sampai Manggarai malah bisa 10 atau 12 grbong,Kepadatan
@CommuterLine kai kacau nih karyawan nya bikin telat setengah jam cuma minta tolong isiin emoney aja ampe bolak balik 2x ga d respon cuma d suruh coba ulang sedangkan kita uda telat banget kacau sih kai kecewa banget saya.,Pelayanan
@CommuterLine Padahal stasiun Tanah Abang Baru tp kotor banget toiletnya. Bukannya bersihin toilet CS nya malah ada di ruang Laktasi. Padahal dulu jaman pak Jonan yg paling awal dibereskan adalah perihal toilet. Malah sekarang mengalami kemunduran. https://t.co/5mUOZCWwBt,Kebersihan
@CommuterLine At least sampaikan permintaan maaf lewat CS kereta dong. Orang udah rapi2 berangkat kerja/kuliah atau apapun urusan mereka jadi kebasahan tuh jaketnya kerudungnya rambutnya. Tadi juga saya sampai kena mata tau.,Pelayanan
@CommuterLine banyakin jadwal ke Cikarang dong. Saya berangkat selalu on time tapi selalu ngaret karena jadwal situ. Masa stasiun terakhir Bekasi bisa dua kereta berturut turut sedangkan tujuan Cikarang jedanya 30 menit. Dari 13:50 an ada lagi 14:30.,Keterlambatan
@CommuterLine stasiun tanah abang baru kalo pembangunannya belum beres semua gausah diberlakukan dulu ga bisa? bikin numpuk aja,Kepadatan
@CommuterLine @KAI121 Sudahlah min tp ttep aja malah dihujat bhkan bnyk kasus yg dibikin video tiktok krna mereka merasa kursinya direbut .. tolonglah min krna kita yg ibu hamil dan pnumpang prio yg lain tuh sering takut buat negur petugas juga kdang gak ada jd kita bingung mau gmna pdhl btuh,Pelayanan
@CommuterLine Pagi pagi bikin emosi aja gabisa pake go transit udah gitu tidak ramah pelayanan,Pelayanan
@CommuterLine Jalur masuk ke stasiun Rawabuntu sekarang sering kotor banget gini ya.... https://t.co/sBw1vKMzUx,Kebersihan
@CommuterLine Kirain makin di perbanyak keretanya . Jd paling ga 5 menit / 10 menit nunggu kereta nya . Ini malah makin lama,Keterlambatan
@CommuterLine Berantakan bgt si jadwal krl dr cikarang sm bekasi benerin kek evaluasi berkala on time performance nya kacau bgt,Keterlambatan
@CommuterLine tolong dong petugas krl nya bisa ramah dikit cuma nyenggol aja di katain diliatin mulu di gerbong...,Pelayanan
@CommuterLine ini krl solo-jogja kenapa delay 30 menit ya min?,Keterlambatan
@CommuterLine @txttransportasi sekalian tertibin petugas lu yang di stasiun tebet gak sih??? biar kalo orang kantoran masih muda cuma NANYA doang gausah dibentak jawabnya i love petugas stasiun tebet passionate semua pekerjanya sampe suka ngebentak bentak,Pelayanan
@CommuterLine berangkat pagi biar gak telat eeh sampai Manggarai ttep aja nunggu kereta arah tanah Abang gak dateng2 ngetem kok 2x dari jadwal yg biasanya @jalur5_,Keterlambatan
@CommuterLine Terimakasih @CommuterLine stasiun tanah abang sekarang semakin padat https://t.co/BzWr0JPqqQ,Kepadatan
@CommuterLine @KAI121 @kemenhub151 SETIAP KA 4077 MAU MASUK GANGSENTIONG C ACCESS PASTI SENGAJA DI BUAT ERROR. DAN 4078 LAGI2 DELAY 4078 SETIAP HARI DARI AWAL GAPEKA TIDAK PERNAH TETAP WAKTU. https://t.co/DVHFfVAJnC,Keterlambatan
@CommuterLine kejadian pukul +- 21.43. Inspeksi dong udah speaker sember volume kenceng iklan lagu ga jelas kereta ga on time ada waktu delay gaada info kenapanya. Cacat bener kinerjanya. Perihal speaker lah ini public transportation anjeng bukan kondangan.,Keterlambatan
@CommuterLine Min itu kenapa sekarang sering bgt rangkaiannya bau kampas yg kuat bgt kalo lagi berhenti? Gausah ditanya nomor KA karena beberapa kali saya dapet gerbong yg bau kampasnya bikin sesek kalo pintu kebuka.,Keamanan
@CommuterLine @brigitaagultom min katanya udh normal tp kereta tgr - duri udh 2 jadwal ga lewat2 miinn ku syedihh nanti penuhnya kek apa kek pepes sih iya min,Keterlambatan
@CommuterLine ngantri buat masuk stasiun bogor bagus si ini biar didalem gak ngebludak. Cuma tolong ini pengap bangey berada ditengah lautan manusia kalo ada kipas better sih. Ngeri tiba tiba ada yang sesek tts pingsan walaupun ini terbuka tapikan atasnya ditutup ya https://t.co/IRr32RPic7,Keamanan
@CommuterLine min ini krl di tambun menuju bekasi udah tertahan lama banget tolong banget ini miiinn https://t.co/3plPWPQUl5,Keterlambatan
@CommuterLine penumpang numpuk di stasiun kebayoran nich. Gmn penanganan anda? Cc @detikcom @CNNIndonesia @tvOneNews @KompasTV @iNewstv @TRANS7 @jawapos https://t.co/lm2I53SckQ,Kepadatan
@CommuterLine boleh satpam ke gerbong 3 kereta Tangerang-Duri yang jam 8:15. ada orang bawa anak kecil tapi ngga ada yang kasih duduk.,Pelayanan
@CommuterLine apa2an sih ini kereta udh lewat karet tp lama bgt ga masuk2 tanah abang mana panas bgt gerbongnya,Keterlambatan
@CommuterLine @wanjeonisme min bikin aturan yg naik krl jgn bau kecut dong,Kebersihan
@CommuterLine min ada kecoa Duri-Tangerang 15.37 https://t.co/ctBtHdBRTP,Kebersihan
@CommuterLine Percuma nambahin kereta tp tdk tepat waktu malah tiap hr ketahan mulu Commuter blm bisa on time coba deh di evaluasi jgn krn utk penumpang dimanggarai tidak numpuk tp tetap aja terlambat dan ketahan di perbatasan stasiun krn tunggu antrian,Pelayanan
@CommuterLine Kalo stasiunnya siapa yg kelola ya? Ada akun X nya? Urinoir toilet Utara stasiun Tanah Abang (yg di bawah) udah agak lama banyak yg rusak flushing. Bukannya dibenerin satu per satu malah rusaknya nambah satu per satu.,Kebersihan
@CommuterLine KA4076 gerbong wanita tadi kek ada bau kabel kebakar gitu,Keamanan
@CommuterLine huhu min sekarang kereta sering delay juga kenapa ya ️ jadi ga pasti gitu,Keterlambatan
@CommuterLine jadwal baru bikin numpuk dimana2,Kepadatan
@CommuterLine Kalau gangguan info dong Anjir @CommuterLine Hausas berasa cape kita naik kereta juga cape jir. Telat 40 menit beneran ga ada orak,Keterlambatan
@CommuterLine kak tolong di gerbong 1 KA 4013 relasi Cikarang - Kp Bandan via PSE minta tolong petugasnya dateng ke sini buat negur orang yang ngobrol terus. Berisik kak,Pelayanan
@CommuterLine Min tolong kereta yang ke Rangkasbitung dari tanah Abang jam 11 di gerbong 7 bau banget Pete. Padahal udh pake masker masih aja ke cium,Kebersihan
@CommuterLine Tai ledig ajg klo kereta lo telat mulu mana bisa sambut pagi dgn senyum sambat pagi dgn makian ke lu yg ada tololllll,Keterlambatan
@CommuterLine @vayasaman @Askrlfess Ganti aja semua petugasnya. Masih banyak yg mau kerja bener2 training dari awal kalau kerja di pelayanan itu harus ramah,Pelayanan
@CommuterLine Min ini kenapa krl melalui tanah abang dari Sudirman Baru lama banget ya? Udah lebih dri 30 menit jd numpuk bgtt,Kepadatan
@CommuterLine 5128 tolong tepat waktu jgn lama2 ngetem. Padat penumpang arah matraman https://t.co/rFf7dQ3RKz,Keterlambatan
@CommuterLine 1990A Duri-Tangerang di gerbong 2 pintu pertama sebelah kiri ada kecoa gede lalu lalang..,Kebersihan
@CommuterLine 5059 07.49 (harusnya) bekasi Kenapa kereta telat semua pagi ini,Keterlambatan
@CommuterLine tolong banget ini disetiap ujung atas dan ujung bawah eskalator ada security yang standby pas jam sibuk masih banyak orang udik yang diem di sisi kanan eskalator.,Pelayanan
@CommuterLine @CurhatKRL Semoga seterusnya. Biar ga bentrok tuh penumpang turun dan naik soalnya padet bgt jam jam berangkat/pulang kerja.,Kepadatan
@CommuterLine Dipercepat kali kalo kereta jarak jauh oke lah ini krl buset padet begini engep lebih gamentingin keselamatan penumpang,Keamanan
@CommuterLine Kacau lagi kacau lagi kacau lagi jadwal Blue Line! Nggak pernah tepat waktu jadwal kalian! Jadinya nggak pernah tepat waktu juga tibanya! Selalu bikin rugi konsumen kalian! Seharusnya kalian minta maaf sama semua penumpang di gerbong satu-satu seperti di Jepang!,Keterlambatan
@CommuterLine @wisterialax Selain itu smp kpn min penumpang menuju peron 2-3 &amp; 5-6 dr peron 1 desak2an numpuk di jembatan penyebrangannya?mana jd tabrakan gt kan yg mau naik dan mau turun cc : @AnkerTwiter,Kepadatan
@CommuterLine heran banget kenapa kereta ke arah ke kp bandan tuh lama banget bisa nunggu sampe 20 menitan dan numpuk jadinya krl ke angke jauh lebih banyak.,Kepadatan
@CommuterLine ini masih berapa lama lagi yah perbaikan listriknya? Minimal majuin kek ke st. bni 46 ajahh biar gampang cari alternatif lain. Tanah abang serem klo naik ojek,Keterlambatan
@CommuterLine Pagii min Kenapa sering tercium bau hangit (sesuatu terbakar) yaa miin d KRL Ampe aku mau turun,Keamanan
@CommuterLine tolong banget udh mlm ini kereta malah lama bangett,Keterlambatan
@CommuterLine cakung - sudirman via manggarai min. jadwal jedanya jauh banget 7:01 ada lagi 7:20. numpuk banget buset,Kepadatan
@CommuterLine barti petugasnya yg kurang aktif dan penggunanya yg ga aware ya ka karna saya sdh mengingatkan ke pengguna yg diam di sisi kanan itu. trims atas responnya smg bisa jd masukan,Pelayanan
@CommuterLine hari ini lama banget sampe kok bisa salah kereta padahal gw dah bener naik jkt kota jam 7.50 dr bojonggede taunya kereta gw stop manggarai,Keterlambatan
@CommuterLine tolong dong min kereta PRP-THB yg brangkat jam 05.25 kenapaa sekarang keretanya ga ada jalur 4. Orang2 udah numpukkkkk nungguin. Biasanya kereta standby dijalur 4 jd yg berangkat lebih pagi harus rebu,Pelayanan
@CommuterLine Basi min alasan nya itu-itu mulu tapi gak ada perbaikan nya samsek kalo jadwal on time orang mau transit juga enak min gak perlu nunggu kereta berikutnya lagi,Keterlambatan
@CommuterLine paling benci kl udh kelamaan Di kereta gara2 jadwal selalu selalu SELALU TELATTTTT dtg sampe 10-15 menit ngetem 20-30 menit krn nunggu pergantian jalur nunggu kereta jarak jauh 10 menit Pelayanan rendah buruk cm buang waktu nambah stress org pulang kerja!!!,Keterlambatan
@CommuterLine Telatnya luar biasa.. Sampe numpuk penumpang,Kepadatan
@CommuterLine ini parah banget penumpang numpuk kereta ke tanah abang manggarai di jalur 2 ga dtg2,Keterlambatan
@CommuterLine min kok stasiun sentral bocor? Untung aja ga ada orang yg kepeleset. Bahaya min,Keamanan
@CommuterLine Kereta rangkasbitung percepat lah. Numpuk ini. Ketinggalan sampe 3 jadwal,Kepadatan
@CommuterLine Kampung bandan dan baru ada jam 10.55 parah banget delay nya.,Keterlambatan
@CommuterLine SOP nya kalau suami dengan istri menyebrang di stasiun Sudimara itu gimana ya min? Masa temen kantor gua di nyinyirin sama satpam mau lewat bareng istrinya sendiri? Memang harus suami DAN istrinya hamil dua-duanya baru boleh lewat berdua?,Pelayanan
@CommuterLine knp akhir akhir ini di kabin bau gosong mulu ya kek kabel kebakar,Keamanan
@CommuterLine Numpuk ini orang jadinya weh,Kepadatan
@CommuterLine min ka 1752 ngaret parah dari jadwal semoga ga ketinggalan kereta lokal merak. sayang tiketnya,Keterlambatan
@CommuterLine Kalo ada perbaikan tuh kasih tau di stasiun dikoar-koar. Udah 3 hari kereta arah Rangkas - Tanah Abang telat sampe 10 menit. Belum keluar stasiunnya 5 menit cuma buat ngantri. Mikir bukan cuma lo doang yang kerja.,Keterlambatan
@CommuterLine @lavionyouna Bilang aja ga disubsidi pemerintah Selesai. Beres. Bertele tele amat jadi pegawai. Masyarakat butuh solusi bukan janji,Pelayanan
@CommuterLine min eskalator st duri ke peron 5 rusak antrian turun via tangga padet bgt,Kepadatan
@CommuterLine plis kerja yg bener dong woi. Gila ya arah KPB via Manggarai dari Bekasi itu makin hari makin ga ngotak ya ramenya. Udah telat mulu kereta bisa 15-20 menit sekali. Lu tau ga keberangkatan dari Bekasi sampe Cakung udah rame Klender Baru udah kegencet gw,Keterlambatan
@CommuterLine @Rifaartantip Rusuh udh d Manggarai sampe Sudirman gak ke tampung. Sampe Tanah Abang Chaos,Kepadatan
@CommuterLine Min mesin untuk beli kartu kereta kok blm beroperasi ya? Aku di lenteng agung takut ketinggalan kereta nh ke jogja.,Pelayanan
@CommuterLine Hari ini kagak ringan Min. Kereta telat jadi ayam geprek.,Keterlambatan
@CommuterLine tolong banget kasih kereta baru ke green line. Perasaan ac nya ga bener kereta lama. Panas bgt pak. Tolong lah,Pelayanan
@CommuterLine Halo min aku kehilangan dompet sore tadi saat naik krl Sudirman - Sudimara KRL 5563 (dari Sudirman jam 15.31) KRL 1746 (Dari Tn Abang jam 15.50) Sudah lapor petugas di Sudimara mohon jika ditemukan dompet harap hubungi saya. Saya butuh kartu2nya terima kasih,Keamanan
@CommuterLine minimal bikin urgent terminate di Serpong/Cisauk lah jd yg tangsel gk nunggu kereta dr arah barat jadinya udh keburu numpuk di stasiun dan bgitu kereta datang malah penuh gimana mau terurai nih penumpukan?,Kepadatan
@CommuterLine Terpantau jam segini kereta nya masih lelet bgt seperti keong. Tiap stasiun ketahan. Padahal katanya gangguannya udh dari jam 6 pagi td,Keterlambatan
@CommuterLine Makanya dr awal kasih tauin kalau ada gangguan cuma dibilangin td di Manggarai kereta belum bisa diberangkatkan kl gangguan gini kan kita bisa cari alternatif lain Sejam cuk cuma buat masuk ke sudirman doang yg dikereta udah ngomel ngomel ini,Pelayanan
@CommuterLine coba dong keretanya on time belom waktunya berangkat malah berangkat. orang nunggu kereta baru lagi kan lama. padahal di jadwal belum waktunya berangkat. payah banget,Keterlambatan
@CommuterLine Min kalo pagi knp suka ada aja hambatan ke yg stasiun kota? ini udah naik yg est. sampe kota 6.45. eh nyampe kota jam 7 lewat. Kan ada yg ngejar kereta priok. Iya kalo byk. ini lewat jam 7 udah harus nunggu 30 menit lagi. Ya kalo sering telat banyakin kereta priuk yang pagi min,Keterlambatan
@CommuterLine @ariesandjaya2 Diaturlah Min. Ini penumpang jadinya numpuk. 2x KA dari Tn Abang lewat baru 1 KA ke Tn Abang datang. capek lah. Di KA kayak ikan pepes eh di stasiun Tn Abang udah kayak mau perang!,Kepadatan
@CommuterLine jadwal 6.50 sampe 7.03. Delay lagi dan delay terus https://t.co/K7ig5NRWjK,Keterlambatan
@CommuterLine Jaka sembung bawa golok! Saya komen jadwal anda dan kekonyolan ada kereta ngetem. Mana tracker kereta anda sama jeleknya! Kereta Bandara sama KRL Cikarang line gak dibedain udah nunggu di peron 3 rupanya ngelengos doang kereta bandara. Kena deh!,Pelayanan
@CommuterLine ini kereta 1665 B ada apaa sih pintu lama bgt nutup nya penumpang nya numpuk manaaa pakenya kipas angin didalamm udah gitu cuman 8 rangkaian dosaaaa banget bikin emosi manaan lagi puasa,Kepadatan
@CommuterLine perasaan sejak peralihan jalur di stasiun manggarai makin kacau deh. Ketahan mulu kereta dari cawang-tebet masa ampe 15 menit. Berenti2 ampe 4 kali belom lagi mau masuk manggarai &amp; cikini ketahan lagi,Keterlambatan
@CommuterLine min kok krl yang arah rangkas keberangkatan jam 7:00 datangnya selalu terlambat ya akhir2 ini. Yang jam 06:50 juga jalannya ngaret banget. Kenapa ya?,Keterlambatan
@CommuterLine min aplikasi kai access di ios bisa digunakan untuk membeli tiket dan tidak ada masalah atau bug kan min? saya ngeliat rating soalnya jdi takut utk beli tiket di kai access IOS :),Pelayanan
@CommuterLine bisa gak sih berangkatnya jangan pake delay? seumur-umur kok kayaknya gak pernah tepat waktu dah. sebel.,Keterlambatan
@CommuterLine Yg selalu bermasalah jg green line kan. Adaaaa aja kereta barang lewat lah gangguan sinyal lah. Dan knp itu selalu terjadi pagiiiii dan di hari senin. Busetdah lu semua gapunya SLA apa gmn sih,Keterlambatan
@CommuterLine Ok admin maafkan aq yang salah denger Maintenance nya kalo bisa jangan lama2 sih cape juga orang2 pada numpuk di tangga,Kepadatan
@CommuterLine 1 penumpang telat yg rugi hanya 1 org penumpang tsb. Tp kalau krl telat yg rugi adl ribuan orang penumpang.Tlg direview kembali jadwal rute serpong-tenabang pagi hari (jam sibuk) keberangkatan dr st rangkas/3raksa yg sering telat&amp;penuh jd penumpang numpuk dr serpong s.d pd.ranji,Pelayanan
@CommuterLine lu yg bener aja anjir gue nungguin kereta bogor setengah jam lebihhhh numpuk ini semua di stasiunn!!!!!!!!!!!,Kepadatan
@CommuterLine KRL 1319 BOO-JKT di gerbong female yg paling depan ada masuk 3 pria ga ada securitynya. Ga ada yg berani negur jg. Boleh tolong panggilkan securitynya? skrng lg masu masuk psr mgg baru jadwal 16:58.,Keamanan
@CommuterLine efek pagi dicilebut mash berdampak 1302 tiba di juanda 14:45. Meleset jauh dari jadwal seharusnya padahal empty hour tapi penumpang padat berasa rush hour. https://t.co/tZSUMavA2w,Keterlambatan
@CommuterLine ini kereta kenapa ya pasti ketahan mulu setiap mau masuk stasiun Tanah Abang mana kalo ketahan gak nanggung nanggung bisa 5 menit sendiri udah tau sekarang kalo ke jalur 5/6 rute nya jauh anjrit lah,Keterlambatan
@CommuterLine min hari ini kenapa jadwak kereta 05:56 di bojong gode rute bogor-kota ga ada? Akibatnya penumpang numpuk,Kepadatan
@CommuterLine padahal jalur 4 nya kosong lebih pilih nunggu kereta dijalur 5 berangkat terus masuk ke jalur 5 telat banget inimahhhhhhh dr jadwal,Keterlambatan
@CommuterLine @frhsyx @AnkerTwiter Ditindaklanjutinya tuh diapain lagi min? Harus jelas sih sanksi yg dikasih biar kita semua aman soalnya kasus2 kayak gini yg bikin takut naik di gerbong umum.,Keamanan
@commuterline setres. Jadwal weekend sama weekday beda. Nunggu 15 menit antar kereta. Tobat lu semua.,Keterlambatan
@CommuterLine tolong diajarin petugasnya cara ngatur arus naik turun tangga penumpang. Udah berapa kali petugasnya gak becus. Diem aja. Orang hampir jatoh dari tangga. Kejadian st manggarai. Peron 9/10. Jam 6.46. Ngatur antrian eskalotor juga gk becus. Tunggu ada korban dulu kah.,Keamanan
@CommuterLine @julevinari Bisa ga kak pengecekan di luar ruah hour? Penumpang numpuk. Dari 17.12 di st duri nyampe tanah tinggi 18.2x,Kepadatan
@CommuterLine @subisaja template bener ini jawaban setiap ada yg bilang delay pasti jawabannya begini wkwkwkkw ganti tahun bukannya makin baik tp malah makin bobrok parah parah parah,Pelayanan
@CommuterLine stasiun depok numpuk donkk minnn... Tambah kereta malah numpuk yaaa Mimin gmn sihhh coba donk yukkkk pagi jam brgkt kerja weekdays yaahhh minn jgn weekend turun kelapangan ny..,Kepadatan
@CommuterLine Kereta 1657 rangkas - tanah abang. Gerbong 10 kotor bgt banyak sampah :(((((,Kebersihan
@CommuterLine Ngerasain juga telat kantor grgr kereta tabrakan .,Keamanan
@CommuterLine krl 5136 telat 15 menit masuk sudirman ahirnya kereta penuh sesak dan tiap stasiun susah buka tutup pintu. Dan di krl baru ini ga punya rak bagasi di pojok gerbong jadi ga ada pegangan jalo handgrip sudah penuh Kasian ibu2 samping kanan kiri saya ga ada pegangan https://t.co/RysFFu6Y8B,Keterlambatan
@CommuterLine Nyuruh download app tapi ngestuck terus disini walaupun bolak balik ganti jaringan data ke wifi. App sampah wkwk https://t.co/VBBit4aQ9k,Pelayanan
@CommuterLine aahh kena prank annoucer di st bogor jadwal nya kacau,Pelayanan
@CommuterLine Alhamdulillah aja di amin in.. jalur GREENLINE jadi anak tiri teroos srtiap hari ribut antar sesama penumpang karena kita sama2 mau kerja.sudah ketinggalan 1-2 kereta di sudimara karena penuh terus di jam 07.00-07.30... jadi kapan lintas ini dapat krl 12 rangk. dan krl baru??,Kepadatan
@CommuterLine minimal petugas kasih informasi jgn blg bntr bntr mulu anjir. Ini mau naik primajasa jg udah gaada mau keluar jg susah grgr membludak di ckr. Stres bgt kai petugas malah pd ngilang,Pelayanan
@CommuterLine @KAI121 4078 makin delay tiba bekasi timur. Bisa delay 20 menit 4078 tiba bekasi timur. Makin bodo saja KCI.,Keterlambatan
@CommuterLine St Depok sayang tadi pagi ga ke foto papan jam kedatangan dari kereta jadwal jam 7.14 selanjutnya ada lagi jam 7.25. Sy kasi screenshot dari Jadwal di apk dulu aja ya jaraknya dari jam 7.15 ke 7.21 bahkan kadang realitanya bisa ngaret ke 7.25. https://t.co/gxuKnl6lqB,Pelayanan
@CommuterLine jadwal itu yang jelas. Penumpang numpuk di klender dan dari jam 16:45 gak ada kereta arah bekasi. Ini bikin jadwal 17:09 di led malahan. Mau nyiksa orang? https://t.co/BFWrq5Mdfv,Kepadatan
@CommuterLine ini kereta dari duri ke arah tanah abang manggarai belum jalan2 petugasnya pada kerja ga si?,Keterlambatan
@CommuterLine Kereta Cikarang diperbanyak lagi dong? Ini orang numpuk banget di Kranji gara-gara keretanya Bekasi semua.,Kepadatan
@CommuterLine Manggarai numpuk,Kepadatan
@CommuterLine kenapa skr kereta bogor tiap jam pulang magrib kereta selalu ditahan dicikini lumayan lama dan itu tiap hari jdnga penumpang numpuk kita yg berdiri pegel cape.,Kepadatan
@CommuterLine Kalau telat dapat bonus Tumbler Tuku ngak Min'.?!,Keterlambatan
@CommuterLine bertahun-tahun ga pernah evaluasi. Kalo udh lewat jam 9 malam KRL Duri-Tangerang intervalnya terlalu lama 30 menit. Penumpang numpuk di peron.,Kepadatan
@CommuterLine Ngapain aja sih nih pegawai KRL dr siang,Pelayanan
@CommuterLine Jangan boong min orang ga ada kereta yang nyampe stasiun tanah abang selain 1644 yang telat itu,Keterlambatan
@CommuterLine 5128 sdh penuh padat tolong jgn lama ngetem https://t.co/cXS2JKrdS7,Kepadatan
@CommuterLine saya hari ini tgl 4 okt naik KA Supas (458) dijadwalkan berangkat dari Pasuruan pkl 14.55wib tapi baru berangkat pkl 15.00wib lewat. Kemudian di beberapa stasiun harus tunggu lama sekali karena menunggu kereta lainnya hingga terlambat sekitar lebih dari 30 menit.,Keterlambatan
@CommuterLine Perjalanan KRL Boo-Jakk hari ini ditahan melulu. Makin hari kok makin parah pelayanannya Min?,Keterlambatan
@CommuterLine hobby banget min bikin saya terlambat. Jgn di rush hour dong min hari ini udah coba berangkat pagi dari Sudimara transit di Tana abang lancar. Eh di Manggarai lama banget,Keterlambatan
@CommuterLine oh pantes di duri kereta arah manggarai lama ternyata kereta berhenti di jalur 2 tanah abang sampai 10 menit,Keterlambatan
@CommuterLine jalur rangkas-tn abang ada apa ya? Penumpang numpuk di sudimara,Kepadatan
@CommuterLine Kenapa jadwal 04.43 cicayur arah tanah abang tidak ada saya tanya security gak tau katanya normal padahal saya selalu naik jadwal 04.43 kok bisa ada perubahan sementara di website terlihat ada dan petugas juga tidak bisa informasikan hal tsb. https://t.co/R3T52u8Pho,Pelayanan
@CommuterLine halo kak saya penumpang KRL relasi Kp Bandan - Cikarang via ps. Senen K1 1 91 90 (205-398) tolong minta petugas ke gerbong 10 untuk menegur 2 penumpang yang mengobrol dengan suara keras dan mengganggu penumpang lainnya. Terima kasih.,Pelayanan
@CommuterLine st tanah abang udh numpuk keretanya mana ya?,Kepadatan
@CommuterLine tolong dianalisa dulu deh kalo buat jadwal ngacak-ngacak doang. Ini udah 20 menit krl ga dateng-dateng rush hour penumpang numpuk.,Kepadatan
@CommuterLine kranji biasanya ga serame ini :) kereta pun pada ngaret masih senin loh https://t.co/VxDqQVBeHx,Keterlambatan
@CommuterLine min kereta Jakarta Kota - Tj. Priok kenapa berhenti lama banget ya di tengah-tengah @CommuterLine,Keterlambatan
@CommuterLine inilah kenapa jalur bogor via THB harus diaktifkan lagi klo bergantung sm blue line ya semua jadi numpuk di manggarai klo gangguan,Kepadatan
@CommuterLine @imainsurgent mjb ka tp sumpah @CommuterLine ini udh delay lama banget.. tolong laa,Keterlambatan
@CommuterLine Gw bingung dah kereta 04.58 dr tigaraksa itu bisa telat. Konsep kereta pagi bisa telat itu gimana ??? Masinis nya kesiangan gtu bangun nya sehingga telat ? Kereta pagi aja udah telat aneh gtu...,Keterlambatan
@CommuterLine Hahahaha. Kereta dr Tn Abang ke Rangkas penuh. Smp Palmerah udh ada 2 cowok yg jongkok dan duduk di lantai. Smp Kebayoran ada Keamanan stasiun lht mereka. Ditegur lah disuruh berdiri. Tp mereka belum berdiri oknum Keamanan udah jalan keluar. Kereta 204-22 K1 91 54.,Pelayanan
@CommuterLine Yg ketahan lama kereta dari kramat jd ketinggalan cikarang harus nunggu setengah jam,Keterlambatan
@CommuterLine Gangguan rel tapi kereta jawa lewat asuuu lu kai,Keterlambatan
@CommuterLine udh bagus dari green line ke blue line pas mau berangkat kerja pas mau pulang kerja benet² numpuk parah buat ibu² hamil,Kepadatan
@CommuterLine 30 menit Nunggu kereta arah Bekasi setiap pagi karena selalu kesalip kereta jarak jauh .Evaluasi lah min jadwal pagi antara jam 07.00-07.30,Keterlambatan
@CommuterLine Min...ga ada rencana buka pintu pejalan kaki sementara gt di St.Serpong? Pintu kecil yg ke arah perkampungan tuh melewati proyek pembangunan stasiun bahaya tau min. Kdang lg nge-las kadang ada truk2 besar belom lagi tkt tb2 ada benda2 proyek yg jatoh dr area pembangunan,Keamanan
@CommuterLine @tanyakanrl tolong banget inimah KAI kasian mama saya kalo mau pergi2 naik kereta jadi takut pergi sendirian. Tiap mau naik harus mintol orang narik dia dari atas,Keamanan
@CommuterLine emang boleh rangkaian 5597 seterlambat ini? Udah mau jam 10 iniiiii biasanya gak sejelek ini loh headway kalian. Capek kerja capek nunggu kereta jalan juga,Keterlambatan
@CommuterLine kasihan lansia harus jalan kaki susah payah naik tangga panjang di stasiun Kranji gara2 lift rusak(lagi). Ga ada juga sekuriti yg bantu. Pelayanannya yok ditingkatkan. Sama tingkatkanlah kualitas suara speaker di stasiun supaya bikin orang ga salah naik jurusan. https://t.co/XTHjgz0AUc,Pelayanan
@CommuterLine kalau pagi dan jam padat untuk krl kenapa 8 rangkaian ya? yang ada numpuk padat banget. coba dilihat trend penumpang di jam² padat biar bisa lebih baik,Kepadatan
@CommuterLine hi min krl tangerang duri yang jam 6 lewat agak delay ya sampai nya. Karena kemarim gak jam segini perasaan.,Keterlambatan
@CommuterLine woi stop pake kereta 8gerbong senin chaos bgt kereta padetnya naudzubillah min kalo saya mati kegencet didalem gimana min yaAllah,Kepadatan
@CommuterLine @naidaa61 Harsnya KAI jgn seenaknya membuat peraturan sprti itu dong...kami yg tdk libur hrs berdesak an di stasiun sdgkn pas kreta masuk isinya sdh penuh sesak.ribuan penumpang terbengkalai.,Kepadatan
@CommuterLine Jadinya telat 10 menit dari jadwalnya min lancar dan tepat waktu apaan kalau boleh tahu ini. Kalau mau nyelonong jadwalnya jangan di jam sibuk lah. Sudahlah makin kegencet bikin telat pula,Keterlambatan
@CommuterLine Apakah Polri @DivHumas_Polri tidak bisa membantu membersihkan (menertibkan) supaya #PelayananPublik bisa terus berjalan? Pelanggan yg belum terlayani padat di sta. Tanah Abang.b #AduanKRL @OmbudsmanRI137 https://t.co/8wSzLqzI8M,Kepadatan
@CommuterLine @Mafifdzulfiqar1 Kereta lokomotif bisa ga si jngan parkir di stasiun jakot bikin telat,Keterlambatan
@CommuterLine dear KAI. bisa gak sih kalo kereta line Cikarang peron 2 stasiun Tanah Abang itu nunggu penumpang naik dulu? bahaya bgt lagi banyak penumpang yg turun dari peron 3 pada kegencet pintu. tolong ya ini bahaya banget. mohon diperhatikan lagi,Keamanan
@CommuterLine Manggarai numpuk nih,Kepadatan
@CommuterLine Sini kau anak kontol senyum sambil dempet2 jadi pepes di KRL Tangerang. Makin bobrok.,Kepadatan
@CommuterLine Saya hari ini tanya ke satpam KCI yang bertugas di Stasiun Serpong ada berapa kereta yang waktu keberangkatan awal dari Stasiun Serpong? jam berapa aja? Satpamnya menjawab hanya ada jam 6:12 &amp; 7:12 wah padahal kereta yang ke Rangkas bitung lebih dari dua kali dengan penumpang,Pelayanan
@CommuterLine min knp KRL tiap pagi masuk Jakot sll ketahan lama mulai dr gambir??? ganggu bgt buat para pekerja.. klo ga bisa atur ganti aja petugasnya or kepala skaliann,Keterlambatan
@CommuterLine Min kereta rangkas bitung - tanahabang masih tertahan di stasiun parung panjang menunggu brp lama ya ??,Keterlambatan
@CommuterLine KRL gangguan transit di manggarai KRLnya ngetem wey min ini kereta bukan angkot nunggu penuh baru berangkat. Tolong lah KRL @CommuterLine,Keterlambatan
@CommuterLine hadeh imbasnya telat naik bus ke kantor. udah kereta dari manggarai telat skrng gangguan,Keterlambatan
@CommuterLine Untuk pintu masuk semua diarahkan dari jl perjuangan yg dr arah juanda dikosongkan saya gatau knp harus dikosongkan antrian masuk jd memanjang &amp; cukup crowded. Dipukul 7 Pagi hari ini. Saya tanya petugas knp ditutup yg sebelah sana bikin arah masuk jd padat Mbaknya angguk2 aja,Kepadatan
@CommuterLine Terimakasih senin kami numpuk g jelas lagi nunggu kreta masuk di stasiun bogor,Kepadatan
@CommuterLine punten KAI yang terhormat kereta ini dengan gerbong eksekutif nomor kursi ini BAU BUANGETT r 30 menit duduk ga nyender help https://t.co/ilkUkbmdn6,Kebersihan
@CommuterLine Buset deh udah numpuk nih sudirman,Kepadatan
@CommuterLine Numpuk dah numpuk,Kepadatan
@CommuterLine min ini di gerbong kayanya ada sarang kecoa deh. KA 1780 line Tanah Abang - Rangkasbitung. Gerbong 9. Masih kecil sih. Tp kalo gede apa ga ngeri klo terbang kemana mana @jalur5_,Kebersihan
@CommuterLine Peron arah bogor pintu di buka langsung bau kalian chek lah,Kebersihan
@CommuterLine menurut jadwal kereta tujuan angke jam 7.47 sampai manggarai. Tapi ternyata telat 15 menit. Penumpang menumpuk,Kepadatan
@CommuterLine ini di Sudirman arah Duri numpuk min ada apakah?,Kepadatan
@CommuterLine Iya niih setiap buka pintu bau menyengat karet,Kebersihan
@CommuterLine ini ada gangguan apa ya? biasa 7.48 udah di manggarai dan udah ada kereta ini 08.23 msh nunggu kereta,Keterlambatan
@CommuterLine woyy ini jurusan bogor jakarta udh diem di lenteng agung lama kasih tau kek ad apa sampah bgt pelayanannya,Keterlambatan
@CommuterLine buset dah min baru kali ini ngeliat kecoa jerman banyak di sela sela bawah kursi harus di treatment si https://t.co/HsdMMZWn2s,Kebersihan
@CommuterLine Pondok cina manggarai atau jakarta kota biasanya 11.59 jakarta kota manggarai 12.03 skrg manggrai 11.59 jakarta kota 12.15 kacau,Keterlambatan
@CommuterLine duh kenapa kereta telat bgt yaaa min,Keterlambatan
@CommuterLine ini kereta ke bogor mana min? Jam segini penumpang udah numpuk di Gondangdia,Kepadatan
@CommuterLine waduh semoga selesai dgn cepat penumpang krl arah tgr semakin numpuk di stasiun duri,Kepadatan
@CommuterLine udah ditanganin di st matraman tadi tapi aduhh lama bgt penanganannya min komunikasi antar petugasnya juga lambat bgt,Pelayanan
@CommuterLine halo min tolong ini KA 432 udh delay 1jam setengah,Keterlambatan
@CommuterLine jelasin ke guee kenapa bisa penumpang numpuk di tanah abang terus di manggarai jugaa samaaa. Nggak biasanya kaya gini jam segini katanya Gapeka baruu,Kepadatan
@CommuterLine Barusan direvisi sama Announcernya aduhhh lain kali jangan begini lagi dong min bikin ricuh tau gak! Bisa kasih penjelasan gak min kenapa begini?,Pelayanan
@CommuterLine konsumen tidak butuh sekedar ucapan maaf @CommuterLine yang dibutuhkan itu mitigasinya gimana biar gak numpuk tambah armada atau apa kek masyarakat gak butuh sekedar maaf min @CommuterLine,Kepadatan
@CommuterLine 1762A kebiasaan nih anjing . Udah di suruh berangkat ga berangkat . Nunggu di info 2x baru tutup pintu . CSOTnya budek apa gmana sih . Tai bikin telat makin telat aja anjg,Keterlambatan
@CommuterLine @jalur5_ bisa ngga ya bantu tegur ibu2 yg suka ngeluarin ikan asin pas mau sampe st duri? dia naik di gerbong ke tiga biasanya naik kereta yg sampe di duri jam 7:30-7:40an saya gatau dia naik dr st apa. saya gaberani foto krn takut melanggar privasi. -c,Kebersihan
@CommuterLine Harusnya di informasikan di awal mana tau kalo lift yg di peron arah jakarta mati. Udah gtu security nya jauh pula gaada di tempat penyebrangan/crossingan udah 3 hari soalnya kaya gini‍️,Pelayanan
@CommuterLine Gerbong 10 khusus wanita. Pagi ini saya daapt kereta ini lagi tapi selalu aja ga dingin atauupun angin jadi bikin engap dalem gerbong. Tolong ya di perbaiki atau di tambah kipas biar ketika penuh kita engga sesak didalam.,Kepadatan
@CommuterLine gess kalian yg dari Cakung naik dari Bekasi aja kalau dari Kranji Cakung dan seterusnya gak akan bisa naik udah numpuk. tadi aku langsung puter arah ke bekasi biar naik dari bekasi.,Kepadatan
@CommuterLine Kebiasaan kl ada delay nunggu dikomplen dulu kaga diinfoin di soeaker dalem gerbong,Pelayanan
@CommuterLine pembunuhan terencana KAI kereta harusnya berangkat jam 07.06 jam 07.05 baru dateng dan pasti berangkatnya ga jam 07.06 terus numpuk deh seneng banget nyiksa penumpang ya kalian @KAI121 @perkeretaapian https://t.co/qqzNmeJNSp,Keamanan
@CommuterLine tolong diperhatikan jam sibuk..setidalnya gerbong kreta jgn yg 10 gerbong..kaaihani kami penumpang udah kayak pepes,Kepadatan
@CommuterLine Min kenapa sih masuk manggarai yg dari bogor lama banget tertahan? Kan bisa nunggu pergantian di manggarai jadi kita gak kelewat kereta ke angke. Tolonglah jadwalnya.,Keterlambatan
@CommuterLine gangguan kahhh? biasanya dr bojonggede kereta manggarai jam 06.45 ini jam 06.50 baru sampe numpuk bgt penumpang :),Kepadatan
@CommuterLine kebiasaan deh harusnya berangkat dari bgr jam 7.30 tapi kok nyampenya sama aja kaya gue naik jam 8 ngaretnya keterlauan banget si kebiasaan jelek jgn di bawa2 ke operasional dong harusnya gue udh sampe kantor ini maah baru turun mana padet bgt!,Keterlambatan
@CommuterLine delay banget ni tujuan rangkas. ngantuk,Keterlambatan
@CommuterLine iya kereta ketahan perkara kepala kereta domestik ada di tengah2 rel antara gambir dn juanda yg dimana jalur itu dipake untuk kereta jkt-bog berjalan. yg tdnya 2 jalur jd 1 jalur. gokil sih mempermaikan waktu,Keterlambatan
@CommuterLine gitu banget deh min. masa sekarang kp bandan via manggarai atau ke angke setengah jam sekali di jam2 rush hour brgkt kerja ginim capek banget tiap naik krl jadi cendol grgr manusia-nya numpuk. aneh pokoknya anehhhh,Kepadatan
@CommuterLine min ini kereta jalur rangkasbitung di st tnh abang kapan mau jalan sih? setjam nunggu. yg bener aja.,Keterlambatan
@CommuterLine pelayanannya makin lama makin memuakkan. bikin sengsara penumpang. gue naik dr manggarai arah ke depok kereta ngetem lama bgt. mana gue didalem kereta penuh org mau keluar ganti kereta ga bisa ditinggal 2 rangkaian kereta yg dtg belakangan. ga jelas ini KAI taek,Keterlambatan
@CommuterLine semangat bikin delay nya,Keterlambatan
@CommuterLine WOE INI TOLONG LAH MASA NUNGGU SAMPE 30 MENIT LEBIH MAU KE MANGGARAI DOANG DARI SUDIRMAN SEDANGKAN ARAH TANAH ABANG UDH LEWAT 3 KERETA INI GMN SIH ANJIR???,Keterlambatan
@CommuterLine kereta u telat bgt hari ini wey. Senin malah telat . Kereta dr angke ke duri buat ke Manggarai lama kali,Keterlambatan
@CommuterLine Aku gak tau nomor KA nya kak cuma emang selama nunggu kereta Tangerang dari St. Duri lama banget ya? Bisa 20-30 menit,Keterlambatan
@CommuterLine @AsdoAr @perkeretaapian @KAI121 Terjadinya pelecehan seksual krn ada kesempatan yg diberikan PT KCI dg jadwal CL yg telat setiap hari maka CL pasti padat setiap hari dg begini PT KCI beri peluang buat pelaku pelecehan seksual. Mana antisipasi PT KCI himbauan aja https://t.co/0uVm8Udq6G,Keamanan
@CommuterLine akhir² ini krl tangerang delay.. udh 2x kali ini gatau ada gangguan apa di Poris.. bukan menyalahkan keadaan tp para pengguna transum ini jadi bisa ngaret ngantor :'( kira2 bisa kah KAI krl buat pernyataan resmi yg bisa dipakai utk izin ke perusahaan kek Jepang?,Keterlambatan
@CommuterLine penumpang numpuk di duri peron 2 tapi ga ada kereta arah manggarai sampai di atas jam 9? Yang bikin jadwal siapa ini?,Pelayanan
@CommuterLine grgr kereta kampungbandan - cikarang diturunin seenaknya di manggarai kendalanya apa ya? Manggarai numpuk https://t.co/gG5IYdr9NZ,Kepadatan
@CommuterLine sekedar kritik dan saran aja min. Pagi ini sya naek kereta Bekasi itu jeda nya knapa lama bgt yah huhuuuu saya nunggu dari 5:38 dan kereta dtg 5:58 20 menit nunggu lama bgt dan alhasil jd penumpukkan bgt dari Bekasi. Coba gmn jdwal yg sbnernya,Pelayanan
@CommuterLine Ancur banget jadwal ke cikarang sore ini. Hampir 2 jam dijalan. Kereta terlambat datang,Keterlambatan
@CommuterLine GAPEKA ini sangat amat gak peka sama penggunanya. Kereta telat jadwalnya kacau. Udah 2 hari nih numpuk di stasiunnn @PTKAIIndonesia @CommuterLine jadwal yang lama itu udah sesuai malah dirombak gak jelas. gambar 1: kepadatan Tanahabang gambar 2: numpuk di Pondok Ranji https://t.co/Tc6WAEGW1Q,Pelayanan
@CommuterLine knp kereta bgr - jkt jadwal 7.20 baru brngkt 15 menit kemudian min? Knp CS on trainnya gk komunikatif gak ada pemberitahuan telat buat apa ada CS on train kalo gak komunikatif? Mana speaker kereta jelek bgt sember bagusnya klo buat iklan doang sampe polusi suara.,Pelayanan
@CommuterLine ini krl arah kpb kasih lewat jalur 2 lah anjirrr. Udah numpuk di bkst,Kepadatan
@CommuterLine @KAI121 minta tolong terhadap security di stasiun depok lama. Utk peneguran yg sangat tidak ramah dan terlalu kasar smp pegang tangan emg saya mau maling ya. Tolong diperbaiki lagi menegur customer sangat tidak berkualitas terima kasih https://t.co/18E91KvzML,Pelayanan
@CommuterLine Tolong dong min kalo pengecekan jgn jam segini jam rawan plg kerja pegel pol berdiri nih gegara gangguan Disorakin noh sama gerbong depan https://t.co/15XOgfE4lH,Keterlambatan
@CommuterLine baru sampe di matraman jam 7.23 tiap hari ngaret keterlaluaann kacau https://t.co/ilQTTgtXRs,Keterlambatan
@CommuterLine CL Dhoho 401 masih telat aja tiap hari anjing hari ini tambah parah. Kereta kok jadwal kedatanganya selalu gak sesuai gapeka,Keterlambatan
@CommuterLine ni kereta nambo berangkatnya gimana sih min. Kadang in time kadang telat bermenit2. Ga cuma jam 5-8 aja orang ngejar waktu masa keberangkatan jam 9 ke atas seringnya molor,Keterlambatan
@CommuterLine @KAI121 5529 bisa tepat waktu juga masuk bekasi timur 08.30 sesuai dg gapeka jika hari ini bisa sesuai jadwal knp kemarin2 tidak bisa ? Apakah hanya hari ini saja bisa tepat waktu besok2 akan kembali delay lagi ???. Admin KCI gimana ????,Keterlambatan
@CommuterLine Ini k 6062 di sinyal masuk stasiun cakung dari 19:28 - 19:33 ketahan nunggu 5564 berangkat cakung dulu kan jadinya. Parah parah,Keterlambatan
@CommuterLine min tolong kalau malam security yang siaga di peron diperbanyak. Barusan banget naik di lenteng diikutin orang nggak jelas pake hoodie kupluk warna item. Saya langsung jalan cepet ke peron depan tempat gerbong wanita karena di peron tengah nggak ada yang jaga,Keamanan
@CommuterLine Setelah pak Jonan gak di kereta api mulai lalai perawatan anda ya. Koreksi itu kebijakan2. Termasuk dalam pemilihan merk eskalator. Yang sering mati di banyak stasiun! Jangan alasan overload. Anda sdh prediksi bakal mengangkut 2jt penumpang per hari di 2019!,Pelayanan
@CommuterLine knp sih u pagi2 udah drama aja? Gue ga bisa naik kereta yg biasanya krn padat bgt padahal dari Stasiun Bojong loh. Lagian masih dipake aja tuh kereta 8 gerbong huhu.,Kepadatan
@CommuterLine jadwal ga pernah konsisten ya. Dari tanah abang ke kemayoran harus nunggu 3 kereta yg rutenya cuman ke angke doang. Padahal yg butuh kereta ampe kemayoran banyak dan udah nunggu lama. Kan bisa rute yg kearah kemayoran dijeda 2 kereta yg cuman ampe angke.,Keterlambatan
@CommuterLine Iya kasian banget banyak prioritas yang ga dapet duduk dan kegencet pula Apalagi di stasiun cikarang lift yg harusnya buat prioritas. malah prioritas yg harus ngalah karna takut kegencet + didorong,Keamanan
@CommuterLine Min @CommuterLine kapan si sta tn abang baru dibuka semua pintu dpnnya... biar gaa padha numpuk yg kluar masuk. (Kl gatau tanya dl ma yg tau ya Min.. makasi),Kepadatan
@CommuterLine Gap nya biasanya max 5 mnt skrg lebih. Penumpang udh numpuk. Petugas krl nya udh liburan kah? Lolasi di tebet https://t.co/LPmZv23vVF,Kepadatan
@CommuterLine @KAI121 manggarai min apalagi speaker di peron bawah 7 8 9 jadi harus nanya ke petugas terkait info yg disampein via speaker. tolong ya min,Pelayanan
@CommuterLine Kak tolong banget dong udah berapa kali dibilangin kereta 5016 MRI-CIKARANG diusahakan jangan telat bahkan 1 menit pun. Karena lewat 1 menit aja jadwal udah berantakan ngerti ga si.,Keterlambatan
@CommuterLine halo min ini di St tanah tinggi line tangerang ada apa ya keretanya telat brangkat dan numpuk di st tangerang ...,Kepadatan
@CommuterLine @adiyaksaputra normal apanya ya kereta telat penumpang numpuk normal dari mana bang?,Kepadatan
@CommuterLine tolong di stasiun kampung bandan antara indomaret dan roti O ada kardus isinya anak kucing tolong di evakuasi takut ketendang orang-orang,Keamanan
@CommuterLine Stasiun Duri 26/09 jalur 2 arah Bekasi 23.12 tolong donk petugasnya standby &amp; tegas ada org nge-vape di area peron stasiun koq bs kecolongan? Bukannya area dilarang merokok itu termasuk vape/pods juga. Lagian tuh org sok iye banget pke ng-vape di area peron berasa keren kali.,Pelayanan
@CommuterLine Tolong dong jadwal kereta kampung bandan senen sama cikarang via senen jangan tabrakan jadwalnya sampainya. Ini antrian rajawali panjang banget. 15mnt saya antri. Waktu kebuang. Yg kerja jadi telat https://t.co/5g1v5EWfJz,Keterlambatan
@CommuterLine kacau bgt jadwalnya!!! 5:20 dari Bogor ini 6:56 nyentuh Gambir aja belum!! Pagi2 udah bikin kesel aja ya KAJJ terus diprioritaskan lu kira yg naik KRL juga gak punya kepentingan?,Keterlambatan
@CommuterLine girl kereta lu delay lama bgt ke bogor in MONDAY morning,Keterlambatan
@CommuterLine Banyakin rangkainnya min...jangan 8 gerbong ..biar ngak kayak pepes...,Kepadatan
@CommuterLine ini KRL di pd ranji arah rangkas jam 06.46 sama 06.56 ko gak lewat2 ya? Tau-taunya ampe jam 7 lebih malah kereta batubara yg lewat. Gila jam 6.20 udah standby gak berangkat2 ini. Kacauuuuu. Telat gawe padahal berangkat dah nyubuh ini. Sue bener https://t.co/FOtEpLjxQG,Keterlambatan
@CommuterLine @coheelatte Tolong di evaluasi jadwal yg ke cikarang saat pulang kantor (rush hour). Nunggu kereta bisa 20-30 menit saat ada penuh bgt mana ketahan trus samakereta api jarak jauh.. Cape bgt setiap pulang kerja begitu,Keterlambatan
@CommuterLine Tolong infokan ke bagian yg berwenang tinjau ulang lagi itu jadwal yg kreta balik Bogor Manggarai Bikin padet yg dari jakarta kota min Ayo naik Comuter line,Kepadatan
@CommuterLine @elsunandar Minta diperhatikan juga @CommuterLine di stasiun kampung Bandan yg di atas peronnya rendah banget jadi kalo naik kereta jurusan kota yg Priok mau turun di stasiun kampung Bandan harus lompat.. ngeri utk penumpang orang tua,Keamanan
@CommuterLine Bos mau tanya nih jalur ke Rangkas di Tanah Abang emang sengaja dibiarin padet banget? Ga kayak dulu ada dua KRL yg tersedia nih?,Kepadatan
@CommuterLine INI KENAPA YA KRL BOGOR - JKT KOTA GA JALAN DARI TADI STUCK DI MANGGARAI??! KASIH PENJELASAN DONG PETUGASNYA PADA DIEM AJA!! KALO EMG GA BISA DILANJUT PERJALANANNYA TOLONG DIINFO INI MAKIN NUMPUK 2 KERETA JKT KOTA GA JALAN.,Pelayanan
@CommuterLine @RMU_ID Gmna nih pengelola parkir tanggung jawab nya? Security stasiun gk ada yg merhatiin juga itu orang ngambil helm.,Pelayanan
@CommuterLine Hari ini tanggal 17 desember 2025 KAI telah lalai dan mengorbankan ribuan pengguna commuter line. Berapa ribu orang telat berapa ribu orang dorong dorongan berlebihan bahkan berkelahi. Dan mereka sekedar minta maaf yang tak tulus. @prabowo @Gerindra,Keamanan
@CommuterLine @ozzan @KAI121 @CurhatKRL @krlmania Ya gimana orang ga buru2 lari2 desek2an min Kalo sekali ketinggalan nunggunya lama buat kereta berikutnya Numpuk dah semua di manggarai Ketersediaan kereta ga memadai sebagai stasiun central dengan jumlah manusia yang sebanyak itu.,Kepadatan
@CommuterLine Tolong min coba dipikir untuk headway green line bisa diperpendek jadi sekitar 5-7 menit untuk bisa sampai di stasiunnya. Parah banget ini numpuk nya di tanah abang,Kepadatan
@CommuterLine 1762A kebiasaan nih anjing . Telat masuk langsirnya juga lama penumpang jadi numpuk . Dan skg ga langsung di berangkatin . Anjing emang,Pelayanan
@CommuterLine ckr - kampung bandan via ps senen kenapa delay? Biasanya 8:05 udah tersedia. Sekarang 8:27,Keterlambatan
@CommuterLine @Dwianwan @KAI121 Kebanyakan nyatet mulu gak ada actionnya. Pake pembatas min kek di konser. Masa kudu dikasih tau sih harus ngapain. Pegawai commuter kagak pernah naik kereta di rush hour sih,Pelayanan
@CommuterLine pls laaa minnnn tangerang line tambahin dong msa jalur lain doang kereta baru baru tangerang udh dikit lama ngaret kereta sejadul apaan tau,Keterlambatan
@CommuterLine @jalurbekasi eskalator naik stasiun bekasi error mulu tiap pagi. Padahal.lagi ramai. Kemarin sampai ada ibu2 sakit susah naik tangga yang tinggi itu ga ada sekuriti bantuin. Masalahnya apa eskalator???,Pelayanan
@CommuterLine min ini pengecekan kereta dr tangerang arah duri brp lama ya? Udh nunggu 30 menit di stasiun kalideres keretanya blm ada juga,Keterlambatan
@CommuterLine Ga dijawab nih kenapa delay? Ga tau sebabnya? Kalian kerja ga sih?,Pelayanan
@CommuterLine tolong lah ini KRL cikarang udah pagi gangguan masa sore gangguan juga sampe ngaret dan jadwal banyak yang dibatalin,Keterlambatan
@CommuterLine mulai dah ngaco lagi jadwalnya elah kapan benernya sih bikin telat aja jam segini belom nyampe juga https://t.co/S9UKvQLrwH,Keterlambatan
@CommuterLine @ramadhanijani Tangga manual di stasiun duri ga manusiawi belom lagi numpuk sama kereta jalur lain. Numpuk semua ini orang di peron atas,Kepadatan
@CommuterLine halo min mohon diinfokan petugas loket di stasiun tebet dong saya isi KMT 300.000 saldonya cuma masuk 210.000,Pelayanan
@CommuterLine kenapa pengguna bisa sampe numpuk di peron bawah Stasiun Sudirman? sebelum gapeka baru dan kebijakan transit Manggarai kayanya nggak pernah euy pengguna numpuk di peron bawah arah Manggarai sampe harus antri di area Indomaret-Roti O gituu @CommuterLine,Kepadatan
@CommuterLine ini line tanah abang ada apa ya???? Jadwal 5;55 dr sudimara gaada alhasil numpuk di dtasiun,Kepadatan
@CommuterLine Termasuk bersukur ya kereta datang meskipun telat. Kayak KA 5053 selasa dan rabu ini ya min. Apalah ontime itu,Keterlambatan
@CommuterLine knp jadwal ke bekasi lama ya?? Dr jam 7 masa g ada kereta ke bekasi sampe numpuk penumpang di st karet,Kepadatan
@CommuterLine Petugasnya ga di gerbong kak dan karna tidak ada yang mengalah satu kursi malah jadi empat orang,Pelayanan
@CommuterLine siang ini sy naik commuterline tujuan Bekasi dr stasiun Klender Baru jam 15.39 ketika sy masuk gerbong bau pesing. Sprti bekas org pipis digerbong tsb. Pdhal sy pakai masker tp bau pesingnya nembus ke masker sy. Sangat tdk nyaman. Tolong diperhatikan.,Kebersihan
@CommuterLine tolong di tatar security di peron atas stasiun Manggarai penumpang turun dari bogor mereka malah cuma ngeliatin aja nongkrong sambil nyender ngeliat penumpang bejubel turun tangga bukan nya menguraikan penumpang.. Mereka cma mau liat penumpang cw2 turun x.. Kacau!,Pelayanan
@CommuterLine stresss bgt jadwalnya di kereta mau numpuk2 an trs arah manggarai biasa 08.30 ini harus nunggu sampe jam 08.41 kacau kacau,Kepadatan
@CommuterLine @CurhatKRL Kejadian lagi pagi ini di st.Bogor.kereta datang dan mau jalan bersamaan dijalur 4 dan 5 yang sempit peronnya. Efeknya keberangkatan terlambat karena penumpang sulit naik atau turun.semoga bisa diatur jalurnya agar tidak bentrok.jalur lain masih kosong https://t.co/6Ez5fkzS3Z,Keterlambatan
@CommuterLine yg ngatur jalur di bekasi bodo kali ya kereta 4023 telat dari cikarang 5527 biasanya dijalur 4 pindah ke 7 4023 dr masuk jalur 5 pindah dari 4023 ke 5527 di suruh lari2. Apa ini yg namanya utamakan keselamatan. Mana direksi KCI.,Keamanan
@CommuterLine woilah ini udh nunggu lama di gambir nunggu sinyal aman sekalinya jalan kereta luar kota bgst,Keterlambatan
@CommuterLine dampak perubahan jadwal krl penuh buat nafas aja susah harus bukan jendela krl. Waktu nunggu lama jarak kereta bisa 5-10 menit. Pas masuk gerbong sudah penuh dan barisan di peron udh numpuk. Drpada nyusahin penggunanya mending kembaliin lg jadwal sebelumnya,Kepadatan
@CommuterLine 5752 12 SF dan 5754 12 SF tujuan MRI kosong melompong berbanding tetbalik dg 4080 10 SF tujuan cikarang padat entah pikiran yg ngatur ini di KCI https://t.co/issIauDiL3,Kepadatan
@CommuterLine Tapi kejadian di lapangannya malah bikin numpuk. Jadi gak lancar deh gimana dong?,Kepadatan
@CommuterLine bisa ga sih jangan 10 rangkaian mulu yg dateng ke cikarang cuma 10 kadang berangkatnya delay apa ga makin penuh,Keterlambatan
@CommuterLine TOLONG YA MIN edukasi lah satpam yg jaga peron 5 &amp; 6 st. jatinegara. Masa krl angke telat peron udh penuh ditanya ada apa jawabnya gatau orang saya baru . APASIH! Ya kita ga peduli ya mau baru kek lama kek kaya ga ada pelayanan securenya gitu sebagai security,Pelayanan
@CommuterLine BAU BAUNYA TELAT LAGI INI MAH GW kereta Cikarang bandan via Senen jam 08.00 belom Dateng! Ada masalah apa si kalian!,Keterlambatan
@CommuterLine ini gangguan operasional di Stasiun Bekasi sampe kapan ya? Di Stasiun Cakung udah numpuk banget nih orang2 hadehhh,Kepadatan
@CommuterLine Kalau ada trouble diumumkan jgn biarin org nunggu tanpa penjelasan. Casenya di st Duri penumpang sudah membludak karna kereta Tangerang lambat dtg jadi saya penumpang memilih naik basoetta saya beli tiket jam 08.18 tapi sampai jam 08.30 tidak ada pemberitahuan,Pelayanan
@CommuterLine @KAI121 Iya jadiin evaluasi tolong banget ini mah jeda kereta lu 30 menitan anjeng telat 5 menit aja penumpang udh numpuk!!! Mana hari2 lu PASTI telat tolong mikir dikit aja ya I BEG TO YOU,Pelayanan
@CommuterLine @nadirasfhr @KAI121 Tolong untuk security ya di rapikan lagi dan di benahin jangan seperti penjahat seragam,Pelayanan
@CommuterLine serem bgt kereta K1188242 kyknya di timpuk pke batu sampe kaca nya retak untung gak ada korban.,Keamanan
@CommuterLine Sudah 3 jam yang lalu min...rute tnh abang Jurang Mangu gerbong 9 sangat disayangkan sdh tdk ada announcement himbauan dilarang berbicara securitynya baru menegur stlh tau saya mau report ini.,Pelayanan
@CommuterLine @estuadharaya biasanya kereta sampe tenabang pnp langsung naik kereta lagi.. skrg nunggu langsir dulu jadinya numpuk wkwk,Kepadatan
@CommuterLine ini mohon segera diperbaiki. Kalau tidak flow arus penumpang di St. Manggarai akan makin kacau!,Kepadatan
@CommuterLine hari ini bukan telat masalahnya tapi hampir meninggal di kereta ini. Perkara kereta 5055 ga dateng2 jadinya yg diberangkatin duluan di jam NORMAL yang 5057.,Keamanan
@CommuterLine tolong kereta ke jakarta dari citayam setelah 07.48 jangan 07.58 gap nya terlalu lama,Keterlambatan
@CommuterLine Minn ini kereta cikarang angke kok jdi delay terusss ya? Apa ini kena dampaknya? Mohon bantu infonya donggg biar bisa menyesuaikan waktu berangkat kerja,Keterlambatan
@CommuterLine mau ngasih saran yang mungkin harusnya bisa diterapkan lebih ya. coba untuk satpam disetiap stasiun terutama pondok cina kalau sudah melihat ada yang sedang kesakitan/ lainnya yang membutuhkan bantuan dengan sigap membantu gitu bukan hanya melihat saja. trims.,Pelayanan
@CommuterLine 20.40 20.55 di lapangan ga ada tuh min. Adanya 20.40 pulang dipo. Saya di manggarai dr 20.25 - 20.56 ga ada rute ke duri. Di papan LED ada pukul 21.00. Tolong min ditinjau lagi jadwal arah Duri. Terlalu lama gap waktunya untuk 1 kereta lebih dari 30 menit.,Keterlambatan
@CommuterLine min kaga mau ganti Gapeka nih jadwal Commuter Bandung Raya. udah lama ngaret mulu dari jadwal nih BD - CCL 17.55 biar pax jg pasti ke stasiun jam brp. kdg ngaret 15 menit prnh jg 30 menit hedeeeh. https://t.co/2y2aMhWRw4,Keterlambatan
@CommuterLine kenapa ya min di jam2 rush hours / jam2 kerja kereta dari bogor kok cuma 8 gerbong. Nyiksaa bgt kegencet banget. Malah kereta yg 12 gerbong diluar rush hours. Kenapaa miin,Kepadatan
@CommuterLine @CommuterLine min apa karena mau libur nataru jadwal krl semuanya delay yah? jujur buat yang masih kerja kaya aku gini jadi telat terus tolong di perbaikin lgi dong min jadwal nya,Keterlambatan
@CommuterLine di st duri.. pagi ini. Jam 8.15... sdh 25 menit tidak ada kreta ke arah tanah abang manggarai... Penumpang numpuk... @CurhatKRL ADA APA INI?,Kepadatan
@CommuterLine Itu mesin TAP stasiun sudimara mending ganti baru semua. Banyak yg rusak bikin antri. Udah kereta telat TAP antri makin tambah telat ya‍️ Semua yg naik kereta bayar fasilitas dan jadwal kok malah bobrok berbulan2 gak ada perubahan sama sekali,Pelayanan
@CommuterLine min hari ini kenapa kp bdn-tnh abang telat hampir setengah jam jd padat bgt tolong jadwal diperbaiki apalagi jam2 rawan,Keterlambatan
@CommuterLine petugas di kp bandan line cikarang via ps senen pada afk ga ngejagain? udh keseringan bgt orang2 yg mau keluar kereta malah didorong kedalem sama org yg masuk. kaya gini kan bahaya. gw hampir baku hantam gara2 petugas lu afk.,Pelayanan
@CommuterLine CKR-KPB via PSE saat jam keberangkatan kerja yaitu jam 06.06 wib dan 06.38 wib. Sebenarnya kalo tepat waktu gak masalah. Ini yang jadi permasalahannya yang jam 06.38 suka gk tepat waktu keberangkatannya karena jam2 kereta jarak jauh datang dan berangkat. Jadi molor terus..,Keterlambatan
@CommuterLine Wah kacau bener ini KRL Greenline tujuan tn abang jadw masuk rawa buntu jam 06.46 molor ke 06.54?? Bahkan kereta arah rangkas udah 2x lewat pun belom dtg juga ini kodok,Keterlambatan
@CommuterLine @emaildariza Gampang banget ya min ngomongnya. Mau geser aja susah krn penuh sesak. Kalau nunggu kereta selanjutnya terancam telat belum lagi kalau keretanya ngetem dulu. Kek gatau aja krl ngetem itu bukan cuma di manggarai tp tebet pasming juga n itu lama banget,Kepadatan
@CommuterLine kereta Lo benerin apa kejebak di pasar Minggu baru nih jangan mogok terus,Keterlambatan
@CommuterLine Kereta di Manggarai arah kb bandan atau Angke jalur 1 dan 2 telat semua. As you know isi nya pekerja lho ke arah Sudirman dan tanah Abang... @CommuterLine #maluah,Keterlambatan
@CommuterLine ini kereta Bogor di Gondangdia kenapa delay banget ya? Awalnya 21:09 sampe sekarang ga ada,Keterlambatan
@CommuterLine min jujur aja ini gangguan jalur dari rangkas/parung/serpong tujuan tanah abang dimana? Mimin postingnya gangguan di keluar kebayoran kereta di sudimara bilang antrian masuk pondok ranji. Gimana orang ga trust issue kalau ada gangguan ga pernah jelas @CurhatKRL,Pelayanan
@CommuterLine Gak cuma di sidoarjo tapi berkali-kali ada pembatasan kecepatan Gak bayangin kalau yang pagi. Udah telat masuk semua pasti yang naik kereta,Keterlambatan
@CommuterLine ada apaansi sampe kereta ketahan gini anjg di st pasar minggu,Keterlambatan
@CommuterLine ini krl arah manggarai dri jam 8 gal ada seharus nya udah ada 2 kereta ini jdi numpuk bgt di stasiun bekasi gak ada pengumuman apa2 klo telat. Kacau,Pelayanan
@CommuterLine Kacau bgt jadwal yang sekarang min tolong dikaji ulang dong. Masa jadwal yang ke pasar senen jadi sedikit dan jarang? Mana jadwal yang stengah 6 sudah gada,Keterlambatan
@CommuterLine Ke tahan deh di daru entah smpe brp lama padahal klo di kasih tau dr awal bisa cari kendaraan alternatif lain. Se simple ini pun commuter line ga bisa ??? Takut banget kehilangan uang dr penumpang ?? Gangguan terus di green line. Ada aja ya allah,Keterlambatan
@CommuterLine @KAI121 dengan dipindahnya jadwal 5529A dari 08.11 ke 08.43 di KCI Access sudah turut membantu pelanggan mengatur perjalanannya kl dibiarkan saja sama aja @CommuterLine MEMBOHONGI PELANGGAN.,Pelayanan
@CommuterLine cek dm min cewek saya kena pelecehan seksual di trayek duri-tangerang jam 16.45,Keamanan
@CommuterLine Biar apa? Biar mereka klo mau naik KRL ga perlu berdesakan karena kami rakyat jelata pada takut di-dor jadi ga segerbong ama mereka?,Kepadatan
@CommuterLine etdah min dr jam 7 - sekarang nunggu kereta arah bekasi dimanggarai kaga dateng2. Numpuk bgt ini orang2 ! Jadwal cm ada jam 19:23. Parah amat,Kepadatan
@CommuterLine numpuk bgt anjir 6.30 sudimara - thb sampe kegencet2. mana dipaksa masuk mulu lagi tiap st,Kepadatan
@CommuterLine Mohon jadi perhatian ya min untuk keselamatan penumpang. saya ingat betul wajah petugasnya. Tiap dia bertugas pasti tidak pernah naik semua eskalator. Jika masih berulang akan saya foto,Pelayanan
@CommuterLine hari ini krl tujuan angke via manggarai yg HARUSNYA jam 6.19 datengnya jam 6.35 trs yg HARUSNYA 6.24 dateng jam 6.42. ada lagi krl jam 6.48 tapi dari CIKARANG dan CUMA 10 RANGKAIAN. Alhasil keretanya penuh udh kyk pepes. emgnya gak ada kerjaan lai kah selain telat?,Keterlambatan
@CommuterLine tolong lebih tegas lagi ya petugasnya min mungkin bisa ditambah lagi sign larangan merokoknya atau dikasih imbauan lewat speaker stasiun. terima kasih.,Pelayanan
@CommuterLine kenapa sering sekali KRL mengalami keterlambatan pada jalur yogyakarta - palur? Saya jadi sering terlambat masuk kerja,Keterlambatan
@CommuterLine kereta tertahan di jayakarta masuk kota lama banget ada masalah apa min?,Keterlambatan
@CommuterLine aplikasi krl access sampai saat ini masih belum bisa digunakan ya min padahal aplikasinya sangat membantu sekali untuk memantau posisi real krl,Pelayanan
@CommuterLine Di Setiap Stasiun Transit di buatkan Smoking Area dong. Jadwal kereta jabodetabek kan banyak ngaretnya so bisa ngurang2in kesel nunggu kereta yang jadwalnya ngaret,Keterlambatan
@CommuterLine Kayaknya ada kereta yang rusak. Tapi jalurnya tetap jalan. Tadi di palmerah dan kebayoran nunggu lumayan lama.,Keterlambatan
@CommuterLine kebijakan gerbong depan &amp; belakang bagus akomodir perempuan. Tapi gak ramah utk stroller bayi ya apalagi kalau yg dorong bapaknya harus ke gerbong yg lebih penuh. Coba belajar ke negara lain ya. @erickthohir https://t.co/SfJKRscpsi,Pelayanan
@CommuterLine mau ngeluh nih. Gue menyayangkan banget kursi di lantai atas stasiun Sudirman udah gak ada. Dan diganti dg banyak tenan. Padahal kursi di lantai atas sangat membantu para commuterss kalo capek dempet an atau jalan abis transit pake TJ,Pelayanan
@CommuterLine Berarti memang benar keretanya tiba terlalu cepat dan securitynya berbohong utk cari aman. Efeknya kereta selanjutnya yg kearah Priuk menjadi penuh Oh iya ini bukan 1st time lho ya.. Do what u say say what you do..,Pelayanan
@CommuterLine Hari-hari jadi pepes di dalam kereta. Good job @CommuterLine !,Kepadatan
@CommuterLine masuk stasiun bekasi ke tahan di stasiun bekasi ketahan mau masuk stasiun jatinegara ketahan 10 menit lebih. 10 tahun gue jadi pengguna KRL yg namanya tepat waktu sama KRL ga ketahan tiap masuk stasiun tuh paling cuma itungan jari. SDM lu sampah asli.,Keterlambatan
@CommuterLine @KAI121 Kejadian udah seminggu yg lalu sy naik krl dari sudirman ke manggarai.. trus kejadian kembali ketika naik krl dari arah Jurang Mangu ke Maja.. Teman juga ada yg diperlakukan sama ketika naik Krl dari Solo-Jogja.. jd tolong bgt min untuk petugasnya yg di dlm krl bisa bantu,Pelayanan
@CommuterLine tolong bgt nih kalo di jam sibuk kerja tuh yg ke arah kota jgn ada kereta cmn sampe manggarai aja jdnya tuh di kereta selanjutnya penuh bgt bgt!!,Kepadatan
@CommuterLine kacau deh KCI kereta gapernah Ontime selalu terlambat penempatan tujuan dan jamnya juga enggak terorganisir. orang harus nunggu 30-40 menit baru dapat kereta padahal Rush Hours,Keterlambatan
@CommuterLine Skali2 jajaran direksi dan staf harus rasain gimana rasanya ada didalam gerbong kereta yang mengalami gangguan dan ketahan di setiap stasiun. Jgn cm bilang mohon maaf doank.,Keterlambatan
@CommuterLine @imampanji37 Kereta Rangkas-Tanah Abang kok delay mulu ya,Keterlambatan
@CommuterLine tadi liat KA1175 yg menuju Jkt tgl 25 Sep pagi. listrik di atap salah satu gerbongnya mengeluarkan api saat bergesekan dgn kabel. Bahaya ga ya?,Keamanan
@CommuterLine Min plis ini udh malem banget di Duri udh numpuk karena jarak krlnya jauh dari yg sebelumnya,Kepadatan
@CommuterLine orang numpuk woi d manggarai tujuan bogor nih.gangguan lg?,Kepadatan
@CommuterLine Saya di St Sudirman dari jam 18.25 baru ada jurusan Cikarang itu pun jam 18.53. gmn deh jadwal nya ngaco banget bikin numpuk di stasiun,Pelayanan
@CommuterLine halo min ini jakarta - bogor keretanya pada kmn? Jarak kereta 1 ke kereta berikutnya bs kurang lebih 30 menit. Penumpang arah bogor sampai numpuk pdhl udah jam sgini.,Kepadatan
@CommuterLine Bisa tolong di briefing ga ke satpamnya? klo mau ngasih duduk unttuk ibu hamil/orang sakit cek dlu bangku prioritas klo ada orang msh sehat duduk disitu ya usir jgn minta ke org yang duduk di bangku biasa. ANEH!,Pelayanan
@CommuterLine kereta arah parung panjang kok lama bgt?? udh numpuk org nih,Kepadatan
@CommuterLine Ada gangguan rutin lagi? Kenapa delay sejak UI? Kenapa aplikasi krl access ga bisa dibuka? Ga pernah evaluasi?,Keterlambatan
@CommuterLine ini kenapa sih peron 2 lama banget keretanya nunggu 13 menitan jumat kemaren nunggu 25 menit mana kereta yang 09.07? Katanya ada di aplikasi nyatanya ngaret parah. Alasan pergantian rel mulu tai lah berengsek banget lo krl mending gue naik tj aja,Keterlambatan
@CommuterLine @aminhamzah13 hampir semua sudut kursi KRL semua gerbong ada kecoanya (baik kecoa gede maupun anak-an). Rutin aja semprot 1x seminggu.,Kebersihan
@CommuterLine yg bener aja sepatu tmen gw di st. Cilebut bisa ilang CCTV mati pula gimana sih kok bisa CCTV mati? enak bgt tuh maling beraksi 2 sepatu loh ilang temen gw sm bpknya balik nyeker balik kantor capek malah diginiin do better lah gila kali https://t.co/JevXRPfriD,Keamanan
@CommuterLine @pinisirin eskalator yg dalam perbaikan ini terlihat diam aja ga ada pekerjaannya. sedangkan penumpang yg mo turun ke peron 2 hrus jalan jauh ke ujung yg berakibat ketinggalan kereta ketika ada kereta datang sdangkan lift sangat lama geraknya walau cm 1 ke 2.,Pelayanan
@CommuterLine Numpuk nih penumpang transit gila aja jam sibuk jeda keberangkatan 20 menit.,Kepadatan
@CommuterLine IBU2 AJA SAMPE KESEL LIAT PETUGAS LO PADA BODO AMAT. LU KIRA GUE BOONGAN SAKIT BEGINI?? GUE BISA KASIH SURAT DOKTER https://t.co/bwTmg52u3J,Pelayanan
@CommuterLine Yang jadi masalah tangga nya sangat curam. Tidak ada pegangan yang proper. Belum lagi traffic manusia di halte kaca atas berhimpitan dengan lautan pedagang dan mobil yg menjemput penumpang. Benar2 chaos di rawa buntu. Apalagi di rush hour. Tolong bisa di evaluasi dampak nya,Keamanan
@CommuterLine Min kok bisa sih biasanya jadwal berangkat rawa buaya - manggarai ada di jam 07.22 ini kok bisa delay sampai jam 07.38 parah bgt,Keterlambatan
@CommuterLine tolong ya di semua kereta lebih sering diumumin buat ga makan minum di kereta saya sering bgt liat pada makan minum trs makanannya jatoh ga dibersihin anak kecil maupun orang dewasa sama aja pada gabisa taat aturan tolong sering di umumin,Pelayanan
@CommuterLine cl kenapa sih min? Kenapa penumpang numpuk bgt di stasiun cawang,Kepadatan
@CommuterLine ini kereta tanah abang harusnya udah keberangjatan serpong kenapa telat ya min,Keterlambatan
@CommuterLine Kereta telat mulu heran gw,Keterlambatan
@CommuterLine Tak kenal lelah? Oiya dengan seringnya KRL penuh sesak dan suasana yg pengap serta sedikit nya gerbong dan jadwal di rush hour pasti bikin lelah sangat kakak. Terima kasih empatinya. Semoga monopoli bisnisnya terus lebih baik.,Kepadatan
@CommuterLine mantep banget jadwal keretanya tujuan manggarai dari jatinegara full dan lama ngalah ama kereta jarak jauh nunggu dari jam 07.22 baru ada jam 08.01 penuh akhirnya belakangnya 08.17 hampir sejam lain kali tolong dong pengaturan jadwalnya kan niatnya mendukung mode transprtasi umum,Keterlambatan
@CommuterLine gue dari jam 10.15 ini woi di stasiun kereta tujuan tanah abang stuck di daru ga dateng-dateng ampe skrg udah jam 10.53.,Keterlambatan
@CommuterLine Ini guee cuman mau keluar rawa buntu doanggggg. ga bisa karna nunggu kereta lewat. U nape si ga benerin setelah operasional aja :(,Keterlambatan
@CommuterLine @PTKAIIndonesia Pagi ini di Cisauk juga udah numpuk banget. Orang2 yang naik dari Rawa Buntu pun udah gak bisa masuk kereta. Kalian tuh gmn sih ngelakuin risetnya? Udah bener pakai jadwal lama malah bikin jadwal baru yang buat org jadi terlambat dan desak2annya makin parah.,Kepadatan
@CommuterLine @Heraloebss Security lo lembek min. Keluarin aja langsung kalo ada penumpang kaya gitu.,Pelayanan
@CommuterLine Ada2 aja lu KRL pagi2 sistem error sampe ga bisa masuk pake qris... Ini jam padet orang berangkat ngantor dan bisa2nya sistem lu error,Pelayanan
@CommuterLine diem lu yg umumin jangan maksa naik kereta lo telat otomatis orang naik bodo amat di dalam penuh otak di pake buat mikir jangan kayak robot pinteran robot dripada elu,Pelayanan
@CommuterLine kak tolong banget dong opang2 yang mangkal di depan stasiun itu diberesin ditertibin jangan berderet parkir di depan stasiun Rajawali mana nyolot banget lagi. Kalo perlu ganti aja sama wilayah ojek online.,Pelayanan
@CommuterLine Ini hampir 1 jam loh udh numpuk di bandan. Saya mau tanya apa informasi terbaru saat ini terkait perihal keterlamabatan pmbrgktn ?,Keterlambatan
@CommuterLine @Fahad_Inoee @KAI121 Gue parah ilang airpods gen 2 jatoh di gerbong pas balik udah ga ada gue nanya sama petugas yg lg pel bilang ga ada,Keamanan
@CommuterLine ya Allah kereta semakin hari semakin sesak. mohon ditingkatkan pelayanannya dong KAI,Kepadatan
@CommuterLine tolong dong min pintu keluar selatan bawah stasiun Bojong gede gak ramah pejalan kaki banget. Kalo ujan becek pejalan kaki kalah sama motor2 yg melintas terus pedestriannya malah buat jualan. Minimal jalanannya sih yg layak jadi gak becek banget kalo abis ujan,Kebersihan
@CommuterLine min kenapa eskalator naik di st duri peron 5 dibuka cuma 1? Kan tau load penumpang tangerang penuh bgt di pagi hari. Yang di bawah desak desakan mau naik eskalator kanannya malah kosong. Tolong dong dievaluasi lagi ide barunya ini.,Kepadatan
@CommuterLine yang perlu ditambahin armada di stasiun manggarai min masa iya rombongan dari bogor udah 2-3 kereta tapi yang mau transit tujuan tanah abang/duri ketahan di peron sampai numpuk blm ada keretanya juga.,Pelayanan
@CommuterLine kak Masih berapa lama Lagi tertahan di palmerah!? AC NYA PANAS!? TOLONGLAH DIBENERIN AC NYA! ORANG PADA MAU PINGSANG,Keamanan
@CommuterLine min mau tanya kenapa kereta dari duri ke Tangerang tidak tersedia dari jam 21.20 sampai 22.00? Saat ini di duri sudah penuh penumpang yang tunggu,Kepadatan
@CommuterLine Tolong segera evaluasi jadwal kereta barang dan PASTIKAN KETERLAMBATAN INI DIUMUMKAN. nanya petugas juga semua bloon bilang ga telat,Pelayanan
@CommuterLine yang bener2 aja bikin jadwal kacau dr duri smpe tanah abang penumpang numpuk. Di tanahabang peron 2 sama peron 3 datengnya barengan apa gak jd bencana. Jadwal baru makin kacau.,Pelayanan
@CommuterLine Percuma lu ubah2 jadwal. Malah makin kacau. Masa harus ketahan lama bgt di cikini grgr numpuk di manggarai,Pelayanan
@CommuterLine @panggilakuparis kalo ada ruangan khusus smoking area pun juga pasti bakalan bau itu asap rokok sama aja,Kebersihan
@CommuterLine Klo sanjungan cepat banget responnya klo keluhan bisa ampe rumah jg lom cs respon... Cs opo lah iki,Pelayanan
@CommuterLine Kenapa kereta Bogor-jakartakota yg jam 07.57 sekarang di ganti cuma sampe tebet. Kan jd lama nunggu kereta lg yang ke arah manggarai nya. Kalo ontime sih gpp. Ini suka ngaret di jalur masuk manggarai,Keterlambatan
@CommuterLine yg bener aja jadwal jdi delay setengah jam numpuk banget weyyy ga ada tuh 6.40 6.49 mana 8 gerbong semua gimana sihh?! https://t.co/zbqmMa8D46,Kepadatan
@CommuterLine rangkaian no 7 panasnya kaya di sauna nih. Tolonglah mana padet jam pulang kerja. https://t.co/PbX8RdxChj,Kepadatan
@CommuterLine PLEASE PERBANYAK KRL CIKARANG DIBANDING CUMA SMP BEKASI. GUE BINGUNG DATA APA YG KALIAN PUNYA SMP BIKIN JADWAL KY GINI TP PLEASE LIAT DI LAPANGAN PENUMPANG KALIAN BUANYAK BANGET YG NAIK/TURUN DI LINE CIKARANG &amp; NUMPUK DI SETIAP STASIUN KRN KRL CIKARANG DIKIT BGT.,Kepadatan
@CommuterLine sumpah tiap tahun penumpang meningkat tapi pelayanan KRL masih aja buruk minimal Line Bogor-Jakarta Kota tuh di perbanyak kalau bisa buka lagi Bogor-Angke njirr. Ngandelin line Bogor-Jakarta Kota doang gua bisa skip 3 kereta baru bisa naik.,Kepadatan
@CommuterLine sekitar jam 18:30-19:00. tadi nunggu kereta arah bekasinya lama banget min. cuma ada yg sampe manggarai doang. akhirnya penumpangnya numpuk semua keretanya penuh tolong bgt ya min dievaluasi lagi jadwal barunya,Kepadatan
@CommuterLine min klo lagi musim libran dan weekend bukan berarti bisa delay jadwal kereta. Ini jdi sering telat 5-10 menit. Waktu segitu bisa ke 1 stasiun. Please bgt masih ada orang yang kerja di weekend ga semua org kerjanya weekday Minimal jam rush hour jadwalnya ga delay,Keterlambatan
@CommuterLine kenapa ya eskalator di tanah abang rusak mulu????!!!! Trs yg hamil dan lansia gmn nasib nya? Gaada juga tu security yg prioritasin,Pelayanan
@CommuterLine KEMANA INI KERETA JALUR RANGKAS - TANAH ABANG? KO NUMPUK BANYAK PENUMPANG YAAA,Kepadatan
@CommuterLine nunggu kereta dateng 25 menit makin malem jadwalnya kenapa malah makin lama ya. Udah tau orang pulang kerja capek. Hhhhh,Keterlambatan
@CommuterLine Udah delay bukannya dikejar ini malah makin lambat beberapa kali berhenti ga jelas. Harusnya nyampe Sudirman jam 8.09 ini malah 8.42 tepat kok sampai 30 menit lebih. PARAH https://t.co/4pR8q9LCpG,Keterlambatan
@CommuterLine makin hari jdwl bukannya makin ontime malah makin ngaret...kacau,Keterlambatan
@CommuterLine min ini kereta bekasi gak ada yang lewat manggarai apa gimana? Udah 20 menit lebih min. Peron 8 numpuk min,Kepadatan
@CommuterLine gunanya kereta 8 gerbong apa sih? Sempit gak muat banyak orang apa lagi di jam berangkat/pulang kerja. Perbanyak lah armadanya ilangin kereta 8 gerbong minimal 10 gerbong lah,Kepadatan
@CommuterLine @miss_redno Selisih waktunya lama bener.... Penumpang pada numpuk di bekasi tadi.. mana perkiraan posisi kereta di aplikasi geser mulu. Tau gitu tadi dari bekasi naik ojek aja ke Tambun selatan.. nunggu kereta cikarang lama.. jam 5 kurang di matraman nyampe st tambun udah jam stengah 7.,Pelayanan
@CommuterLine ini kenapa kereta Parubgpanjabg pagi ini jam 06:05 malah ketahan di stasiun kebayoran di 06:58 harusnya udH sampe stasiun tanah abang,Keterlambatan
@CommuterLine Security Stasiun Kebayoran yg Deket gate masuk/keluar akses halte busway Ciledug ngomongnya ketus banget temperamen tolong ditindak..gak menghargai orang..,Pelayanan
@CommuterLine bahkan 18.52 itu yang Nambo kalo saya nunggu kereta Bogor lagi baru ada jam 19.00 berarti saya harus nunggu 20 menit++ :),Keterlambatan
@CommuterLine min ini knp kereta dari st cisauk arah tn abang gak nongol nongol udah 30 menit lebih. Info dong stasiun udah penuh.,Keterlambatan
@CommuterLine hallo boleh tlg di cek ga ada anak kecil sendirian bawa tas dan Tab di gerbong perempuan blkg masinis. Beneran sendiri atau ada Ibunya. Takut ada yg jahatin saya mau tanya dia berdiri jauh dr saya. https://t.co/m2xBxjd4Eq,Keamanan
@CommuterLine Min ini dari jam 22.30 ga ada kereta arah Serpong udah mulai numpuk di Kebayoran padahal tadi 22.40 dan 22.50 di board ada jadwal. Ini kenapa sih?,Kepadatan
@CommuterLine jadwal krl bknnya makin bener ini malah jedanya jadi 20menit ke kereta selanjutnya??? apa gakk makin numpuk tuh org2 nunggu di peron,Kepadatan
@CommuterLine KA 1187 telat nohh hadeuhhh udah dari cilebut kereta 1183 kecepetan jam 5.35 udah berangkat ini 1187 telat lagi nyampe kotanya perbaikan napa oi perbaikin jangan lu cuman minta maaf mulu bosen gw,Keterlambatan
@CommuterLine ini kenapa rute palmerah - parung panjang 18.55 dihilangin sih? Kan masi jam sibuk.. numpuk laa.. gimana sih yg bikin jadwal bodoh banget,Pelayanan
@CommuterLine tolong dong bilang ke satpamnya suruh standbye deket tangga. Barusan di st manggarai jalur 10 jkt kota jam 6.50. Satpamnya cuma main hp doang. Penumpang yg turun memakai tangga jalur naik dan turun. Orang yg mau naik ke jalur 10 hampir jatuh. Desek2an. Bahaya loh.,Pelayanan
@CommuterLine Min di manggarai dah numpuk nii masih lama gak???,Kepadatan
@CommuterLine @roni_suhendro Normal gimana Min? Jadwal jam 08:20 dari Rangkas ke Tenabang belum sampai malah delay sampai jam 08:30.,Keterlambatan
@CommuterLine telat terus kereta monyet! 5511 kampung bandan via manggarai harusnya sampe duri jam 06.54 jam segini masih di matraman! gak bisa kerja lo semua cuma hobi minta maaf doang!,Keterlambatan
@CommuterLine 4029 kenapa telat lagi? Coba dijawab jangan pake template yang itu2 aja dijawab kenapa alesannya.,Keterlambatan
@CommuterLine akibat kreta kelnder ke manggrai jam 22:09 jadi jam 22:11 udh gtu d matraman delay alhasil ktinggal kreta bogor hadeuh pulang mkin malah sudah cape makin bete,Keterlambatan
@CommuterLine Kenapa deh jalur 1-2 di manggarai tuh selalu lama masuk krl nya? Apalagi di rush hour udah lama penumpang ampe numpuk. Blm lagi ngantri jalur sama kereta bandara + kereta jarak jauh. Bnr2 kasian bgt sama penumpang di jalur 1-2 manggarai tuh....,Pelayanan
@CommuterLine Ini kereta yang sama kan yang tempo hari rusak juga di stasiun Cikini? Kalo emang ngga mumpuni mbok jangan di taro pas jam sibuk dong kak. Numpuk banget ini di Peron 10,Kepadatan
@CommuterLine ni kenapa ni kereta jakot delay bgt pagi ini,Keterlambatan
@CommuterLine Makanya kerja yang bener jgn kesibukan bikin fake acc buat nyerang customer org udah diinfo sama penumpang yg ada di dalem KA Bandaranya kalo gangguan mesin (KA Bandaranya mati) malah kekeuh pake alesan antrean masuk rawa buaya KERETA CUMA SEBIJI apanya yg antre kocak!,Pelayanan
@CommuterLine Sebenarnya selalu ngeliat celah peron siih mind yg bikin bahaya itu sebenarnya pas mau turun di dorong2 dri belakang krna mau rebutan naik eskalator ada lg yg sambil main hp,Keamanan
@CommuterLine kereta rangkas-tanah abang tertahan cukup lama di stasiun parung panjang kenapa yaa min? tumben banget,Keterlambatan
@CommuterLine Halo @PemkotaBogor jalanan pintu masuk/keluar stasiun bogor yang mayor oking kalo habis hujan airnya menggenang banget jalanan kecil becek dan banyak buangeetttt tukang dagang tolong dikondisikan,Kebersihan
@CommuterLine Banyakin ke arah bogor min stasiun numpuk kaya jam 19.00 ini kwkwkwkw,Kepadatan
@CommuterLine kereta dari sudirman ke duri lama amat ka,Keterlambatan
@commuterline @kai121_ @keretaapikita @ditjenperkeretaapian Ada pelecehan di dalam KRL jurusan Cikarang - Manggarai pukul 19.40 sesaat sebelum sampai stasiun Manggarai. Pelaku lelaki berkacamata pk baju tosca. Apakah bs dilacak atau dilihat dr cctv kereta jika ada?,Keamanan
@CommuterLine Ini yang ngubah jadwal krl udah pernah naik krl gak sih? Kacau cikarang kampungbandan jadwal berkurang acak-acakan jamnya coba deh kaji ulang. Ini urusan orang banyak.,Keterlambatan
@CommuterLine Mantap jadi pepes ini dalem kereta,Kepadatan
@CommuterLine parkir motor di stasiun Palmerah kecil sekali. Jika malam sudah penuh. Buru2 kejar kereta tp nunggu parkir kosong. Tolong di pikirkan PT. kAI,Kepadatan
@CommuterLine app kai lagi down kah? daritadi something went wrong kalo ga permintaan anda telah time out:) takut bgt kehabisa tiket,Pelayanan
@CommuterLine kaga make sense delay kok 20 menit,Keterlambatan
@CommuterLine 5053B terlambat 11 menit. Jadwal tiba di stasiun kranji jam 07.09 kenapa terlambat 11 menit menjadi jam 07.20? Ditahan lama di stasiun Jatinegara dan stasiun Manggarai karena mendahulukan KAJJ. Kereta di belakangnya 5517B juga jadi terlambat.,Keterlambatan
@CommuterLine @KAI121 @perkeretaapian @kemenhub151 @KemenBUMN 5049 sudah telat skr ditahan disinyal masuk bekasi sudah 3 menit ditahan apa ini sudah sesuai jadwal @CommuterLine mana jawaban yg nyolot skr kok diem aja. 5049 sudah sesuai jadwal tidak ???,Keterlambatan
@CommuterLine @hi_imexol Krl 5114A Harusnya di Duri 15.44 WIB. Tolong dikondisikan min. Ini sangat numpuk.,Kepadatan
@CommuterLine Tapi saya sering lihat yg nyebrang kalo bawa speda lipat atau scooter d bolehin lewat sama satpamnya cntohnya foto d bwah ini. Harusnya kalo kaya gitu d tambah aj peruntukannya jadi (lansia ibu hamil disabilitas &amp; pembawa sepeda lipat / scooter). https://t.co/whZD6SEvKd,Pelayanan
@CommuterLine @andarayas Jadwal lo ga masalah yang masalah lo telat terus! 5509 aja jadi makan jadwal selanjutnya. Pernah dipikir ga sih impact ke depan nya sama yang numpuk,Keterlambatan
@CommuterLine Tolong liat efek perubahan jadwalnya. Kampung Badan via Pasar Senen sekalinya 1 jadwal telat efek dominonya kayak gini. Stasiun Rajawali sekali keluar dr Jalur 2 ada 2 kereta dr Jalur 1 ada 2 kereta. https://t.co/KrG39FUXuf,Keterlambatan
@CommuterLine min chaos sih jam segini line cikarang masih kena imbas gangguan kajj yg katanya udh selesai 4 jam lalu ini tuh gmn?????,Keterlambatan
@CommuterLine iya min karna kalo 8 gerbong itu terlalu numpuk banget min didalem gerbong nya dan pasti dorong dorongan banget,Kepadatan
@CommuterLine @mimimee92 Min itu celahnya kegedean kasian kalo adabocil bumil dan lansia better dibenerin deh itu celahnya bahaya banget,Keamanan
@CommuterLine min tolong kasih edukasi buat security yg jaga tentang peraturan yg bilang masih harus pake masker ya jangan sok2an tegas nyuruh pake masker dengan alasan negakin peraturan pas di tanya peraturan nya ngga tau,Pelayanan
@CommuterLine Kalo berangkatnya udah telat MINIMAL PULANGNYA GAUSAH KETAHAN BEGINI JUGA GAKSIEHHH??? 10 MENIT BGT INI DIEM MASUK KAMPUNG BANDAN? Pagi Sore Malem gapernah ga telat kenapa sih min??? Berangkat kerja telat pulang ke rumah juga saya telat dzalim banget @CommuterLine https://t.co/3Ylo2Di5pZ,Keterlambatan
@CommuterLine kalau bikin Gapeka yg bener aja dong! Masa dijam rush hour Jakarta - Bogor Selisih kereta hampir 10 menit dan cuman 8 Rangkaian. KACAU!,Keterlambatan
@CommuterLine halo ini kenapa krl bogor-jakarta kota lama banget ya yang arah sebaliknya sampe ada 4 kali baru dateng penumpang udah penuh di peron kereta sampai dah ga muat https://t.co/wSUlxO3Lqv,Keterlambatan
@CommuterLine pagi ini dari duri ke rawa buaya ada mba2 duduk deprok depan pintu keluar masuk di gerbong 1 Posisinya saya lagi hamil mau cari security dengan kereta yg lumayan sesak juga susah yah Ini gmana ada mba2 ngedeprok minmba2 di kanan kirinya terlihat sekali gak nyaman,Keamanan
@CommuterLine tadi ada dua satpam nya cuek aja ga nolongin,Pelayanan
@CommuterLine ini kereta 8 gb semua penuh sesak. Kira2 nih yaaa kalian ada time line kapan selesai perbaikan2 gerbong lainnya jadi bisa 12 gb lagi ga? Atau seselesainya aja tu perbaikan2 yg selalu kalian jawab? Hahaha,Kepadatan
@CommuterLine min lift prioritas di stasiun manggarai perlu ada petugas sih. Barusan didorong bapak2 gendut sehat padahal saya lagi hamil. Terus karena overload dia nyuruh ibu bawa anak buat keluar knp ga dia aja yg sehat dan gendut itu,Keamanan
@CommuterLine area yang sangat minim itu sangat membantu untuk sejenak menghilangkan penat; paham kok bahwa ada risiko ngejeblak kalo pertimbangan nya keselamatan mbok ya pagar nya jangan di tengah bidang gitu dimundurkan lagi sampai tepi belakang bidang kasih kesempatan orang istirahat,Keamanan
@CommuterLine Ini kereta apa angkot kebanyakan ngetem. Di tebet ketahan lama dan dimanggarai arah Angkepun kereta belum juga berangkat 10 mnit kemudian baru berangkat. #KRLrasaAngkot,Keterlambatan
@CommuterLine kenapa hari ini jadwal kereta ga kaya biasanya min? Gerbongnya kebanyakan cuma 8 udah gitu jaraknya jauh² numpuk banget ini penumpangnyaa kereta dari nambo yg biasa di citayem 6.30 blm dateng juga,Kepadatan
@CommuterLine hai kak kereta dari rangka bitung ke tanah abang di jam crowded. Antara jam 6 pagi sd 7 pagi bisa diperbanyak kah armadanya? Saya jadi pepes dan kejepit pintu mau msk tadi. Tapi gak kenapa2 sih,Kepadatan
@CommuterLine Hello min tolong agar lebih di gencarkan lagi sosialisasi tentang bangku prioritas klo perlu dr sekuriti langsung Mengingat Masih BANYAKNYA yg bukan prioritas duduk di tempat tsb tks,Pelayanan
@CommuterLine Tolong min krl dari rangkas banyakin kalo pagi2 . Saya naik dari cikoya udah padet bgt. Masuk cisauk - pondok ranji udah sesek parah napas aja ibaratkata berebutan oksigen. Badan keteken2 orang2 pada sakit . Huhu,Kepadatan
@CommuterLine hari ini line Cikarang / Bekasi kenapa?? Gw sampe telat 17 menit sampe ke stasion sudirman? @CommuterLine,Keterlambatan
@CommuterLine 5142B panas dan padet https://t.co/Bb7N2BPuSU,Kepadatan
@CommuterLine Gimana sihh min saya dateng ke stasiun manggarai jam segini jam 03.43 ga bole masuk sama satpam katanya ga ada kereta jam 4,Pelayanan
@CommuterLine baru jalan 1 stasiun udah ditahan lagi nunggu kereta barang,Keterlambatan
@CommuterLine Tolong itu kondisikan security yang kemarin negur saya gak ada atitude nya sama sekali di stasiun bekasi sekitar jam 22.20. sya berdiri di dket pintu darurat keluar masuk terus ada rmbongan org org bwa speda lipat mau kluar dia nnya sma saya bisa keluar lewat pintu darurat ngga.,Pelayanan
@CommuterLine Tetep aja lah berangkat kereta pertama dari stasiun daru ada jadwal baru kirain bakal ditambah paling pagi malah mundur jam berangkat nya. Jadwal lama 4:31 Jadwal baru 4:37,Keterlambatan
@CommuterLine @KAI121 min kenapa beli tiket krl di apk access ke cancel terus ya? Di riwayat transaksi uangnya di reveal tp saldo ga balik. Jadi takut kalo mau beli tiket lagi apalagi kalo KA jarak jauh.,Pelayanan
@CommuterLine Kereta ke bekasi mana nih peron udah penuh bgt udah 3 jadwal di c-access yg belom lewat jg keretanya di sudirman,Keterlambatan
@CommuterLine min ini kok kereta Nambo-JakartaKota 1505C di rangkaian nomor 2 ga kedengeran suara announcer ya? udah ngelewatin stasiun Cibinong -Citayem pun gadikasih tau sama announcernya takut kebablasan min kalau ketiduran,Pelayanan
@CommuterLine @2000hyunjinborn @perkeretaapian potong gaji nya pegawai mu. Gak becus pengadaannya. Pak @erickthohir nih ada yg payah dalam pengadaan eskalator tp masih bisa happy happy,Pelayanan
@CommuterLine Iya baru berangkat setelah org nunggu 30 menit semua rusuh berebut masuk sampe didlm penuhnya kaya apaan tau. Jangan telat telat krl nya dong krl,Keterlambatan
@CommuterLine Gmana ga mau terburu2 ketinggalan kereta saat itu bisa nunggu kereta selanjutnya kurleb 15min...apalagi jadwal blue line....,Keterlambatan
@CommuterLine ini sampai kapan min? aje gile ini kl hrus muter lewat senen ke tanah abang tiap hri apa ga numpuk nih.. ya kl bs diumumkan jauh² hr jgn tengah hari gini kasihan yg brangkat pagi ok pulangnya kaget gara² ini berita..,Pelayanan
@CommuterLine kenapa sih skrg line bogor jakarta jadi kacau semenjak perombakan jadwal malah ga efisien menurut saya penumpang ya ujung2nya juga bakal numpuk malah jadi berebutan terus waktu tempuh malah makin panjang,Kepadatan
@CommuterLine udah kereta line rangkas-tanahabang gangguan smpe tanabang ditambah eskalator mati satu. Lengkap sudah pd numpuk orang desek2an ga mau pada ngalah,Kepadatan
@CommuterLine gue bener2 emosi luar biasa ye anjing. lu yang bener aja udah mah kereta arah angke lama terus nunggu APAAA!!! BANYAKIN LAH KERETA ARAH MANGGARAI BABI LU! NYUSAHIN ORANG MULU TIAP HARI ANJING! LU KIRA GA CAPEK NUNGGU TERUS GA DAPET KERETA??!WAKTUUU!!,Keterlambatan
@CommuterLine min jadwal di website udh diperbarui blm ya? Kok hari ini telat mulu keretanya. Td pagi sampe 15 menit kacau. Ini mau plg juga blm dateng2,Keterlambatan
@CommuterLine kalo memang masih seperti itu nanti kalo saya naik lagi saya videokan biar ada bukti kongkrit. dan lagi dikursi prioritas banyak orang² tolol yang masih cuek tidak mau memberikan kursi prioritas untuk yang membutuhkan tolong dengan sangat dari pihak K.A.I lebih tegas menegur.,Pelayanan
@CommuterLine @KAI121 5719 HARUSNYA 08.40 BERANGKAT MRI. TAPI SENGAJA DITAHAN DI JALUR 1 TUNGGU 5527 MASUK DI JALUR 2 BARU 5719 DIBERANGKATKAN JADI JELAS MMG PENGATURAN PERJALANAN YG BERMASALAH DAN INI SEPERTI DISENGAJA 5527 BUAT DELAY. YG BODO KCI KAI ATAU DAOP 1 ???,Keterlambatan
@CommuterLine @LordCarry1 Kalau st tanah abngnya blm ready gausah di buka babi. Bikin ngaret tau gak. Mjb kak. Aku emosi sama cs bego ini,Pelayanan
@CommuterLine Minta tolong lah kereta dri manggarai 4.52. Sampe bekasi 5.40 ngetem nya lama bgt kebiasaan. Jadi gabisa bukber bareng istri. Dri manggarai udh lari² sampe bekasi ngetem. Di tambun ngetem kerta jarak jauh.,Keterlambatan
@CommuterLine min...kenapa ya beberapa terakhir ini jadwal pagi ( sebelum jam 6 padahal pagi bgt ) di Sudimara sering numpuk dan terlambat...,Pelayanan
@CommuterLine min ada kecoa min...... https://t.co/nvIXFrfDij,Kebersihan
@CommuterLine katanya perjalanan kereta ditambah tapi ini kok jadwalnya malah begini. Kalau emang selang waktu lama buat ngisi jadwal kereta yang dari China itu ya ubah jadwalnya kalo keretanya udah mulai operasi lah. Sekarang selang waktunya kelamaan jadinya https://t.co/5Ro0OLWxtN,Keterlambatan
@CommuterLine Pak Ono kereta abis feeder bogor cuman sampe mangarai nih. Belakangannga kan jurusan kota tolong jangan 8 rangkaian Napa. Mana jam sibuk pak tega banget. Padet pak badan dimana tangan dimana tas dimana kasian lah pak Ama kita.,Kepadatan
@CommuterLine Min kereta Bogor - Jakarta pemberangkatan 5:55 kenapa telat mulu sih. Jadi gak sinkron sama yg di MRI - kp Bandang angke alhasil penumpang numpuk tuh di MRI jalur 7 dan 6,Kepadatan
@CommuterLine dear PT KAI ada 4 toilet rusak di stasiun jatinegara mohon dapat di perbaiki.. Dari 6 pintu hanya dapat digunakan 2 pintu dan tidak ada team bersih bersih (berujung bau dan becek) Mohon dapat di cek kembali ya.. https://t.co/Qr59gdhebO,Kebersihan
@CommuterLine min aku naik kereta tujuan manggarai dr bekasi barusan banget berhenti di kranji. aku gatau ini nomer berapa tp bau gosong banget. kenapa ya min?,Keamanan
@CommuterLine @catatananakedan 'Kami terus berupaya melakukan evaluasi' di eskalasi lalu eksekusi jangan lupa. soalnya sering bgt ngaret jadwalnya:) jd kan makin numpuk manusianya. minimal on time sesuai jadwal biar ga nimbun.,Pelayanan
@CommuterLine tolong dong untuk KA ini dari jakot ke bogor masinis nya di trial lagi cara bawa nya jeduk orang jatoh jadinya https://t.co/bk1ZSWsGQw,Keamanan
@CommuterLine layanan lo benerin dong masa delay mulu gila aja,Keterlambatan
@CommuterLine @mypeyboritnoona Iyah tp biasanya ga selama ini nunggunya klo emmanh ada acara dindaerah tertenu yg memungkinkan pengunjung membludak silahkan min saran aja d tambahin kereta yg arahnya ke tempat acara tsb Krna klo weekend kasian min bnyak anak anak yg ikut juga pada kegencet,Kepadatan
@CommuterLine min gangguan mulu. Hapusnya kereta ini sampai tanah abang sebelum jam 20. Kereta ke rangakasbitung yang 20.09 tahan dulu lah. Masa ketinggalan kereta terus beberapa kali (tepok jidat) https://t.co/kRKtROiNxI,Keterlambatan
@CommuterLine Tolong security yg namanya riwansyah beradap sedikit dan optimalkan kinerja saat bekerja saya cape pulang kerja lagi istirahat di tuduh yg ngga2 tolong beri arahan security nya,Pelayanan
@CommuterLine @avocad0butterr @jalur5_ @perkeretaapian Jgn di dorong min benerin fasilitasnya,Pelayanan
@CommuterLine tolong diperiksa kondisi pengeras suara kereta yg suaranya sember tidak jelas malah mengganggu. setiap berhenti bau kampas rem. pada kereta gerbong 204-384 K1 1 90 98. perjalaanan komuter bogor jakarta jam 6.20 tgl 15jan 2025. terimakasih,Pelayanan
@CommuterLine Walahh pantes tadi sore nungguin kereta di tanahabang lama nunggu keretanya jalann jdi karena ini,Keterlambatan
@CommuterLine tiada hari tanpa delay delay adalah jalan ninjaku,Keterlambatan
@CommuterLine kalo malem stasiun Tangerang tuh selalu rame. Bisa dibuka 2 gerbang kaya pagi gak siiii biar antrinya gak padat banget https://t.co/wjZqoK6d6D,Kepadatan
@CommuterLine min masa makanan saya belum saya makan udah diambil sama petugas cleaning service on train nya. Apa gak bisa nanya dulu sebelum ambil sampah atau apapun di cantelan kursi? Btw saya naik commuter line dhoho 435 dari Tulungagung jam 17.45 tujuan surabaya gubeng.,Pelayanan
@CommuterLine Penanganan pasca insiden trouble ini payah dan kacau sekaliii,Pelayanan
@CommuterLine tolong benahin aplikasimu biar ga lemot plis aku war dari 00.01 ga dapet masaaaaa marah bgt min tolong kejebak di data tp ga bisa lanjut pilih kursi solusinya dong gamau back soalnya takut ga dapet malahan,Pelayanan
@CommuterLine daritadi mulai di st sudimara ini udh numpuk bgt min sampe pada maksain masuk krl tp gabisa masuk. sampe yg didalem pd marah2 dititik mau ngedorong yg maksa masuk,Kepadatan
@commuterline lagi ada gangguan apa ya kereta dri tanah abang ke rangkasbitung lama berhenti di palmerah ga jalan jalan https://t.co/WKqfniqgCq,Keterlambatan
@CommuterLine Min tolong sangattt disampaikan ke kepala st Duri sudah waktunya menambah akses tangga di ujung2 peron.SDH SGT OVERLOAD!! Ini petugas emg ga pnh ada yg review apa ya?? Pls lah memanusiakan PNP @jalurduritng @CurhatKRL https://t.co/AxqA7WAEX1,Kepadatan
@CommuterLine @JunaidiRajab Kadang kalo kondisi gerbongnya lagi penuh susah juga buat nemuin petugasnya min. Mungkin cs nya bisa cek dari cctv trus tinggal announce aja petugasnya ke gerbong brp. Btw walaupun covid udh dicabut gua ttp pro sama peraturan pake masker dan gak ngobrol di gerbong.,Pelayanan
@CommuterLine Sekedar info Penumpang laki2 duduk di gerbong wanita tapi tidak ada teguran dari security Jurusan kp bandan - manggarai - cikarang tiba di cikarang jam 20:25 Thanks. https://t.co/nUbUEkkdVO,Pelayanan
@CommuterLine MAKSUDNYA APA? BERANGKAT DARI BOOR AJA UDAH DELAY? KALIAN BERANGKAT GA PAKE JADWAL YA? NUNGGU PENUH KAYAK ANGKOT PASTI. https://t.co/0Y3nnFttnZ,Keterlambatan
@CommuterLine toiletnya juga min bau pesing banget.. ga ada udara.. hexos belum berfungsi,Kebersihan
@CommuterLine coy lu gila apa gmn dah gw hampir patah tulang naik krl kota-tj priuk. posisi lg ngantri naiknya namanya jg gerbong penuh. kaki gua dua2nya baru naik badan gw belum. dan langsung ditutup pintunya? kaki gw kejepit pintu badan gw kejengkang kebelakang hampir jatoh.,Keamanan
@CommuterLine halo admin tolong di bantu kakak ini ya bantu diperketat sanksinya untuk pelaku pelecehan https://t.co/ualyMipeVz,Keamanan
@CommuterLine tap out stasiun Tangerang beberapa gak bisa pake emoney. Udah ngantri panjang2 disuruh ngantri lagi ke belakang. Gak ada arahan dari awal Petugasnya cuma cengangas cengenges doang nunggu di luar mesin tapout.,Pelayanan
@CommuterLine kalian tuh perduli ga sih sama keselamatan orang? Udah tau sudirman - manggarai itu demand nya tinggi kereta nya jarang dan lama. Orang numpuk sampe kaya gini. Samper berdiri depan eskalator https://t.co/N0WaQeeZVb,Kepadatan
@CommuterLine woy lah ini kereta ke cikarang dibekasi ketahan udah 20 menit gajelasss bgttt,Keterlambatan
@CommuterLine min pegawai lu kan ipk min 3 jadwal tepat waktu aja gk bisa ya. Jadwal 6.04 gak ada telat ke 6.12. Dr kmrn bikin susah orang aja lu. Spek pegawai lu turunin lg aja. https://t.co/z5K59Kd8PX,Keterlambatan
@CommuterLine @KAI121 5531 masuk sudirman 09.53 telat 33 menit dan akan bertambah jalur bekasi masa bodo yg terpenting buat KCI jalur bogor aman dan di sediakan feeder di MRI jadi jalur bogor aman. https://t.co/YU9AwD3ClB,Keterlambatan
@CommuterLine keretanya overload busuk min,Kepadatan
@CommuterLine @KAI121 tulung di atensi terlalu sempit memang kadang pas kereta jalan hampir kena kalo lagi antri jarak kereta tempat peron sempit,Keamanan
@CommuterLine Jadi ga ada kereta nih berapa lama penanganan min @CommuterLine,Keterlambatan
@CommuterLine kereta 5057 keberangkatan 7.34 dari bekasi yg harusnya sampe manggarai jam 8.01 ga prnh sampe manggarai jam segitu. Selalu 08.10 Headway bekasi - manggarai hmpr 40 mnt Mulai dr puasa lebaran (yang telat berdalih karena lebaran) sampe skrng pun ga ada perubahan,Keterlambatan
@CommuterLine parah ini 30 menit nunggu kereta ke tanah abang di stasiun sudirman.,Keterlambatan
@CommuterLine update untuk kasusnya DIRAY yg diberitahukan berbuat pelecehan seksual.. Ada bukti pasti Kereta nomor berapa waktu n ada bukti yg lain selain cuitan yg sdh dihapus n krn jika dilihat akun sdh private @BudiKaryaS @perkeretaapian @erickthohir @CurhatKRL,Keamanan
@CommuterLine tolong dong kereta arah bekasi jgn tunggu numpuk membludak dulu baru dtg tuh kereta nya. Saya nungguin hampir setengah jam. Perbaikin lg kualitas perjalanannya. Thx,Kepadatan
@CommuterLine @kopikapalnuklir masih kaga bisa eh jelek banget dah ganti aja dah pegawai nya sama yg kompeten,Pelayanan
@CommuterLine min kemarin aku bayar KRL pake KAI accses tapi ga bisa kata petugasnya tapi aku udah bayar ga kelihatan tanda barcode tapi uangnya tetep di ambill mohon pertanggung jawabannya min,Pelayanan
@CommuterLine @CommuterLine sudah di balas yaa min. Mencari pelaku sangat mudah apabila di trace dengan CCTV Peron 5-6 Stasiun Tanah Abang kami akan membantu menunjukan pelaku apabila diberi izin untuk akses CCTVnya,Keamanan
@CommuterLine @KAI121 kenapa ya bikin jadwal di KAI access tuu ga pernah valid masa ngaret sampe hampir sejam?,Pelayanan
@CommuterLine min gada solusi apa ini no ka #5517 relasi cikarang kampung bandan telat terus kalo bisa di tambah min jam 6-7 cuma 2 kereta loh min yang via manggarai pemberangkatan dari cikarang,Keterlambatan
@CommuterLine apakah tdk bisa membuat jadwal kereta di jam sibuk lebih banyak??? masa menunggu kereta sampai &gt;20 menit di jam pulang kerja. Numpuk kayak kerupuk tiap sore di st sudirman ini.,Kepadatan
@CommuterLine min tolong dong ini gerbong 7 #5052 ada kumpulan ibu2 berisik banget cekikan ada petugas (pak Tadarus) juga cuma didiemin. tolong dong min makasi ditegur makasi,Pelayanan
@CommuterLine HEH GUA JUGA TAU BACA ITU KAN GUA BLG LO TELAT &amp; MASIH MAKSA NUNGGU GANTIAN SAMA KERETA BANDARAAAAA????? INI KERETA LO YANG BERANGKAT DARI JAM 8 DI PORIS BAHKAN UDAH SAMPEEE!!!!! Demi Allah cape banget sama @CommuterLine bisnis lo benerin dulu deh baru ngomongin tarif MALU2IN https://t.co/rzQhs97kON,Keterlambatan
@CommuterLine Infonya jam 8 malam kurang sedikit min. Masuknya dari sisi Timur stasiun atau peron 1 arah jakk hendak nyeberang ke peron 2 arah boo. Mimin sudah minta nama petugasnya tp ybs gamau sebut krn khawatir masa depan belio. Kasian anak istrinya,Pelayanan
@CommuterLine Cek berkala sampe kapan ini?? Udah dari dini hari sampe skrg aku cek berkala masih blm tersedia. Takut tbtb kehabisan,Pelayanan
@CommuterLine @KAI121 Bisa nggak sih kereta dinas atau semacamnya nggak ngelintas dulu selama rush hour paling nggak sampe 09.30 pagi? KRL dari Rawabuntu arah TnB 08.02 kereta berikutnya 08.21. 20 menit headway time tuh lama banget dan kereta jadi sesek parah,Kepadatan
@CommuterLine min tas saya kejepit tapi pintu yang dibuka yang sisi satunya mulu. Gabisa turun ini saya krl arah Cikarang 5142B https://t.co/mB27vFHlDx,Keamanan
@CommuterLine Sudah bagun pagi2....nunggu kereta balik bojonggede pertama...kereta datang kita berebut untuk dapat dduk baru smpai depok lama atau depok baru di bangunin ibu hamil...dari pada sy ga ikhlas mending sy ga kasih sekalian toh bayar nya sama kan....hidup pejuang subuh.,Kepadatan
@CommuterLine min stasiun kebayoran di bagian tempat tunggu kereta ke arah rangkasbitung ini bau septiktank. Udah beberapa kali kesini kondisinya masih sama. Coba tolong di cek. Bau banget.,Kebersihan
@CommuterLine ini kereta arah kota kenapa dibuat 8 gerbong semua yaampun padet bgt,Kepadatan
@CommuterLine tolong diperbanyak serta ditambah jadwal krl pemberangkatan awal Stasiun Tigaraksa krn semua pnp butuh sekali perjalanan KRL Relasi Tigaraksa-Tanah Abang (p.p) krn pengguna KRL semakin bertambah dan pelayanannya tolong ditingkatkan utk kenyamanan semua pnp,Pelayanan
@CommuterLine Penumpang yg turun di sta citayam pas jam pulang kerja sangat banyak kondisi saat ini jika rangkaian 8 kereta saat penumpang turun peron penuh dan belum masuk semua ke pintu keluar kereta datang lagi dan tambah penuh peron ini sangat berisiko buat keselamatan penumpang,Kepadatan
@CommuterLine Mohon dibantu tata dan arahkan dong. Pedagang sama tukang ojek pangkalan yang bikin penumpang susah jalan masuk dan keluar di stasiun CAKUNG. Banyak yang duduk2 ditangga deket jalan. Kasih petugas 1 standby buat tegur yg duduk2 dan pedagang,Pelayanan
@CommuterLine @rynesmonologue Juga banyak yg makan minum min. Petugas hrs ingatkan lg. Jorok,Kebersihan
@CommuterLine 5529A diganti 5531. Bodo pengaturan jadwalnya. Krn 5529A KRL Goib ilang trs tiba2 ada. https://t.co/brxYTwsgOn,Keterlambatan
@CommuterLine Motto..motto...tingkatkan kinerja...kereta terlambat di info sejak dini ! mengawali pagi dgn delay yg luar biasa hal yg positif ??,Keterlambatan
@CommuterLine Kok ga dikasih tau estimasi berapa lama normal lg. Kalau emang lama kasih himbauan buat naik moda transportasi lain.,Pelayanan
@CommuterLine Kalau waktunya turun atau pintu terbuka juga jgn menghalangi jalan untuk orang yg posisinya dekat pintu sering banget chaos yg di dalam udah dorong2an mau keluar tp yg depan pintu malah pegangan handle atas padahal udah kedorong-dorong dari segala arah,Keamanan
@CommuterLine penyakit manggarai - sudirman ngga pernah selesai udah nunggu 14 menit tapi kereta masih di klender stress bgt,Keterlambatan
@CommuterLine Klo ada gangguan macam ini kasih tahu pas d stasiun sebelumnya. Biar ada pilihan lain. Takut banget kurang pendapatan apa.... Maksa penumpang sampai stasiun tujuannya...,Pelayanan
@CommuterLine biasanya ada yg bisik2 dikit langsung diomelin securitynya ini ada anak kecil banyak teriak2an kok ga ditegur ya? Takut sama emak2 kah?,Pelayanan
@CommuterLine Gak semua orang cuti bersama ya wey!! Mikir kenapa sih masa jam 7.02 baru ada 7.25 numpuk iniiiiii bener2 yaaa,Kepadatan
@CommuterLine Min kalo bikin jadwal baru liat kondisi lapangan dong.. pagi2 keberangkatan dari Bogor dibikin 20 menit sekali? Coba dicek di peron penumpangnya numpuk kaya apa,Kepadatan
@CommuterLine Oke sudah saya dm. Tolong bgt ya min. Karna seharusnya tugas seorang petugas keamanan stasiun itu untuk melindungi dan mengayomi. Bukan malah sebaliknya. Miris sekali.,Pelayanan
@CommuterLine Min tolong banget juga kereta bisa jangan telat2 ga. Bisa telat ampe 10 mnt,Keterlambatan
@CommuterLine Goblok emang min yang maling baut rel kereta api bikin patah. Semoga dibales berkali lipat nyusahin bgt,Keamanan
@CommuterLine @revesuyo Kaka admin vending machine nya di update utk pilihan stasiun rawa buaya bukan pelanggan disuruh repot lagi utk ke CS terima kasih,Pelayanan
@CommuterLine @CurhatKRL udah berulangkali terjadi Security Tanah abang SELALU buka smua Eskalator HANYA utk yg naik aja tangga manual dibuka jg utk yg keatas akibatnya yg mau turun membludak. Security diprotes karna trjdi chaos tp malah marah balik.Mohon ditanggulangi issue ini https://t.co/Dt4bRyvmPY,Pelayanan
@CommuterLine Meningkatkan pelayanan kok malah makin kacau sih. Ini 40 menit nunggu nya. Kalo peningkatan layanan tuh justru jadi lebih cepet jadwal tunggu nya,Keterlambatan
@CommuterLine @cisandy_ @shittwit_ Ka numpuk nih arah cikarang,Kepadatan
@CommuterLine kereta yang harusnya berangkat jam 5.48 dari Cikarang telat ke 5.54. Sia2 dong nih saya berangkat lebih pagi,Keterlambatan
@CommuterLine KRL 1784A Jurusan THB-RK keberangkatan 19:10 WIB dr Tanah Abang ini kereta ketiga dari depan K1 1 90 31 kayaknya AC nya kewalahan kalo lagi sesak deh sampe panas banget. Setelah kosong baru agak dingin lagi. Tolonglah dicek itu https://t.co/BkSxJyQkds,Kepadatan
@CommuterLine kenapa krl ke bekasi lama banget yaa??! Nungguin di St. Manggarai dari 19:50 dan sekarang pukul 20:20 udah 30 menit ga dateng2 nih. Penumpang makin numpuk tauu,Kepadatan
@CommuterLine kereta rangkas-tanahabang carut marut lg ya? Gmn deh. Tau2 berubah 6:27 dari Cilejit. Di stasiun numpuk. Orang2 udah buru2 taunya jadwal keretanya gajelas. Dimaki-maki buibu tuh di stasiun.,Keterlambatan
@CommuterLine STOPPP DELAY WOI MINIMAL NGEBUTTT KLO JALAN,Keterlambatan
@CommuterLine halo kak maaf mau tanya kalau staff yg ada di gate mmng bebas main hp atau gmn ya min? Soalnya disalah satu stasiun yg rame bgt petugasnya selalu berdiri doang dan main hp di gate yg lg rame dan padat2nya smpai kdg hrs dipanggil dulu utk bantu org : ),Pelayanan
@CommuterLine @chocobery18 Udah tau jam sibuk malah diilangin. Aneh banget. Diperhitungkan apanya kalo orang kaya pepes tahu gitu,Kepadatan
@CommuterLine min knp skrg jdwl kbrktan serpong jam 7.12 WIB sering telat?Jd numpuk penumpang sta selanjutnya. Tolong jg evaluasi utk pecahin crowded: 1. kbrangkatan mulai dr jam 6 s.d 8.30 tdk hanya 1×/jam tetapi 2x/jam 2. Tmbh kbrktan start sudimara jam yg sm 2x/jam jg.l Thx,Pelayanan
@CommuterLine terniat sih gue bikin kaya gini saking keselnya sejak ganti jadwal kereta nyampe pd ga sesuai jadwal ini telat sampe 10 menit~ terus stasiun kaya gini mau ditutup wkwkw sian amat middle class udh capek kerja diperjalanan disuruh sabar https://t.co/BFfrCVIc8L,Keterlambatan
@CommuterLine ka ini arah Rangkas Bitung lagi gangguan lagi kah? Biasanya jam 08.00 udh jalan dr tanah Abang tujuan Rangkas. Kereta juga delay td datangnya.,Keterlambatan
@CommuterLine @lrtjabodebek teh tarik penang dukuh atas kok di biarkan naruh meja dan kursi sampe mengganggu pejalan kaki ya? Sy sudh lapor security tp ya ngga ada perubahan https://t.co/tRiK2ajJpz,Pelayanan
@CommuterLine min benerinn KAI Access minnn mau bobo jadi ga tenang takut gadapet tiket gabisa pulang ini nantiii,Pelayanan
@CommuterLine Gimana sama Tangerang line? Penumpukan penumpang di Duri itu harusnya ada perbaikan dengan kondisi stasiun yang gak proper buat naik turun penumpang. Apa itu gak masuk agenda KAI? Stasiun Duri peron 5 kalau naik turun penumpang chaos habis.,Kepadatan
@CommuterLine secepat nya ya min. soalnya gerbong yg lama udah terlalu sempit &amp; pengap buat nampung penumpang jalur rangkas,Kepadatan
@CommuterLine @tulejux Pas nyampe parung panjang jg kereta lu udh telat 5 menit min.. Ckckck,Keterlambatan
@CommuterLine Terus buat ape lu renovasi stasiun besar-besaran peron di banyakkin tapi keluar masuk stasiun aja mesti ada drama delay ketahan dulu (contohnya manggarai dan bekasi). Oh proyek nya buat korupsi para direksi ye? WKWKWK BOBROK,Keterlambatan
@CommuterLine Delay teruss minn krl nya huhuhu,Keterlambatan
@CommuterLine gara2 penjualan tiket kai lokal merak rangkas 150% gerbong kereta udh kaya pasar numpuk dan sesak Mending di jadiin bentukan krl aja deh dr pada begini bikin gk nyaman..,Kepadatan
@CommuterLine krl hari ini delay dan sesak parah semua jalur. Apakah sudah dicek wakil wakil kami? @Gerindra @PDI_Perjuangan @golkarpedia @PDemokrat @NasDem @DpcPartaiburuh @FPKSDPRRI @PartaiPAN @FraksiPKB,Keterlambatan
@CommuterLine duri tol bgt dah udah tau kalo cikarang line sampe tuh berebutan di tangga dikasih pembatas doang di antara eskalator pembatasnya juga yg rantai dikira org bakal langsung menghindar apa kalo ada itu? gak bisa lah itu nahan orang trs parahnya security diem aja,Pelayanan
@CommuterLine kenapa tiap jam 05.49 pagi nunggu masuk stasiun Jayakarta sama Jakarta Kota nya lama terus? Gabisa ngejar kereta priok yg jam 7 pagii,Keterlambatan
@CommuterLine Telat terus telat terus Kalian yg mau beli rumah di line Serpong mikir 100x dulu drpd menyesal ges. Ini line telat mulu kerjanya asli. Kereta 1641 di jadwal 6.43 di Serpong. Skrg baru jalan 6.55 dr Serpong.,Keterlambatan
@CommuterLine pagi ke arah St Tebet dan St Manggarai tertunda hampir 20 menit Malam ke arah St. Cikini dan St. Manggarai tertunda hampir 20 menit Mohon dibantu pengurangan penundaan nya Mana didalem gerbong dah kayaj ikan pepes Pekerja kantoran ga pada wfh aja mereka @jokowi,Keterlambatan
@CommuterLine Justru karena saya mau ke tanah abang sengaja transit ke Jatinegara Minimal infoin min ke petugas stasiun saya nanya petugas mereka aja gatau ada info kenapa kereta terlambat..,Pelayanan
@CommuterLine @fifikemala Udh tau jalur kebayoran pd ranji rawan aneh2 ga ada inisiatif untuk pengecekan.. halo2 bu @annepurba tlg di note dan disampaikan ke pihak terkait,Keamanan
@CommuterLine bener2 jadwal lu min lg rush hour di cawang jedanya ampe 13 menit antar kereta itu jg pake ditambah ngaret2. Gatau apa beda 5 menit aja udah numpuk bgt di stasiun,Kepadatan
@CommuterLine telat bat dah kereta mau uas ada2 aja ganti wesel di rush hour,Keterlambatan
@CommuterLine min gangguan di tambun cepetan dong kenapa lama bgt. Numpuk nih di bekasi,Kepadatan
@CommuterLine Perubahan jadwalnya bikin banyak penumpukan walau cuma telat beberapa menit keretanya itu penumpang udh kaya pepes desekk2an.. Pegangan aja ngg bisa. Nih di cisauk harusnya 6:39wib baru nyampe tu kereta dari arah rangkas bitung tujuan tanah abang ke cisauknya 6:42wib.,Kepadatan
@CommuterLine semua yang digerbong pada mandi keringet min. Baru bisa info. Numpuk ga bisa gerak. Tolomg check ya. https://t.co/k0Jv20X1cF,Kepadatan
@CommuterLine @theotid kaga ngaruh min. tiap pagi jg selalu numpuk,Kepadatan
@CommuterLine min ini tas sy kejepit dari st. Depok dr pintu sebelah kiri gimana carany ini sy mau turun dijuanda lagi,Keamanan
@CommuterLine kenapa kereta ke kp bandan gak muncul2 sih ? Udh numpuk banget di jalur 1 di st tn abang ? Yang bener aja bener2 buang waktu orang aja.,Kepadatan
@CommuterLine parah banget jadwal barunya dikata yg pulang kerja pada naik anjing? dari jayakarta full padet overload kereta bogor. badan berasa angkat beban sampe badan melengkung nahan penumpang segitu banyak. efisiensi efisiensi pala lu kocak lu aja ngaret. kocak kocak kocak https://t.co/YzDdtDcoCu,Kepadatan
@CommuterLine ada gangguan palmerah- kebayoran kok gak diinfo di sosmed dulu min ? Ini udh 24 menit loh gak jalan keretanya. Udah numpuk @CurhatKRL,Pelayanan
@CommuterLine bisa nggak kalo weekend dibanyakin petugas buat securitynya ada aja kelakuan org idiot yg udah tau rame nggak mau ngalah sama ibu yg bawa anak. malah disuruh nyari ke prioritas padahal kereta padet bgt,Pelayanan
@CommuterLine min ini mau sampe kapan gerbong panas ga ada AC dipake terus di line Cikarang - Angke jam 7.15 di stasiun Cibitung. Kita berangkat kerja ini jam-jam rame padet dan penuh. Tau dong rasanya kepanasan dan engap? Cc: @txtdrbekasi @MediaKonsumenID https://t.co/dWfLgMULQm,Kepadatan
@CommuterLine TELAT MULU LO YA. gue udah nunggu lebih dari 30 menit. giliran mo naik kereta penuh. gebleg,Keterlambatan
@CommuterLine hari ini kereta ke arah duri telat lagi. di monitor sudirman tertulis ada kereta ke arah duri jam 20.57 dan di app tertulis ada kereta di jam 20.44 DAN 20.57. ini aware gak ya kalo kereta ke arah tangerang di duri cuma ada di jam 21.10 dan setelah itu 21.54???,Keterlambatan
@CommuterLine @PT_Transjakarta stasiun Tebet bau kencing https://t.co/zlkUG7DjM3,Kebersihan
@CommuterLine Min tp ga diturunin di Jalur 4 juga gerbong cewe paling belakang kasian min mesti hati2 banget. Jalan sempit masih banyak tiang tiang. Ada yang bolong ditutupin triplek kalo keinjek orang yang grabak grubuk gimana https://t.co/iABh1jcmqt,Keamanan
@CommuterLine @Heraloebss SDM SEKURITI KRL LEMAH!,Pelayanan
@CommuterLine parah sih numpuk bgt lohh,Kepadatan
@CommuterLine hari ke 5 naik 1183 telat mulu sampe jakarta kotanya jadi ketinggalan mulu kereta ke tj. prioknya kalau ga di komplen ga ada perubahan gitu aja,Keterlambatan
@CommuterLine gila di tanah abang nunggu krl ke manggarai lama di manggarai jg nunggu krl ke arah Bogor lebih lama. 15 menit lebih coy! Gila. Sampe skrg blm ada juga ini krl Jadwal awal dari manggarai 07.44 berubah jadi 07.57 Udah numpuk bgt ini di Manggarai!,Kepadatan
@CommuterLine Tujuan Bogor telat datang penumpang numpuk di Manggarai... Duh kalian Payah,Pelayanan
@CommuterLine @KAI121 ini gimana ya kereta commuter line dhoho penataran dri kts-sgu pemberangkatan jam 4.25 (di tiket) ini sampe jam 4.31 blom berangkat malahan lampu dan ac blom nyala sama sekali kecewa berat! jdi telat ini huhu https://t.co/FQykOIcgjs,Keterlambatan
@CommuterLine WOOOOIIII LAMA BGT COK KETINGGALAN KERETA MERAK GUEEEE,Keterlambatan
@CommuterLine ini kenapa eskalator jalur 5-6 mati? Sengaja? Pas security saya tanya kenapa mati jawabnya Mati sendiri bu ga tau Cakepppp Ya saya kalo tau kenapa saya ga nanya lah ya Kaki saya masih recovery bekas jatoh di peron yg sama dari maret 2025 jd belum bisa turun naik https://t.co/imDRhpZVy9,Pelayanan
@CommuterLine Min Klw telat di Infoin sebelum Jam Pemberangkatan.. KA 5517 Kan Jam 6.48 knp di info Jam 7.11,Pelayanan
@CommuterLine Tolong diperketat pengawasan nya min takut disalah gunakan demi mendapatkan tempat duduk,Pelayanan
@CommuterLine eskalator turun peron Jakarta St. Manggarai ga mau dibenerin apah? Blm selesai turun kereta udh dtg lg. Numpuk deh. Mana kaki gw abis keseleo https://t.co/7t7Xyft9uU,Pelayanan
@CommuterLine lama bangett bjirr jalannya kaya kecoa di cikini,Keterlambatan
@CommuterLine peron stasiun ga bisa dibuat lebih lebar ya atap nya? Transit di stasiun tanahabang pas hujan deres malah basah. Padahal cuma transit aja. Turun naik kereta basah. Nunggu di peron basah.,Kebersihan
@CommuterLine bangsat lah 30 menit pergantian kereta jarak jauh pas sampe masih juga nunggu 2 kereta. TAI,Keterlambatan
@CommuterLine kebiasaan bgt tiap pagi dari Cikarang - Angke selalu ngetem ±30 menit di Bekasi Timur. Tolong diperbaiki dong min jadwalnya. Waktu kedatangan keretanya telat eh di jalan juga parah bgt. Kacau deh,Keterlambatan
@CommuterLine penumpukan penumpang di st. Depok baru. Gaada yang mau ngalah sampe perlu dibantu petugas buat narik beberapa orang keluar. Semua gamau telat. https://t.co/gDfep2EbdT,Kepadatan
@CommuterLine Masa sih jeda udah 15 mnt msh antri msk manggarai dr sdrmn,Kepadatan
@CommuterLine Hampir semua rangkaian. Sepertinya disetting ke 24 derajat dgn sengaja oleh teknisi? Seharusnya mengingat kondisi penumpang sgt padat AC tetap dibuat seperti yg sudah2 20 derajat. Tadi anak kecil sampai rewel.,Kepadatan
@CommuterLine @ivan_soetedjo apaan si min 06:41 gaada! ada 06:34 doang td. parah ngubah jadwal gapernah beres. bikin numpuk yg vi manggarai!,Pelayanan
@CommuterLine hellooo Jadwal yg kalian bikin di website itu diperhitungkan waktu delay gak sihh? Kalau nggak sangatt gaa bergunaaa bangett uhuyyy karena kereta mu telat terus hobby nyaaa silakan tanya petugas mu hari ini blue line gimana padetnya,Keterlambatan
@CommuterLine Mohon diperhatikan lagi semua prasarana KRL Green Line pada saat case penumpang penuh sekali terutama di sirkulasi udara di dalam KRL,Kepadatan
@CommuterLine Telat dong. Cowok atau cewek ngga ada yg bs BAK dan BAB di situ. Apalagi kalo baru ngetap kartu? Apa harus keluar lagi? Apa itu yg namanya pelayanan?,Keterlambatan
@CommuterLine min kenapa sih kereta arah ke rangkasbitung ga diperbanyak jadi 5 menit sekali gitu? kalau kita harus nunggu 20 menit kemudian lama banget. arah rangkasbitung tuh yg gunain kereta banyak juga loh min,Keterlambatan
@CommuterLine @CurhatKRL Infonya langsung dikosongkan.. gatau deh ini kereta belakangnya penuh kek apaa.. https://t.co/F5Spdqy2ph,Kepadatan
@CommuterLine kereta 1360 bau Duren di gerbong wanita depan. Tolong dicek Min.,Kebersihan
@CommuterLine min minimal kalo blm bisa berangkatin kreta petugasnya ngasih tau biar gak buang waktu nunggu yg bahkan org gak tau itu bakal gak dateng tanjung priok - jakarta kota di peron 7 kampung bandan kita udh nunggu setengah jam yaa,Pelayanan
@CommuterLine Tapi jarak kereta jalan sama nutup pintu aga lama kalo naik kereta ini jadi suka telat2,Keterlambatan
@CommuterLine Gangguan rutin? Kok parah delay bisa 5x?,Keterlambatan
@CommuterLine tadi pagi naik ini (keberangkatan dari Stadebar jam 8.14) diluar tercium bau seperti kampas rem terbakar https://t.co/PD4kMbevZz,Keamanan
@CommuterLine mksdnya apa informasi rangkaian blank tujuan kota,Pelayanan
@CommuterLine Itu efek dari KA sebelumnya yg mundur. Berefek ke kereta2 setelahnya. Penumpang numpuk di jam 6.19,Kepadatan
@CommuterLine Tolong bgt ini mah jadwal ke tnh abang-duri dari manggarai diatas jam 9 malam dibikin 10 menit sekali. Ini masa udah nunggu 20-35 menit baru ada ya? Jadi numpuk min pnp dimanggarai sm sudirman nya,Pelayanan
@CommuterLine kenapa sih stasiun serpong itu akhir2 ini BAU SAMPAH nyengat bgt hueeeek bikin ga mood aja deh dasar bauu,Kebersihan
@CommuterLine Orangnya sudah turun di sentiong yg saya sesalkan security tidak berani negur padahal dia ngobrol kenceng² di dpn security,Pelayanan
@CommuterLine CL penataran kok delay ya min,Keterlambatan
@CommuterLine Mau ke Depok Baru stuck di UI lama banget Min,Keterlambatan
@CommuterLine krl ckr-pse via mri pagiini payah bgtt udh telatnya ga kira2 cmn 10 gerbong lagi. Tiap masuk stasiun berikutnya kena delay. Gileeee bnr,Keterlambatan
@CommuterLine Kayak ikan pepes penumpang penuh,Kepadatan
@CommuterLine ini ada kucing di rel kereta antara peron 10-11.. security nya jauh jadi ga bisa panggilin https://t.co/TRibFOarkA,Pelayanan
@CommuterLine layanan pengaduan khususnya stasiun bojonggede tuh ke mana ya? Soalnya semua petugasnya gak solutif. Terima kasih,Pelayanan
@CommuterLine jadwal komuter skrg ga jelas. gw di jurang mangu dr jam 7:08. nunggu kereta baru dateng jam 07:30. numpuk lah ini penumpang. kok bisa kosong gtu dr jam 7:08 mungkin jg dr sebelumnya. balikin jadwal sebelum gapeka deh,Pelayanan
@CommuterLine min kereta arah Bogor di Manggarai telat ya? Penumpang numpuk nih....,Kepadatan
@CommuterLine @kegblgnunfaedh Min @CommuterLine ke depannya tolong berikan kewenangan dan izin plus kewajiban kepada petugas security nya untuk bersikap KERAS kepada pengacau macem gitu. Toh nightstick udah ada tinggal pentung lalu seret ke pos security lanjut bungkus ke polisi.,Pelayanan
@CommuterLine @bacottetangga__ Mohon lebih tegas lagi untuk petugasnya supaya pelanggan yang lain merasa aman dan nyaman,Pelayanan
@CommuterLine Gw nobatkan stasiun serpong adalah stasiun dengan bau terbusuk setiap pintu KRL dibuka baunya kek bau tumpukan mayat yg dah busuk beratus taun nyosa sampe beberapa stasiun kedepannya setelah lewat KRL dipenuhi bai busuk. Sudah begini gk ada solusi,Kebersihan
@CommuterLine @selowrun Udh semestinya bgtu lahh namanya jg pelayanan publik sklian nih min di sudimara ada sekuriti yg sy minta tolong lewat jalur prioritas krna sy bw barang bnyk dan gede tp mukanya asem pdhl udh dipermisiin dan di senyumin,Pelayanan
@CommuterLine hari pertama jadwal baru masih kacau belum siap apa gimana jam 8.22 di stasiun gubeng masih dhoho yg berangkat penataran harusnya berangkat jam 8.23 ntah ntar telat jd jam berapa ‍️,Keterlambatan
@CommuterLine min boleh dilakukan pengecekan untuk nomor KA1290. Saat ini AC di gerbong mati dan cuma ngandelin kipas angin. Posisi kereta penuh sesak. Terima kasih https://t.co/pTCmvDwmmS,Kepadatan
@CommuterLine @CommuterLine INI JUGA JATOH DARI STASIUN PALMERAH GARA2 DIDORONG ORANG PAS TURUN KEMAREN KAMIS PAGI. BUKAN GUE JATOH KARNA KEGIATAN LAIN!,Keamanan
@CommuterLine @HerawanBoma Sepertinya ada pengurangan petugas walka soalnya berapa kali naik KRL dari tanah Abang sampai Daru ga pernah lihat petugasnya keliling seperti biasa sekarang jadi banyak penumpang duduk dilantai juga.,Pelayanan
@CommuterLine Petugas stasiun pondok ranji nih temennya ga dikasih tau. Itu micnya blom dimatiin kalian ngobrol kedengeran sestasiun tauuuk.,Pelayanan
@CommuterLine Bisa ngak nambahin armada JKT-BGR selama puasa jam 3 sampai jam 4 sore. Banyak yg pulang jam2 segitu krn armada sepi dan jaraknya jauh lebih dr 10 menit penumpang jadi numpuk di stasiun. Udh krl ketiga ngak bisa naik tujuan bogor,Kepadatan
@CommuterLine @_den_t_i_ Telat bgtt ya min keretanya saya pagi ini nunggu lumayan lama dari jam 6.53 kereta baru dtg jam 7 lebihhh. Selama saya nunggu kereta dari arah tn abang ke arah rangkas sudah lewat 3x min yaampoonnn hhhhhhhh,Keterlambatan
@CommuterLine Tiap hari jadwal kok telat terus ya uda di nunggu kereta di peron 15 menit arah sudirman kagak ada yang dateng. Percuma berangkat pagi kalau kereta kalian telat terus penumpang uda numpuk di jalur 2 nih masih mau dipaksain buat telat terus apa gimana.,Keterlambatan
@CommuterLine tolong ya sama satpam stasiun tanah abang kalo lagi penuh orang eskalator di matiin aja agar yang di bawah ga dorong2 karena kereta jalur 5 baru dateng dan penumpang membeludak klo di matiin kan biar ga dorong2 di bawah eskalatornya,Keamanan
@CommuterLine Gue liat2 makin hari ni green line makin ga karu karuan Kereta telat mulu. Gue gatau sistem lu jelek / kereta lu jelek / staf lu yg ga satset 6.35 dari Parung Panjang 07.28 masi di Palmerah. Gausa terlalu menganaktirikan green line lah udah jedanya lama ga perform pula,Keterlambatan
@CommuterLine Asli kebiasaan jurusan commuterline yg ke kp Bandan sma angke dari Bekasi dan Cikarang kebnyakan ngopi santai jd numpuk di manggarai seharusnya jurusan ini agar di perbanyak keretanya jgn uang tunjangan aja yg di perbanyak.,Kepadatan
@CommuterLine ini ada apa yaaa?!? Dari cawang ke tebet aja udah berhenti berapa kali. Di speaker minta maap doang tapi gadijelasin kenapa. Mana panas bat allahuakbar gaada ac sumpiw. Jangan tanya rangkain berapaa. Lagi kegencet ga keliataan,Keterlambatan
@CommuterLine kenapa delay parah? Jawab.,Keterlambatan
@CommuterLine min kereta jurusan Tanah Abang dll kenapa ga pernah ada lagi dari Bogor ? Biar ga numpuk semua dari bogor Citayam Depok baru dan pondok cina,Kepadatan
@CommuterLine @MuhammadSancK Udah numpuk penumpang yg nunggu di stasiun bekasi timur min Ga berhenti2 kereta jarak jauh lewat hadehh,Kepadatan
@CommuterLine kereta bogor mana oyyyyyy. Ini penumpang numpuk di stasiun,Kepadatan
@CommuterLine Tadi pagi sangat kesal banget harusnya cibinong 07.16 ke manggarai nyampe 8.04 malah molor ke 8.16 jadinya telat ke kantor,Keterlambatan
@CommuterLine Min sekedar saran utk petugas yg standby d peron 1 dan 2 st. Manggarai. Mohon utk memberikan arahan yg jelas ttg krta mana yg dberangkatkan duluan d jalur tsb. Bbrpa ksmptn slh info sehingga menyebabkan gesekan antar penumpang d persilangan peron. Trims,Pelayanan
@CommuterLine No KA 4070 itu hrsny ada di Matraman tp malah 5124A yg lewat dan penuh sesak! https://t.co/2mreJZ8xZ2,Kepadatan
@CommuterLine KRL 12 gerbong pada kemana ya ? Aneh dah jam 6- 7 pagi malahh banyak 8 gerbong Prasaan Gaji pegawai KRL udh dinaikin pak ignatius Kok pelayanannya jadi bobbrok,Pelayanan
@CommuterLine Masa kereta yang biasanya berjalan karena hari kejepit jadi ga berjalan. Bikin jadwal normal dan jadwal liburan yg bisa di download lah biar tau kalau kalian libur berubah jadwal kereta seperti apa,Pelayanan
@CommuterLine @asmurcom Petugasnya lebih menggampangkan fokus ke bagian yg bukan prioritas daripada ngecek yg bagian prioritas apakah sudah sesuai syarat prioritas..,Pelayanan
@CommuterLine Diperhatikan dong perbaikan rel di rush hour. Kita2 ini yg terdampak numpuk dorong2an membahayakan semua aspek jadinya. KALO MAU PERBAIKAN DI JAM 4 SUBUH KEK aarrggghhh,Keamanan
@CommuterLine @merapi_uncover WOY ITU ORANG TUA KOK DISURUH BERDIRI? Petugasnya gimana?,Pelayanan
@CommuterLine Ini biasanya da sekuriti d tmpt gerbong perempuan. Skrg dah ga pernah da lg. Jd nya mlh kyk gini. Adanya lm2 mlh co bs d gerbong ce lg,Pelayanan
@CommuterLine Stasion manggarai peron ke kampung bandan kreta yang dari dipo untuk apa nunggu pemberangkatan sampai jam 7:55 sedangkan penumpang udah numpuk ke arah kampung bandan.,Kepadatan
@CommuterLine Line cikarang di jam 7-8 pagi ya min dari bekasi! Jd ada penumpukan di setiap stasiun apalagi kalau udah sampe manggarai udah gak muat ttp dipaksa masuk ga terurai udah liat di aplikasi c access jg waktu kedatangan kereta tetep suka ngaret,Kepadatan
@CommuterLine @kegblgnunfaedh Min saran saja. Lain kali dihimbau kepada petugasnya untuk lebih tegas tanpa ampun dan langsung tarik keluar kereta. Demi kenyamanan penumpang lain.,Pelayanan
@CommuterLine min mau minta tolong untuk AC dicek berkala. Kalau anak kecil yang naik kasihan kegerahan. Baju gua bau apek.,Pelayanan
@CommuterLine Sudah saatnya ada cctv di setiap gerbong banayj manfaatnya termasuk merekam jika ada pelecehan,Keamanan
@CommuterLine @neglass2 Perbandingan sebelum GAPEKA CL tersedia tuj akhir cikarang keberangkatan dr st kemayoran pkl 17:15 dan pkl 18 GAPEKA menjadi neraka makanya kalian staff uji coba Spy bisa merasakan kebijakan kalian yg menyiksa.,Pelayanan
@CommuterLine Min kereta arah kampung bandan ditambah donk sekarang malah delay lagi hhmmm,Keterlambatan
@CommuterLine KA 1730A telat 10 menit lebih kereta yg sama jg 6021 kereta 3 6421 AC nya panas banget,Keterlambatan
@CommuterLine maaf tadi kereta mengalami gangguan sangat lama sehingga saya telat ujian dan harus melakukan susulan boleh tolong saya harus melampirkan bukti telat saat naik kereta yang baru kereta inka,Keterlambatan
@CommuterLine tolong banget dipertimbangin masukan ini: untuk stasiun rawabuntu TOLONG BANGET mobil diharuskan untuk masuk ke parkiran spt shrusnya jgn lewat bawah kolong jembatan krna ada 1 mobil aja lewat kolong jembatan 1 jalan jd KACAU KASIAN YG JALAN KAKI SAMA NAIK MOTOR,Pelayanan
@CommuterLine @dantsus @Heraloebss Jgn cuma bisa jawab normatif aja tindakan nyata nya mana evaluasi lg pegawai anda msak yg model beginian msh ada 2 satpam lawan 1 penyakit kok kalah gmn anda melindungi hak2 orang banyak pengguna kereta,Pelayanan
@CommuterLine KA 2265 2267 2269 Tang - Duri kenapa sebulan ini cuma 8 gerbong ya min? Ini kereta setiap pagi padet banget. Kenapa ga sampe minimal 10 gerbong? Ga pernah nyentuh 12 gerbong di rush hour gini. Apa pertimbangannya?,Kepadatan
@CommuterLine Ini udah selesai belum sih? Kata temen kereta nambo delay 45 menit,Keterlambatan
@CommuterLine jadwal jam 16:39 tapi baru dateng jam 16:50 karena apa? Karena nunggu kereta luar kotanya @KAI121 lewat doang wkwkwkwkwk https://t.co/FsWoaOeK2D,Keterlambatan
@CommuterLine ada anakan kecoa di commuter line dhoho. mohon ditinjau kebersihan gerbongnya,Kebersihan
@CommuterLine tadi nemu kecoa 3 di gerbong kereta lintas bogor. Sebenernya ada perawatan rutin gak sih? Misal disemprot disinfektan atau gimana gitu,Kebersihan
@CommuterLine Ini menuju Jatinegara dan di Jatinegara berhenti lama (lagi). Tolong hal yang membuat kenyamanan pelanggan terganggu lebih diperhatikan. Ubah lagi Gapeka dengan meminimalisir delay dan berhenti (ngetem) di tengah jalan/stasiun. Kenyamanan Pelanggan Adalah Prioritas Kami,Keterlambatan
@CommuterLine jelek bgt anj aplikasi lu kacau,Pelayanan
@CommuterLine min kereta bogor - jkt lagi ada gangguan kah kenapa gak jelas tiba2 cuma sampe tebet terus di manggarai lama,Keterlambatan
@CommuterLine Goks si jam 5 pulang kerja (rush hour) kereta cikarang ada jm 17.16 sblm nya jm 16.42 selisih 30 menit di dlm kereta jd chaos bgt mana ketahan 3 kereta jarak jauh.. Cape bgt sumpah.. Klo ga di evaluasi si kebangetan..,Pelayanan
@CommuterLine 1199 kenapa delay terus? Rusak? ui up cawang tebet diem terus. Gangguan bulanan lagi?,Keterlambatan
@CommuterLine Bos belakangan ini KRL relasi Cikarang-KPB padat parah nih saat jam berangkat dan pulang kerja. Di dlm gerbong penumpang pada sesak karena dorong-dorongan dan badan juga jadi pegel-pegel bos. Mohon dicarikan solusinya. Cc: Pak Menteri @erickthohir @BudiKaryaS,Kepadatan
@CommuterLine halo keretanya banyak kecoa,Kebersihan
@CommuterLine telat 4080A? https://t.co/qEXV4DVQTN,Keterlambatan
@CommuterLine Kemarin numpuk banget nih kereta molor sampe 20menitan penumpang membludak 2x gak muat rangkaian kereta gila banget! https://t.co/LDle2WyJhY,Kepadatan
@CommuterLine udah minggu ke 3 di hari senin manggarai lagi manggarai mulu yg delay. Ga masuk di akal najis najis najissssssssss,Keterlambatan
@CommuterLine Pantesan nak kereta manggarai biasa nya bukan ja 05.38 kok ini udah ada dan ketahan lama masuk Citayam pun,Keterlambatan
@CommuterLine Gangguan terus delay kapan menjadi lebih baik,Keterlambatan
@CommuterLine @KAI121 KAGA PERNAH NGERTI GIMANA CARANYA KCI DAN KAI MANAGED WAKTU PEMBERANGKATAB KRL. SETIAP HARI LIN CKR/ BKS PASTI DELAY. KA 5051 DELAY 5 MENIT TIBA BEKASI TIMUR. APA WAJAR KA COMMUTER TELAT TERUS @kemenhub151 @KemenBUMN,Keterlambatan
@CommuterLine Please consider headway ngga lebih dari 10 menit di jam sibuk gini karena numpuk banget coyy di St Cisauk. Apakah kalian ngide ada kereta dr Serpong di antara jam 08.35-08.55 ya? https://t.co/NHhpfX5eLj,Kepadatan
@CommuterLine sudah beberapa kali kejadian PARKIR di stasiun bogor motor saya ada aja masalah nya di mulai dari lecet body sampai motor yang sering di pakai orang untuk MEROKOK di sampai body body nya si injak bagian cover knalpot di injak juga motor bersih jadi kotor! kecewa,Keamanan
@CommuterLine tadi di 1163 arah jakot tp td caot nya udah coba panggil petugas dan di gondangdia petugas udah dtg tpi beberapa orang orangnya gamau dengerin padahal petugas udah suruh untuk pindah,Pelayanan
@CommuterLine info donk brp lama nunggu kereta dr bekasi ke Cikarang akan jalan jd kita bisa ambil keputusan pindah transportasi lain atau nunggu jgn di gantungin spt ini sdh 2jam loh..,Keterlambatan
@CommuterLine stop delay pls min..? aku msh sklh.. jd tlt mulu udah lebih dr 5x arah tgr haduh :( pdhl dateng selalu 10 menit lbh awal knp delaynya bisa sampe 20 menit :(,Keterlambatan
@CommuterLine manaa ini krl arah bogor nya numpuk banget jalur 11 12 di manggarai,Kepadatan
@CommuterLine halah cok lama bgt pergantian pergantian nunggu pergantian bermenit menit kereta jalan ga nyampe 3 menit,Keterlambatan
@CommuterLine Kacau jadwalmu nyet !!!,Keterlambatan
@CommuterLine Template minta maaf terus tapi ga pernah di perbaiki pelayanannya.. Padahal dah banyak yg komplen masalah waktu.. Belom lagi nanti di tahan2 susah banget menghargai waktu kayaknya,Pelayanan
@CommuterLine Min itu ditegur masinisnya yg ngetem nya lama satu aja yg delay pasti kena smua delay . Jelas2 krl udah penuh tpi masih aja lama ngetem nya.,Keterlambatan
@CommuterLine ini kalian bikin jadwal bagaimana ya? Di stasiun duri kereta ke tangerang udah masuk dua kali kereta arah tanah abang manggarai dari 08.45 sampai sekarang ga ada yang masuk? Emang hobi numpuk penumpang? Di duri udah penuh nanti di tanah abang tambah penuh lagi,Kepadatan
@CommuterLine Malam admin. Mau nanya emang di st gondangdia gaada jadwal krl lagi ya di antara 18.20-18.30 krn menunggu pemberangkatan kajj? Tadi nunggu dr 18.20 di gondangdia baru lewat ka jakot-bogor 1384 di 18.30an krn nunggu kajj lewat dulu. Numpuk bgt jadinya Min.,Kepadatan
@CommuterLine Tolong banget nih @CommuterLine kalau ngatur jadwal tuh bisa beneran dikit gak ya. Kereta dari citayam terakhir sblm jadwal ini 11.34 kemudian jaraknya 12.01 Harus nunggu sekitar stgh jam nunggu kereta selanjutnya. Agak ngotak dikit Biasa ada kereta 11.45 ini gak ada lagi. https://t.co/7LZ1kNXG6a,Pelayanan
@CommuterLine @KAI121 TERNYATA 5126 JUGA DELAY. JADI MMG KONTOL KCI DAN KAI.,Keterlambatan
@CommuterLine @coklat_keju88 KAI minta maaf trs tanpa ada usaha pembenahan yg optimal... Tolong juga yg kasus prank segerombolan pemuda yg meneriaki salah satu penumpang dengan meneriaki copet diusut..kan ada CCTV....bahaya bgt.....kalau sampai org yg kena prank itu di hakimi masa gmn?,Pelayanan
@CommuterLine ini kereta jalan atau tdk min? Di tgr uda lama bgt. Klo ga jalan krn ada insiden sy turun,Keterlambatan
@CommuterLine min ini kalo jam segini emg rangkaian keretanya dikit ya? Udh nunggu hampir 20 menit kereta dr kota - bogor masih blm tersedia anjai,Keterlambatan
@CommuterLine @budiyant61277 @kai Tapi kenapa Yang Dari rangkas ke Tanah abang jadi delay juga?,Keterlambatan
@CommuterLine Di pagi2 tuh jam 5.53 selanjutnya jam 6.07 terus ada lagi 6.20 terus 6.37. beda 15 menitan lebih aja udah bikin jadi pepes,Kepadatan
@CommuterLine tlong lbh dperhatikan jdwal kebrangkatan jkarta-bogor saat jam plang kerja jngan d tmpuk n rentang wktu yg lama n rangkaian gerbong yg sdkit Jd numpuk d stasiun pnp nya lbh memanusiakanlah sdkit manusia,Kepadatan
@CommuterLine @CurhatKRL min mau tanya dong lg ada gangguan apa gimana ya? Udah hampir sejam nunggu kereta di st. Kramat.. kereta ke cikarang ga lewat lewat,Keterlambatan
@CommuterLine ini kenapa kereta udah delay 23 menit di tanah abang ya? Yang bener aja 23 menit loh,Keterlambatan
@CommuterLine bekasi cikarang telat? Sudirman baru penuh https://t.co/QbOarrdT2B,Keterlambatan
@CommuterLine kampung bandan - duri delay teroooossss. 30 menit plisssssss,Keterlambatan
@CommuterLine lama anjeenggg,Keterlambatan
@CommuterLine ini kemana kereta arah Bogor? Orang udah numpuk di peron ini di stasoun Jakarta Kota ada apa kok lama datangnya? https://t.co/aCqy6EWGwv,Kepadatan
@CommuterLine @jalur5_ @jalurbekasi ada apakah? Ko padet banget ya https://t.co/vtDZ1SdsZr,Kepadatan
@CommuterLine Menurut saya ini bukan karena pasar kak karena spot baunya terjadi di tempat duduk dekat toilet stasiun saja. Diluar itu tidak bau. Termasuk di pasarnya sendiri.,Kebersihan
@CommuterLine schedule lo kaya sampah di depature screen tujuan jakarta kota 10.45 tapi 10.40 udah jalan. Gak bisa apa tepat waktu sekali aja?,Keterlambatan
@CommuterLine plis kalo bikin jadwal yang bener doang jangan tbtb berubah kereta rame bgt orang2 yg masi belom naik kereta jg banyak bgt kereta cikarang - angke momen seperti ini bisa buat para oknum pencopet ataupun pelecehan seksual beraksi. https://t.co/1KFhdeAV9b,Keamanan
@CommuterLine emang bener mesti ke pusat dlu di Juanda buat nanganin ginian?? ga bisa ditanganin di stasiun gitu asal ada Security dan staf kalian? wow shame on you lahh... udah gada ruang aman kalo gini mah di KCI. @KAI121 tuh atensi anak usaha lu,Pelayanan
@CommuterLine Tadi diinfo cs on train nya cuma tertahan kalo tertahan SOP nya cuma gitu aja? Ga disebut jelas alasannya apa? Better dijelasin deh drpd org nunggu udh pada sensi td org org. @CommuterLine,Pelayanan
@CommuterLine kereta lo yg 6007-6008 telat 10 menit jing nyampe kranji 6.41 harusnya 6.31 udh lama nunggunya telat pula mikir tolol,Keterlambatan
@CommuterLine 5126B tujuan Cikarang itu aslinya sampe Matraman jam berapa sih? Di app biasanya 16.34 realnya dtg 16.31 atau 32 eh hari ini 16.27 udh nyampe jadi ga kebagian deh kereta selanjutnya 16.44 anjir lah nunggu 17 menit sampe Bekasi doang pula hufff,Keterlambatan
@CommuterLine pelayanannya makin hari makin parah aja sering ketahan kipasnya panas bgt di rush hour. Sampe kantor lepek udah kaya org mandi.,Pelayanan
@CommuterLine krl dr jogja knapa tuh min kok bisa telat?,Keterlambatan
@CommuterLine min ini kok kereta dari arah jakarta ketahan lama banget di depok baru??,Keterlambatan
@CommuterLine @kegblgnunfaedh ga tegas mint bahaya tuh org mabok kok di bolehin masuk.,Keamanan
@CommuterLine Jadwal kereta hari pagi ini ke arah Rangkasbitung telatnya parah banget sampe 25 menit. Bikin telat masuk kerja. Kacauu https://t.co/PvXLtMSWCQ,Keterlambatan
@CommuterLine @wahyukurniawan5 Apaan normal woy ini numpuk bgt di Depok Baru mana kebanyakan 8 gerbong doang. Normal darimaneeeeee,Kepadatan
@CommuterLine @perkeretaapian Baik terima kasih. Lumayan basah dan licin kalau pas lagi hujan deres dan penuh penumpang. Yang dua gerbong depan ga bs geser dulu pas mau turun,Keamanan
@CommuterLine Numpuk bgt weyy pondok cina mana masuk kereta 8 gerbong terus,Kepadatan
@CommuterLine @KAI121 4078 delay 15 menit tiba bekasi timur kemarin 4078 delay 20 menit skr delay 15 menit. Makin bodo saja KCI dalan mengatur perjalanan KRL.waktu pelanggan di anggap tidak penting oleh KCI. Jelas KCI makin bodo. https://t.co/wf8MtXJW2o,Keterlambatan
@CommuterLine @mrkingwic @AnkerTwiter Min ini kenapa deh kereta ke Bekasi jd jarang gini kan stasiun jadi membludak ga bahaya ta?,Kepadatan
@CommuterLine Berapa lama ini !!!? Kami sudah tertahan lama! mau sampai besok pagi !!!,Keterlambatan
@CommuterLine @KAI121 ini pelecehan serius kok enteng bgt menanggapi laporan dan keluhan korban. Bisa nggak kasus yg menimpa korban ini gercep di usut????,Keamanan
@CommuterLine tolong dong mas mbaa arahin security / petugas / guard di st duri jaga eskalatornya di atas aja jd kalo ada yg barisan kanan ngetem gak mau jalan langsung ditegur. Tau sendiri kann hecticnya eskalator duri dr peron kereta tangerang,Pelayanan
@CommuterLine Kalau kereta lagi padet..mas PKD susah dicari min..kalau make pin tsb kan sgaknya ada awareness Dr pengguna lain .. saran aja min.. biar kreatif lah dikit.. pin ibu hamil aja d marketplace udh bayka dipalsuin..,Pelayanan
@CommuterLine @enakdimulutkok @rizkidwika Harusnya jangan dipaksakan penghapusan kereta bogor - tanah abang kemaren biar gak terlalu bejubel di manggarai kek mau berangkat perang tiap pagi dan sore lagian disain stasiun manggarai gak ramah pengguna karena ada tiang gede n jalan kita harus menepi dan rawan jatuh ke rel.,Keamanan
@CommuterLine Kenapa ini 4x berenti pintu kebuka.. Kereta penuh bahaya min https://t.co/HUTJxrCukH,Keamanan
@CommuterLine line lu lawak dibenerin lah gak ada kereta lokal sama antar kota tapi selalu kendala lu gak liat green line itu masyarakatnya banyak diperhatiin lebih orang berangkat pagi malah delay gak jelas,Keterlambatan
@CommuterLine Minnn tolong dong Greenline lebih diperhatikan arusnya rame tapi ga diperbaiki layanannya Akhir2 ini beneran sering telat penumpang numpuk Kami ini bayar juga lho,Kepadatan
@CommuterLine ini kretanya pada kmana ampe numpuk di stasiun manggarai,Keterlambatan
@CommuterLine ini kenapa sih kereta rangkas - tanah abang ketahan lama mulu di tiap2 stasiun bisa sampe 5 menitan kali. Jam 07.23 msh ketahan di serpong,Keterlambatan
@CommuterLine tolong dong klo kasih keterangan yg benar jangan MENYESATKAN. KRL berhenti di Stasiun Sudimara setengah jam sendiri blgnya nunggu sinyal aman dari Rangkasz ternyata kereta berikutnya yg berangkat duluan. Geblek banget,Pelayanan
@CommuterLine min kok kereta bogor ketahan lama masuk gondangdia cikini sama manggarai kan jalurnya udh kepisah sendiri. Jauh bgt dr jadwal yang seharusnya. Tolong diperbaiki dong supaya tidak merugikan pengguna. Terima kasih,Keterlambatan
@CommuterLine Di informasikan dong min update perkembangan bagaimana soalnya pasti ada yg bimbang antara nunggu kereta telat atau cari alternatif jika seperti ini.,Pelayanan
@CommuterLine gimana inj jeda kereta lama. Orang sudah menumpuk distasiun,Kepadatan
@CommuterLine @AfalfaM Ini padet banget min buset dah,Kepadatan
@CommuterLine balikin jadwal line bekasi-cikarang seperti sebelumnya pleaseee. Ini ngaco bgt makin dikit jadwalnya terus ngaretnya makin gila. Udh dtg lebih cepat eh keretanya ngaret parah imbasnya kereta penuhnya gak ngotak tolong kaji ulang atau suruh orgnya ngerasain :),Kepadatan
@CommuterLine tolong donk eskalator di stasiun manggarai yg tidak berfungsi diperbaiki. Bahaya kalo eskalator mati tapi dipakai seperti tangga manual. Apalagi yg pakai banyak orang. Kalo belum bisa diperbaiki baiknya jangan dikasih akses pakai.,Keamanan
@CommuterLine Yang ditanya bukan itu. Makanya simak dengan jelas. Berangkat dari cilebut kenapa bisa 5x delay parah. Itu pertanyaan tadi pagi ga kalian respon sama sekali. Kalo ga direapon harus hubungi ke mana? Call center di stiker dalam KA pun ga bisa dihubungi. Sebenarnya ada CS ga sih?,Pelayanan
@CommuterLine Udah 20 mnt lebih tertahan mau masuk st citayam,Keterlambatan
@CommuterLine min mau saran aja kalo kereta nomor 55 di perbanyak min jangan 60 doang yg di banyakin lama tau nunggu kereta nya harus muter dlu https://t.co/iwWKxgJE6p,Keterlambatan
@CommuterLine Lambat banget jalan nya dan gak tepat waktu. Kereta boleh baru dan nyaman tp waktu lebih penting . Dari awal operasi ini kereta sampai sekarang ga pernah tepat waktu,Keterlambatan
@CommuterLine Kenapa gak sabtu aja SO nya min ini hari jumat pagi st bekasi chaos orang pada kelamaan nunggu KRL,Kepadatan
@CommuterLine @bebeksarapp Sedih bgt dl pernah udh hamil gede 8bulan perkara ga pake pin hamil ga dikasih duduk sm orang2 padahl udh mlipir deket sm kursi prioritas..bahkan satpamnya jg liat diem aja smpe skr masih keinget terus..,Pelayanan
@CommuterLine @ozzan @KAI121 @CurhatKRL @krlmania Inikan dampak perpindahan kereta dari dlm kota keluar kota knp @CommuterLine tidak membikin yg mudah perpindahan org.... Contohnya dari bintaro cs tidak berakhir di tnh abang tapi di duri kan mengurangi flow juga.... yg ke bogor balik spt dulu kan bagus....,Pelayanan
@CommuterLine Sampe saat ini masih terkendala kah min? Please udah telat nih minimal kompensasi krn udh sejam lebih gerak cmn dikit doang yg hrsnya udh sampe manggarai jam 8 lah ini baru sampe tengah2 st bekasi.,Keterlambatan
@CommuterLine dear krl yg baik kamu kenapa sekarang sering tertunda keberangkatannya? kami berdesakan sudah pasrah terima ikhlas. sekarang sering tertunda gara² krakatau steel lewat gara² maintenance jalurnya macem². emang ada yg korupsi dana maintenance?@KemenBUMN @jokowi,Pelayanan
@CommuterLine Hari2 kereta dari cikarang telat terus min gada improve nya telat nya lebih dari 15 menit lebih,Keterlambatan
@CommuterLine pemberangkatan parung panjang terakhir dari stasiun palmerah jam 23.45. ter delay sampai jam 12.44,Keterlambatan
@CommuterLine balikin ajaaa min ke jadwal awal jd chaos bgt apalagi pagi2 tadi,Kepadatan
@CommuterLine Min ada apa di kampung Bandan yaa kereta ketahan lama banget,Keterlambatan
@CommuterLine jadwall jakarta kota - bogor dari stasiun gondangdia dongg minnn.. lama banget jarak kereta datengnyaa gak kaya dulu,Keterlambatan
@CommuterLine min c-access jangan crash mulu kek,Pelayanan
@CommuterLine eskalator bojonggede udah 3 minggu mati. Petugas ditanya selalu nyalahin teknisi. Tiap malem teknisi ngotak ngatik tp tetap ga bener. Ga ada tangga adanya tangga zigzag. Emang ga ada otak kayaknya. Kalo ga mampu bikin eskalator ya ganti tangga biasa aja lah!,Pelayanan
@CommuterLine Masalahnya di cilebut kenapa stasiun depok sampe Manggarai delay terus? Kasih datanya yang bener bego.,Keterlambatan
@CommuterLine shitttttt bgt nunggu kereta arah kampung bandan SETENGAH JAM cuma gara-gara kereta jarak jauh berapa kali lewaaat!! Mana transit jalur greenline.. GIMANA ITU JALUR GAK TAMBAH NUMPUK HIHHH!!!!! DAMN BGTT SIH!!,Kepadatan
@CommuterLine Kereta lokal sering banget delay jadwal baru malah delay parah. CL dhoho Surabaya - Kertosono - Blitar shrsnya berangkat jam 8.13 ini udah delay hmpir 15mnt. Blm nnti brhnti lgi d stasiun aaaa mboh,Keterlambatan
@CommuterLine Ini rangkaian Green Line dari Sudimara ke Tanah Abang kenap delay? harusnya jam 7.04 keretanya tiba ini baru dateng di jam 07.25 kenapa? ini sekarang saya gadapet masuk keretanya karena penuh dari stasiun sebelumnya? kenapa? kita semua numpuk delay anjing,Kepadatan
@CommuterLine commuter 6066B sdh telat jadwal dimana posisi nya? Yang tunggu sdh padat.jangab sudah padat kereta telat gerbongnya sedikit,Kepadatan
@CommuterLine min tolong dong staff informan di st bogor dan satpam2nya dihimbau biar lebih informatif lagi ini staff informannya krg aktif ksh info perihal krlnya trs satpamnya jg sama aja kurang koordinasinya jg apalagi klo pagi2 weekday gini.,Pelayanan
@CommuterLine jadwal baru gajelas bgt. bukannya jd lebih sering kereta arah manggarai saat pagi ini malah jedanya lama bgt!!,Keterlambatan
@CommuterLine numpuk nih hehe stasiun gondangdia https://t.co/Rvs6H14d9Q,Kepadatan
@CommuterLine kenapa empat kursi di bawah eskalator St. Palmerah tidak ada min? Padahal secara space tidak sempit dan malah akhirnya penumpang duduk di lantai. https://t.co/CeRu1w4gBX,Pelayanan
@CommuterLine ini kenapa lama banget ya jedanya KRL Bogor - Jakarta Kota dari jam 08.20 sampai sudah jam 08.40 belum ada juga?? Seharusnya ada tiap 5 menit sekali.. sampai numpuk penumpang yang transit di Manggarai mau ke Jakarta Kota!,Kepadatan
@CommuterLine jadwal 12F Cikarang - Angke via manggarai yang seharusnya jadwal keberangkatan 4.31 ini menjadi 4.55 delay sebanyak hampir 25 menit.. Dan ini sudah kejadian ketiga kalinya mohon diperhatikan karena merugikan waktu sehrsnya tiba angke 5.25 menjadi terlambat. Thx,Keterlambatan
@CommuterLine rawabuaya-duri kemarin gajadi jalan ga dapet refund nih? Kata pegawai lu biarin aja nanti pas expired saldonya balik nyatanya ga balik tuh di gopay gua?,Pelayanan
@CommuterLine kok telat bgtt sihh minn? mana cuma 10 gerbong,Keterlambatan
@CommuterLine @CurhatKRL ga jelas nih KAI kereta ke Sudirman bukan ditambah hari senin malah dikurangi kacau dah,Pelayanan
@CommuterLine Min info juga kalo kereta ke tanah abang ketahan karena gangguan aliran listrik atas di stasiun serpong. Ini yang kereta ke tanah abang ketahan di parung panjang ga gerak-gerak dari tadi.,Keterlambatan
@CommuterLine lah ga keburu dong ini aja masih di senen td petugasnya bilang masih bisa..,Pelayanan
@CommuterLine tolong itu di stasiun cakung tadi ada mas mas minta tolong security tapi sama sekali gak ada security trs skrng mas masnya lari di lintasan kreta ngejar pelaku petugasnya ilang semua?,Pelayanan
@CommuterLine tolong petugas di KRL Jogja-Solo diedukasi. Masak mereka diem aja pas lihat ibu-ibu gendong anak berdiri padahal banyak yg tidak berhak menempati kursi prioritas. Apa guna kursi prioritas kalau petugasnya aja pada cuek ketika ditempati oleh penumpang yg gak berhak?,Pelayanan
@CommuterLine Jalur boo-kota aman atau ada gangguan? Ini di stasiun bogor numpuk penumpang+ada yg blg gangguan,Keterlambatan
@CommuterLine nunggu kereta bakasi - angke via mri 30 menit. Cuma 10 gerbong. Masuk jatinegara nunggu 2x. Masuk mri nunggu lg. Cakung smp mri bisa 45menit Gilaaaa anyep bgt publik transport satu ini.,Keterlambatan
@CommuterLine tolonglah greenline telat mulu. Kereta 18.52 sampai saat ini bahkan belum jalan dari tanah abang. Barusan seenaknya ngabarin masih di tanah abang. Jam realtime pun tiba2 berubah jadi 18.55 (KL GATELAT).,Keterlambatan
@CommuterLine @najeebsg @KAI121 MMG KONTOL KCI LIN CKR SETIAP HARI PASTI DELAY. BEGINI KL MANAJEMEN OTAKNYA KG DIPAKE. ALASANNYA ITU2 AJA. HASIL EVALUASI GAPEKA YG KATANYA BERKALA MANA ? YG EVALUASI KONTOL.,Pelayanan
@CommuterLine ada gangguan apa min di jalur tangerang duri-duri tangerang numpuk di stasiun duri nih,Kepadatan
@CommuterLine bisa ga si jadwal KRL udah mana headwaynya ga banyak seengganya tepat waktu aja deh bisa ga si kalian telat 1 menit aja nunggu kereta berikutnya pas transit harus 15 menit sendirii hei buka mata lah,Keterlambatan
@CommuterLine manggarai bocor atap lantai 1 nya padahal pembangunannya ngorbanin penumpang copet makin banyak ac kereta mati terakhir ada yg keguguran. Apa @KPK_RI @DPR_RI @andre_rosiade @Fahrihamzah gak nyium ada korupsi nih? #RekanCommuters,Keamanan
@CommuterLine minimal di infoin kek kalo telat ke petugas / di aplikasi. biar orang ga ngangong aja nungguinnya. lama bgt,Pelayanan
@CommuterLine Jadwal gapeka nya jelek tuh berarti masa setiap jam pulang kerja di stasiun duri peron 1 sama 2 nyampenya bareng terus ? Alhasil bentrok semua diatas mana penyebrangan peron cuma ada 2 akses lagi itu jg yg 1 rusak mulu. Enakan dulu yg dibawah juga dibuka jadi ga chaos,Kepadatan
@CommuterLine min ini peron karet gabisa dikasih tangga kaya di st tebet yah? Kalau naik turun butuh effort banget takut jatoh ke celah peron https://t.co/4LCO8ge7YR,Keamanan
@CommuterLine min ini gimana sih? Krl ketahannya total sejam loh. Ga kurang lama nih? Orang gimana mau pada naik transportasi umum kalo pelayanannya ngaret hancur kayak gini?,Pelayanan
@CommuterLine berarti hanya untuk jam malam saja ya min? :( saran untuk beroperasi di jam kerja juga dong min sangat membantu buat yang jauh dan transit 2 kali,Pelayanan
@CommuterLine Tp petugasnya tolong dong prioritas arahin ke kursi prio dlu jgn yg biasa buat apa disediain kursi prio tp petugas malah arahin yg biasa. Kecuali kondisi rame yg padet ini sepi malah diminta bangun mls bngt,Pelayanan
@CommuterLine KEMANA KERETA LOOOOOO SIALAAAAANNNN DEMI ALLAH GUA CAPEK BGT SIALAAAANNNNN LU YA DR PAGI TELAT MALEM TELAT JAHAT BANGET LUUUU @CommuterLine https://t.co/4kKSjcDW53,Keterlambatan
@CommuterLine Sekitar 19.30 malam ini: Waktu tunggu kereta Sudirman - Angke: 30 menit. Waktu tunggu kereta Angke - Kemayoran: 30 menit. 60 menit buat nunggu kereta datang : ) Also knp jadwalnya gacha ya? Kemarin Angke - Bekasi via Kp Bdn berangkat 20.17. Hari ini berangkat pukul 20.41.,Keterlambatan
@CommuterLine Petugas nunjuk tangga dan bilang lewat situ tidak ada sign gede dari kai yang mungkin di tempel di mana2 untuk kewajiban perbantuan petugas di beberapa situasi. Plis ini konsen serius kasian lansia ibu2 anak kecil atau anak muda yang sedang cedera.,Pelayanan
@CommuterLine @Heraloebss Bikin SOP ngadepin kasus gini buat security,Pelayanan
@CommuterLine GILA SAMPE MALEM GAJELAS KERETA LU LAMA BGT APAAN SIH 1 JAM DI KEMAYORAN GAADA SAMA SEKALI GILA,Keterlambatan
@CommuterLine @catatananakedan jadwalnya sering salah (dijadwal arah manggarai tp ternyata PSE) kadang ada kereta lg tu setengah jam setelahnya. Jadi apa ga makin numpuk?,Kepadatan
@CommuterLine ini lama bgt dateng pagi jam 4.20 biar sampai kantor pagi malah telat banget gni baru naik di 5.00 tau gitu mah gak usah dateng pagi2 sampe stasiun planga plongo,Keterlambatan
@CommuterLine @welanu Gondangdia Toiletnya bau. licin becek airnya suka ga nyala flushnya ga keluar air,Kebersihan
@CommuterLine telat mulu kereta lu. Najis lah.,Keterlambatan
@CommuterLine parah telat nya. Jadwal 6.19 masih ngtm antara tambun - bekasi timur bisa gantian ya dgn kereta luar kota ini rata2 mau brgkt kerja,Keterlambatan
@CommuterLine bikin statement dong kereta telat 15 menit,Pelayanan
@CommuterLine minttt kereta bekasi cikarang tambahin dongggg masa nunggu sampe 30-45 menit sih,Pelayanan
@CommuterLine Min jalur 2 dan 1 tujuan TN. Abang dan sekitarnya durasi tunggunya lama banget ya kalo udh siang. Hampir 20 menit berdiri kereta gak dateng2. Numpuk banget penumpang.,Kepadatan
@CommuterLine kenapa comuter line penataran 431 sering banget terlambat. Kereta paling lama waktu tempuhnya. Di Bangil dalam waktu 45 menit tidak ada silang tp diam aja. Entah apa yang ditunggu. Sebenarnya kalau mau langsung bisa sampai lawang tinggal nunggu silahkan dr malang,Keterlambatan
@CommuterLine JR1046B becek ga tau dah karena ujan apa ga... https://t.co/eYQRFZmVhN,Kebersihan
@CommuterLine @jetaemine Ini Kereta paling ngeselin emang udah dateng pasti delay. Berhenti mulu di beberapa stasiun sering nunggu pergantian jalur jalan pelan. Ga ada perubahan nya. Ini sebenernya dari Cikarang ada space waktu 20-30 menit harus nya dibuat 1/2 keberangkatan lagi. Tai lah https://t.co/dfvwyJ3r07,Pelayanan
@CommuterLine tolong dong solusi nya setiap hari di rajawali kalo jam segini selalu bebarengan kereta jadi saat ngetap keluar nguantri banget sampe bikin telat masuk kerja. Gimana nih yg udh berangkat pagi2 jadi telat grgr ginian doang dan sering lewat kereta. Peron 1 dan 2 penuh https://t.co/xm4pSrBAp7,Kepadatan
@CommuterLine min min ini yang bikin kebijakan nge cut beberapa perjalanan kira kira pernah gak ya ngerasain ngalamin jadi customers yang telat dan rame pol Kalo numpuk tapi perjalanan normal sih gak masalah. Tapi sekarang numpuk dan jarak tunggu ke kereta selanjutnya juga lama.,Pelayanan
@CommuterLine ini KA Walahar gak ada niat mau nambah jam operasional dan niatan mau service AC ? Penumpang padat banget dan AC cuma swing aja gak ada rasanya. https://t.co/kIZRHvD4mb,Pelayanan
@CommuterLine rangkas-thb. tadi 7.52 numpuk di sudimara.,Kepadatan
@CommuterLine min ini kereta jurusan rangkas bitung keberangkatan dari stasiun cisauk delay ya? Terlambat? Biasanya dari stasiun cisauk 05.55 ini sampai sekarang blm dateng terimakasih,Keterlambatan
@CommuterLine kok makin hari Walahar makin kacau ya ini ratusan orang telat catch KRL yg jam 6.39 dan 6.45 karena molor sampai st. Cikarang. Beberapa hari ini selalu telat padahal orang2 sudah naik kereta Walahar terpagi tapi tetap telat sampe kantor krna ga kekejar KRL.,Keterlambatan
@CommuterLine ni knp si tdi line tanah abang telat bat? gue dr rawabuntu tu biasanya maks jam 23.00 (pmbrngktn trkhir) kok ini telat ± 15 menit. gegara telat gue jadi ketinggalan line kampung badan ajg. udh gt knp skrg jadwal krl ga nentu dah? kdg cepet kdg lambat. kaga danta bat,Keterlambatan
@CommuterLine Cawang. Ini numpuk penumpang lho dari tadi,Kepadatan
@CommuterLine @cristianebianto Normal? Gara-gara pintu kereta delay 20 menit lebih disebut normal? Suka ngelucu ni admin,Pelayanan
@CommuterLine @kegblgnunfaedh next securitynya bisa dipilih yg tinggi besar berisi model2 bodyguard gak gampang kedorong sana sini jdnya org mau macem2 mikir dua kali krn fisiknya lbh unggul dr para penumpang,Pelayanan
@CommuterLine lu ngapain dah delay dari 07:07 ke 07:16 bullshit GAPEKA lu https://t.co/EEZva6eKWl,Keterlambatan
@CommuterLine kacau min pagi ini delay nya parah kecewa dikit untung hari jumat besok libur,Keterlambatan
@CommuterLine tanya dong sekarang antara jam 18.00-19.30 ada perubahan jam kereta gak sih ? Koq ya sekarang penuh penuh bgt sampe sesek bgt ini KRL gak kayak sebelumnya,Kepadatan
@CommuterLine kenapa ya commuter yg ke duri lama bgt? ini saya di tn abang udah nunggu 20menit. apa nggak numpuk manusiany? begini mulu tiap hari,Kepadatan
@CommuterLine min tolonglah escalator di Manggarai yg buat turun ke peron bawah diaktifin lg jdnya numpuk tau pake tangga belakang semua. Ga bener2 udh sebulan lebih,Kepadatan
@CommuterLine kereta ke arah Bogor kenapa ya? Sering banget berhenti lama di Cikini. Ini harusnya udah sampai Pasar Minggu tapi sampai sekarang belum jalan juga di Cikini. Penghematan operasional kah? Masa KRL sistemnya ngetem kayak angkot??? Makin kacau aja.,Pelayanan
@CommuterLine @janji2pejabat Kenapa ya tadi pagi dari jam 05.35 sampai jam 05.50 tidak ada kereta satupun sampai penumpang membludak kalau nunggu jalur 2 ada kereta jarak jauh lewat kan krl nya bisa nunggu di jalur 1 begitu aman langsung berangkat masak jalur 3.4 yg sepi penumpang sudah ada 3 krl yg dtg,Kepadatan
@CommuterLine @raachaan Oh jadi kalo kereta terlambat itu memang bagian dari operasional normal ya? Pantes aja ga ada perbaikan kalo telat orang dianggap normal,Pelayanan
@CommuterLine tumben bgd ini kreta ke kota udah masuk 3x tapi ke bogor belum satupun penumpang pun ampe numpuk bgni tumben jam sgni,Kepadatan
@CommuterLine @releazar_ Semoga kritik &amp; saran dari para pengguna krl bisa segera dilakukan yaa spy bisa lebih baik lagi .. Karena kami sbg pelanggan naik kereta untuk hemat waktu lebih cepat sampai tujuan (bukan buang waktu dg delay nya kereta atau ngaret segala macem) Terima kasih,Pelayanan
@CommuterLine Paham para petugas yanh bertugas memang sangat membantu dan cepat tanggap. Tp akan lebih baik apabila gap tersebut diatas juga diperkecil supaya mempermudah penumpang dan mengurangi resiko terjadinya kecelakaan.,Keamanan
@CommuterLine udah ketahan 30 menit baru infoin sekarang buset staff media sosialnya sangat ga becus kerja. pecat aja ga guna,Pelayanan
@CommuterLine ada apa lagi sehh?? Ini rawa buntu udah numpuk srp-tnh abang baru bergkt?? Petinggi kalian ngapain dih kerjany? Nongkrong doang? Berkali kali gini mulu,Kepadatan
@CommuterLine Min rem keretanya bau banget...kalo pintu kebuka pas distasiun berasa banget...smoga perawatannya diperhatikan,Keamanan
@CommuterLine WKWKWKWK gua mending naik @gojekindonesia nunggu kereta lo lama sekalinya ada penuh bgt orang2 pada telat terkocak,Keterlambatan
@CommuterLine buset gapeka baru gw kira bogor byk 12 kereta jam padet sore 8 mulu dgr2 bekasi malah byknya 10-12 kereta g adil nih. Pdhl jauhan bogor stasiun lbh byk juga ckckck,Pelayanan
@CommuterLine tolong lah Ruang Laktasi di st. Manggarai lantai 1 diubah posisi sofanya spy tdk hadap pintu. Tadi ada petugas kebersihan laki² buka pintu untung sy belum menyusui.,Pelayanan
@CommuterLine @kai 5531 harus sudah masuk Sudirman ini masih dikranji.karena jalur bekasi jadi masa bodo karena jalur bogor sudah di fasilitasi feeder di MRI. Jadi aman buat jalur bogor jalur bekasi masa bodo ud untung ada kereta. https://t.co/1oriw36X7s,Pelayanan
@CommuterLine @utaa69 Buatlah org merasa nyaman apalagi lansia kalau ga nyaman dgn org asingbyg mau nemenin bisa stress takut membuat ritme jantung ga normal jd yg hrs nemenin Petugas juga anaknya!,Pelayanan
@CommuterLine 30 menit ketahan di Sudirman nunggu kereta arah bekasi sekalinya ada cuman 8 gerbong BROOOO INI JAM PULANG KERJAAA,Pelayanan
@CommuterLine Ckrg-kp bandan via senen harusnya udh sampe bks ini baru dtg di ckrg dan blm berangkat. Tiap hari gini mending balikin jadwal kayak dulu waktu org itu berharga bgt. Telat buat kalian tinggal minta maaf kalo pegawai bisa potong gaji. Inget dosa diakhirat,Keterlambatan
@CommuterLine Jangan pake imbau2 dah lo benerin biar gak #gangguan terus sekarang #kompleksasi di #tangerangselatan gila gilaan!!! Satu2 transportasi publik massal ya #commuterline sekali errror!! Numpuk tu #penumpang !!! Kerjaaaa!!!! Jangan ma3n #game mulu!!!,Keterlambatan
@CommuterLine udah malam masih ada penuh min ada gangguan kah? Stasiun cawang padat udah nunggu 30menitan belum naik2 huhu,Keterlambatan
@CommuterLine lg ada gangguan kereta ke Bekasi ya? Numpuk ini di Manggarai,Kepadatan
@CommuterLine ga mau template maunya bukti. Masuk musim hujan masih di peron 4 tuh bahaya walaupun kadang dipindah ke peron 1 tapi tetep aja,Keamanan
@CommuterLine Hari ini telat min KRL Bekasi - Kp Bandan knp ya? Uda 3 jadwal kepending penumpang jadi numpuk.,Kepadatan
@CommuterLine nunggu kereta bekasi setengah jam baru ada di stasiun manggarai. Hufftt #curhatkrl,Keterlambatan
@CommuterLine pagi min setelah saya amati KRL Bogor yg hanya sampai Stasiun Manggarai ini hanya bikin chaos untuk pnp yg tujuan Jakarta kota. Makasi https://t.co/cujsCqNO6O,Kepadatan
@CommuterLine kacau banget nunggu kereta kramat dari 6.55 smpe skrg blm ada gak ada kejelasan kenapa dan sampe nya jam brp pula dari petugas. udah jadwal diubah2 kereta gak ontime. hadeh,Pelayanan
@CommuterLine hal terbodoh yg diliat pagi ini. Pas sampe distasiun bogor jam 5.28 (jalur 7) pagi ini ada kakek yang mau turun udah nunggu dipintu kereta. Tapi satpamnya bilang awas pak yanh naik dulu ini gak salah edukasi??? Kakeknya aja yang udah tau harusnya yang turun dulu.,Pelayanan
@CommuterLine Min @CommuterLine tolong dong di green line masih di otw tna ini AC rusak apa gmna sih masa suhu naik terus sampe 30 sesek nafas sama panas bgt min.. kan rush hour harus di perhatikan min.. air controller suhu tapi ga bisa buat kontro suhu l.. resiko pingsan tinggi ini https://t.co/1n4F8FbrQZ,Keamanan
@CommuterLine Min aku lupa catet nmr kereta nya yg jelas pas pulang kerja dr manggarai sekitar jam 18.45 8 kereta. Saat sampai di setiap stasiun dan buka pintu itu kanvas rem bau kebakar masuk gerbong tak bahaya kah?,Keamanan
@CommuterLine @KAI121 WOI KCI/KAI KONTOL PELER TAI ANJING 4078 DELAY TIBA BSKT HAMPIR 40 MENIT. MANA HASIL EVALUASINYA PELER YG KTNYA BERKALA. 19.32 4078 BARU TIBA BSKT. KCI DAN KAI PELER KONTOL TAI ANJING FULL 2 MINGGU 4078 DELAY. ADMINNYA KG MAU JAWAB TAI ADMINNYAM,Keterlambatan
@CommuterLine Semua kereta k arah Depok dan Bogor pasti penuh banget. Smp penumpang numpuk d stasiun Cawang.,Kepadatan
@CommuterLine min di stasiun kan tempat sampahnya sudah dipilah-pilah. Tapi saya tadi liat petugas kebersihan pas ngangkut digabung ditempat sampah yang sama untuk dibawa. Jadi gunanya apa min?,Kebersihan
@CommuterLine yang bener aja nunggu kereta jakarta kota setengah jam lebih. orgorg udh pada ngomel gini tolong dibenahi dong,Pelayanan
@CommuterLine Penumpang sampai numpuk di Manggarai.. Pada kemana ini KRL blue Line?,Kepadatan
@CommuterLine sebenarnya stasiun bojong gede itu selokannya isinya apa. Bau banget dan pasti tiap sampai bojong gede,Kebersihan
@CommuterLine boleh ditatar lagi ga security di Stasiun Klender yg bertugas malam ini org lg kesel saldo kepotong 2x (terjadi udah beberapa kali di stasiun yg sama) malah nadanya membentak dan galak. BGST!,Pelayanan
@CommuterLine Gak dapet berkah gara2 naik kereta jadwalnya ga pernah on time!!! Stupid tau kerjanya begini mulu dr tahun2 ga pernah bs makin bagus.. Gila bgt banyakan berhenti nya!! Telat!!,Keterlambatan
@CommuterLine Saya kurang tau ya. Saya mencium dari gate tap out bukan dari dalam toiletnya posisi gate tap out kayaknya lebih dari 8-10 meter dari toilet pria-wanita yang bersebelahan. Bayangkan dari radius sejauh itu kecium bau toiletnya,Kebersihan
@CommuterLine @miss_redno Parah min sore ini lama bgt kosongnya dari tanah abang ke manggarai numpuk semua,Kepadatan
@CommuterLine ini di manggarai gabisa yaa kereta arah bekasi sama cikarang tuh di perbanyak gt sekali ada kereta bisa nunggu 20-30 menit udh gt yg naik lgsg seabrek gimana ga overload : ) puncak bgt hari ini sampe telat plg 30 menit : ),Kepadatan
@CommuterLine Bayangin lagi padet gini ACnya mati min https://t.co/Ild6v1AaBz,Pelayanan
@CommuterLine ini knp ya ketahan lama banget kereta mau msk ke st rawa buaya? Udah 10 menit dari st tangerang yg jalan jam 07.07,Keterlambatan
@CommuterLine Min tolong sebelah bau ketek min tolong dipercepat,Kebersihan
@CommuterLine Petugas yg mana? Satpam? Satpam kalo ditanya ga tau penyebab delay KA tertahan aja announcer ga bilang sebabnya apa jadi harus ke mana? Ke kantor pusat? Orang mau kerja ga ada waktu. Ngaku the best urban transport tapi kok ga terima masukan? Bukan the best tapi ga ada pilihan.,Pelayanan
@CommuterLine @KAI121 Kereta dari Bekasi ke Cikarang delay lebih 20 menit jam 13:20 harus naik KA Lokal Walahar lagi https://t.co/iZtrCbaO6V,Keterlambatan
@CommuterLine @creampaiw percuma min ngasih aplikasi buat liat jadwal ngaco parah jadwal sm realitanya. kp bandan via mri ke skip yg jam 7.05 tiba2 dtgnya jam 7.20 (via senen pula) jd yg ke manggarai jam 7.28. hampir 30 menit tuhhh di jam sibuk nunggu kereta aduh bikin geleng2 mulu,Pelayanan
@CommuterLine Stasiun Bogor peron 4 dan 5 itu bahaya dan tidak layak disebut peron. Penumpang turun dan naik mesti gantian. Sebaiknya jalur 5 dibongkar saja dan peron nya dibuat lebih lebar. Jadi stasiun Bogor cukup punya 7 jalur saja.,Keamanan
@CommuterLine Kalian bikin jadwal baru tuh sebenernya riset ga sih? udah tau banyak yang dirugiin sama GAPEKA. Malah dilanjut makanya suruh tuh pada naik di peak hour biar tau rasanya numpuk di satu peron nungguin kereta lu yang intervalnya 30 menit sekali.,Kepadatan
@CommuterLine Gimana cara lihatnya. Posisi sekarang di tebet tapi posisi ga terdeteksi di aplikasi. Aplikasi kalian pun rusak. Harusnya kereta ini udah sampe manggarai kalo sesuai jadwal. Normal karena menurut kalian delay itu sesuatu yang normal jadi ga merasa ada kesalahan. https://t.co/6LRZiIElBI,Pelayanan
@CommuterLine tolong buat satpamnya dihimbauin lagi kalo ada penumpang yg bawa anaknya dan anaknya tiduran seenaknya di kursi penumpang tolong ditegur ibunya. terimakasih,Pelayanan
@CommuterLine Bener2 sampe semua kereta delay dari cikarang Parahh cepet2 dibenerin deh orang mau berangkat kerja,Keterlambatan
@CommuterLine haloo ini kereta tujuan Jakarta Kota dari td ketahan masuk gambir dgn alasan menunggu pergantian jalur dan ini udh lebih dari 10 menit... mohon infonya dong td katanya udh aman.,Keterlambatan
@CommuterLine edukasi ke security kalian yah! saya lari2 dari duri pindah peron buat ke cikarang pas nanya security yg tugas di kereta jalur cikarang ini malah di jawab pake nada tinggi karna dia lg ngobrol sama rekannya yg lain. kalo lg tugas tuh siap dong jgn asik sendiri https://t.co/VHgToWtsee,Pelayanan
@CommuterLine Abis stg kereta Manggarai jam 18:30 sampe skrg yg bekasi ga dtg2 coy Udah numpuk bgt sudirman njir 20 menitan telat mulu https://t.co/p5CAGJmEBJ,Keterlambatan
@CommuterLine Tapi saya ga bisa naik kereta yang jam saya belii!!!! Gimana ini solusinyaaa!??? Satpamnya aneh banget masa kereta didepan mata ga dibolehin naik!!! Padahal kereta saya jam 8.27,Pelayanan
@CommuterLine yah lupa lagi pokoknya yg dr KRI bernagkat 8.30an yg dr CKR tuh 50**B sementara ada yg udh standby lama di BKS,Keterlambatan
@CommuterLine Ini entah kereta model baru K 1125180 jalannya lama banget atau jadwal krl kacau banget. Masa iya 06.45 dari pondok cina sampe 7.45 baru sampe sawah besar. Sejam cui biasanya cuma 40 menit.,Keterlambatan
@CommuterLine @dheanissary_ pembunuhan penumpang perlahan. udah numpuk di gerbong kereta gak jalan2. gilaak,Keamanan
@CommuterLine Numpuk semua ini manggarai tanah abang min laga kelar2 rekayasanya,Kepadatan
@CommuterLine @RMU_ID mohon perhatikan kondisi parkir motor stasiun Bogor ya. berdebu sekali karena banyak lantai berlubang dan sering kali isi tangki bensin sisa 1/2 padahal baru pagi penuh pas pulang kerja sisa 1/2 tangki. apakah ada oknum/ pencurian bensin yang luput dari pengawasan,Keamanan
@CommuterLine @misibank Jadwal anda yg telat tolong dicek sendiri. Ada yg gak sesuai jadwal gak? Masa nunggu dari 7.16 sampe 7.33 gak ada kereta. Aneh,Keterlambatan
@CommuterLine Saran aja nih ya KA bandara bisa beli tiket mepet waktu keberangkatan. Saya pengguna KRL lg hamil kalau nunggu kereta feeder di Manggarai suka lama kalau udah kepenuhan ga mungkin kan maksain desek2an masuk KRL. Alangkah baiknya itu tiket KA bandara bs beli mepet,Pelayanan
@CommuterLine min ini stasiun serpong ga bisa diapain gitu biar ga bau busuk sampah? Asli gue ga kuat. Lama-lama imej stasiunnya jadi stasiun terbau. Mana kereta berhentinya lama lagi di sana.,Kebersihan
@CommuterLine Min tolong diimbau ke penumpang untuk memasukkan payung/ jas hujan basahnya ke dalam plastik sebelum naik kereta. Air yang netes dari payung/ jas hujan bikin becek dan licin lantai kereta. Seperti ini min minggu lalu naik dari cawang ke arah kota. https://t.co/4q1AkTpI6h,Keamanan
@CommuterLine Pelayanan nya jelek banget. Rangkaian sedikit.,Pelayanan
@CommuterLine knp si kereta 6.22 bogor-manggarai ngaret terus jalannya Kemarin 6.25 hari ini jg 6.25 Kalau emg jalannya 6.25 ga ush ditulis 6.22 3 menit tu ngaruh banyak,Keterlambatan
@CommuterLine woi min tambun chaos tp KAJJ bisa lewat https://t.co/IT130o1dJz,Kepadatan
@CommuterLine AJG KERETA LU JALAN LELET BANGET KLO PAGI TELAT MULU MINIMAL 10 MENIT TELATNYA BANGSAT,Keterlambatan
@CommuterLine Duh ga ada pemberitahuan gitu? Memang service excellence banget ini KCI penumpang numpuk tuh pinter banget emang bikin susah masyarakat,Pelayanan
@CommuterLine Mohon di evaluasi di beberapa stasiun yang saya lihat pada saat hujan tampias air hujan masuk ke area Stasiun jadi Becek Licin dan terkesan kumuh dibersihkan oleh petugas tak kunjung rapih karena dilintasi oleh penumpang yang sebagian besar melewati area tsb tolong dibenahi,Kebersihan
@CommuterLine ini krl 1655 telat min harusya 7.24 malah 7.34 penumpang numpuk,Kepadatan
@CommuterLine kenapa krl ke bogor 8 gerbong mulu heeeeei!! Mana jedanya jauh2 bgt lagi. Ga tau apa tuh stasiun udah penuh ama lautan manusia makin numpuk aja??!!!,Keterlambatan
@CommuterLine @tongkito Mungkin bisa dibuka kembali pintu bagian belakang Stasiun sudirman buat penumpang LRT supaya gak numpuk di pintu depan. Udah gitu pagi ini jarak antara kereta koq mepet banget sehingga penumpang jadi lebih melimpah.,Kepadatan
@CommuterLine @wanjeonisme gila lo min udah bayar murah keselamatan orang dianggep remeh. ya kali naik KRL was was takut di dor,Keamanan
@CommuterLine Benci banget gw sama kebijakan krl tahun ini Kereta cikarang manggarai 6.38 di ubah jadi ke senen Trus dari karet masuk tanah abang ketahan 15 menit Transitnya muter2 dan desek2an Bikin orang telat ke transit peron 5-6 3 hari ini gw telat kantor mulu.,Keterlambatan
@CommuterLine @PandapotanNgl Iya td ada lokomotif lewat di jam 7:12 di Rawa buntu. Gila ini jd pepes bener di dlm skrg,Kepadatan
@CommuterLine Iya min tolong ya ... udah agak lumayan sih jadi 3x sebelum jam 8 pagi tapi kita bonyok min kalo telat semenit tuh,Keterlambatan
@CommuterLine Masalah delay Manggarai bertahun tahun ga pernah diselesaikan? Kenapa? Kalian ga ada improvement?,Pelayanan
@CommuterLine mending kaca keretanya di bukaaja anjirr. Ini gw naik kereta padet cuma dikipasin doang alias ga ada acnya,Pelayanan
@CommuterLine Itu gue rasain semalem. Lu @CommuterLine bilang jam 19.44 ada kereta lewat. Jangan dusta lu. Kalo ada nggak akan numpuk begitu. Gue nunggu KRL dari 19.30 - 20.00 nggak ada kereta lewat di jam segitu. Padahal di jadwal harusnya ada 3 - 4 kereta lewat di rentang jam segitu.,Kepadatan
@CommuterLine goblok ini kereta 1643 lama bgt ketahan mau masuk tanah abang,Keterlambatan
@CommuterLine Rush hour sore di Sudirman arah Manggarai enggak ada kereta. Makin sini kerja kalian makin kacau. https://t.co/ahsb4fEBMN,Pelayanan
@CommuterLine Gangguan 2x terjadi di ps minggu baru n manggarai sy di kereta 11 tp di mri liat teknisi inka berlari ke arah depan mungkin yg gangguan ya antara kereta 1-10. Coba dimake sure aja kereta barunya ga ada gangguan.,Pelayanan
@CommuterLine 2025 masih ada aja rangkaian 8 kereta min mana jam padet lagi ka 1191 sama belakangnya ka 1l503 https://t.co/3MYTu8JjkZ,Kepadatan
@CommuterLine tolong ya pak dipikir matang matang apabila lokomotif melintas di jalur comuterline khusus nya jurusan tanah abang Rangkasbitung. JANGAN DINHARI SENIN DAN JAM KANTOR! CHAOS PAK!! ORANG ORANG TELAT DZALIM!,Keterlambatan
@CommuterLine @yrcfsj Adain ya min klo bisa di tiap gerbong umum satpamnya lebihin trus jgn diem di satu tempat aja alias muter buat kontrol pls,Pelayanan
@CommuterLine halo commuterline kok bisa sih info di sini gak valid?? Sebelumnya info krl ke bogor 12 gerbong ternyata yang sampe 8 gerbong. Saya langsunh lari lari dari ujung nyampe pas depan gerbong langsung ditutup. Petugasnya dengan gampang bilang ikut krl selanjutnya. https://t.co/qemRHiWo5I,Pelayanan
@CommuterLine @bacottetangga__ Naik KRL udah berasa naik kereta di prindavan boro mau lapor. Buat bernafas aja susahnya minta ampun apalagi kalau lagi rame Trus dalam kereta suka mikir kok pihak KRL ggk update sistem sih. Minimal pake batasan penumpang kaya naik lift gtu. Pantas aja banyak pelecehan.,Keamanan
@CommuterLine Ratio-nya klo bs 1:1 lah. Ini 3x lewat arah Angke dan 1 x arah Tangerang ya penuh lah stasiun Duri Ama manusia numpuk disitu,Kepadatan
@CommuterLine stasiun serpong bau bacin banget kek di dasar jurang,Kebersihan
@CommuterLine min mas cs nya gak enak suaranya. Ganti aja kayak orang desah. Baca pantun kayak mau baca apaan aja https://t.co/dxy0Wvc325,Pelayanan
@CommuterLine @nymeriaquin tolong lah seegra solusinyaaaa. itu kasian para penumpang stuck di kereta 1 jam an smpe sekarang. solusinya apaa. biarin penumpang diberi ijin keluar. biar pd naik ojol/transum lain ajaa. jgn dibiarin di kereta berdiri berjam² woiii kasian,Pelayanan
@CommuterLine @RMU_ID Mantap gercep min sat set meski ditutup cone doang. Terus ini proyek trotoar kapan diberesin/dikelarin min apa nunggu Presiden kunjungan dulu naik kereta dari St. Serpong ️ Semoga cepat beres @CurhatKRL https://t.co/CoNxJdkPrb,Pelayanan
@CommuterLine keren inovasi lu kereta dibikin waiting timenya lama plus orang numpuk di stasiun wkwk bumn keren bet dah pokoknya,Kepadatan
@CommuterLine halo min tolong di st tanah abang itu petugasnya jaga di depan eskalator di jalur 2/3 soalnya disitu numpuk orang smua dan berdampak ke yang turun dari eskaloator. Saya ibu hamil jadi ikut kedorong dorong dari blkng.,Keamanan
@CommuterLine hi min boleh dong ini area parkir Stasiun Sudimara bisa diperbaiki jalan yang bolong dan becek karena hujan. Thank you https://t.co/L5AtePFocO,Pelayanan
@CommuterLine Security nya diajarin dong min untuk ngobrol kalau ada masalah dan mengurai kepadatan tana abang bukan didiemin...,Pelayanan
@CommuterLine Bukan masalah kecepatan kereta min. Ini kami d oper d 2 stasiun. Trus keretanya banyak berhenti d jalan. Gantian ama kajj,Keterlambatan
@CommuterLine Saking beberapa kalinya ga inget jam pastinya. Yang pasti subuh sekitar jam 5an. Gak sekali dua kali. Gak tau deh apa karna cs yg cewe belum dateng karna belum masuk shiftnya,Pelayanan
@CommuterLine info rute manggarai arah bekasi min. Ini penumpang numpuk bgt apa ada kendala lintasan?,Kepadatan
@CommuterLine nomor KA lupa tp dari sudimara-tanahabang delay bgt gw telat kerja,Keterlambatan
@CommuterLine asli ini stasiun tanjung baratmu bahaya bgt. Proyek gak beres2. Peron sempit penumpang numpuk.... Gak kebayang klo ada yg jatuh ke rel. Mau minta pertanggung-jawaban siapa....????,Keamanan
@CommuterLine Mau nanya min Masih belom selesai min? Numpuk banget loh di tangga manual. Estimasi sampai kapan ya min?,Kepadatan
@CommuterLine smpi stasiun Cibitung 05.46 dl ada kereta Cikarang via senen.skrng kudu nunggu kereta Cikarang Via Manggarai Jam 05.54 tdk efektif malah terkadang telat sampai 05.50bahkan sampai 06.00.dilihat jadwal dgn Jadwal kereta cepatkah? Menunggu dgn sabar,Keterlambatan
@CommuterLine jalur 5-6 st. Tanahabang kenapa lama banget kereta masuk? Dari jam 7.20 blm ada loh sampe padet peron https://t.co/JOoIrbcwkV,Kepadatan
@CommuterLine Ini seriusan 8.30 di Jurangmangu penumpang numpuk karena kereta telat lagi? Seminggu masa 3x gangguan?,Kepadatan
@CommuterLine @jalur5_ @jalur_cikarang @AnkerTwiter Perihal ini tadi sudah diperbaiki petugas dengan menbgencangkan bautnya . Dibantu untuk pengecekan keseluruhan agar aman . Terima kasih,Keamanan
@CommuterLine minn line Rangkasbitung gangguan kah? Keretanya udah telat 15 menit (tujuan tanah abang),Keterlambatan
@CommuterLine kain bangku banyak debu tolong di-vacuum clean dong lama banget itu debunya tebal,Kebersihan
@CommuterLine Kasian penumpang pada marah marah. Kata security nya dr td brgkt dr bogor udah mati. KOK YA TETEP DI JALANKAN? pdhl mati-mati. Listrik nya pun juga mati2an tadi. Please be aware for safety passengers,Keamanan
@CommuterLine Min tolong dong evaluasi pengaturan jalur kereta masuk. Jalur 5 BOGOR jadwal pemberangkatan kereta yg masuk masuk bogor malah lansir di jalur 4 padahal jalur lain kosong semua. Jadi numpuk penumpang yg masuk keluar kereta di peron kecil. Toling evaluasi dong min jalur sempit ini,Kepadatan
@CommuterLine bukan tanah abang namanya kalau setiap dua minggu sekali eskalator peron 2-3 dan peron 5-6 selalu error jadi setiap rush hour selalu numpuk nunggu antrian tangga dan antrian eskalator tolong lain kali masa setiap dua minggu sekali eskalatornya error terus https://t.co/qSjvso3sJk,Pelayanan
@CommuterLine Pas bgt di jam kerja ya min. Nih orang jd pada numpuk,Kepadatan
@CommuterLine tolong bgt lah masa dadakan dan di jam kerja gini? numpuk semua chaos di st. tambun berangkat juga jadi lebih siang. haduh,Kepadatan
@CommuterLine min tolong security di area taman stasiun tnh abang di perbanyak dong trs aktif muter bru aja temen hp saya dicopet saya dan tmen udh teriak2 mnta tolong untuk geledah tas tapi gak ada yg mau bantu bahkan pegawai busway jg gak mau nolongin karna bukan ranah dia,Keamanan
@CommuterLine Siapkan kebesaran hati dan jiwa.. menanti masuk ke ke manggarai ketahan,Keterlambatan
@CommuterLine maaf banget kereta kp bandan - cikarang di st bekasi jam 19.30 itu panas banget kaya ga berfungsi ac nya. bikin sesak nafas termasuk saya sampe anak kecil aja tantrum saking panasnya. tolong banget di cek ya min unitnya,Keamanan
@CommuterLine Hayuuuuu cepetan dibenerin.. Udah numpuk banget ini penumpang.,Kepadatan
@CommuterLine @lihubonna Min mon maap bukan mau sengaja kritik. Tapi jujur tiap hari pelayanannya menurun jadwal kedatangan kereta yang gak realtime padahal di aplikasi dikasih tau jam segitu rangkaian gerbong yang makin sedikit dll. Semoga jadi bahan evalusi kalian ya.,Pelayanan
@CommuterLine KA Walahar delay 2 jam. Krw panas &amp; udah pusing krn dehidrasi. Mau keluar beli minum gabisa,Keterlambatan
@CommuterLine Gatau min cmn tau nya saya di gerbong 9 td. Info tambahan dia mau copet di jakarta kota min plis klo setiap penumpang bawa besi di check kynya dia bawa alat begal. Takut buat anarkis di dalam stasiun scr emosi nya dangkal,Keamanan
@CommuterLine @jalur5_ @jalur_cikarang @AnkerTwiter kereta lama bener arah ke Cikarang dari tadi feeder terus ke Manggarai ngapain banyak feeder malam' begini penumpang dah numpuk di stasiun Sudirman https://t.co/PhUCfLcRL7,Kepadatan
@CommuterLine Naik KRL harusnya makin hari makin bagus ini kok makin sesek krn Gapeka baru belum lagi jumlah rangkaian yg berkurang. Nyusunnya jgn cuma pake data di kertas ikutan tiap hari rasain desek2annya. Barangkali lebih ngerasain.,Kepadatan
@CommuterLine Jgn krl itu doang tp semuanya. Karna sya pengguna krl setiap hari tp selalu ketemu kecoa disetiap sela kursi. Bukan cuma jurusan bekasi,Kebersihan
@CommuterLine @anwar_hdy01 sekuriti di st palmerah bilang tak ada info gangguan penumpang sudah meluber,Kepadatan
@CommuterLine pantessssan numpuk penumpang....,Kepadatan
@CommuterLine halo cl 204.149 K1191104 setiap melakukan pengereman mengeluarkan bau gosong,Keamanan
@CommuterLine lu yg bener aja dah tambahin lah kereta cikarang via ps senen. kereta dateng 17.57 baru ada lagi 18.35an. buset dah nunggu lebih dari setengah jam sendiri anjir. mana cepet banget jalannya yg 17.57. plis lah capek banget gila nunggu selama itu,Keterlambatan
@CommuterLine terima kasih. seharusnya jika ada cctv maka bs cek ya. masnya pakai jersey &amp; mulai makan roti o dr st lempuyangan. sayangnya tdk ada petugas yg wara wiri ke gerbong sy (tdk tahu rangkaian brp),Pelayanan
@CommuterLine Tapi kenapa mandek dan penuh sesak di manggarai min?,Kepadatan
@CommuterLine banyak anak kecoa di gerbong ih berarti ada induknya jijik bgt maaf,Kebersihan
@CommuterLine mending selidiki tuh stasiun bojong gede kenapa BAU,Kebersihan
@CommuterLine kereta tanah abang arah parung panjang dri kmrn selalu telat kenapa dah KRL kok makin ngaret,Keterlambatan
@CommuterLine kenapa telat woi krl cikarang biasa jam 7.35 di tambun masa masih ketahan di cakung. Kacau tiap saat telat mulu,Keterlambatan
@CommuterLine @Dwianwan @KAI121 Ada jalur baru malah bikin tambah numpuk mana klo pagi skrg pas gate out harus antri parah kemaren2 kaga separah ini kondisinya,Kepadatan
@CommuterLine Si babi . 6056 itu tadi sampenya jam 17.45 anjing . Kenapa ga berangkatin 5144 dlu? Malah nunggu 6056 lewat . Kan jadi numpuk anjing . Demen banget bikin penggunanya menderita di dalem,Kepadatan
@CommuterLine kapan sih stasiun tambun beres??? Penumpanh disuruh ujan2an nunggu kereta di peron 4 gak ada otak emang,Pelayanan
@CommuterLine KA 5130A acnya gak nyala sesek bgt,Kepadatan
@CommuterLine woy udh numpuk ji penumpang di sudirman,Kepadatan
@CommuterLine min ini kenapa kereta ketahan lama ya di st ui,Keterlambatan
@CommuterLine tetep harus ada penindakan ya dari pihak commuter line please banget. Takut pin palsu diperjualbelikan dan malah disalahgunakan,Pelayanan
@CommuterLine Kalo bikin jadwal kereta yang bener dong min. Rush hour nunggu kereta 30menit tuh bodoh bgt ya,Pelayanan
@CommuterLine Bagaimana cara mengkomunikasikan ke petugas? Sementara petugasnya gaada yang jaga di gerbong saya. Dan gaada yang lewat sama sekali.,Pelayanan
@CommuterLine Kalo ada gangguan kasih detail gangguannya apa ..estimasi nya berapa lama? Biar pelanggan bisa cari alternatif transportasi,Pelayanan
@CommuterLine KRL KP. BAndan - Cikarang No. 4070 tolong ac nya di benerin bukan ikan pepes yg naik,Kepadatan
@CommuterLine kalo jadwal Rangkasbitung - Tanah Abang telat tuh tolong diinfo di media sosial jadwal per keretanya dan di update di Access by KAI atau C-Access ini kereta telat datangnya trus nanya petugas buat minta surat keterlambatan kok malah bingung sendiri merekanya,Pelayanan
@CommuterLine mulai ketololan di hari Senin lu ya? Kumat lagi lu ya? Managemen lu sejelek itu emang? Kereta dr Tangerang biasa berangkat 7:07 ngaret jd 7:13 sempet ketahan jg di Rawa Buaya. Kumat mulu lu sialan bikin ngamuk aja pagi2. Di duri jg kereta 7:50 blm dtg woy!,Pelayanan
@CommuterLine dear admin di stasiun pasar minggu baru ada kendala apa ya? kita tertahan lebih dari 20 menit di tengah rel kereta dari duren kalibata.,Keterlambatan
@CommuterLine mohon perawatan gerbong min agak rawan... Yk palur Jum'at pagi ini... https://t.co/wStgAY4Wn8,Keamanan
@CommuterLine GAPEKA baru bukannya makin bener malah makin kacau. Sekarang numpuk di Sudirman efek telat semua arah Bekasi &amp; Cikarang. https://t.co/myt6ZgKjoL,Kepadatan
@CommuterLine kereta rangkas dr tenabang saat ini masih delay?? ini di palmerah nunggu dr tadi masih tersedia di tanah abang mulu ga berangkat²,Keterlambatan
@CommuterLine Krl hari ini gak banget ya penumpukan di stasiun. Di dalem kereta semua orang kegencet parah. Gangguan udh sering terjadi tapi sampai sekarang masalah nya tetep gini. Dicari solusinya kalo sdg gangguan apa yg dilakukan agar tidak ada penumpukan berlebih https://t.co/4MmUjtAz79,Kepadatan
@CommuterLine Kata gw mah lu ganti jadwal kek kemarin lagi dah st bojong numpuk mulu klo gw naek,Kepadatan
@CommuterLine KA Parung Panjang - Tn Abang yg 6.38 itu kereta baru gerak sekitar 6.35 menuju peron 4 St. Parung Panjang jadinya td baru bisa nutup pintu kereta 6.39. Dievaluasi tolong min. Jangan dibiasain telat. Kalo dr awal udh telat ya makin telat ntar.,Pelayanan
@CommuterLine keteranga kenapa ngaret dah kak ini harusnya udah muncul 23.48 sampai 20 menit gak nampak-nampak kereta Tangerang,Keterlambatan
@CommuterLine Tolong lah kalo hari libur banyak orang tua dan anak kecil yg beraktivitas buat berlibur disuruh nunggu numpuk lama di duri. Kasian. Gmn mau pada nyaman naik transport umum kalo dibatasi armadanya pas weekend.,Kepadatan
@CommuterLine Kocak 30 menit ya numpuk lah umat beragama,Kepadatan
@CommuterLine Peron 3 dan 4 manggarai penuh bgt nih kereta bekasi sama cikarang pada diumpetin kemana?,Kepadatan
@CommuterLine kenapa malah arah sebaliknya yg banyak kereta mayoritas kan kerja ke arah jkt. kasian banyak yg gabisa masuk udah nunggu lama sesek pula,Kepadatan
@CommuterLine akhir2 ini lagi sering banget min kereta ke kp bandan lama yg harusnya dari St Duri di jam 6.41 skrg di jam 6.50-an masalahnya tuh selalu ketahan min. Ketahannya bisa sampe 10-15 menit buat masuk ke bandan kurang kurangin lah. Kasian yang mau transit ke priok,Keterlambatan
@CommuterLine Pantes di manggarai hampir sejam nunggu kereta arah kampung bandan,Keterlambatan
@CommuterLine min sop parkir di stasiun kek gimana ya? Sistem parkir di stasiun cikarang gajelas. Dateng jam 7 tapi dibilang sesuai sop buka nya jam 8. Padahal motor di depan disuruh masuk. Begitu mau masuk langsung ditutup. Petugasnya bilang sesuai sop buka nya jam 8.,Pelayanan
@CommuterLine sebelumnya krl rute tanjung priok-jakarta kota 20 menit sekali kak sekarang 30 menit sekali. Masa iya bukannya semakin baik pelayanannya jadi semakin buruk?,Pelayanan
@CommuterLine apa yg saya lakukan saat ini nunggu kereta yg gak jalan2 di st matraman. jd masa depan saya terhambat nih fren,Keterlambatan
@CommuterLine saya lagi ada di dalam kereta ini menuju Jakarta Kota agak terkejut ternyata ada penumpang yang ngamen. Padahal aturannya jelas kan ya. Gak sempat foto si pengamen krn ke buru sampai Manggarai dan ybs keluar kereta. Baiknya jadi perhatian petugas di lapangan https://t.co/ch3S7M1xaV,Keamanan
@CommuterLine @KAI121 fasilitas feeder buat jalur bogor baru mau masuk jalur 6 di MRI jadinya 5531 padat fasilitas buat jalur bogor di MRI telat sama KCI akan langsung ditambah jumlah feedernya kl buat jalur bekasi masa bodo.,Pelayanan
@CommuterLine Lo yang ngedesign stasiun ini minimal naik kereta lah. Emosi banget orang ketinggalan kereta karena pindah peronnya lamaa. Kereta nggak nunggu. Jalan aja... Bisa di up kemana ya biar di denger. Cape banget sampah banget stasiun Duri. https://t.co/Z9cFM3IrkM,Pelayanan
@CommuterLine Kenapa tujuan cikarang itu dari jm 9 ke atas bisa 40 menit nunggu nya ya ? Ko bisa ya ga ada jadwal kacau banget giliran pagi penumpang lewat pst dari duri itu sedikit tiap 5 menit ada giliran sampe siang ga ada,Pelayanan
@CommuterLine ada apasih min nunggu kereta sampe set jam sampe penumpukan di stasiun gondangdia,Kepadatan
@CommuterLine kenapa jadwal di aplikasi gak sesuai? Nunggu kereta di jadwal jam 12.28 ada kereta ke Cikarang eh smp skr belum ada juga. Telatnya lama banget!! Percuma ada aplikasi jadwal jg https://t.co/wXpkP0SJPk,Pelayanan
@CommuterLine PETUGASNYA GABUT CUMAN PLANGA PLONGO GW PERNAH NANYA KE PETUGAS LU DIKASIH INFO YG SALAH!!!,Pelayanan
@CommuterLine hallonini gangguan apa sudah 20 menit kereta tertahan di sudimara. Jadwal seharusnya 6.40,Keterlambatan
@CommuterLine Kampung bandan min no KA ga tau jurusan bekasi via senen beberqpq kali lewat manggarai via angke sudirman lama banget tqnjung priok arah kota juga molor dari jadwal,Keterlambatan
@CommuterLine heran kereta cikarang/bekasi di tanah abang makin lama makin telat aja. Tai.,Keterlambatan
@CommuterLine @KAI121 mohon utk KA Lokal Merak disediakan petugas di masing-masing gerbong yg bertugas membantu penumpang menemukan tempat duduk sesuai tiketnya... Krn tdk semua penumpang paham dan bisa mudah tau tempat duduknya...,Pelayanan
@CommuterLine Commuterline 5509 cikarang - kp bandan kenapa telat dah terus ngasih 10 rangkaian. Penuh banget gila lu orang di jam yang rame pake acara telat sama ngasih rangkaian dikit. Kemarin datengnya kecepetan hari ini telat ga bisa konsisten apa?,Pelayanan
@CommuterLine stasiun bekasi stasiun sudirman stasiun gondangdia (terutama stasiun sudirman) dan sudah di coba di gate lain juga sangat merepotkan kalau situasi sedang ramai penjaga gate sudah sangat membantu mengatasi masalah ini namun kalau gate sedang ramai mereka jg pasti kewalahan,Pelayanan
@CommuterLine parah mo plng ke klender dr manggarai ada kali lbh 4 kreta ga bisa msk full kaya pepes teri mana jeda wktunya jauh.. dr sblm azan maghrib smpe azan isya habis msh di manggarai... ga kira2 nyiksa penumpang @YLKI_ID,Kepadatan
@CommuterLine Saran min Kereta yg 12 gerbong tlg di banyakin apalagi jakarta kota 8 gerbong doang buset di dalemnya udh kaya apaan tau kegencet gencet. Tlg bgt kita tau rame tp bkn yg harus gencet2an di dalem,Kepadatan
@CommuterLine serius nih KA Barang dijalanin pas di jadwal org2 berangkat kerja? greenline selalu diginiin. tolong dong dievaluasi untuk greenline jarak stasiun jauh2 telat pula. ga ada maaf2an belum lebaran!,Pelayanan
@CommuterLine woi min kebanyakan nahan lo di stasiun bekasi tu baguan pergantian jalur gimana sih hadi numpuk penumpang bikin 4G lag aja jagonya lo,Kepadatan
@CommuterLine Tidak adakah SOP menginformasikan estimasi penangganan petugas shg informasi lebih informatif? Jadi tidak sekedar minta maaf dan menyarankan menggunakan Moda alternatif lain berulang kali.,Pelayanan
@CommuterLine @KAI121 Terima kasih atas tanggapannya ka saya DM besok kronologisnya saya berharap ada tegoran khusus untuk pegawai krn saya rasa kurang etis dengan kejutekannya melayani penumpang.,Pelayanan
@CommuterLine @supportivehere ga terdampak gmn ya huhu kereta tertahan mulu lama pol juanda manggarai doang,Keterlambatan
@CommuterLine Ini ceritanya mau ngikutin yg kyk di jepang ya min? Tp bukannya gk boleh soalnya bahaya?,Keamanan
@CommuterLine Belum ada ya keretanya? Ini orangnya dah nambah numpuk banget di peron,Kepadatan
@CommuterLine kak tolong bgt pagi2 jam sgini jgn dikasi 8 gerbong mulu dong kak kereta yg 12 gerbong kemana? numpuk smua org2 di arah jakarta kota pda gabisa masuk. Di dalam kereta pun juga pda kegencet2 smua tolong kerja sama nya. Terima kasih.,Kepadatan
@CommuterLine SAMBUT PAGI dengan kereta Antum Red Line pagi-pagi telat 15 menit. Ya Allah semoga segala keresahan serta doa para pengguna KRL yang telat karena ketidatepatan waktu rangkaian KRL diijabah. dan semoga yang membuat jadwal Gapeka 2025 yg mementingka KAJJ mendapatkan balasan aamiin,Keterlambatan
@CommuterLine halo kak tolong banget saran buat Stasiun Tambun khususnya disediakan tempat sampah di masing2 bilik toilet perempuan ya. Terima kasih,Kebersihan
@CommuterLine buat yg bikin GAPEKA ini sebenernya udah liat langsung ga sih gimana kondisi stasiun² saat ini? sumpah lu mau jadiin kita pepes apa gimana? jam 07.00 ke 07.18 bahkan lebih itu konsep nya gimana?? perbaiki deh malu²in bgt sekelas BUMN kacau kayak gini,Kepadatan
@CommuterLine cisauk kapan min? mandeg gitu kalo ujan becek lewat bawah.. kalo bisa lewat apt kan better banget,Kebersihan
@CommuterLine nyusahin bgt sih perubahan jadwal yg skrg NYUSAHINNNNNNNN biasanya gw santai nih nunggu kereta dr dpk lama jam 7.13 skrg malah jam 7 donk HDH BGT HDHHHH,Pelayanan
@CommuterLine Tolong dong petugasnya lebih tegas lagi pintu keluar arah Nyi Raja Permas Stasiun Bogor ini aksesnya cuma lewat situ aja tapi engga ada petugas yang berjaga atau menegur Perokok.,Pelayanan
@CommuterLine Min buat apa feeder mri-angke stand by dari jam 07.00 tp berangkat masih 07.55 balikin lagi lahh jadi 07.10 Ini pagi jam sibuk headway bisa lebih 15menit kereta dari bogor masuk 2x udh keburu numpuk Sekalian balikin ajah rute bogor-angke kalo transit sulit gini gilaa,Pelayanan
@CommuterLine WEEYYY PETUGAS LO DARI BAWAH SEBELOM TAP IN CUMA LIAT DOANG GUE HARUS NGEMIS2?? PALMERAH LIAT ORANG PINCANG GINI LANGSUNG GESIT DISAMPERIN INI PETUGAS LO CUMA NENGOK NGELIATIN! KAYAK MASA BODO. EMANGNYA GUE APAAN NGEMIS2?HARUSNYA KALO LIAT ORANG UDH CIDERA GINI DISAMPERIN ANYING,Pelayanan
@CommuterLine @kegblgnunfaedh Security suka gak tegas. Berkali2 kejadian serobot2 gini di Manggarai. Biasanya emak2. Tindakannya jangan cuma ngasih himbauan lah.,Pelayanan
@CommuterLine @_HarRam Itu di ujung doang min. Tapi seluruh peron itu masih terlalu ketinggian. Terkesan formalitas. Kalau mau semua min. Bahaya itu. Jangan hanya buat di foto doang trs di bongkar. Gw udah seneng dengernya gak taunya zonk.,Keamanan
@CommuterLine coba kalo ngasih pengumuman itu yang lengkap. Dari tadi diumumin doang kereta anda tertahan di stasiun Rawa Buaya . Iya tau ini di Rawa Buaya cuma kasih tau lah kenapa ketahannya,Pelayanan
@CommuterLine 5045 BKS KPB udah berangkat telat masuk Klender ketahan masuk Jatinegara Ketahan masuk Manggarai ketahan padahal jarak sama kereta sebelumnya udah 20 menit,Keterlambatan
@CommuterLine Jarak antara kereta JAKK-BOO dari Gondangdia dari jam 17.05 ke 17.15 itu lama lho. Kenapa nggak dibikin 5 menit seperti setelahnya. Selalu penuh sesak dan tumpukan penumpang. Kalau bikin jadwal baru direview yang maksimal dong.,Kepadatan
@CommuterLine woy peron 1 Sudirman udah penuh nih.... Masak kudu tunggu yg di jati bergerak ke Matraman baru direlease feedernya,Kepadatan
@CommuterLine tanya dong. Emang delay masuk kpi kalian ya? Makin delay makin bagus? Pantes,Keterlambatan
@CommuterLine @KAI121 @KemenBUMN @kemenhub151 Mohon menjadi perhatian untuk @kemenhub151 @KAI121 semegah apapun Stasiun yg dibangun klu pelayanannya seperti ini nggak ada artinya. Kendala Pergantian jalur selalu nggak ada solusinya. https://t.co/ZwxCicG9v6,Pelayanan
@CommuterLine tadi saya turun dari stasiun Haurpugur sedih banget kondisi habis hujan di stasiun itu bener bener becek tanah merah. Emang sebagian sudah pake pavingblock tapi jauh dari sepenuhnya. Dominan masih tanah merah jadinya licin banget mana licin,Keamanan
@CommuterLine goblok banget untuk harmonisasi di Duri. Orang baru pada sampai di Duri menuju Tangerang malah udah diberangkatin. Bego banget ya malah numpuk di jadwal selanjutnya.,Kepadatan
@CommuterLine @subisaja Udah jalan lebih pagi kalo KRL nya delay juga percuma. Jadwal di KAI Access juga ga pernah sesuai. Kalo sekali dua kali sih gapapa lah ini tiap hari kok delay. Kepadatan penumpang juga ga ada solusi. Ini 2023 ga ada niat bikin perbaikan apa? PARAH!!,Pelayanan
@CommuterLine min kalau kayak gini knp ga diinfoin ya di stasiun? tadi di cilebut numpuk penumpang ke bogor. dari 06.11 baru ada lagi kereta ke bogor pkl 06.39. kasihan yang anak-anak sekolah. sekarang aplikasi yang bisa lihat jadwal riil kerta apa sih min? ngecek kai access juga ga sesuai,Pelayanan
@CommuterLine pokokknya hari ini lo nyebelin bgt bikin gue telat gara2 kereta lo yg ngaret kecewa bgt,Keterlambatan
@CommuterLine 1169 AC dimatiin jendela terpaksa dibuka semua. Delay di banyak stasiun. Aplikasi C access rusak. Ngaku kemarin jumat maintenance hasilnya mana? Maintenance rekening pribadi? Duit maintenance lari ke mana? Ke diri sendiri? https://t.co/4f4GJYkd9S,Pelayanan
@CommuterLine sudah 30 menit nunggu kereta bandan tanabang sampai detik ini blm ada. Bahkan sudah numpuk penumpang dan gerimis,Kepadatan
@CommuterLine yuk delay terus yu klo mau sampe kota,Keterlambatan
@CommuterLine jalur priok kok telat? Harusnya udh brngkt dr Kota 17.42 kan. Ini malah blm masuk,Keterlambatan
@CommuterLine apa gamau nambah rangkaian? Masa setiap hari harus pepes gini 8 rangkaian terus menerus di rush hours,Kepadatan
@CommuterLine Min keretaa dari Bogor tumben lama datangnya sampai jeda 12 menit. Penumpang di Citayam sudah numpuk banget,Kepadatan
@CommuterLine kereta lu ketahan sinyal masuk stasiun mulu jir knp sih,Keterlambatan
@CommuterLine min ini kenapa kereta 4048 karet-cikarang telat 20 menit????,Keterlambatan
@CommuterLine kenapa bangku prio yg seharusnya buat prio malah diisi orang non prio dan seenaknya bgt duduk. Gw y lg hamil 6 bln seringnya kejepit engap. 07.23 dr bogor,Keamanan
@CommuterLine krl sudirman bekasi kenapa lama banget ga dateng dateng. Penumpang numpuk niiii,Kepadatan
@CommuterLine parah 5511 dari arah cikarang baru smp jatinegara gerbong 10 yg dtng padat + AC tdk jalan buka jendela https://t.co/68YyBMEv71,Kepadatan
@CommuterLine @jalur5_ kayaknya bukan masalah petugasnya sih tapi lebih ke fasilitasnya di benerin atuh bisa bangun tapi ga bisa merawat tipikal bumn dan anak usahanya.. makin kesini makin kesana kalo jaman Jonan udah pada di mutasi ke antah berantah,Pelayanan
@CommuterLine min ini di Cakung udah numpuk banget woilah,Kepadatan
@CommuterLine tiap kali KRL berhenti di Stasiun Serpong saya yang naik kereta ketiga dari belakang sering mencium bau busuk sampah ini sumbernya dari mana sih Min? Ada upaya penanggulangan atau kerjasama penanggulangan gak ya?,Kebersihan
@CommuterLine 1159 kenapa delay lama banget masuk citayam? Gangguan rutin lagi? Maintenance pagi pagi pagi?,Keterlambatan
@CommuterLine Iya kak tadi udah baca. Jadi dempet-dempetan sama numpuk banget. Tapi thank you ya kak,Kepadatan
@CommuterLine malam ini kenapa KA 6081 ketahan lama banget di stasiun kramat ya? Ga biasanya begini Kalau ada kendala tolong kasih info lengkap dong lewat pengumuman di dalem kereta. Biar penumpang bisa tau bakal nunggu atau ganti moda lain,Pelayanan
@CommuterLine Menunggu pergantian apaan Min template mulu dah. KA5032 itu pemberangkatan awal Angke. Sudah di Angke sejak 06:20an. Sampai 06:34 baru diberangkatkan tuh ganti jalur gimana? Tau ga sih kelakuan kalian bikin @mrtjakarta pepes. Silakan di cek CCTV DKA Peron 1 jam 07:00 WIB today.,Pelayanan
@CommuterLine kenapa jalur 10 arah kota suka telat si sampe pada numpuk gini orang d atas hadeuhh,Kepadatan
@CommuterLine Min kenapa ya. Jadwal kereta Bojonggede - Bogor pukul 07:10 ; 07:18 tidak ada? Jadi numpuk di jadwal 07:22? Ada apa kah? Sampai kapan kereta ke Bogor dari St Bojonggede hanya di jadwal 07:22? Dan untuk jadwal terbaru bisa update di mana? Terima kasih,Pelayanan
@CommuterLine kenapa ya kipas besar yang ada di jalur 2 stasiun sudirman tidak pernah dinyalakan padahal saat nunggu kereta dan ramai itu pengap banget disana desek2an lgi,Kepadatan
@CommuterLine Knp bisa??kn semua kereta sudah ada jadwal nya masing2..klo mau buat mgr stasiun transit ga bisa kreta telat2 bgni trus dong bahaya buat penumpang,Keamanan
@CommuterLine @bogorfess_ Kenyamanan siapa? Ayah saya yg lansia sangat tdk nyaman kok. Bayangin keluar mobil harus muter dulu lewat selasar pake tongkat. Lu punya org tua kan min? Bos2 lu yg bikin kebijakan sih gw yakin gak ngalamin muter di selasar tiap hari jd gak mikir sampe ke situ.,Pelayanan
@CommuterLine Selamat malam. Saya saat ini menaiki KA Nomor 1770A Tanah Abang - Rangkasbitung di kereta nomor 9 kondisinya AC mengeluarkan angin panas karena penumpang penuh jadi rasanya panas dan bernafas agak sulit. https://t.co/T12pbaS1Ah,Keamanan
@CommuterLine Tangga Stasiun Cakung dekat halte busway bau pesing mohon jadi perhatian min!! https://t.co/khnBwXwV5O,Kebersihan
@CommuterLine min tolong tambahan security di krl duri-tangerang sekarang. ky ada 2 gerombolan bocah sma setengah mabok ean keliatan hampir berantem di gerbong no 5.,Keamanan
@CommuterLine Sepertinya perlu dijelaskan kepada seluruh security perihal orang prioritas yang diberikan tempat duduk dalam kereta karena saya memiliki hak yang sama dengan seluruh pengguna lainnya dan tidak perlu memberikan duduk kepada orang yang jelas bukan prioritas.,Pelayanan
@CommuterLine min ini kenapa telat dan ngaret bgt ya yg greenline. Tujuan tanah abang keberangkatan dr parung panjang pukul 6.47 belom ada sampai skrg per 6.54 (start dr cisauk) Dan kondisi sudah penuh di peron... apakag masih terkait perlmambatan kecepatan kereta ?,Kepadatan
@CommuterLine KA 1637 aturan berangkat jam 6.20 jd jam 6.25 td penumpukan penumpang jadinya kegencet semua gmn si,Kepadatan
@CommuterLine Pantes aja ini udah telat dari pagi ya harusnya sampe pd ranji 7.55 ini ngapa 7.55 ga ada langsung 8.05..hedehhh. numpuk dah penuh peron ini..,Kepadatan
@CommuterLine @tulejux Please Min KAI jalur greenline itu udah terlampau padat dengan headtime 10 menit (kalo ga delay) plus hanya 10 gerbong. Penumpangnya jadi gampang emosi min.. ga baik buat kesehatan mental min... Please lah yg 12 gerbong disegerakan ya.,Pelayanan
@CommuterLine YTH Pejabat KAI Tolong sediakan kran air minum gratis di tiap Stasiun.Tingkatkan terus pelayanannya agar KAI ikut berkontribusi pd pengurangan konsumsi air kemasan plastik. https://t.co/heewjfCWaw,Pelayanan
@CommuterLine line lu lawak dibenerin lah gak ada kereta lokal sama antar kota tapi selalu kendala lu gak liat green line itu masyarakatnya banyak diperhatiin lebih orang berangkat pagi malah delay gak jelas,Pelayanan
@CommuterLine ini orang udah numpuk di duri kereta arah manggarai belum dtg dr 17.30 ??? Min plis dah,Kepadatan
@CommuterLine ada gangguan apa ya? Tj barat numpuk orang blm pada naik kereta https://t.co/3GeuC0bD21,Kepadatan
@CommuterLine Apaan ini numpuk lagi di Depok baru karena kereta pada ngaret semua,Kepadatan
@CommuterLine hai railmin ada kecoak nih di gerbong perempuan green line dari Cisauk jam 19.00 an arah Tanah Abang. Tolong lebih dijaga kebersihannya ya. Ga cuma 1 tadi saya lihat ada beberapa kecoak kecil dan besar tapi nggak kefoto. Gerbongnya juga bau apek.. https://t.co/Yf6jLf01Fv,Kebersihan
@CommuterLine Siapa sih yg butuh tau kita naik kereta nomor berapa? Kita butuh tau berangkat jam berapa kali delay hampir 1 jam gak ada pemberitahuan sama sekali,Pelayanan
@CommuterLine @KAI121 Gak membantu tp yaudhlh gjadi,Pelayanan
@CommuterLine Bisa bisa nya kereta boo - Jakk sampai manggarai balik lagi ke Boo. Pindah jalur lagi kan di mri. kacau gapeka terbaru. Semoga yang bikin gapeka hidup nya sulit lahir batin. Sekian trims,Pelayanan
@CommuterLine saya kesel bgt nunggu kereta yg harus ya di jadwal 12.31 sampe manggarai jadi telat 12.39. Jadi ya saya gk ke uber kereta lokal ya...,Keterlambatan
@CommuterLine ciri-cirinya cuma inget cowo aja. soalnya beberapa kali direspon gaenak kayagitu sama petugas yg berbeda tp samasama di St. Tebet Pintu Barat. Detail waktu kejadian pas rush hour pagi hari sekitar jam 7-10 pas berangkat kerja. tolonglah ditegur biar sopan itu petugasnya,Pelayanan
@CommuterLine min knp jalur Tabahabang - Rangkasbitung delay tanpa pemberitahuan? Di jadwal 15.27 tapi delay jd 15.52 saya jd ketinggalan KA lokalnya min. Gmn coba?,Pelayanan
@CommuterLine Apa apaan deh keberangkatan dari bogor bisanya 06.25 kenapa jadi 06.40 sih? Bikin orang telat kerja. Gak semuanya libuuur yaa tolong!! Pikirin juga pegawai swasta yang tetep masuk kerja,Keterlambatan
@CommuterLine @gabusrangers Moon maaf nih min @CommuterLine ade ape nih sampe numpuk gini?? Kasih penjelasan kali biar bisa adem dikit nih hati..,Kepadatan
@CommuterLine tolong kereta bogor jam 05:40 di Pasar Minggu minnnnn. biar ga numpuk di jam 06:10,Kepadatan
@CommuterLine yang bener aja di stasiun tambun lagi ujan deres malah disuruh ke peron ujung yang gak ada kanopi aneh bener. kasian ini orang2 pada keujanan kereta becek,Pelayanan
@CommuterLine tolong dong ini stasiun tambun kapan deh benernya harus bgt ya tiap mau ke jakarta nunggu d peron besi yg sempit gaada atap gt??,Pelayanan
@CommuterLine udah setengah jam nunggu kereta ke tanah abang dari cisauk kenapa dah lama bgt amit2,Keterlambatan
@CommuterLine min tiket kereta aku dari gambir ke cirebon angus/terlambat grgr stuck krl di bogor sejam lebih padahal aku udh prepare 3jam sebelum keberangkatan tapi tetrp telat grgr ada kecelakaan ini,Keterlambatan
@CommuterLine tolong dong kebiasaan bgt nih di stasiun tanjung barat petugas yg jaga di tapout/in suka ga ada! Klo adapun main hp petugas di bagian tiket juga ga helpful mana rushour!! Bikin antrian jadi lama!!!,Pelayanan
@CommuterLine perasaan KAI dr bulan lalu knp banyak delay nya ya? Kasian tau yg balik kerja masih disuruh nunggu lagi. Live trackingnya jg dah gabisa digunain pulak,Pelayanan
@CommuterLine @KAI121 ini ga ada yang mau benerin tangga di peron stasiun Serpong apa gimana? barusan lihat ibu-ibu gendong anak dan bawa koper kesulitan lewat mau naik tangga sempit banget jalannya. bahaya banget bisa-bisa jatuh ke rel. https://t.co/u5JxPHP6qH,Keamanan
@CommuterLine min ini kenapa kereta lama bgt sih astaga,Keterlambatan
@CommuterLine Tolong kursi di tiap peron stasiun diperbanyak kami lelah berdiri naik turun tangga pindah2 kereta &amp; nunggu kereta datamg lama pula hiks @CurhatKRL https://t.co/kqxoYv4SF2,Pelayanan
@CommuterLine jelek bgt SOP lu kalo begini. satpam2 stasiun duri emg ketinggalan training bersikap baik dan sopan ya? kerja di bidang pelayanan tp kok gitu adabnya? apa jgn2 @CommuterLine rekrut preman ya? TRAINING IN LAGI TUH SATPAM LOOOO YG DI STASIUN DURI @CommuterLine,Pelayanan
@CommuterLine mw tanya kenapa klo kereta arah jakot tiap di Mangga Besar tuh lama bgt ya blm lg Jayakarta nya. biasanya kalo berangkat dari jam 6.28 nyampe nya jam 7.03. dari seminggu lalu tau kaya gini,Keterlambatan
@CommuterLine Kereta ke Bekasi lama sekali saya udah nunggu 15 menit... Parah euy!,Keterlambatan
@CommuterLine Skr baru sampe stasiun ui. Bapak2 pada batu semua. Satpam juga gak guna ga ada disini.,Pelayanan
@CommuterLine KA 1179 kenapa suka banget delay ya? Ini jam 6.30 baru berangkat dari manggarai.,Keterlambatan
@CommuterLine kenapa ya petugas krl kalo ditanya mana kereta yang berangkat duluan sering salah???,Pelayanan
@CommuterLine update krl kebayoran 18.54 padat banget. Wkwk https://t.co/MxDILNJime,Kepadatan
@CommuterLine Min sosialisasi ke bawah dong. Msh aja gw ditegor Ama security kereta. Untung gw LG males ribut,Pelayanan
@CommuterLine Nunggu 20 menit lebih min.. asli.. berharap naik kereta pagi jam 5 sampe kantor lebih awal... malah sama ae... kaya gini jadi telat.. kalau emang crass kan bisa di antisipasi.. kebiasaan ngaret,Pelayanan
@CommuterLine Jakarta 4 Juli 2025 07.27 pagi lepas Tanjung Barat. Rangkaian nomor CLI-125.2022 Bogor-Jakartakota sempat tidak mendapatkan arus listrik menyebabkan kereta yg padat penumpang berhenti mendadak membahayakan penumpang. Bukan kejadian pertama.,Keamanan
@CommuterLine ini kenapa ya min jadwal biasanya jalan 10.10 atau paling telat 10.15 tapi ini 10.22 baru jalan loh dr Bekasi. ga bosen delay trs tanpa informasi min? udah standby dr jam 10 pagi loh min biasa berangkat jam 10.10-10.15 makin kesini kok makin sering telat min? https://t.co/rqM1SK9nsM,Keterlambatan
@CommuterLine Penumpang numpuk di oron gerbong delay,Kepadatan
@CommuterLine Duri arah tangerang numpuk min kenapa telat keretanya?,Kepadatan
@CommuterLine Jalur hijau makin kacau,Pelayanan
@CommuterLine min ini kenapa lagi kok di stasiun cikarang numpuk keretanya ga jalan2 dari 20 menit headway normall???,Kepadatan
@CommuterLine selamat pagi tolong kereta 5507B dikondisikan lagi dong jadwal pemberangkatannya.. lewat 10 menit dari jadwal di st. tanah abang dan berulang ulang itu bukan sesuatu hal yang dapat dimaklumi waktu tunggu dari kereta sebelumnya yang pkl 5.36 itu terlalu lama,Pelayanan
@CommuterLine gatau nomernya ini sekarang masi ketahan sblm st depok. gegara CRRC bukan? tega amat uji coba di jam padet gini. orang orang dan anak kecil dah pada capek ini nunggu,Pelayanan
@CommuterLine 1. Minta tolong KCI bukan hanya himbau lewat pengumuman dalam gerbong agar penumpang Bojonggede dan Cilebut yang ke Bogor dulu untuk tujuan Jakarta agar turun dulu di stasiun Bogor tapi juga kerahkan petugas di dalam gerbong untuk suruh turun penumpang-penumpang tsb.,Pelayanan
@CommuterLine min boleh tolong disampaikan stasiun palmerah tolong eskalator selatan yg turun ke peron 1 lempengan di atas agak jendul tadi takutnya ada yg harus dikencengin ato gmn bahaya kalo sampe njeblos makasih min,Keamanan
@CommuterLine sinting apa krl bekasi jam 8 di sudirman udh numpuk gini tolol,Kepadatan
@CommuterLine GAJELAS TERUS KALIAN. Kereta Angke berhenti 5 menit lebih di Manggarai ada 2 rangkaian. Sampe Tanah Abang masih berhentj-berhenti lagi. Bikin ketinggalan kereta jam 08.00 WIB di line Serpong. GAPEKA GAK JELAS. Gak pernah bener. Niat berangkst cepet malah telat,Pelayanan
@CommuterLine ini krl redline knp jadi molor banget jadwalnyaa???? knp gaada info,Pelayanan
@CommuterLine Pantesan jadi pada numpuk semua td di Tanah abang karet sampe sudirman.. hadeuhhh.. sekalinya ada krl pd maksa masuk semua,Keterlambatan
@CommuterLine kak ini kenapa di skybridge tanah abang numpuk bgtttt,Kepadatan
@CommuterLine oi kampret bikin jadwal Cikarang dari jam 17.00 sampai jam 18:00. Kenapa GK di selang seling aja. Bikin jadwal Cikarang Cikarang Cikarang habis itu Bekasi tambun Bekasi. Lu pikir orang pulang nya sama. Malah numpuk di stasiun Kranji nunggu krl Cikarang. Babik.,Pelayanan
@CommuterLine Jadwal baru yg kalian bikin ga mutu blas ini kembali seperti jaman sebelum Covid bikin penumpang didalam kereta benar' penuh parah kereta terlambat terus bikin penumpukan di stasiun jadwal baru busuk.,Pelayanan
@CommuterLine Jadi gini loh min... di rush hour jangan pernah operasikan kereta 8 gerbong krn penumpang penuh sesak jadi makin sesak lalu ada kesempatanlah buat kejahatan spt copet dan pelecehan. Maka dari itu jgn pernah ada krl 8 gerbong di rush hour min.,Keamanan
@CommuterLine cek aja jadwal lu sendiri. kan u yg buat. u cek pas di rush hour berapa biji kereta ke cikarang? aneh aneh aja u org numpuk di kranji mau naik kreta aja rasanya kek pepes,Kepadatan
@CommuterLine buset dah gue udh nunggu kereta lebih dari 10 menit . lo doang yg kerja emg ? gue dan banyak org kerja bisa telat gegara lo doang nih !!!,Keterlambatan
@CommuterLine Please koq jam pagi gini sih. Mahasiswa telat ujian nih,Keterlambatan
@CommuterLine Min belum ada rencana perubahan GAPEKA 2025 ini .Terutama jalur arah Manggarai-Bekasi yang sering telat kalau pagi karena adanya kereta jarak jauh,Pelayanan
@CommuterLine KAI TOLOL ANJING KENAPA BRENTI DI JATINEGARA LAMA BANGET SAMPE DIKEJAR KERETA DIBELAKANG TOLOL,Pelayanan
@CommuterLine petugas lu sampah semua kalo ada penumpang prioritas butuh duduk yg dicari laki2 yg lemes badan kecil. giliran yg badan2 keker sama kulit gelap gapernah di suruh ngalah pada takut atau gimana itu? payah,Pelayanan
@CommuterLine Min ini arah bogor delay bangetttt gilaaaa sampe numpuk di stasiun?!?!!! jkt terus yang lewat,Kepadatan
@CommuterLine @wulanhdyn Lagi peremajaan gerbong ya min jadi dikurangin?yuuk buruan yuuuk 12 gerbong lg biar kaga kek tokek ma cicak ni kegencet para penumpang,Kepadatan
@CommuterLine kereta kp bandan lama amat di sudirman udh 40menitan gak dtg2 https://t.co/IsElgSJJGy,Keterlambatan
@CommuterLine ini kereta blue line padet bgt lu gila ya ada apasi ini,Kepadatan
@CommuterLine keren kata guasi kereta redline jarak nya 20 menit alias anjeng ini penumpang numpuk begoo,Kepadatan
@CommuterLine min di KRL 1195B arah Bgr-Jkt gerbong 8 ada lebah nih gue digigit bs tlg dibersihin kali ya krn bahaya buat orang bs bikin bengkak haduh Cc: @CurhatKRL https://t.co/hXNCLeLisE,Keamanan
@CommuterLine sampah banget manajemen lu dikit dikit delay dikata ga pegel kali bediri,Pelayanan
@CommuterLine Min tolong ya ini kereta ke Rangkas bitung nomor 1768 udah pintu nya ga bisa dibuka AC nya panas. Gerbong 6. Makin lama pelayanan makin buruk ya bukan makin baik. https://t.co/cz1u1WgkIQ,Pelayanan
@CommuterLine Dari st Rangkasbitung jam 8- 9nan pagi. Tidak sempat mencatat no rangkaian. Mohon petugas lewat aja sesekali dlm rangkaian utk memeriksa kesediaan tmp duduk bagi orang tua atau ibu dg anak.,Pelayanan
@CommuterLine Tiap hari tiap pagi dikasih 8 gerbong trs yg arah Jkt-Kota gmn ga numpuk gila lo ya! Ini udh 3 kereta ga bisa masuk jg. Sakit sih ga pernah ada perbaikan!! https://t.co/ZYC2KAv2H7,Pelayanan
@CommuterLine Min di stasiun duri numpuk penumpang diperon 5 krlnya g Dateng Dateng ???,Kepadatan
@CommuterLine Mohon kebijakan dan evaluasinya yang bener untuk jadwal Bekasi-Manggarai masih sangat kurang! Jangan kalian buat jadwal Bekasi-Pasar Senen yang nggak guna itu sampai beruntun 2x ya!! Sudah masuk tahun baru masih kacau saja kalian bikin jadwal!! Parah!!,Pelayanan
@CommuterLine Hari minggu pagi gw udh bangun dari jam 3 mau ke merak malah kacau gara2 gangguan di kebayoran-pondok ranji sampe gw balik lagi skrg gangguan lagi mana di jam crusial hadeh,Keterlambatan
@CommuterLine Jadwal benerin min minimal tepat waktu gak ngaret...kasian penumpang numpuk nungguin kreta gk dteng2..,Kepadatan
@CommuterLine @CommuterLine min td ada yang dorong saya pas kereta blm berhenti di stasiun cawang hingga saya mentok ke kereta. Sangat membahayakan. Mohon untuk d tegur. Naik 1332B jurusan bogor dr cawang gerbong depan ciri2 ibu kemeja kuning garis2. Bisa di cek dr cctv stasiun cawang trims.,Keamanan
@CommuterLine @cemilanmanisss trua kenapa gabisa jalaan ini kan kereta cuma sampe manggarai rata rata yang gangguan di gambir @CommuterLine gasemua hari sabtu orang mau liburan bykk orang mau kerja,Pelayanan
@CommuterLine kereta GREEN LINE TELAT MULU! Keterlambatan sudah 10 menit heran deh ngapain aja smp bisa telat 10 menit. Ketiduran kali ya..,Keterlambatan
@CommuterLine saya ingin melaporkan perbuatan tidak menyenangkan yang baru saja terjadi pukul 19.14 di krl tujuan kp. Bandan- cikarang KA 4082 (gerbong 4). Mas2 baju merah yg ada di foto baru saja melakukan pelecehan seksual terhadap saya. https://t.co/wEy40l3Hfb,Keamanan
@CommuterLine ini kereta tujuan parungpanjang yg biasanya tiba jam 07:24 sampe sekarang blm dtg. Telat lg ya? Hobi bgt bikin penumpang numpuk.,Kepadatan
@CommuterLine Kecewa istri saya disabilitas pakai kursi roda &amp; jalan blm stabil hari ini pukul 18:03 naik kereta komuter dr st kebayoran - st parung panjang tdk dibantu mencarikan kursi oleh security biasanya dicarikan. akhirnya berdiri di kereta krn minta bangku tidak ada yg memberi.,Keamanan
@CommuterLine Jika memang seperti itu harusnya petugas nya disaat kami minta tolong untuk menyeberangkan barang yang begitu banyak mau membantu. Ini kami malah dibentak dgn alasan tidak minta tlg oleh atasan satpamnya. Saya juga bawa lansia. Banyak ibu2 yg bawa bayi juga spt itu.,Pelayanan
@CommuterLine Maaf maaf doang tai solusinya gimana tolol ini orang numpuk ga bisa naik kerja telat ga mikir ajg,Pelayanan
@CommuterLine Saya pengguna KRL rute St Klender Baru -St Citayam setiap hari kerja. Toilet di St Citayam itu bau beda dng toilet di St Klender Baru yg terasa wangi mungkin krn pewangi ini. https://t.co/tV4L5QNy4D,Kebersihan
@CommuterLine min yang terhormat bisa minta tolong ga kalo misal lampu tangga manual peron 11 st manggarai itu jangan dimatiin dulu kalo masih gelep tangganya? Ini ada anak kecil sampe nangis dan ga mau turun karna takut gelep. Kasian juga yang buru buru jadi terhambat. Tks https://t.co/nry4szkh7V,Keamanan
@CommuterLine @vthzra BALES MENTION GUA WOYYYY BLUE LINE TELAT 25 MENIT!!!!! https://t.co/bJW9Qgw2sl,Keterlambatan
@CommuterLine arah KPB antara jam 6:30-7:00 bukannya harusnya selang-selling ya via MRI dan PSE? Kenapa suka jadi numpuk dua PSE berturut2 kondisi kosong. Yang mau ke MRI jadi numpuk. https://t.co/F55LxVjjoM,Kepadatan
@CommuterLine tolong dong petugas yang di st tanjung barat minimal ada yg standby dktgate atau gimana kek. Minta tolong ke petugas loket gara2 kartu gw ga bisa tap in malah lepas tangan bilang ga punya akses. Minimal dibantu panggilin petugas yg lg jaga atau apa kek,Pelayanan
@CommuterLine halo min mau kasih saran &amp; kritik aja. toilet wanita di stasiun gondangdia selalu becek dan licin even di bilik toilet duduk untuk disabilitas atau yang membutuhkan juga licin walaupun udah dikasih pegangan di dalem biliknya ga menjamin kalo pengguna bisa aman,Keamanan
@CommuterLine orang pulang kerja malah dibanyakin ke arah jakarta kota ini ke arah bogor kaga ada satupun. numpuk jadinya tolol,Kepadatan
@CommuterLine pagi ini mau naik 4.30 dr PRP ke Tanahabang kok bisa delay sampe 4.50 br berangkat padahal uda benar di jalur 3.,Keterlambatan
@CommuterLine evaluasi min untuk petugas tiket judes banget dah kan saya juga bayar.,Pelayanan
@CommuterLine sumpah ini kereta panas bgt dan bau lembab bgt minnn https://t.co/vpMNUnpt6F,Kebersihan
@CommuterLine Rekayasa mulu nih di cikarang padet bgt ga jalan jalannn tanggungjawab banyak yg telat ini @CommuterLine,Kepadatan
@CommuterLine mending balikin jadwal yang lama aja jadwal baru kacau padet dimana mana ckckck,Kepadatan
@CommuterLine tolongg dong arah bekasi jalaan geraaahhh bau keteek,Kebersihan
@CommuterLine Mohon maaf aja nih yak kok security KRL sama MRT lebih sopan dan ramah di MRT ya dari cara negur nya dan ngasih tau nya beda bgt sama security KRL.,Pelayanan
@CommuterLine Perbaikan rel jangan pagi-pagi dong udah tau orang klo pagi berangkat kerja bikin numpuk penumpang aja,Kepadatan
@CommuterLine Saya masuk dr stasiun pasar minggu baru sekitar jam 17.10 kereta pertama datang jam 17.12 sangat penuh kemudian baru datang lg jam 17.22 makin penuh. Tolong menjadi perhatian karena jam-jam segitu sangat padat,Kepadatan
@CommuterLine kenapa kereta cikarang sekalinya lama sampe 10 menit lebih nunggunya. Giliran ada sekaligus deketan waktunya. Ayo KAI atur lagi jadwalnya!!! Belum lagi nunggu di bekasi ketahan masuk stasiun sama keluar stasiun,Pelayanan
@CommuterLine yang bener aja gue nunggu setengah jam lebih posisi kereta masih di kranji??! buang2 waktu jir,Keterlambatan
@CommuterLine @KAI121 ini chaos banget parkiran mobil St. Rawa Buntu. Masa 2 menit 1 mobil mana ga ada petugas/orang yg kompeten yg bantuin biar cepet. Mana ujan deres ga ada jalan track pejalan kaki yang teduh dan safety buat naik ke atas.,Keamanan
@CommuterLine min buset dah? pulang kerja krl bekasi semua. numpuk penumpang ckr. mikir g sih,Kepadatan
@CommuterLine min saya ingin complain tolong sekali peron stasiun di jalur jkt-bogor salah satunya stasiun citayam itu tolong lebarin dan tinggikan peron nya karena celah peron nya itu sangat besar sangat bahaya kali kenapa hanya st pocin dan psm aja yg aman? Jadi plis tolong ya,Keamanan
@CommuterLine apa2an sih ini kok kereta Kpb via Senen yg jam 08.48 dr Tambun kok gaada Orang2 di Tambun pada numpuk iniii,Kepadatan
@CommuterLine plis kereta bekasi/cikarang di jalur 2 tn abang jangan suka ngaret gini dong. masa udah 3 kereta dr greenline dateng blm ada juga. nyusahin bgt udah 30 menit lebih ga dateng2,Keterlambatan
@CommuterLine Schedule kereta 6080B di THB lo ilangin aja kalo emang gak ada tiba-tiba gilaaa orang disuruh nunggu 30 menit jam setengah 11 malam ke arah Cikarang. MAU BIKIN KERETA PENUH ORANG BERDIRI JAM SEGINI?,Kepadatan
@CommuterLine setelah berubah jadwal kereta jadi lama banget dan numpuk,Kepadatan
@CommuterLine tolong dong min jalanan di area parkir stasiun rawabuntu untuk mobil diperbaiki. Banyak lubang dan masih ada jalan yg belum di cor. Kalau hujan jd becek. Sudah bertahun tahun belum diperbaiki jalanan. Tolong ya min demi kenyamanan bersama.,Keamanan
@CommuterLine Dari pada sekedar memberikan pengumuman via pengeras suara. Alangkah lebih baiknya petugas WAJIB standby di area (terlebih gerbong perempuan) karena jika tidak ada petugas percuma terkadang mereka terlalu buta dan tuli.,Pelayanan
@CommuterLine di gerbong wanita paling belakang KA 1640 ada 2 org ibu2 yg satu bawa bayi yg bawa bayi dah aman duduk tp neneknya gada tempat duduk . Ada petugas knp ga make sure yg nempatin prioritas org yg bnr si ? Malah cuma ngelongok doang kocag,Pelayanan
@CommuterLine giliran bikin Edge jaringan 4G paling jago apa lagi KA jarak jauh seakan akan di utamakan terlebih dahulu di jam krusial kalo kaya kasusnya tertahan begini untuk KRL lama bgt tapi KA jarak jauh seliweran intinya kan KA jarak lebih utama padahal yang naik aja sedikit,Pelayanan
@CommuterLine Ini kenapa kereta bandara bisa masuk ke Tanah abang dari jalur 2. Katanya ada masalah. Udah delay hampir 40 menit lebih nih.,Keterlambatan
@CommuterLine min ini 1171B (udh brgkat kalibata) sama 1505 B (brgkat lt agung) jarak nya jauh bgt itu lg kenapa? Penuh sesek bgt min imbas nya ini,Kepadatan
@CommuterLine rangkaian KA 5182 dari stasiun bekasi ke cikarang dijadwalkan jalan jam 19.08. Tapi ini baru jalan 19.30. Jadi ini nunggu jalur atau nunggu kereta yg baru dateng di jalur 5? Soalnya pas bgt kereta di jalur 5 dateng akhirnya baru diberangkatkan :),Keterlambatan
@CommuterLine memberikan standar fasilitas yg LAYAK itu jangan nunggu keluhan dari masyarakat common sense aja itu keliatan bgt tinggi jaraknya. mbok ya disiapin tangga tambahan gue yg masih muda aja liatnya bahaya bgt kebayang ga yg turun dr situ ibu² hamil atau yg disabilitas?,Pelayanan
@CommuterLine min serem banget ini lantai lift retak di stasion tanah abang peron arah jakarta. https://t.co/UZhL03jPHn,Keamanan
@CommuterLine jadwal baru malah kacau min. Biasa KA Feeder manggarai jam 06.42an skrg jd 06.56 Padahal di jam itu jalur 1 2 selama 10menit lebih nganggur gaada kereta masuk. Alhasil numpuk2 terus. Better jadwal sebelumnya~,Pelayanan
@CommuterLine Ya liat dong min itu yg turun banyak bgt ga abis2 kalo nunggu yg tapout sampe abis kita bakal ketinggalan untung ada petugas satunya yg handle kalo kaga kita bakal nunggu kereta yg setengah 9 Kalo di stasiun lain sih mending dah keretanya brp menit sekali jg ada ini nambo,Pelayanan
@CommuterLine LAMA BGT NGASIH KERETA BOGOR JUMAT MALEM. PAKE DATA GA SIH INI ANALISANYA,Pelayanan
@CommuterLine selalu kereta arah Bekasi Cikarang jam jam segini selalu lama munculnya ya anjir,Keterlambatan
@CommuterLine kenapa terus kalau top up delay masuknya gara gara top up delay kamu aku jadi ketinggalan kereta knp?!,Pelayanan
@CommuterLine tolong beri penjelasannyaa song ini kereta arah tanah abang stuck ga jalan lebih dari 30 menit,Keterlambatan
@CommuterLine ga paham banget sama KAI nih ya atur jadwal. Penumpang udah numpuk di jalur 3 taunya yg masuk ke jalur 7? Anda suruh kita pada kardio y? Makasih banget,Pelayanan
@CommuterLine @infoDISHUB @jokowi @IgnasiusJonan PT. KAI bikin jadwal kereta janjinya tiap 5 menit ada kereta pas jam pulang kerja JKT-BGR nyatanya bisa 10- 15 menit teori doang bikin Jadwal jam 16.00 mulai. KACAU....,Pelayanan
@CommuterLine Petugas di St. Tanah abang &amp; St. Manggarai min. Mgkn memang ada bbrp penumpang yg blm paham aturan cuma bukan berarti satpam/petugas teriak2 macam teriakan komandan mereka pas lagi wamil.,Pelayanan
@CommuterLine kak please ada rencana green line jadi 5 menit sekali pas peak hour gak? please banget kak bener bener tiap pagi sesek napas,Kepadatan
@CommuterLine harusnya berangkat 07.06 dari bekasi tapi baru berangkat 07.14. lebaran selesai udah lama tapi jadwal kereta masih acak2an https://t.co/anQOnESBPR,Pelayanan
@CommuterLine sumpa ini kereta delay ampe 20 menit nangis banget,Keterlambatan
@CommuterLine telat lu jawabnya. petugas di sana juga gaada yg bisa jawab itu kereta kenapa ga jalan buang waktu bgt tai,Pelayanan
@CommuterLine eh komuter lu mikir dikit knp arah balik manggarai ke bogor kalo pagi tuh cm dikit jd ga urgent lu cuma ngasih kereta cm smpe manggarai!!! Gw harus nunggu 15 mnt lebih pula,Keterlambatan
@CommuterLine Setiap berhenti Stasiun serpong bau SAMPAH mulu mau ampe kapan ? jauh dari kata sehat aroma sampahnya,Kebersihan
@CommuterLine satpamnya jarang wara Wiri kasihan ada wanita HAMIL mau duduk saja sering di suruh cari tempat yang lain.kalau mau lihat pemandangan MIRIS ini min..coba rasakan AKHLAK dan ADAB mahluk SDM rendah jadi penumpang setiap harinya.,Pelayanan
@CommuterLine kereta ke bogor lama banget astaga.. dari jam 23.00 ini dan kereta baru ada 23.30 parah banget krl. Klo hari biasa malah ga selama ini.. yg ke jakarta kota malah dari tadi banyak bgt,Pelayanan
@CommuterLine gerbong cewe dpn krl rks tnh abang ac mati.. posisi brkt jurangmangu... gatau no brp. Uda kegencet nyari no ka drmn. Thx.,Kepadatan
@CommuterLine mohon dibaca kembali min utas saya saya sudah mengisi google doc/form di stasiun Juanda dan mengambil pin nya hari ini Saya datang dari Tangerang ke Juanda karena beberapa kali diberi info yg salah o/ petugas Saya mengeluhkan petugas anda yg tidak akurat dalam memberikan info,Pelayanan
@CommuterLine Min stock gerbong sdh menipis ya? Pagi tadi keberangkatan sebelum 6.15 dr Bogor semuanya KRL rangkaian 8 gerbong. Berebut dan padet sy yg sdh sepuh akhirnya nunggu yg 6.22 (10 gerbong).,Kepadatan
@CommuterLine baru tau naik transit ke Matraman KRL jurusan Cikarang jam 4 sore nunggu lama ampe dah penuh ( mnrt saya ) -+ 5 mnt baru brangkat kalo terjadi pelecehan gimana lah wong udah penuh atau emang nunggu jalur gitu ...,Keamanan
@CommuterLine kalian diskriminatif untuk.menyediakan gerbong yang nyaman tiap paginya utk penumpang yg naik di Stasiun Sudirmara Jurangmangu Pondok Ranji. Kami selalu harus berusaha keras untuk naik KRL. Sediakan kembali dong utk kereta yg standby di st. Sudimara..,Pelayanan
@CommuterLine min ada kotoran manusia di KRL 1073.. Ktnya udah dr bojong tp sampe hsmpir manggarai blm dibersihkan.. Petugas kebersihan nya pada kemana?,Kebersihan
@CommuterLine Nomor KA tidak tahu keberangkatan tanah abang menuju rawa buntu. Tidak tahu kereta sudah standby dari jam berapa namun sampai dengan saya menaiki armada kereta masih standby +/- 10 mnt. Semoga kedepannya jadwal kci di rush hour bisa lebih diperbaiki.,Pelayanan
@CommuterLine kebayoran tanahabang kenapa nih? numpuk bgt keretanya,Kepadatan
@CommuterLine Keberangkatan dari Klender antara jam 17.00 - 19.00 jaraknya setengahnya jam sekali. Emang yang mau buru2 buka puasa orang Bekasi doang? Kalo ngatur yang adil di Bekasi sering ketahan lama. Mending kaya dulu selang seling sekarang bener2 parah. Numpuk,Kepadatan
@CommuterLine apakah diperbolehkan NGEVAPE di dalam kereta??? Tadi saya KRL Bekasi arah Duri di gerbong wanita ada yg ngevape depan muka saya non stop. Tolong diperhatikan ya penumpangnya siapkan security stand by walau di gerbang wanita. Asapnya mengganggu sekali.,Keamanan
@CommuterLine @KAI121 Sy dtg ke r. Informasi di st. Bekasi Jwbn yg sy dpt dr salah 1 petugas adalah mau dibuatkan surat kehilangan jg sudah sulit utk tracking Bu hpnya Ada saksi 1 tmn kntr sy yg menemani Pdhl sy masih bs tracking ponsel sy suda di Kp. Bandan area JALUR REL KERETA https://t.co/nE2doyZSxI,Pelayanan
@CommuterLine Harus begini ditingkatkan layanannya gk lengah dgn pelayanan umum...ini sama aja merugikan orang byk Kalau untuk minta maaf itu gampang tapi harus lebih ditingkatkan pelayanannya. Pelayanan kai kurang memuaskan ini termasuk pelayanan kurang,Pelayanan
@CommuterLine Terimakasih karna sudah ditindak lanjuti sudah lumayan tidak bau untuk sejadah yang diluar.,Kebersihan
@CommuterLine min stasiun bekasi timur tiap pagi gini terus tiap hari pergi bau asep bajunya https://t.co/qyEdZLd2EL,Kebersihan
@CommuterLine Lah itu kan di atas ada. Makanya dibaca jangan cuma template doang jadi admin. Jangan maaf mulu ga guna. Coba lo pada rasain naik KRL di jam sibuk dengan kereta delay rangkaian cuma 10 banyak berhenti di tengah jalan. Bangke !!,Pelayanan
@CommuterLine tolong dong di st Kalibata dsediakan toilet disisi arah Bogor masa ke toilet doang kudu lewat underpass.. mana jauh banget klo ga didengerin parah sih semoga petugasnya pada ga sembelit. satpamnya tuh ajarin supaya konsisten klo kerja. so keras tp inkonsisten,Pelayanan
@CommuterLine Ini bener2 penumpang udah disuruh nunggu terus berujung ga ada solusi buat minimal 1 kereta terakhir buat angkut ke Cikarang? Udah gileeeee,Pelayanan
@CommuterLine BISA GA PAGI2 GA BIKIN EMOSI JERETA ARA KP BANDAN VIA MANGGARAI UDH NGARET PENUH SESEK JADINYA,Kepadatan
@CommuterLine @panggilakuparis Jgnkan kajj stasiun pondok ranji aja samping toilet yg buat petugas cleaning aja bau bgt roko trs udh ada waring area bebas roko tp masih banyak yg ngeroko hyft,Kebersihan
@CommuterLine halo min saya pengajuan pin ibu hamil dr tanggal 30 mei sampe sekarang kok ga ada email dr KAI? Harus nunggu sampe kapan ya? Tolong jawabannya jangan template dan gak membantu,Pelayanan
@CommuterLine Pantesan peron 5 &amp; 6 St tanah abang numpuk bat udah kaya pepes,Kepadatan
@CommuterLine announcer lu di manggarai bs kerja ga? 2 kereta di jalur 11 sama 12. 22nya tujuan bogor. Si announcer blg yg dluan jalan jalur 11 tbtb berubah jalur 12. Bs kerja ga???? Lu tau ga susahnya pindah2 kereta??? !!! Aplg kondisi lg padet.,Pelayanan
@CommuterLine ini KA 1772 kebiasaan amat di tanah abang . Udah dapet semboyan bukannya langsung jalan . Malah delay brp detik,Keterlambatan
@CommuterLine @fitrahaslam_ @txtdrjkt Dulu HPku dijambret di KRL petugas keamanan bengong kek orang bego ha ho ha ho ga ada gunanya mereka kerja. Di Video ini aja serame itu ga datang2 wkwkwk gaji buta,Pelayanan
@CommuterLine ini kenapa hari ini KRL ada keterlambatan 20menit an ya di jalur palur-jogja ?? Jam berangkat di 10.32 di jebres tujuan jogjakarta. Alasan terlambat apa? Bikin jadwal kacau aja hadehh.,Pelayanan
@CommuterLine krl tolong yang dari nambo arah jkt 10 gerbong gerbong y nya pakai kipas tapi gak nyala kipas nya sumpah panas bgt ini pengap baru nyampe depok udh panasss tolong kenapa kipasnya tidak dinyalakan ini panas padet org. Terima kasih,Kepadatan
@CommuterLine Dari jaman dulu berupaya mulu ga ada hasilnya coba deh pikirin yg bener kalo bikin jadwal diliat itu jam pulang kerja pasti padet kok malah gap nya jauh. Pelayanan publik kok gitu,Pelayanan
@CommuterLine halo min . Ini satpam nya pada kemana ya . Bapak2 banyak yg masuk gerbong cewe dan sebagian ini yg ga mau pindah . Ga ada satpam yg jaga . Ibu2 pada negor ga di peduliin . K1 171 09 https://t.co/zWxYf6ZZbk,Pelayanan
@CommuterLine tolong semuanya yang naik krl pada saat penuh atau gaada space lebih baik gausa naik temen saya jadi korban pelecehan didlm krl. (Ini muka pelaku dia bareng 3 temennya) kalian tolong bisa ingat2 wajah orang ini jika bertemu) tolong satpam krl ada ditiap gerbong @CommuterLine https://t.co/BUy8iYjkd6,Keamanan
@CommuterLine kereta priuk kota Keberangkatan jam 6 dari priuk ada keterlambatan sampai karena berhenti sebelum st kota. info2 ini yg perlu sampai ke penumpang melalui pengeras suara kenapa dan estimasi brp lama. Supaya lbh tenang aja. Makasih,Pelayanan
@CommuterLine Min ini gmn si? Udh tweet dr 2 jam yg lalu masa ga bener2 sik. Udh numpuk bgt loh ini.,Kepadatan
@CommuterLine Kereta Greenline dari kemarin ngaret semua blok numpuk orang ke delay 2 kereta mulu Dzolim anjing,Pelayanan
@CommuterLine udah bener jadwal yang kemarin malah diganti. yang jam2 rawan berangkat pulang kerja malah gak ditambah jam malam yang sangat membantu pas lembur malah di ilangin. bikin jadwalnya itu perhitungannya dari mana sih?,Pelayanan
@CommuterLine tolong kereta jam pagi ini banyakin yang arah jakot 12 sf ini kereta manggarai 12 sf trus kereta jakotnya 8 sf yg udah numpuk susah bgt mau naik. Gue kena imbas mulu nunggu lagi 2 kereta setelah manggarai 20 menit terbuang bikin telat badmood,Pelayanan
@CommuterLine tolong dong kalo lagi jam aktif kantoran jangan perbanyak kereta jarak jauuuuh. Ini hampir disetiap stasiun numpuk orang2 baru balik semua. Jarak waktu kereta sama kereta selanjutnya masa 15menit. Yg bener ajaaa,Pelayanan
@CommuterLine balikin ke jadwal lama CL jurusan tanah abang!!! kereta awal rangkas bitung jd 20menit sekali akibatnya: - No kereta 1641 ngaret BANGET krn penumpang penuh pd berusaha masuk - saking penuhnya ada yg pingsan https://t.co/lLb3cJgAJk,Keamanan
@CommuterLine tolong lah ini drtd ga dapet2 kereta trs 8 kereta mulu. jam segini masih penuh headwaynya jg lama bikin numpuk di stasiun. butuh solusi bukan minta maafff! btw di st tebet,Kepadatan
@CommuterLine Nah ini juga kan Bakal keos terus pasti tiap hari. Ujung2nya nanti keselamatan penumpang yg bakal jd taruhannya. Misal krna keos d dlm kereta jd saling dorong pas keluar potensi yang jatuh terjepit jdi lbh besar.,Keamanan
@CommuterLine mending kereta rangkas dibalikkin aja kek dulu yg kereta khusus. Sekarang udah sesek bgt panas presidennya @prabowo dan temen2nya korupsi jadinya gak ada duit buat public transport kan.,Kepadatan
@CommuterLine si anjing krl Cikarang bukan nya ditambah malah dibiarin numpuk penumpang. Gangguan nya udah selesai kan?,Kepadatan
@CommuterLine @Heraloebss lebih tegas lah min. lembek bat securitynya padahal mereka punya wewenang buat seret keluar orang kek gitu loh,Pelayanan
@CommuterLine ahh jadwal baru malah kacau dari jam 7 pagi d tanah abang 3 kereta lewat cuma sampe angke.. yg lewat bandan ada stngh 8 udh gitu lama bgt masuk antrian k bandan ada kali 10 menit !! brgkt pagi biar ga telat terasa sia² !!!!,Keterlambatan
@CommuterLine Kenapa sekarang KA lokal Bandung Raya sering terlambat ya? Bikin kesel aja udah gitu masinis nya malah nongki2 ngobrol harusnya kasih pengumuman dong kenapa telat berapa menit lagi harus nunggu.,Pelayanan
@CommuterLine kenapa ya anda selalu telat untuk kereta arah tanah abang di pagi hari rush hour! sedangkan ke arah rangkas kereta lebih cepat dateng tolong tambah rangkaian kereta nya sesuai dengan arahan presiden,Pelayanan
@CommuterLine @ozzan @KAI121 @CurhatKRL @krlmania makanya kembalikan rute ky dulu lah.. gak nyaman bgt ke manggarai mana sering bgt kereta telat bongkaran transitan bogor udh 3x jalur 8 ke bekasi gak ada kereta..gmn gak numpuk.. ky gitu disuruh gak buru2,Kepadatan
@CommuterLine min kacau bgt sih manajemen waktunya Ngerugiin org bgt kaya gini harusnya kereta ke Tanah Abang sampe di jam 10:47 tapi tadi malah telat karena ada perpindahan jalur dulu di st tanah Abang&amp;baru sampai di jam 10:52 Saya jadi gak kekejar kereta arah Cikarang woy,Pelayanan
@CommuterLine Min Anda minta utk saling peduli tp KRL secara tdk lgsg punya andil dlm pelecehan seksual di krl dgn keterlambatan jadwal sehingga penumpang menumpuk yg membuat potensi pelecehan dan pencurian besar. Harusnya liat diri juga lah,Keamanan
@CommuterLine Bikin chaos pagi-pagi! Tolong dulu diperbaiki pelayanannya. Kami disuruh turun di tebet trus naik kereta selanjutnya kebayang kan serame apa itu di kereta. Pas turun di manggarai pada berantem woi https://t.co/3hQJ5VfyGS,Kepadatan
@CommuterLine Mmstikan jalur krt di peron aman kan tugas mrk. Kucingnya bukan tb2 jatoh tp waktu sy lg turun tangga ke peron kcg itu sdh di jalur rel berusaha naik. Sdh diperingatkan tp ga ad tindakan. Pdhl jalur sblh ga ada kdtgan kereta. Hrsnya sdh ditindak lbh dulu wktu kreta msh jauh.,Pelayanan
@CommuterLine Ujan hampir sejam loh ini banyak ibu-ibu gadapet duduk dan kegencet https://t.co/oB44V9PMsI,Kepadatan
@CommuterLine ini kenapa kereta jalannya lambat skali dan berhentinya lama skali ya? 1651 rangkas - tanahabang harusnya 07:25 sudah di kebayoran. 07:23 masih di jurangmangu. Gak ada pemberitahuan. Kacau lu,Pelayanan
@CommuterLine ini gimana kalian jalanin aturan kursi prioritas? gak di stasiun gak di dalam kereta yang dudukin anak muda semua. Petugas kalian cuma cuek aja padahal ngeliat. Kasihan banyak orang tua yang duduk di lantai stasiun atau diri di dalam kereta https://t.co/kPzBXRF8IP,Pelayanan
@CommuterLine Terimakasih @CommuterLine sudah membuat saya telat hari ini dan kehilangan uang insentif kehadiran saya 400ribu Besok2 ngecek rangkaian jam 8pagi aja sekalian di stasiun sudimara. Ga usah ngecek rangkaian malem atau subuh2 yaaa Gpp ko mau mati kejepit di KRL.,Keamanan
@CommuterLine Tolong security nya bisa bantu tertibkan penumpang yg model gini kasihan penumpang lain yg punya hak sama,Pelayanan
@CommuterLine kenapa dari 2 hari lalu kereta jam 5.45 dari depok ke jakarta kota pasti ngaret mulu? Nunggu ganti jalur sblm masuk ke st. Kotanya makin lama!,Keterlambatan
@CommuterLine min kenapa kereta bisa ngestuck di pinggir jalan lama banget waktu emas min,Keterlambatan
@CommuterLine ini knp ya greenline di jalur masuk Palmerah sm Tanah Abang kereta berenti? Tolong dong diperbaikin saya ini lg rawat jalan gada pin atau apapun buat bisa duduk nafas saya sesek bgt di tambah berente bbrp menit. Malah nyusahin jujur.,Keamanan
@CommuterLine kak mau tanya kira-kira peron stasiun gondangdia kapan ya ditinggiin? suka ngeri kalo naik kereta dari stasiun inj. ngeri jeblos,Keamanan
@CommuterLine dalam rentang waktu yg bersamaan aja krl arah jkt kota udh ada 2x tapi ke arah bogor blm ada sama sekali tuh?????? GMN GAK NUMPUK MIN ALLAHUAKBAR,Kepadatan
@CommuterLine Tolong dong satpamnya lebih gercep dan tanggap pengalaman sebelumnya juga pas saya hamil pulang kerja padahal pake pin hamil satpamnya malah ngeliatin aja ga bantuin nyariin tempat duduk krn kursi prioritasnya waktu itu sudah penuh. Masa harus minta tolong dulu,Pelayanan
@CommuterLine @nanayevol kacau ni telatnya sampe 30menit jadi evaluasi kedepan dong! jadi telat banget,Keterlambatan
@CommuterLine @CommuterLine Sesuai waktu kalian bilang? Tebet harusnya 7:33 aktual 7:41 itu sesuai jadwal? Yang bener yang mana? Sesuai bagi kalian itu maksudnya emang normalnya delay tiap hari? https://t.co/17GNDovdfs,Keterlambatan
@CommuterLine min krl 1647 kok telat?? biasa sampe tenjo 06.05 ini baru dateng 06.10 ??,Keterlambatan
@CommuterLine Min kenapa sih kalo siang jam 11.30an krl ke jakot lama lama banget datangnya. Selang 10-15 menit. Dah tau penumpang dah numpuk di perob depok baru. Nunggu tumpah2 dulu?,Kepadatan
@CommuterLine @emaildariza Geser sana geser sini nunggu kereta belakang sama aja penuhnya. Apakah geser dan nunggu kereta belakang solusi? https://t.co/jXrQtWhCXb,Pelayanan
@CommuterLine @astridtanaya Iya jauh-jauh banget sih jadwalnya udah pada numpuk tau ga jadinya,Kepadatan
@CommuterLine Ini laporan ke 3 kali dari saya kalau AC commuterline KA 1651 dari rangkas ke tanah Abang tidak berfungsi dengan baik. Customer tidak nyaman krn udah penuh penumpang lalu udara menjadi sesak kringetan banget krn ac tdk berfungsi. CC: @OmbudsmanRI137 @LAPOR1708,Keamanan
@CommuterLine parah nih KAI stasiun Jatinegara air bersih di toilet dan tempat wudhu mushola gak keluar kasian orang yang udah terlanjur BAB dan yang mau wudhu. Tolong ditangani ini petugasnya kemana? https://t.co/y6SOFrqYFY,Kebersihan
@CommuterLine dengan jadwal baru yang sudah ada tp malah makin nggak sesuai dengan jadwalnya dan suka banget gitu ngumpulin orang banyak di stasiun transit utk menunggu di Salah satu peron contoh di stasiun tanah abang pagi ini di peron 3...mau lho apa sih sampe penumpang penuh?,Kepadatan
@CommuterLine di jam segini (pulang kerja) KRL padat tuh contoh: Cikarang jangan diberhentiin demi nunggu kereta langsung duluan dong. Tau kreta langsung tiketnya jauh lebih mahal tp bs di schedule tdk lewat pas jam rame kan? Kasian org dempet2an di KRL TLG diperhatikan. Thanks,Pelayanan
@CommuterLine Benerin peron rajin biar keliatan bagus? Banyakin keretanya broh penumpang numpuk di manggarai ni,Kepadatan
@CommuterLine Selain c-access benerin jg papan pengumumannya min. Kaya ini cikarang ada 4 peron bisa 2-3 di peron nunggu jalan. yg mana yg duluan itu bikin bingung. Salah kereta nunggu ga jelas gw duduk dr 8.00-8.25 kaga berangkat pdhl harusnya 8.11. Malah yg ujung yg jalan duluan.,Pelayanan
@CommuterLine Citayem numpuk nih gila banget,Kepadatan
@CommuterLine ini kenapa ada jeda waktu panjang banget ya sampai 15 menit lebih KRL tujuan Jakarta Kota?? Sampai numpuk banget begini penumpang di Manggarai !,Keterlambatan
@CommuterLine @siringoringopi @jalur5_ Yang di butuhkan kesesuai jadwal yg telat ada di C Access/KRL Accesa atau tepatnya sesuai dengan gapeka yg sudaj di buat tidak ada delay atau telat waktu tiba dan keberangkatan KRL.,Keterlambatan
@CommuterLine Kacau min ini kereta udah penuh,Kepadatan
@CommuterLine min kenapa sih di green line pagi hari jam berangkat kerja lebih banyak kereta ke arah rangkas padahal padat nya luar biasa saat hari senin. jeda ke tanah abang bisa 15 menit,Kepadatan
@CommuterLine ini gimana si udh nunggu 40 mnt di jatner ga dtg2 kereta kp bdn via pse selalu kereta jarak jauh terus,Keterlambatan
@CommuterLine Buktiin bukan cuman template aja jawabannya udah hampir 30 menit nunggu kereta setelah kereta bandara lewat ada dua kereta dengan jarak kurang dari 5 menit bener2 parah lo atur jadwal,Keterlambatan
@CommuterLine Min line cikarang dari manggarai ngaret lagi nih telat lagi dari 07.32 berangkatnya ga tau lagi mau berangkat kpn tolong dibenahi min keseringan nih,Keterlambatan
@CommuterLine Ga tau kejepit ditengah,Kepadatan
@CommuterLine Ini cuma minta maaf aja ? Ga ada solusi gitu penumpang numpuk.. udah monopoli tapi ga bisa kasih solusi...kalean @CommuterLine luar biasa..,Pelayanan
@CommuterLine Kereta dr tanah abang ke manggarai mana n8h? udah nunggu 15 menit. Telat deh,Keterlambatan
@CommuterLine min ini kenapa tertahan lama di citayem ya kereta yg arah bogor,Keterlambatan
@CommuterLine @cristianebianto Normal guys kan emang sering kek gtu sering delay jadi normal bagi mereka,Pelayanan
@CommuterLine Saya tidak masalah jika kursi prioritasnya penuh. Ini kursi prioritasnya penuh dengan orang² yg tidak membutuhkan prioritas. Bagaimana saya bersikap adil tp saya sendiri tidak mendapat keadilan. Tolong dengan sangat untuk petugasnya lbh adil lagi.,Pelayanan
@CommuterLine @SebutSiti @Metoday___ KA 5592 tertahan sinyal masuk stasiun bekasi dari kranji ini masih stuck juga. kenapa deh jadwal krl bekasi-cikarang kacau banget malem ini?,Pelayanan
@CommuterLine @UnitedAsk Rangkaiannya udah keren bagus &amp; modern. Himbauan ke pengguna agar menjaga dan merawat. Untuk petugasnya Kalo bisa pel lantainya jangan pakai pel biasa ya min selain looksnya becek juga jadi dekil soalnya mungkin bisa coba pakai flat mop atau deepclean mop hehe https://t.co/YiAHxXrJqA,Pelayanan
@CommuterLine Ya ampun ini keretanya kok sendat2 ya kak jadi parno,Keamanan
@CommuterLine min coba cek yang di st bekasi petugasnya juga ga negur katanya klo mau cepet lewat tangga manual saja lah kok beda sama ygdi post di twt,Pelayanan
@CommuterLine @KAI121 eh KAI kok berangkatnya tumben delay? biasanya ontime loh ini lebih dari 7 menit ko masih blm jalan aja ya???,Keterlambatan
@CommuterLine lama banget dah kereta bekasi udah nunggu 15 menit di tanah abang mundur terus jadwalnya diliat di aplikasi,Keterlambatan
@CommuterLine Layanan sampah gila penumpang dianggap ikan teri apa di dalam gerbong begini...,Kepadatan
@CommuterLine Duri-tng tiap 10 menit sekali? Udah kereta cuman 8 rangkaian sesek kayak pepes tahu. Balikin kayak semula aja @CommuterLine @KAI121 @KemenBUMN @Gerindra https://t.co/lEvKeObqXq,Kepadatan
@CommuterLine min tolong banget kalo mau tutup pintu kereta nya jangan terlalu cepet tadi hampir anak orang kejepit buset dah https://t.co/45671NvcS8,Keamanan
@CommuterLine Miiiin lama banget miiin mual banget nih padet bau minyak kayu putih pula,Kepadatan
@CommuterLine min..kereta jalur Bogor udh lancar belum min ? Apa masih ketahan tahan lama ? Infonya skrg numpuk penumpang d peron Bogor tiap stasiun,Keterlambatan
@CommuterLine hari2 kereta ga sesuai jadwal. Kereta ke tn abang telat 3 menit alhasil pas mo transit ke green Line ketinggalan kereta yg ujung2nya harus nunggu 15 menit lagi. Minimal kalo jadwal busuk tuh eksekusi nya ga makin di busukkin lah jir. Mentang2 indo jam karet,Keterlambatan
@CommuterLine kereta kpb-bekasi via pasar senen ini udah jadwalnya dikit telat muluk lagi..,Keterlambatan
@CommuterLine Min min knp naik dari sy pondok ranji ke arah tnbang .. selalu full ? Coba check min. Pagi jam 07.00 Dorong mendorong.,Kepadatan
@CommuterLine gatau ka keberangkatannya karna saya kan nunggu kereta yang belim dateng akhirnya naik kereta yang dari arah kampung bandan,Keterlambatan
@CommuterLine tlg diperbanyak rute ke Bekasi malam2! 19.58 di St. Sudirman nunggu ±30 mnt kereta bekasi tp 2x lwt cm sampe Manggarai doang. 20.30 dpt kereta tp 21.00 saya br di Jatinegara krn keretanya ngetem trs. Mana rame bgt numpuk. Orang udh cape kali seharian. Buseeeettttt!,Pelayanan
@CommuterLine ini kenapa kereta cuman pada sampe depok lama bgt lagi kereta ke bogornya belom ada,Keterlambatan
@CommuterLine ini kereta yang berangkat dari Kota jam 05.53 hampir terus²an ketahan tiap kali berhenti di satu stasiun. Sdh hampir 30 menit baru sampe Gambir dan ini masih ketahan lagi. Jengkel juga tiap kali harus ketahan lama di setiap stasiun. Diperbaiki lah ke depannya.,Keterlambatan
@CommuterLine Min seringkali saya menemukan kecoa jerman di sela2 kursi KRL. Diharapkan pembasmian kecoa di kereta dilakukan secara berkala yaa. Trims,Kebersihan
@CommuterLine ada copet yang coba mau narik dompet pas turun di stasiun Sudirman. Kampret banget untung ngga ke ambil.,Keamanan
@CommuterLine itu eskalator duri tolong segera dibenerin dong bikin numpuk aja,Kepadatan
@CommuterLine ini maksud nya apa ya gerbong depan setelah lokomotif di tutup pegawai kai jadi malah buat penuh kacau nih ka lokal bandung raya no. KA. 472,Pelayanan
@CommuterLine Min itu anak-anak kecil yang menguasai bangku semasa liburan sekolah di CL pada tap kartu gak sih? atau gratis cuek? karena lama-lama kok keenakan ya?,Pelayanan
@CommuterLine @thanosend Di Manggarai jam 05;55 biasanya ada yg ngetem sekarang gak ada padahal ini membantu mengurangi kepadatan rush hour ada yg ngetem aja jam 06:16 belum berangkat,Keterlambatan
@CommuterLine min! Kereta ke bogor jam 19.58 berangkat dari citayam 12rangkaian yang bener aja orang belum turun semua udah mau di tutup pintunya! Gila apa? Untung ga ada yg kejepit pintu!,Keamanan
@CommuterLine selamat pagi kondisi kebersihan jalan akses dan koridor ke stasiun RAWA BUNTU cukup kotor sampah menumpuk (sdh lama) mohon selanjutnya disediakan tempat sampah (buat ojek dsb) dan ada pengumuman dilarang buang sampah sembarangan terima kasih. https://t.co/8F9WI5JxYA,Kebersihan
@CommuterLine @KAI121 Thanks ditanggapin min. Ini keluhan semua warga karawang. Balik kerja jam 3/4/5 baru bisa balik jam 7 malem. Apa kagak menyala nih warga? Kalo bisa aktifin kek kereta di jam 5-an biar kagak numpuk banget yg malemnya. Semoga sarannya diterima min. Thank you,Pelayanan
@CommuterLine min tadi aku liat ada kitten abu2 di peron depan stasiun Juanda yg jalur ke Bogor. Takut ngebahayain mohon dievakuasi ya. Thanks,Keamanan
@CommuterLine @KAI121 5531 tiba sudirman 09.51 berkurang 2 menit tapi pasti akan bertambah harusnya 5531 tiba sudirman 09.20 karena jalur bekasi KCI tidak peduli dan masa bodo yg penting jalur bogor aman san sudah di fasilitasi feeder ke TNA di MRI,Pelayanan
@CommuterLine Pakbu tolonglah.. udah ga relevan lagi rush hour Tangerang Duri 8 gerbong.. terlalu dempettt dan ga ada ruang. Gimana mau mencegah pelecehan seksual kalo kalian sendiri yg ciptakan situasinya!,Keamanan
@CommuterLine @kai ditweet kg dijawab2. KCI kg terima kritik dan komplain pelanggan ya ? apalagi pelanggan dari blue line. Karena buat blue line tidak mungkin akan ada penambahan dan perubahan jadwal KRL. Sudah untung di sediakan KRL jadwal KRL masa bodo.,Pelayanan
@CommuterLine interval kereta terlalu lama depok-manggarai interval sampai 15 menit lebih di manggarai-tanahabang 15 menit lagi duhh. Jadinya penumpang numpuk,Kepadatan
@CommuterLine halo kenapa yaaa kereta jakarta kota bogor delay terus?,Keterlambatan
@CommuterLine Amiin. Semoga yaa. Yha minimal SF 12 deh biar nggak jadi pepes.,Kepadatan
@CommuterLine coba satpam st. sudimara tuh ada masalah apa sih? https://t.co/pyaqRexOvm Coba berbenah segitu banyak yang komplain satpam di sana tentang kelakuan mereka.,Pelayanan
@CommuterLine @CurhatKRL kasian lo liat petugas di tanah abang tiap pagi teriak Antrian ke belakang cuma karena segelintir orang gob*ok yg gabisa / ga diajarin / ga ngerti kalo dia motong antrian itu bikin padet orang lain,Pelayanan
@CommuterLine kereta yang harusnya berangkat dari cikarang jam 5.54 telat. Baru berangkat jam 6.00‍️,Keterlambatan
@CommuterLine ihh parah bgt tau kak semenjak gapeka 2023 yg mulai berlaku 1 juni 2023 kemarin tuh kacau bgttt bgtt bgtt coba deh sekali2 turun ke lapangan di jam sibuk biar ngerasain kegencet didlm rangkaian bukan cuma liat grafik dari layar doang,Pelayanan
@CommuterLine @KAI121 Lantas itu 2 rangkaian hanya sampai manggarai buat apa ya.? Yg ke-2 kosong bisa buat main bola.! Sedangkan penumpang bekasi/cikarang numpuk &amp; tdk ada #feeder Manggarai &gt;&gt; Bekasi jg kan.! Lantas kami mau sampai rumah jam berapa ya.! Tolobg perbaiki donk settingan #traffic nya,Pelayanan
@CommuterLine Min sorry boleh usul gak besok kalo misalnya ada KLB dari CS on Train atau Masinisnya info dari speaker biar penumpang yang gabuka sosmed tetap terupdate. Makasih yaa,Pelayanan
@CommuterLine min ini gerbong terakhir di belakang ACnya panas bgt berasa sauna rame kyk gini https://t.co/5bu3sJcgS8,Pelayanan
@CommuterLine demi Allah Bogor line chaos bgt hari ini,Kepadatan
@CommuterLine best banget ganti jadwal kereta bikin orang telat. jadwal baru ga sesuai sama real time kedatangan kereta,Pelayanan
@CommuterLine Mohon dibantu sampaikan ke mnagement agar dipertimbangkan utk pembebasan perihal masker ini. Yg mau pakai ya silahkan yg tdk pakai dgn salah satu alasan diatas agar tidak ditegur oleh security yg bertugas. Kereta kota-bogor naik st gondangdia skitar pukul jam 17:47. 8 rngkaian,Pelayanan
@CommuterLine di Stasiun Citayam tdk bisa go transit dan tidak ada label pemberitahuan sudah terlanjur beli petugas tdk sopan waktu dikasih saran untuk pasang label kalo Gotransit tdk bisa digunakan. Malah ketus katanya tidak ada di SOP petugas jam 07.38 8/11/23 bernama Kevin,Pelayanan
@CommuterLine @daviddisini tadi pagi di jembatan tanah abang jadi lautan manusia Min... uda sumpek bau jijaj bapak2 padha sengaja dorong2... parah.,Kepadatan
@CommuterLine min tgl di reminder u/ pnjaga pintu prioritas di STADELA agr slalu standby.sering bgt petugas hny duduk2 ngerumpul diperon tdk peduli dgn pintu prioritas.kereta jalan baru pd jln dgn santai ke gerbang prioritas. tdk ada yg jaga standby di pintu.keluhan ini tiap pagi https://t.co/cTOFeDHfA0,Pelayanan
@CommuterLine kok jadi tambah kacau jadwal barunya. Sebelumnya semua jadwal tepat waktu skrg malah jadi molor dan ga sesuai jadwal. Kereta kemayoran-cikarang pake ngantri di senen sampai 20 menit. Sebelumnya ga pernah,Pelayanan
@CommuterLine ini krl cikarangnya kenapa numpuk sih udah mau buka yaampun,Kepadatan
@CommuterLine Yaaaa tp harusnya gaperlu bikin nunggu lebih dari 40 menit gini dong numpuk tau ga penumpang di st depok yg pada mau ke bogor,Kepadatan
@CommuterLine keretaa ke bogornya kok jaraknya lama-lama banget ini orang-orang udah numpuk di stasiun pasar minggu baru udah gituu gerobongnya cuman 8 atau 10,Pelayanan
@CommuterLine Commuter Bandung Raya gabisa dibuka pintunya bahaya ini kalau ada emergency. https://t.co/rRXcQZNlDN,Keamanan
@CommuterLine telatmulu kereta pertama dari bogor emang telatnya cuma 3 ment tapi tetep aja itu ngaruh hanget karna jadi ketinggalan TJ min kalau ada yang lebih pagi saya naikij tapi ini ga ada yajg lebih pagi jadi tolong banget jangan telat min,Keterlambatan
@CommuterLine ini kereta jalan telat waktu aja dah penuh kalo ngetem dulu makin jadi pepes lah pemerintah zolim https://t.co/HARtJJlEX9,Kepadatan
@CommuterLine tolong pihak kci kalau memang ada gerbong khusus pegawai KAI d tulisin di gerbongnya kalian sespesial itu ?,Pelayanan
@CommuterLine Min di st Duri udh numpuk bgt ini gaada kreta,Kepadatan
@CommuterLine ini ka 1183 telat mulu heran sampe kotanya jadinya telat mulu naik yg kereta tanjung priok,Keterlambatan
@CommuterLine ini elo muka badak apa gimana sih? Udah dimaki2 tapi kaga ada perubahan dari layanan kereta. Mau ke Sudirman aja nunggu kereta 15 menit. Elo kerja yang bener anjir waktu gue mahal. Stres lu ya?,Keterlambatan
@CommuterLine tolong dong jalur serpong jadwalnya diperbaiki... udah hampir sebulan nih jadwal ga pasti... ngaret muluk kretanyaaa.. tiap pagi penumpang numpuk... kreta penuh sesak ga bisa maksimal ngangkut penumpang di tiap stasiun,Kepadatan
@CommuterLine @iamazulaa Jam 6.55 bgr - mri. Sangat membantu mengurai kepenuhan sesak kereta. Alhasil Sejak 2 hari ini kereta padat berdesakan pada jam² tersebut. Coba dikaji lagi KAI jadwalnya,Kepadatan
@CommuterLine pantesan penumpang yg ke jkt kota tadi numpuk bangett..,Kepadatan
@CommuterLine @KAI121 tolong dong diperhatikan kebersihan di stasiun palmerah karena bau sampah banget pulang kerja udah pusing trus harus nyium bau sampah yg nyengat itu nggak enak bgt mohon untuk ditanggapi terima kasih :),Kebersihan
@CommuterLine Tambahin line ijo (rangkas) min capek aku jadi pepes/ayam geprek tiap hari Mana kalo dah masuk sudimara kranji sekali dorong lgs menyiksa yg di lorong,Kepadatan
@CommuterLine min kenapasi kereta dr tj priuk sebiji doang buset kata akumah mending dihapusin aja sekalian jadwalnya lama nunggu 30 menit jelek banget pengaturan jadwalnya,Pelayanan
@CommuterLine Tolong istri saya baru saja jadi korban pelecehan seksual di krl. Kejadian disekitar Buaran. Pelaku naik dari Kranji/Cakung. Perkiraan turun di Sudirman. Ciri² tinggi kurang lebih 175cm an kurus pakai jaket hitam baju biru celana bahan sepatu sneakers Mills,Keamanan
@CommuterLine min saran aja suruh satpam nya stand by di every peron dalam kereta karena banyak org tolol masih gamau kasih duduk ke prioritas especially ke yang bawa anak karena kalo kita tegur pun mereka bodo amatan,Pelayanan
@CommuterLine Ada lagi hari ini konsisten berarti yaa. Naik kereta bareng kecoa tiap hari https://t.co/GZX8ELNe3V,Kebersihan
@CommuterLine Itu tadi di Kalibata waktu baru tap keluar kereta nya kayak ada suara letupan (kayaknya) dan jalannya jadi lambat :(,Keamanan
@CommuterLine Telat! Saya sudah sampai di tanahabang. Tolong petugasnya di evaluasi semua. Soalnya tidak ada sama sekali yang keliling gerbong,Pelayanan
@CommuterLine Tp masa jaraknya 20 mnt sekali? Gila apa? Tau ngga klo lama datengnya makin desek2an krn penumpang dateng trs. Jd numpuk. Minta maaf doang bisanya otaknya dipake dong itu klo buat jadwal...balikiin aja kaya dulu jgn pake jadwal baru tolol gini...ini komplain formal pelanggan.,Pelayanan
@CommuterLine terus aja lu ngaret ya anj padet nih penumpang di stasiun jurangmangu,Kepadatan
@CommuterLine Masih lama ga min? Suami saya ketahan di Depok baru. Saya udah mau lahiran nunggu suami nyampe dulu nih,Keterlambatan
@CommuterLine Ga ada otak telatnya dari 18.02 sampe 18.30 belom masuk juga keretanya dan di stasiun udah padat banget orang. Emang bangke lo semua ga becus kerjanya,Pelayanan
@CommuterLine Always ya hahah klo gak trouble begini bukan KAI Commuter Line trouble di jam2 prime time saat orang pergi dan pulang kerja. Mungkin mumpung jam kerja juga jd pegawainya masih ada belum pulang. Ya harap maklum Indonesia.,Pelayanan
@CommuterLine gak pake semoga tapi HARUS. penumpang tiap hari lalu lalang padet masa uangnya ga cukup buat pemeliharaan sampe rusak melulu itu eskalator?,Pelayanan
@CommuterLine Ini kereta tanah abang 06.25 &amp; 06.34 kemana miiiin?percuma berangkat pagian klo begini padet banget ini pasti,Kepadatan
@CommuterLine kenapa kereta di green line tanah abang kok belum ad yg ke rangkas. numpuk di tanah abang,Kepadatan
@CommuterLine Ohiya kah? Kenapa gak dibantu aja naik eskalator itu ibunya? Untuk lansia dan difabel tampaknya bukan mereka yang harus menghampiri petugas. Bukankah menurut kalian harus sebaliknya?,Pelayanan
@CommuterLine Green line telat lagi telat lagi. Dipikir green line tu isinya pengangguran ya min? Ga butuh kereta tepat waktu ya?????? Oh green line ni keretanya pengangguran gapapa telat mulu. Kalo Bekasi sama Bogor isinya pegawai jadi kudu on time.,Keterlambatan
@CommuterLine trus gmn dong negurnya yg batuk ga pake masker sedangkan petugasnya aja diam saja,Pelayanan
@CommuterLine @yrcfsj Pasti yg dirasain korban tuh takut mana sempat buat menghubungi petugas,Keamanan
@CommuterLine plis banget ini mah tolong diperhatikan lagi ini ada 3 kecoa di krl angke-Cikarang KA #5166 gerbong 3 https://t.co/0KKYSvCnT5,Kebersihan
@CommuterLine @KAI121 DARI 7.51 SAMPE 8.07 FEEDER JALUR 1 GA JALAN. UDAH PENUH SESAK DI DALAM MASIH GA MAU JALAN. KALIAN BECUS NGATUR JADWAL GA SIH?,Pelayanan
@CommuterLine kasian pnp-nya min mana gerak security di UP terbilang lambat untuk pertolongan pertama bisa gak sih petugas di stasiun dikasih HT yg terhubung ke kabin depan/belakang biar bisa BLB kalau ada insiden(?) @jalur5_ @AnkerTwiter @CurhatKRL,Pelayanan
@CommuterLine 5103B telat banget jadwal lewat 12.10 tapi jam 12.21 belom jalan kacau,Keterlambatan
@CommuterLine @txtdrjkt Setidaknya peristiwa itu bisa jadi materi pelatihan petugas WALKA/ Polsuska Min. Perlu dipertimbangkan penambahan personil WALKA/ Polsuska perempuan. cc @KAI121 https://t.co/mwbM9RSdXH,Pelayanan
@CommuterLine emang anak co bs duduk di gerbong perempuan ya? Mana anaknya udah kayk smp gt. Ini kok security nya ga tegas ya. KRL tujuan tangerang-duri bs kyk ginj,Pelayanan
@CommuterLine apakah ada gangguan untuk jalur BOO-JAK ini di stasiun depok baru lama bgt kereta ga masuk2..,Keterlambatan
@CommuterLine please do educate your security(?) gatau lah yang pasti personil KRL berseragam kuning dengan rompi orange itu. i am a man and i do understand how the priority seats work. and i am aware juga kalian sering bilang semua kursi adalah prioritas,Pelayanan
@CommuterLine tolong lah ini KRL ada SOP soal AC. Mosok pagi begini yang penuh ramai ACnya cuma tipis2 doang. GOBYOS ini bangke.,Pelayanan
@CommuterLine tolong untuk security di stasiun sudimara di ajarkan etika yg baik ya masa org lagi diem pesen ojek online tiba2 di bentak terus diusir2 padahal ga ngelanggar apa2 kalo pun mau memberitahu bisa dengan bahasa yg baik tolong di seleksi lagi petugas securitynya,Pelayanan
@CommuterLine Setelah ditelusuri yang pelecehan di st tanah abang udah ketauan orangnya itu diapain lagi prosesnya? Cuma blacklist kai aja? Udah tau viral mah gabakal naik lagi. Hukumnya mana? Percuma himbauan tiap jam kalo kejadian gaada actionnya.,Keamanan
@CommuterLine Ke 2 Satpam KRL harus lebih ramah lagi dalam menyampaikan sesuatu kpda penumpang ada penumpang lagi duduk dan kreta trakhir di manggarai eh dibentak suruh turun sama satpam pdhl kretanya masi jalan cba min satpamnya di ajarin etika lagi. Tks,Pelayanan
@CommuterLine Green Line udah ga ngotak padatnya di rush hours. AC sama sekali ga berasa. Kebayang pengapnya kalau lagi padat penumpang. Kapan ya green line kebagian armada baru??,Pelayanan
@CommuterLine @CurhatKRL saran saja di st.bogor kalau sudah tidak bisa perlebar peron tiap jalurnya kereta yg akan jalan dan datang jangan diatur sebelahan.padat berdesakan apalagi kalau musim hujan.seharusnya bisa naik ini ketinggalan kereta gara2 antri mau naik.,Kepadatan
@CommuterLine gw nunggu kereta hampir sejammmmm,Keterlambatan
@CommuterLine gokil ini penumpang tanah abang ke manggarai kenapa jadi numpuk begini???,Kepadatan
@CommuterLine jadwalnya itu lho kacau.. ga ramah banget.. mending di balikin aja lah seperti sebelumnya coba yang bikin jadwal tuh ya riset dulu terjun langsung ke lapangan.. kondisi lapangan gimana tau jam jam chaos sama kepadatan masing² stasiun,Kepadatan
@CommuterLine ini commuter tujuan cikarang kok telat banget ya! sampe bosen komplain soal telat mulu,Keterlambatan
@CommuterLine ini knp kereta karawang-cikarang berenti lama bgt dah tengah jalan. Kaga ada info apa2.,Pelayanan
@CommuterLine apakah dengan mendahulukan 5531 pelanggan pasti tidak kecewa bagaimana buat pelanggan yg sudah menunggu dari jam 07.47 ? mana permintaan maaf jajaran direksi n VP KCI apakah masih punya malu atau sudah tidak punya malu jadi cuek aja. https://t.co/I1DFpoQdNv,Pelayanan
@CommuterLine Ini udh berkali kali loh gangguan mulu di citayam di maintenance rutin dong say jam pulang kerja nih! Lu kata dengkul berdiri nungguin ga lelah sharian kerja keretanya molor dan lagi lagi gangguan sinyal citayam ini butuh berapa lama perbaikan yg fix perbaikan?,Pelayanan
@CommuterLine Ttp aja min masa tiap hari sih huhu kan mimin tau sendiri beda 5 menit di kereta beda 1 jam di jalan semoga kedepannya bisa tepat waktu ya min ️ soalnya td di kereta rame bgt dan di stasiun ojol jd numpuk,Kepadatan
@CommuterLine mohon di cek K 4072 KPB - CKR Rangkaian No 8 Bau Gosong.. Apakah Pengeremannya?? Terima Kasih,Keamanan
@CommuterLine KA1125 kereta no 9 tadi tombol SOSnya dipencet krn ada yg pingsan buat manggil petugas gak memungkinkan panggil manual krn super duper padet. Ini bunyi terus berisik tolong bisa dimatiin yaa,Pelayanan
@CommuterLine Bruh di jam padet gini? Efeknya uda ampe pasar minggu ini ketahan,Keterlambatan
@CommuterLine Mohon kebijakannya penghapusan jadwal untuk KRL rute dari Bogor yang cuma sampai Manggarai.. nggak ada gunanya.. menuhin jadwal doang.. bikin penuh sesak stasiun Manggarai doang.. seharusnya yang kayak gini bisa jadi evaluasi.,Kepadatan
@CommuterLine min ini kereta dari rawabuntu ke tanah abang jadwal keberangkatan jam 07.06 telat apa gimana ya? sy udh nunggu dr jam 7 kurang,Keterlambatan
@CommuterLine pagi min KA CL Blorasura relasi CU-SBI kok sering di gerbong 7 AC nya gak nyala saat berangkat dari CU. AC baru nyala saat kereta baru jalan itupun gak dingin. Mohon lebih diperhatikan SOP pelayanannya,Pelayanan
@CommuterLine Min saya mau sedikit komplain Kemarin sore saya kecopetan di dalem kereta dari Tanah Abang mau ke Duri secara logika copetnya masih di dalem kereta kan ya. Kereta keadaan padet banget kebetulan ada petugasnya saya samperin terus minta tolong buat telponin hp saya,Keamanan
@CommuterLine udh punya aplikasi sendiri buat detect jadwal keberadaan kereta tp kenyataan nya gak sesuai sama yg distasiun dan pas ada perubahan jadwal juga gak ada update. Ngerasa di bohongin bgt dan buang buang waktu cm buat nunggu kereta tau gt bs pk transport lain.,Keterlambatan
@CommuterLine Dear @CommuterLine kalian buat pengumuman penggantian wesel selesai pukul 05.53. Tapi kereta Saya berangkat pukul 06.30 dan sampai 07.30 masih tertahan di Depok tuh apanya yang sudah selesai?,Pelayanan
@CommuterLine Tolong kalau ada pembatalan kaya gini diinfo diseluruh media sosial yg KAI Commuterline punya.. Diinfokan jg di stasiun2.. Ini gak menghargai waktu orang-orang yang tetap masuk kerja ditanggal kejepit!!!!,Pelayanan
@CommuterLine udah 2 hari krl red line gak waras ini ngaret terus,Keterlambatan
@CommuterLine kereta lo arah bekasi cikarang si sudirman baru telat semua yaaa. gue udah nunggu lama ya bgst!!,Keterlambatan
@CommuterLine benahi jalur green line senin delay kombinasi yang bagus,Pelayanan
@CommuterLine Saya dari Klender Baru. Tiba di stasiun jam 14:45. Biasanya kereta Cikarang sebelum jam 15:00 udah ada dan berangkat. Tapi tadi 15:08 baru sampai dan sekarang saya masih di stasiun Bekasi. Biasanya jam 15:21 paling lambat saya udah di stasiun Cibitung. Saya kejar waktu 15:30,Keterlambatan
@CommuterLine Depok baru numpuk https://t.co/YYgz0rzWnR,Kepadatan
@CommuterLine Kacau banget ini yg dari line cikarang sebelum st bekasi mundur semua min. KAJJ pada bisa lewat tuhhh berarti bisa gasi gantian? parah bgt ini w telat berangkat kerja ishhhh https://t.co/o7UXxHx6Bh,Keterlambatan
@CommuterLine Tolong dong eskalator turun jalur 5 segera diperbaiki biar ga numpuk di tangga manual udah tau duri tangganya cuma 2. Makin ke sini kok makin menurun fasilitasnya malah makin kurang memadai.,Pelayanan
@CommuterLine min kok di st kebayoran arah rangkas keretanya gaada dari tadi? udh numpuk juga kereta arah tn abangnya disini,Kepadatan
@CommuterLine Min kenapa peron stasiun Serpong paling barat tu bau ya? Ada orang yg pipis dan pup sembarangan kah? Soalnya bau terus.,Kebersihan
@CommuterLine PERGANTIAN JALUR APA SELISIH WAKTU SAMPE SETENGAH JAM LEBIH KERETA KEPALA SAMA KEPALA KETEMU!!!!! NUMPUK LOH DI STASIUN RAJAWALI. STASIUNNYA KECIL NUMPUK YG KE ARAH ST PASAR SENEN!!!,Kepadatan
@CommuterLine min jurusan Sidoarjo Mojokerto minta tolong ditambah lagi min. Karena di gerbong sesak min. Baunya juga ga enak. Tiket juga cepet habis. Dulu sampai ad 4 keberangkatan ke Mojokerto. Skrng dipangkas jd 2 aja. Tiket cepat hbs juga dan bau tidak nyaman jga karena load,Kepadatan
@CommuterLine ini kenapa kereta ckr - pse - kpb bisa 20 MENIT LEBIH BARU NYAMPE di st bekasi GUE BISA TELAT MAGANG ANJGGGG,Keterlambatan
@CommuterLine min ini kereta Bogor - Jakarta nomor KA 1197 AC nya rusak dah. buset panas bgt beneran kek pepes mana penuh bgt ya Allah,Kepadatan
@CommuterLine Min tolong bilangin petugas st. pondok ranji kalo ada orang² norak berdiri ngobrol menuhin peron yg ga seberapa itu ditertibkan. Peron itu tmpt orang jalan &amp; nunggu kereta. Kalo mereka mau menuhin jalan coba suruh menuhin jalan kereta (rel) aja.,Pelayanan
@CommuterLine min saya kan parkir motor di Stasiun Kebayoran dimulai dari tgl 21/10/23 jam 17.21 sampai tgl 22/10/23 jam 17.40 kok bisa saya digetok harga Rp25.000 padahal harusnya kurang lebih 15-20rb aja. Ini petugasnya mark up terus ya? https://t.co/ZtiB0KUQ6f,Pelayanan
@CommuterLine @dindader Iya emang petugas bantu kok min. Tapi kasian loh petugasnya pernah gotong yg kursi roda berasa berat bgt. Setidaknya kasi jalur landai buat lansia atau disabilitas toh mengurangi beban kerja petugas jg.,Pelayanan
@CommuterLine kak di ka lokal arah rangkasbitung gerbong 4 bunyi letusan dr colokan listrik. Lampu jd mati. satpam blm ad yg lewat,Keamanan
@CommuterLine Mohon jadi bahan evaluasi min karena dampaknya st jadi numpuk tiap gerbong pun jadi makin membludak penumpang yg akhirnya jadi desek2an dan dorong2an ga karuan soalnya mereka juga ngejar waktu buat masuk kantor. Tolong dievaluasi,Pelayanan
@CommuterLine nih bener-bener keterlaluan ngasih headway di jalur Tangerang. Dari Bekasi/Manggarai/Kp.Bandan/ Angke udah dateng 2-3 kereta yang ke Tangerang belom ada satu pun. Konsepnya numpuk penumpang gitu kali ya .,Kepadatan
@CommuterLine percuma lari-larian di serpong kereta ke kampung bandannya telat setengah jam. GILAAAAAAAAAAA buang-buang waktu gua,Keterlambatan
@CommuterLine Yang pake baju satpam jaket reflektor kuning hijau. Saya keluar Manggarai dari arah Duri tau2 ada yg nyolot kesel.,Pelayanan
@CommuterLine tolong dicek stasiun klender baru tadi ada segerombolan anak2 masang petasan banyak bgt. sampe masinis harus ngerem paksa. bahaya loh itu. ptugas stasiunnya gimana ya? kok dibiarin aja anak2 main sekitar situ bisa ketabrak loh.,Keamanan
@CommuterLine kerta lokal bandung raya hari2 telat mulu ️,Keterlambatan
@CommuterLine Yaudahlah namanya juga musibah tapi minimal jangan 8 gerbong doang sih tiap pagi arah Jakarta penumpang numpuk anj,Kepadatan
@CommuterLine Pemain monopoli mah bebas yang naik nasibnya gimana ya bodo amat minta maaf cuma formalitas.,Pelayanan
@CommuterLine min itu tanah abang koordinasi staffnya di perbaiki dong. Turun kereta diarahin yang mau naik suruh ke eskalator sampe eskalator di blg khusus turun. Gmn dah,Pelayanan
@CommuterLine Crowded bgt min satpamnya satu terus udh 10 menit eskalator naik di peron 1/2 masuh ngantri karena yg kanan ga pada jalan di tempat tap jg penuh bgt,Kepadatan
@CommuterLine Kacau saya cek sendiri ini memang D1/13579 ga ada di pdf jadwal. Tapi kenapa di KRL Access ada? Tolong lah ini kalo emang sadar ga ada ya delete kek di KRL Access https://t.co/RiM0Ii1YwQ,Pelayanan
@CommuterLine Oalah pantes numpuk banget ga wajar semangat tim,Kepadatan
@CommuterLine @CommuterLine Admin di Sta Tanah Abang skrg kalo jam pulang kantor sering numpuk di peron 5/6... bisa ga si abis langsir dr jalur 3 tuw ngetem di peron 5/6 jd penumpang bisa masuk ke kereta engga berdiri menuh2in peron.,Kepadatan
@CommuterLine min kereta di stasiun Tanah Abang ke arah Manggarai/Bekasi/Cikarang telat nih. Penumpang numpuk.,Kepadatan
@CommuterLine Kenapa pas rush hour ya kasian penumpang numpuk pada berantem berebut masuk Udah mau sejam ini begini wey,Kepadatan
@CommuterLine KERETA 1641A arah TanahAbang GERBONG 9 PANAS BNGT! KASIAN ORNG PADA MANDI KERINGAT PAGI-PAGI. UDAH GITU KERETA TERLAMBAT PARAH LBH DR 20 MENIT! MAKIN PENUH DAN PANAS TUH KERETA! TOLONG LAH KUALITAS PELAYANANNYA,Pelayanan
@CommuterLine gangguan jalur serpong ke tanah abang masih berapa lagi ini min? Udah numpuk di jurangmangu,Kepadatan
@CommuterLine Udah selesai evakuasi tapi dampaknya masih dirasakan. Mentang-mentang bayar 4000 ribu. Kereta bandar lewat tanpa gangguan kereta lain ditahan. Egois sih,Pelayanan
@CommuterLine min udah 2 hari KRL nya delay. Dari st cisauk jadwal 6.20 jadi jam 6.40 kenapa ni,Keterlambatan
@CommuterLine gara gara kereta barang jadi gak kekejar dah kereta yang jam 15.30 ke Rangkas mana ketahan lagi pas mau masuk duri sama tanah abang. kebuang waktu 20 menit buat nunggu kereta berikutnya,Keterlambatan
@CommuterLine Kereta bekasi / cikarang jaraknya jauh2 bgt dah akhir2 ini klo diatas jam 8 malem? Bisa sampe 20-30 menit jaraknya gak ngotak penumpang jd numpuk,Kepadatan
@CommuterLine BENERIN REGULASI JAM KERETA LU gua nunggu setengah jam anjir di juanda harusnya ga telat ujian jadi telat. di layar tulisannya jam 12.01 sampe 12.30 ga nyampe nyampe tuh kereta gajelas.,Keterlambatan
@CommuterLine jdwal kereta knp lama bngt si min? Masa nunggu kereta setengah jam sendiri arah manggarai - kampung bandan. Emosi bngt,Pelayanan
@CommuterLine min pelis banget jadwal baru bogor - jakarta kota di stasiun bojonggede di evaluasi lagi. Sebelumnya ada per 5 menit di jam 7 sekarang harus nunggu hampir 15 menit. 7.02 sampe 7.15 hadeeh jadi numpuk bgt di stasiun bojonggede,Kepadatan
@CommuterLine iklan di gerbong lu berisik goblok pecah gendang telinga org2 segitunya nambah2in pemasukan lewat iklan ga cukup tuh gambar2 sampah di sekitar gerbong? masih harus dikasih polusi suara juga?,Pelayanan
@CommuterLine Kenapa KRL commuter Jabotabek sedikit sekali mengoperasikan 12 Gerbong ? Perjalanan kami terhambat karena sering TDK dapat kereta walau kami sudah dorong masuk ketika masuk gerbong.,Kepadatan
@CommuterLine min ini gangguan apa sih di stasiun bekasi? Gila udah numpuk banget ini di peron kereta 7.06 aja gak dateng dateng,Kepadatan
@CommuterLine min coba bayangin ada di dlm kereta yg ngetem bisa sampe 15 menit karena nunggu kereta jarak jauh lewat desek2an sampai naro kaki aja susah bayangin min hidup serasa sedih bgt,Kepadatan
@CommuterLine @ozzan @KAI121 @CurhatKRL @krlmania Solusinya bukan di petugasnya atuh min. Masalahnya kan fasilitasnya kurang memadai untuk naik-turun dengan penumpang yang bwanyak.,Pelayanan
@CommuterLine capedeh delay mulu,Keterlambatan
@CommuterLine Haduhh min..bisa ngga si sehari aja ga pake drama ga jelas gini? Harus bgt perbaikan jam sgini? Udh numpuk parah nih Sudirman...,Kepadatan
@CommuterLine udh 17mnt dari jam 20.43 sampe 21.00 blm lewat juga ini kereta arah duri de sudirman........... Gak ada info telat apapun kosong mlompong,Pelayanan
@CommuterLine min ini dri jam 20.00 sampe skrg jam 20.35 kereta ke arah bekasi/cikrang gak ada terus ini penumpnang udah numpuk banget musti berapa lama lg nunggu untuk keretanya datang?,Kepadatan
@CommuterLine jalur@serpong kenapa nih kereta pada molor ini telat 15 menit dari jadwal,Keterlambatan
@CommuterLine bikin jadwal terlalu pintar sampai2 ada satu kereta kosong melompong hanya berisikan kru dan kereta lainnya penuh sesak. Sungguh nalar anak TK yang kalian pakai!,Pelayanan
@CommuterLine Ada kebakaran ditempat pembuangan sampah belakang Ruko Delta Mas jl Bandengan Selatan. Cukup dekat ke rel kereta https://t.co/ZRSRCOe2mG,Keamanan
@CommuterLine Ada yg kejepit di pintu krl kalian diem Aja kasian org nya nangis kesakitan dari lenteng Agung sampai Tanjung barat,Keamanan
@CommuterLine @ja3hyukah Kak lama bangettt telat kerja inii,Keterlambatan
@CommuterLine emg boleh delay se 20 menit itu,Keterlambatan
@CommuterLine du-tng 6.40 itu realitanya jam 6.40 itu baru masuk du dari tng terus yg 6.24 itu nyatanya ga selalu bisa kekejar sama krl dari mri jadinya pnp di jam 6.40 itu numpuk karena limpahan yg gabisa ngejar 6.24 nya itu belom lagi kalo dikasihnya SF8 doang,Kepadatan
@CommuterLine Ini ada apa ya jam 17.09 biasanyaasih sepi di Gondangdia malah numpuk penumpang di sini? Ada keterlambatan jadwal kereta atau gimana?,Kepadatan
@CommuterLine manggarai numpuk manusia nih min kereta bogor/depok/nambonya pada kemana? Penuh bgt nih peron 11-12,Kepadatan
@CommuterLine Kenapa jdwl 6:05 6:10 ga ada lg? Numpuk bgt ini rame bgt 6:15 dr Bogor Astagfiruloh bikin telat..tolong tetap ada jdwl itu,Kepadatan
@commuterline anjing bgt jadwal kereta lu ya kemarin blue line ngaret sekarang green line. Anjing anjing dr sudimara ke tn abang SEJAM grgr nunggu kereta lu yg gak pernah ontime itu 20 menitan. Babi lu ya lu pikir gw kerja di perusahaan gw sendiri bisa masuk kapan aja!!,Keterlambatan
@CommuterLine baru hari senin tapi jadwal udah kacau. Emang ga pernah belajar!,Pelayanan
@CommuterLine krl 1438 arah bogor jam sekarang knp ngerem mendadak mulu ya di tengah2 perjalanan? Bikin kaget dan hampir jatoh asli,Keamanan
@CommuterLine min klo pelecehan seks di krl bisa kita laporin ke petugas bagaimana klo ada adegan mesra mesraan yg terlalu lebay di krl boleh gak kita laporin jg ke petugas soalnya mengganggu bgt risih dan eneq diliatnya,Keamanan
@CommuterLine @zuu_haaa Bukan selisih waktu TAPI EMANG TERLAMBAT!!!!,Keterlambatan
@CommuterLine Mana ada sesuai grafik perjalanan sini rasain min jadi tambah padet,Kepadatan
@CommuterLine Min kalo ada yg garu garuk anunya sambil natap trus dia cium tangannya sendiri gmn ya min?kebetulan sy duduk di depan dia trus karena sy takut akhirnya sy pindah gerbong,Keamanan
@CommuterLine kereta keberangkatan dari Cikarang jam 5.54 kejebak lama di Jatinegara dan Manggarai. Ampun deh,Keterlambatan
@CommuterLine ini kereta gimana sih dari awal udah telat 30 menitan terus ini harus berhenti lama juga gara gara nunggu disusul kereta lain. bikin ngancurin jadwal aktivitas aja,Keterlambatan
@CommuterLine @TfJakarta @perkeretaapian Gue liat2 nih kagak ada yg benerin itu eskalator disentuh pun kagak!,Pelayanan
@CommuterLine Stasiun transit duri misalnya min kasian saya tiap hari liat security percuma mandu penumpang di eskalator buat jalan sesuai sisi tp saking padetnya mereka jg susah buat ikut arahan petugas. Itu jg sambil ngelerai org bertengkar. 2 unit eskalator dan dua2nya begitu btw.,Pelayanan
@CommuterLine Tolol loe KAI gerombolan virus kayak gini ga bisa nertibin. Giliran orang ga pake masker di kereta ribut kayak kiamat. Satpam taek,Pelayanan
@CommuterLine bisa gak dijam jam nya lagi padet... Iklan nya di matiin dulu Udah desek2an bau ketek trus berisik denger iklannya.,Pelayanan
@CommuterLine semua kereta lamamu gerah ini ampe nyium bau bawang dalam krl. Jangan tanya saya nomer KA,Kebersihan
@CommuterLine kereta lu mana sih ini ke cikarang di manggrai numpuk gini,Kepadatan
@CommuterLine Imbas telat melulu. Manggarai juga lama ngetem.,Keterlambatan
@CommuterLine Ini antara petugasnya makan gaji buta (jarang pemeliharaan) atau masalah urgensi penganggaran untuk persinyalan. Hujan rintik doang pdhal. Tujuannya 1 tapi udah 3x disuruh naik turun ganti kereta waktu tempuh meleset 30menit. Berasa naik armada liar dioper2 gini. @jalur5_,Pelayanan
@CommuterLine gokil nunggu kereta arah manggarai sampe 1 jam kaya nunggu kereta nambo ini guee anjing benerin noh jadwal lu aneh line yg penumpang sepi bgt malah byk jadwal nya. blokkkkk,Pelayanan
@CommuterLine AC di kereta jd gak berasa yaa saking padat nya... mana dari hari minggu ada aja gangguan nya,Pelayanan
@CommuterLine @meldameldo Telat merupakan budaya KCI yang tidak mungkin di hapus malu sama negara lain kereta jalan lebih awal 1 detik pengurusnya minta maaf kl telat 1 detik jajaran direksi mundur kl KCI masa bodo mau telat juga.,Pelayanan
@CommuterLine Udah turun min lain kali briefing lagi Security di Stasiun nya kan keliatan tuh orang bawa barang sebanyak itu masa diem aja @CommuterLine ((lokasi di stasiun Manggarai)),Pelayanan
@CommuterLine yg bener ajaa dong kereta bekasi via manggarai dr jam 7.06 masa baru mau dateng sekarang? Ngaret hampir sejam numpuk di stasiun bekasi,Kepadatan
@CommuterLine @chocobery18 Gapeka . Ka nya kacau,Pelayanan
@CommuterLine @TriasVeny Dih trus kamu pikir fasilitas itu cukup buat transit ratusan orang bahkan lebih yg dipaksa transit gara gara kebijakan ente pantas security nya arogan dari atas nya begini #RekanCommuters,Pelayanan
@CommuterLine pls bgt armada bks/ckrg-angke/kp bdn atau sebaliknya dibanyakin dong huhu kesian gak pagi gak malem numpuk semua di stasiun,Kepadatan
@CommuterLine Woi kampret tai. Inj relasi manggarai - bogor delay. Kereta jalan pelan banget. Nggak kaya biasanya. Makin lama kok manajemenya acak acakan. Sampah banget,Pelayanan
@CommuterLine BISA GA YA HARI SENIN TUH JANGAN ADA DELAY KERETA???,Keterlambatan
@CommuterLine Toilet yang di area parkir saya gatau itu masuk domainnya KCI juga apa bukan itu rusak juga padahal tadi saya diarahin ke situ... Mana jorok banget lagi. Kalo misalkan toilet luar masih masuk domainnya KCI yg luar sekalian min kalo bukan ya tolong disampaikan ke yg berwenang,Kebersihan
@CommuterLine lainkalo kalo mau perbaikkan jalur dan gangguan tuh jangan rush hour lah suruh pegawai lu cek jalur rel pagipagi atau malamnya,Pelayanan
@CommuterLine tolong banget ini krl bks via bandan di jam pulang kantor knapa bisa 30mnt sekali baru dateng sih? sdgkn bks via manggarai tiap 5mnt ada tolong armadanya ditambah buat yg arah bandan penumpang lu tuh numpuk kalo 30mnt sekali ga imbang antara yg manggarai sama bandan,Pelayanan
@CommuterLine mulai numpuk di manggarai,Kepadatan
@CommuterLine ini kenapa KA 1689 berhenti 5 menit sebelum masuk parung panjang. Delay nih,Keterlambatan
@CommuterLine Saran saya sebagai commutters utk musholla st kalibata tidak heran tempat wudhunya bau pesing karena toilet berada di sebrang jalur menuju Jakarta. Alangkah baiknya sebelah musholla st kalibata di bangun toilet.. Karena utk hari libur seperti minggu https://t.co/tOvchI3tib,Kebersihan
@CommuterLine Min di tanah Abang udh numpuk inii,Kepadatan
@CommuterLine kapan gerbong dengan kipas ini pensiun? sungguh kalau pas padet bikin sesek nafas euy https://t.co/ITGzyHK8Vb,Kepadatan
@CommuterLine Lucu sih kartunya tapi percuma greenline masih pake kereta lama ️,Pelayanan
@CommuterLine Meningkat meningkat doang kaga dipikir itu manusia numpuk sesek2an belom lg jadwal pinter kereta dateng 20 menit kemudian jam sibuk ke rangkasbitung Gini doang bangga pookey,Kepadatan
@CommuterLine ini kenapa telat berangkat juga KRL arah tigaraksa?????? Yg bener aja udah telat dateng penuh gak jalan jalan? Mau se numpuk apa???,Kepadatan
@CommuterLine Min kok tumben Jakarta Kota Bogor numpuk penumpang nya dan kereta cuma ada di jalur 11. Apakah ada trouble?,Kepadatan
@CommuterLine Ini gimana delay parah suka kebiasaan untuk jalur 1&amp;2 tujuan tanah abang,Keterlambatan
@CommuterLine min tolong ya itu pasangan saya lagi ngedrop di krl yg ketahan arah cikarang tolong takut pingsan ketahan hampir satu jam gtu,Keamanan
@CommuterLine Hari ini Rabu 11 Desember 2024 1 lokomotif lewat lg min jam 4.55 di jalur KRL Rangkas arah Tanah Abang di St Cisauk..kita liat min KA 1627 1629 telat brp lama min..kmrn Senin 20 menit yang 1629,Keterlambatan
@CommuterLine Ya malingnya udah ketangkep belum? Ternyata bukan soal tumbler aja nih beberapa laporan kehilangan atau selisih barang yg ditemukan sama dikembalikan lost and found. Apakah mau dianggap sarang maling?,Keamanan
@CommuterLine Tadi di Tenjo yang seharusnya 05.51 datangnya telat. Terus yang seharusnya sampai di Tn Abang 06.57 telat jadu 07.12. Karena naik-turun penumpang padat jadi henti-jalan kereta lebih lama.,Kepadatan
@CommuterLine kok bisa-bisanya kereta mogok saat rush hour? Ini penumpang yg naik 06.40 harus chaos pindah kereta. Akhirnya 06.40 perjalanan dibatalkan lucu nih lama-lama KRL,Pelayanan
@CommuterLine Min knp kereta pertama dr rangkas-tn abang terlambat minnn,Keterlambatan
@CommuterLine kenapa sekarang krl lama banget dan telat banget?,Keterlambatan
@CommuterLine Saya naik kereta SF 1195 sesuai jadwal sampai 07.08 ditebet. Baru dibuka gerbang 07.30. Petugas a.n Pratama. Setelah banyak orang mengeluh baru dibukakan pintu gerbang. Yg banyak penumpang bingung waktu antar kedatangan kereta itu lama pak. Kenapa dibiarkan sampai 20 menit lebih,Pelayanan
@CommuterLine Min buat apa tempat sampah model pilah (recycle paper toxic residue) di stasiun kalau ujungnya dikumpulin sama petugas dengan hanya satu keranjang sampah dan dicampur?,Kebersihan
@CommuterLine Kak kayanya ngga normal deh ini jadwal kereta ke jakarta kota telat bangeet. Peron Manggarai arah Jakarta kota numpuk penumpang. Gimana nih,Kepadatan
@CommuterLine Min... Kereta dari Manggarai mau masuk tanah Abang selalu antrian masuk. Kan jalur ud ditambah kok makin chaos... Coba saya mau lihat komen saya ini di jawab gak...ikan lele ubur ubur tiap pagi telat karna KRL Leeee,Keterlambatan
@CommuterLine stasiun tambun kapan jadinya??? Bahaya bgt ini udah makan korban... dan rawan bgt klo bawa anak2 harus bgt wajib digandeng. Ditambah lagi aksesnya susah karena jalan yg sempit oleh PKL ojek dan parkir liar. Tolonglah... yg naik dari tambun banyak bgt https://t.co/W6mr9UAGqo,Keamanan
@CommuterLine demi apaa ini greenline kenapa siiii??? Kereta 8.16 di jam 8.26 masih tertahan di serpong nunggu yg depannya masuk rawa buntu?? Kalo mau dibanyakin keretanya ya jadwalnya sama disiplinnya dinaikin juga donk ah,Pelayanan
@CommuterLine ini ga ada rencana dibenerin min? Bahaya bgt diserobot oknum. https://t.co/AkCshfmZ84,Keamanan
@CommuterLine ni satpam aneh bin ajaib ya orang suruh putar padahal kereta mau jalan sebentar lagi tolong dong dikondisikan satpamnya supaya lebih humanis... mau ngejar waktu malah jadi susah https://t.co/6dkfEvt8Gy,Pelayanan
@CommuterLine kereta ke Cikarang jam segini kenapa telat mulu sih. Telatnya mending 5 menit ini bisa 15-20 menit. Tadi cek jadwal 14:22 malah berubah ke 14:37. Orang yang kerja jadi telat mulu. Penumpang numpuk padahal ada kereta di belakang nganggur ke Angke ga ada yang naik,Kepadatan
@CommuterLine manggarai ke bogor dan sebaliknya tlg kasih kereta yg baru deh kereta lama acnya ga guna berasa di saunaaa,Pelayanan
@CommuterLine saya naik kereta arah bogor setiap berenti selalu bau kebakar wajar ga kak? keberangkatan jam 15.30,Keamanan
@CommuterLine ini petugasnya ga mau coba ngatur antriannya supaya bener gitu? Udah berkali2 ini antrian melebar yg harusnya cm 4 baris jadi 6-7 Petugas nya malah cm diem2 bae bengong Lokasi peron 5-6 tanah abang https://t.co/uZaVyGYhM3,Pelayanan
@CommuterLine kenapa sih telat mulu kereta dr bekasi ke kp bandan /duri Mana suka ditahan di st jatinegara dan mangarai Blm lg transit di st tanah abg keretanya berangkat lwt dr jam yg dijadwalkan,Keterlambatan
@CommuterLine Ini ketahan di bekasi timur lama banget juga,Keterlambatan
@CommuterLine @alpirutt normal darimana manggarai arah jakarta kota udah numpuk kereta lu dimana,Kepadatan
@CommuterLine @adryanovan Yang ditanya KENAPA. Yang dijawab kondisinya bukan alasannya. Yang bodo siapa?,Pelayanan
@CommuterLine Delay parah alasan kurang logis aja,Keterlambatan
@CommuterLine knp deh krl dr rangkas berisik bgt banyak org ngobrol kenceng tp ga ditegor petugasnya. gatau nmr KA nya. tp td 6.34 dr sudimara,Keamanan
@CommuterLine Min lama bgt ini di manggarai uda numpuk yg mau ke jakot,Keterlambatan
@CommuterLine mengalami gangguan di Stasiun Kebayoran. Penumpang padat #krl #commuterline #kebayoran https://t.co/G8lY7wqpCj,Keterlambatan
@CommuterLine Min jadwal KRL cikarang kampung Bandan apa ada perubahan ya? Tadi pagi di stasiun tambun lebih cepat 7 menit dari jadwal seharusnya Saya jadi harus nunggu kereta selanjutnya selama 25 menit,Pelayanan
@CommuterLine ayolaaa masaa pagi2 gini tertahan sinyalll citayam numpuk puolll ini min,Kepadatan
@CommuterLine gimana si kerjaannya gangguan mulu bikin rame numpuk penumpang aja di stasiun,Kepadatan
@CommuterLine Sore ini naik krl dari st Purwosari jam 16.30.Posisi trburu2 krn mepet smpe stasiun (krn nunggu BST Lama).Pas saya masuk kartu trouble.mbak penjaga gate ketus bgt pas ngeliat kartuku trouble Dia bilang Ahhhhh jangan terburu2 bu keretanya belum datang tp dg ketus,Pelayanan
@CommuterLine Numpuk lagi kereta cikarang dikirangi ya,Kepadatan
@CommuterLine Hei sebelum tutup akses tangga drop off Rawa Buntu better dipikirin dulu solusinya orang dipaksa drop off dibawah yg normalnya aja udah chaos dan macet apalagi kaya gini plus dibawah 2 menit bayar pula parkir 3ribu....,Kepadatan
@CommuterLine Ya mana hafal lah kreta nmr brp cm lu cek aja sendiri skitar 08.05 td kreta dr rangkas! kreta padet cm dksh kipas AC ga nyala kreta telat jam mundur2 trs makin lama makin parah kl ga bs atur jadwal dipikirin keq gmn caranya nambah jalur uda tau manusia ke arah situ makin byk!!!!,Kepadatan
@CommuterLine Udh gitu pas dateng cuma 8 kereta. Haduhh kebayang penuhnya ga si dan msh hrs nunggu sampe 22:15 ‍️,Kepadatan
@CommuterLine @ja3hyukah Kl selesainya besok ya besok kreta kita yg tertahan berangkatnya. Sedangkat kreta yg sesudah berangkat dari duri bisa ngebalap kreta kita yg tertahan yg sudah mau sejam.,Keterlambatan
@CommuterLine @KAI121 @kemenhub151 KA 4078 TERUS BERTAMBAH WAKTU DELAYNYA MENJADI 15 MENIT TIBA BKST DAN AKAN TERUS BERTAMBAH BISA2 MENJADI 20 - 30 MENIT DELAY TIBA BSKT. https://t.co/HSCvnlBY2U,Keterlambatan
@CommuterLine kenapa dr stastiun cisauk bisa2nya jadwal jam 6.56 abis itu adalagi jam 7.15..itukan jam sibuk penumpang jd numpuk donk! Pdhl jdwl yg sblmnya udh bener jeda 10 menit yg bikin jdwl lg mabok apa gmn?,Kepadatan
@CommuterLine @belindatirza Berimbas telat semua jadwal kereta penumpang numpuk ini jam 6.57 masih pada telat keretanya,Keterlambatan
@CommuterLine ini gmn kok jadwal di aplikasi kacau g sesuai dg actual? Dr jam 11:00 sampe skrg g ada kereta jur KO BANDAN yg lewat! https://t.co/9VrnMWLibp,Keterlambatan
@CommuterLine eh coba deh bebenah gila kali ya delay di kampung bandan selalu ga masuk akal. Ditanyain ke petugasnya malah bilang emang jadwalnya begini. Emang intervalnya 30 menit sekali? Gila banget kalo naik dari priok yg jadwalnya emg 30 menit sekali. Harus nunggu selama ini?,Pelayanan
@CommuterLine Kereta telat di dalem kereta padet banget Senin pagi ini woy buset dah https://t.co/scIlmWfxEd,Kepadatan
@CommuterLine 7.25 krl ber tangerang menuju duri jam 07.50 masih di pesing jam 07.53 masih di grogol jam 07.55 tertahan sinyal masuk duri jam 07.58 tiba di duri yg seharus nya jam 07.53 tiba di duri. Selamat ya kci jalur tangerang aja telat,Keterlambatan
@CommuterLine mimin ini kenapa blm jalan² kreta yg ke Manggarai? Mohon infonya Soalnya sdg menunggu kreta selanjutnya yg ke arah Ckr malah jd delay.. https://t.co/mSjHsF0tVJ,Keterlambatan
@CommuterLine giliran ka jauh dikasih lawan arah krl tuh kasih lawan arah udah numpuk di bkst ini,Kepadatan
@CommuterLine halo kak selamat siang. saya mau mengajukan komplain. saya tidak nyaman karena diusir gaboleh naik ojek online dari depan gerbang masuk stasiun serpong sama pegawai tiketing situ. saya merasa terganggu dengan sikap seolah olah dia pemilik area situ. terima kasih,Pelayanan
@CommuterLine @kabarpenumpang Apaan min di St. Pasar Minggu petugasnya ngebolehin emak2 ga hamil lwt pintu atas terus kok aneh bgt ga tegas,Pelayanan
@CommuterLine kenapa lama sekali kereta arah bogor tidak jalan dari kota (padahal sudah numpuk 3) sampai jarak tunggu antar kereta di st gondangdia lebih dari 20 menit,Kepadatan
@CommuterLine Ya setuju tapi SOP sekuriti juga dipertegas. Saya sering lihat tempat duduk prioritas di ujung gerbong diduduki orang non prioritas tapi kenapa sekuriti lebih memilih mencarikan duduk di bangku reguler?,Pelayanan
@CommuterLine Sy pnydg disabilitas yg rutin bersama cl kci. Mohon staff PS ditambah utk stasion2 besar/ramai. Ramah &amp; safety bagi semua hrs konkrit bukan motto sj,Pelayanan
@CommuterLine @mancemanda Kok pas jam berangkat kerja sih min? Penumpang sampe numpuk. Ibu2 pada ngeluh kejepit.,Kepadatan
@CommuterLine pergi sm pulang sama aja.. Sama2 chaos!!! https://t.co/hPhwT82wJN,Kepadatan
@CommuterLine yang bener aja lah masa kereta bandara jelas-jelas bisa lewat di jalur sebelah sementara commuter diem aja announce gangguan mulu,Pelayanan
@CommuterLine yg bener aja nih delay nya dari bogor,Keterlambatan
@CommuterLine Kasih estimasi dong kira-kira perbaikannya selesai berapa lama lagi? Sudah mendekati jam pulang kerja ini. Jangan sampai orang sudah numpuk di stasiun tapi kereta masih harus bergantian 1 jalur. Supaya yang mau pulang kerja bisa cari alternatif lain jika memang masih kendala.,Pelayanan
@CommuterLine @yourepetrichor Sdh 2 hari ini kereta arah bekasi/cikarang jadwalnya berantakan...penumpang penuh padat dan datang lama...kenapa ya @CommuterLine,Kepadatan
@CommuterLine min bsk tolong keluarin aja orang yang masi makan yg aromanya nyengat pls. Bikin bau dalem KRL,Kebersihan
@CommuterLine overheard td ada petugas yg bilang krn abis ada kejadian nyolong kabel bener ga min? hukum aja kalo bener mah. udh nyusahin banyak bgt org. parah kacau,Keamanan
@CommuterLine Seriusan ini perihal stasiun serpong bau Sampah gak ada solusi/tindakan apapun ? Bau banget tiap di stasiun serpong jauh dri kata sehat,Kebersihan
@CommuterLine Min Line Cikarang masoh gangguan ga? ini penuh bgt arah Cikarang numpuk di Manggrai,Kepadatan
@CommuterLine ini kenapa ya. Jadwal kereta jadi ngaret banget. Padahal udah biasa tau jadwal keretanya malah jadi lama. Mana udah lama bikin penumpang makin numpuk. Jdi kereta penuh. Ada rencana naikin tarif kalo msih kyak begini sama aja. Ga ada gunany,Pelayanan
@CommuterLine @KAI121 Dari St Juanda ke St Depok 2 jam lebih berdiri seluruh petugas KAI tidak informatif memberitahukan gangguan yang terjadi mulai dari Masinis Security dll ternyata ada gangguan LAA (Listrik Aliran Atas) di Lenteng Agung kompensansi harusnya gratis tap out https://t.co/1AvalDXYri,Pelayanan
@CommuterLine Min mau ngadu: Urinoir di st. Cikoya bau banget tiap hari! Gak ada kamper/pewangi urinoirnya. Sayang banget padahal toilet bagus. Inget kata pak Jonan toilet adalah cerminan segala hal. Ganti ajalah kepala stasiunya kalo urus toilet aja gak becus.,Kebersihan
@CommuterLine Min kalau ada case kaya gini tolong dikasih estimasinya juga biar kita kita ini penumpang juga bisa pake transportasi lain. Udah mah pepes berdiri pegel bgt‍,Pelayanan
@CommuterLine 11.00 Jam segini loh kereta sampai full banget dari arah cikarang padahal bukan jam sibuk Nunggu lama banget di stasiun tambun!! Ada kali 6/7 kereta arah ke cikarang dan hanya 1 ke manggarai gmn gk full padat!! ‍️‍️‍️ https://t.co/pB9ClxYRxz,Kepadatan
@CommuterLine min krl dari rangkas yg jam 7.25 sampe parung bau gas.. Tolong di cek.. Apa freon ac? Di gerbong cewek paling belakang,Keamanan
@CommuterLine kapan sih greenline ontime keberangkatan prp-thb aja ngaret biasa 6.38 jadi 6.45 sampai di thb juga ngaret stengah jam biasa 7.30 dah sampe thb ini jdi jam 7.56. TOLOL,Keterlambatan
@CommuterLine kata saya hari ini KRL kacau bgt si pak. Delay nya ga nanggung nanggung pondok cina Manggarai 60 menit lebih. Mana ga ada pemberitahuan.,Keterlambatan
@CommuterLine kalo emg kalian tuh keretanya telat berangkat bilang jgn cm menunggu waktu gatau krn apa gitu lho ini bisa2nya kereta di stasiun bogor jam sgini cm ada 1 kereta pdhl jelas daerah wisata rame bgt,Keterlambatan
@CommuterLine kayaknya jadwal kedatangan kereta duri tangerang di stasiun grogol jangan dibarengi min terutama pas jam pergi kerja gini numpuk pada mau keluar,Kepadatan
@CommuterLine gila stasiun Sudirman jalur 1 dan 2 padat merayap di jam sibuk. Ini ada apa sih min?,Kepadatan
@CommuterLine BALES MENTION GUA KERETA LU TELAT 26 MENIT WOYYYYY DI ST SENEN SIALAN LU GA AMANAH https://t.co/7x7cfur0Df,Keterlambatan
@CommuterLine udah aman min tp grgr keretanya ngaret bgt INI AKU KEJEPIT BGT BENTAR LG JADI CC GEPREK MIN https://t.co/jZQWIaNzoI,Kepadatan
@CommuterLine @KAI121 petugas bukanya memberitahukan kenapa terjadi keterlambatan malah ngobrol kereta dhoho sudah terlambat 20 menit. Mbok ya penumpang itu dikasih tau. Sudah gk da kompensasi pelayanan kek asal an aja https://t.co/22jpSMxHQW,Pelayanan
@CommuterLine eh gila ya kereta duri cikarang lama banget berhentinya td nya buru buru malah jd telat! Gila lu ah,Keterlambatan
@CommuterLine hari ini 19okt krl cisauk - tnh abg 8.05 tdk ada dan numpuk di 8.15. Didalam krl parah bgt ga bisa gerak samsek. Baju basah keringat,Kepadatan
@CommuterLine @KAI121 Baik kak terima kasih infonya. Mohon untuk diperbaiki ya terkait jadwalnya pemberangkatan kereta kalo misal ada kendala atau telat supaya ga numpuk kaya tadi pagi terima kasih,Pelayanan
@CommuterLine Securitynya dikasitau bengon doang tidak ada action untuk koordinasi dengan masinisnya. Kalau tidak berfungsi yntuk apa ada tenaga security ???,Pelayanan
@CommuterLine St tanah abang udh numpuk.. ga dtg2 keretanya... ada masalah apa ini,Keterlambatan
@CommuterLine @AsdoAr @perkeretaapian @KAI121 ANJING 5515 DIPASTIKAN TELAT 20-30 MENIT TIBA SUD 07.37 5515 MASIH DITAHAN DI MRI. MMG LIN CKR SENGAJA DIBUAT TELAT SETIAP HARI KRN JUMLAH PERJALANAN SEDIKIT DAN HEADWAY JAUH2 CL BERANGKAT TUNGGU PENUMPANG NUMPUK DULU.,Pelayanan
@CommuterLine @KAI121 @kemenhub151 finally 5527 berangkat bekasi 08.19 delay 5 menit dari jadwal yg sudah di tentukan di gapeka. makin bodo saja KCI ini. Pikirkan lagi kenaikan tarif berbasis NIK. PELAYANAN KCI SANGAT TIDAK BAIK.,Pelayanan
@CommuterLine gap kereta di stasiun Cisauk jauh amat sampe 20 menit. Sekali kereta dateng langsung numpuk sampe overload. Manajemen waktunya tolong diperbaiki lah.,Pelayanan
@CommuterLine yg cuti bersama cuma pegawai pemerintah kocak! Jadwal malah dikurangin,Keterlambatan
@CommuterLine Min kenapa tempat cuci tangan di gate in stasiun bogor diilangin? Jadi numpuk di toilet orang cm mau cuci tangan doang,Kebersihan
@CommuterLine Tolonggg kereta masuk jakarta kota akhir² ini ketahan lama bgt di jam pagi,Keterlambatan
@CommuterLine perubahan jadwal tgl 1 nov 2023 kenapa hari ini harusnya berangkat jam 04:35 jalur 7 dari stasiun bogor jadi berangkat jam 04:43? Apa petugasnya belum bangun??? Jadwal ngaco begini sudah pasti akan ketinggalan krl cikarang,Pelayanan
@CommuterLine hai kak aku mau sampaikan keluhan ttg rangkaian kereta dari bogor dan depok. semenjak perubahan jadwal baru jadi gak nyaman kalau jam sibuk. memang datangnya cepet tapi selalu overload tolong ditambah armada yang berangkat dari depok karena itu sangat membantu.,Kepadatan
@CommuterLine Telat kak aku udah nyampe kantor walaupun telat yihaaa,Keterlambatan
@CommuterLine evaluasi tuh kinerja satpam2nya di stasiun2 khususnya di Stasiun Duri. Ngga usah kebanyakan nanya ciri2 atau nama satpamnya lihat saja CCTV di stasiun kalian!!,Pelayanan
@CommuterLine @KAI121 sekarang kalau naik commuterline selain banyak diantara penumpang tak peduli dgn kaum disabilitas maupun lansia petugas satpam KRL pun tak peduli mencarikan teman duduk buat kamu lansia walaupun saat satpam lalu lalang dalam KRL. https://t.co/2n4x7c20kW,Pelayanan
@CommuterLine kranji jg numpuk huhu bisa bisa telat: (,Kepadatan
@CommuterLine DIBENERIN DEH JADWAL KERETA BANDARA LO PERJALANAN 12 MENIT DELAY 10 MENIT.,Keterlambatan
@CommuterLine Cikarang KA Commuter Walahar Keberangkatan pukul 18.35. Dari kemarin ngantri di luar petugas dtg telat kereta jg dtgnya mepet jam pergi org2 pada ngemper di Peron. Tolong perbaikin dah banyak yg muak sama Gapeka yang Gak peka,Pelayanan
@CommuterLine klo dari Rangkas bitung ngga dipercepat? parah numpuk mulu klo pagi udah kaya ikan pepes kaya kamp Nazi,Kepadatan
@CommuterLine @RMU_ID Tfyi @CommuterLine ...ayo donk @RMU_ID masa dr 2019 parkiran pelanggan non tunai bgitu trs... becek kubangan n bnyk tai kucingx,Kebersihan
@CommuterLine Malah jadi makin numpuk hari Senin harus nunggu 20 menit,Keterlambatan
@CommuterLine minn ini saya naik kereta mau berhenti di cawang kok mati2 mulu sih keretanya? Serem minn,Keamanan
@CommuterLine siap-siap greenline molor abis ada kereta balas warawiri di prp ‍,Keterlambatan
@CommuterLine bisa gaa. Kalo pagi krl yg lewat pasar senen per 10 mnit JANGAN per 20 atau 30 lohh.. giliran udah siangan. Jarak waktunya dekat banget. KRL pasar senen klo pagi bukannya membantu malah nyusahin orang2. Udah lama suka ngaret pun datang keretanya.,Keterlambatan
@CommuterLine Hari ini telat lagi yaaa terakhir kereta menuju tn abang dari pd ranji jam 7:18 sampe sekarang ga ada kereta lagi cakeppp,Keterlambatan
@CommuterLine Tapi emg tolol sih. Maksudnya lu bisa schedulling lebih pagi. Noh liat numpuk,Kepadatan
@CommuterLine min ini bener ya waktu tunggu kereta 30 menit? gila sih makin lama aja nunggu kereta,Keterlambatan
@CommuterLine nunggu kereta bekasi sampe 21 menit emang selama itu ya jaraknya?,Keterlambatan
@CommuterLine Petugas baru lewat kedua kalinya dan tetap tidak mengambil tindakan.,Pelayanan
@CommuterLine @kegblgnunfaedh Securitynya agak ga tegas... Tapi jangan terus dipecat kasihan anak istrinya dia mencari nafkah buat keluarga cukup beri pengertian aja kalo besok ada penumpang yg rese lagi cukup tendang keluar pas kereta jalan tendang bokongnya...,Pelayanan
@CommuterLine tolong di briefing lagi satpamnya min kalau ngumumin jangan misinformasi bilangnya 12 gerbong taunya 10 gerbong kan jadi gak kebagian saya ngantrinya di gerbong 12. Sering banget kayak gini jadi trust issue sama satpamnya.,Pelayanan
@CommuterLine hari hari kereta rangkaa line gangguan hmm. Senin pagi padet ditahan di ranji,Kepadatan
@CommuterLine Jadwal 7.04 sampai Manggarai tidak pernah tercapai! Actual 7.24 baru sampai Selalu telat 20 Menit! Apa gak ada evaluasi dari @CommuterLine? @jalur_cikarang @jalurbekasi https://t.co/vJiKHzcrk3,Keterlambatan
@CommuterLine entah siapa yg bodo 5529A masuk MRI di tahan knp juga jalur 7 kg berangkat dari tadi. Maksudnya apa mau pindah ke jalur 7 sudah padat. Yg bodo pelanggan apa yg ngatur sich.jadi kl ud telat tanggung resiko pelanggan yg penting KCI HAPPY.,Pelayanan
@CommuterLine halo ini tolong dikasih handgrip dong. Banyak yg jatoh pas keretanya ngerem. Di gerbong cewek. No kereta: K1 181 49 tujuan Jakarta kota-Bogor 8 gerbong. Thank you no,Keamanan
@CommuterLine @CommuterLine nambah tp malah banyak yg hilang Contoh dari Bogor 1085 05:40 ada Lg 1091 05:55. Nunggu 15 MENIT saat RUSH HOUR itu numpuk dah kaya gmna di stasiun? sebelumnya ada 4089 05:50. Baru setelah 1099 06:16 headway jarak dekat yang ada orang dah kesiangan ANEH,Pelayanan
@CommuterLine @deadmennnn TAI DENGAN APRESIASI. JADWAL LU KACAU. PENUMPANG NUMPUK. KERETA CUMA MUAT BUAT 2 STASIUN AWAL. HABIS ITU PENUMPANG GAK BISA MASUK.,Kepadatan
@CommuterLine @KAI121 katanya ada jadwal dari pasar senen jam 04.37 tapi mana ini pada nunggu kereta katanya adanya jam set6 anjir oranga juga ada keperluan kalo bikin jadwal yang bener jangan scam begini lah https://t.co/3yNSWxIZ1K,Keterlambatan
@CommuterLine udah jam segini orang masih disuruh jadi pepes. LO CEK SENDIRI AJA DI BNI CITY BARUSAN LEWAT YG MANA.,Kepadatan
@CommuterLine TOILET DURI GA ADA AIR BUAT FLUSHH!!! Yg cewek2 kasian banget lohh.. mending kalo mau buang air kecil masih bs dibantu siram pake washernya. Lah kalo ada yg poop?ewwhh najis banget. Bau pesing dimana2. Yg cowo jg gajauh beda pada kesusahan bapak2 ibu2.. tolong laa,Kebersihan
@CommuterLine sebenernya apa sih yg menyebabkan eskalator rusak terus? Tiap hari berdesakan di dlm kereta ditambah naik turun tangga. Capek tau... Lokasi : Stasiun Cakung https://t.co/9U4guFkFxv,Pelayanan
@CommuterLine pegawai stasiun lo ganti bot aja lah bikin telat mulu kayanya terkesan sering tahan kereta.,Pelayanan
@CommuterLine kereta rawa buntu jam 7.46 transit tanah abang masinisnya harus belajar lagi deh gila itu bawa kereta ngerem seenaknya padet bgt jadi jatoh semua org disangka kambing kali penumpangnya,Keamanan
@CommuterLine Hai min. KA 4009 ya. Kalau delay gap waktu ke KA berikutnya yg ke Manggarai jauh soalnya. Juga suka dealy. Mungkin kereta yg berikutnya delay karna KAJJ kali ya. Jd gpp. Tapi nggatau yg 4009,Keterlambatan
@CommuterLine Tanggung jawab voucher pijet badan dan kaki gua jd kegeprek gara gara kereta cikarang numpuk orang min,Kepadatan
@CommuterLine admin kenapa ya kereta arah cikarang-kampungbandan hari ini telat sekali. yang mau ke arah tangerang jadi numpuk di duri karena telat kereta arah tangerang. mohon diperbaiki lagi jadwalnya.,Kepadatan
@CommuterLine kenapa kereta tujuan kampung bandan via manggarai selalu delay ya min? bisa loh dari 7:30 tbtb extend ke 7:46 terus extend lagi ke 7:50 .,Keterlambatan
@CommuterLine KA 1336 tujuan bogor numpuk dr gondang,Kepadatan
@CommuterLine Cikarang-angke via manggarai telat datang di tambun. Biasanya 5.01 udah dateng. Masih ketahan di cikarang.. Numpuk di tambun.. @jalur_cikarang @jalur5_,Kepadatan
@CommuterLine asli sih 30 menit nunggu kereta di duri! penumpang jadi numpuk begini. faedahnya apa sih?,Kepadatan
@CommuterLine halo admin rangkas bitung line ada delay apa ya?,Keterlambatan
@CommuterLine numpuk di tanah abang min ke jalur 5-6 ada apa ya? https://t.co/zW3UO6Bq3p,Kepadatan
@CommuterLine Min maaf sebelumnya kalau 06.38 dari Bogor itu otomatis nyampe di Depok jam 06.50an atau mungkin jam 07.00 Sedangkan di bawah jam tersebut tadi gaada krl yang 12 rangkai sama sekali Tolong lebih diperhatiin aja penumpangnya beneran tadi itu kalau collapse bahaya loh,Keamanan
@CommuterLine ini kenapa tertahan di stasiun serpong ya kereta ke arah rangkas bitung,Keterlambatan
@CommuterLine Tidak memperhatikan no KA min. Untuk jadwal yg terlambat itu hari ini Sabtu 7 Desember 2024 jam keberangkatan dari Stasiun Brambanan pukul 5.51 WIB menuju Stasiun Palur,Keterlambatan
@CommuterLine min mau lapor. Salah satu Gate keluar di stasiun grogol sering banget macet. Padahal pagi penumpang numpuk.. tolong lah dibeberin secara menyeluruh min kesian penumpang.. tolong kawal progress perbaikan nya min. Saya akan tanya lagi bbrp hari kedepan. Mksh,Pelayanan
@CommuterLine Kok msh telat parah ini blok... Loe org kerja apa tidur sih @annepurba @KAI121 dpr kapan panggil petinggi commuterline pelayanan sampah skrg sering telat dan gangguan @DPR_RI,Pelayanan
@CommuterLine 2 hari ini knp sih berangkat aja telat 8 menit harusnya 07.34 bau berangkat 07.42. Zolim zolim @perkeretaapian https://t.co/DeVcF7LkLy,Keterlambatan
@CommuterLine tolong benahi lagi sdm nya. kejadian tadi sekitar jam 18.31 di stasiun univ. pancasila. sy duduk karna kaki saya sdg penyembuhan malah diusir sama satpam dari peron 2. mba mba cari tempat nunggu diteriakin udh kayak maling. pdhl sy nunggu blm ada 1 jam loh.,Pelayanan
@CommuterLine ini kereta 1183 hari biasa juga telat mulu apalagi kaya gini ada gangguan kagak ada perbaikannya gitu gitu aja heran,Keterlambatan
@CommuterLine Iya tp yg terdampak cuma 1984A flow nya gak diatur tuh setelah itu. Harusnya kalo emg arrival nya mepet antara 1984A sm 1986A peron nya jgn dempet dong. Td 1984A udh di peron 2 bongkaran blm selesai 1986A malah masuk peron 1 kan jd numpuk buat tap out. Kan bisa 1986A di peron 4,Kepadatan
@CommuterLine Ijin komplen ya kak @KAI121 @CommuterLine sblumny trims atas fast respon . pd tgl 29 januari 2025 topi sy ktinggalan di KRL dgn tujuan akhir stasiun cikarang betapa kagetny H+3 barang sy diambil sudah basah bau bgt asem gmn itu ya tempat pnyimpanany kliatanya jorok berantakan ‍,Kebersihan
@CommuterLine parah nih gapeka 1 feb. Bukan bagus... malah jelek. Udah keretanya sampe nya telat. Berhenti lama bngt di beberapa stasiun. Jadi kan penumpamg numpuk. Penuh bnget. Ini nail relasi kereta cikarang. Jadwal harusnya 18.13 udah di cikarang. Ini baru jalan dr bekasi.,Keterlambatan
@CommuterLine Wow maksih min ga bgt jadwal stasiun bogor masa dri jam 5.15 loncat ke 5.30 5.20 nya dihilangin kocak numpuk siaaa di st bogor org mah harusnya ditambahin jam subuh ini malah dikurangin aya2 wae,Kepadatan
@CommuterLine min tolong dibantu kebersihan St Palmerah di area jpo arah senayan dong karna ada kotoran kucing dan baunya mengganggu sekali,Kebersihan
@CommuterLine Kemarin (23/2) kereta dr arah Cikarang-Angke seharusnya tiba di Bekasi Timur 17.13 di papan pengumuman sudah ada tapi baru tiba 17.28. Tolong jangan dibiasain apa-apa telat dan ngaret. #IndonesiaGelap,Keterlambatan
@CommuterLine Hi min bau sampah menyengat di serpong tolong di kondisikan,Kebersihan
@CommuterLine min hari ini kenapa ya commuterline jurusan tanah abang delay harus nya jam 8 masuk san jam 8 11sk lg ini jadi 1 jadi penumpukan di stasiun banyak sekali,Kepadatan
@CommuterLine Bisa gk sich petugas di peron menghimbau agar wanita isi lebih dulu gerbong wanita? Di Kebayoran kondisi full gk muat pdhl gerbong depan wanita rata bangku gk da berdiri masih aja gk wanita masuk ke gerbong umum dempet2an ntar pelecehan ge,Keamanan
@CommuterLine Makanya gausah lah dari semua stasiun di transitin di manggarai. Jadi numpuk tau ga!,Kepadatan
@CommuterLine eskalatornya aja ga jalan malihh dioperasikan turun gimana udaah gw udah pake tangga manual cuma itu numpuk bgt gilaa sih,Kepadatan
@CommuterLine @kabarpenumpang Evaluasi lah ini gimana ceritanya bawa anak bayi harus turun tangga bawah tanah. Mau bayi yg masih digendong atau yang masih umur 5-6 tahun itu rawan jatuh ditangga.,Keamanan
@CommuterLine ga jelas lu jadwal cikarang malah di dikitin. rangkaian kereta di kurangin. ini kereta ngaret muluuuu!!! bukannya makin bener makin amburadul lu kocak,Pelayanan
@CommuterLine ini di manggarai gak ada peronnya tapi kok kebuka deh pintu sebelahnya? Perasaan dulu ngga gini aga ngeri loh https://t.co/vgWzK634PG,Keamanan
@CommuterLine Elah min pagi pagi udah gangguan aja min ini green line paling lama kedatangnya trs gangguan mlu diperhatiin dong penumpangnya jg udh numpuk,Kepadatan
@CommuterLine Min gerbong 11 no kereta 1382A jurusan MRI-BGR Ac nya Panas. tolong infoin petugasnya ya.,Pelayanan
@CommuterLine waww ada kemungkinan padet banget nih jalur arah manggarai,Kepadatan
@CommuterLine Min jalur 2 di depok arah jakarta keluarin segera min biar ga numpuk ini penumpang di stasiun,Kepadatan
@CommuterLine hari ini kacau amat ya jadwal lo,Pelayanan
@CommuterLine @KAI121 @kemenhub151 KA 4078 HARUSNYA TIBA BSKT 18.53. DI C ACCESS 4078 BARU TIBA BSKT 19.00 APA IYA 4078 TIBA BSKT 19.00 ??? WOI ADMIN TAI JAWAB. 4078 BISA TIBA BSKT 19.00??? 4078 SETIAP DELAY TOLOL. https://t.co/XahFhhwmv0,Keterlambatan
@CommuterLine mimin krl tangerang delay banget nih ?,Keterlambatan
@CommuterLine pokoknya yg seharusnya jalur 7 berangkat jam 8.31 dan telat gara2 nungguin jalur 5,Keterlambatan
@CommuterLine Pantesan jam segini numpuk bgt di stasiun :(,Kepadatan
@CommuterLine kenapa ya di toilet st pocin yg di lantai atas tidak pernah disediakan tisu dan tempat sampah di dlm bilik toilet? Minimal klo ga ada tisu tp tempat sampah tetap ada gt loh. Lalu selang bidetnya jg pendek bgt jd ga bisa ditarik dan susah waktu mau siram.,Kebersihan
@CommuterLine Ya tolong lah di optimalkan. Fyi juga belakangan jadi agak sering liat kecoa di kereta u,Kebersihan
@CommuterLine tolong jangan pakai kereta inka di jam padet Line Bogor Jakarta Kota. Telat banget karna sibuk benerin pintu yang ga ketutup.,Pelayanan
@CommuterLine ac mu butuh di cek dn service. sumpah bau mesin² di sink acnya ya sepertinya. ini bau bgtt pusing tolong di service ya. kereta gerbong 8 dn skrg keretanya menuju ke sawah besar https://t.co/0P8acSbgtZ,Keamanan
@CommuterLine @cpamungkas @jalur_cikarang @jalur5_ @jalurbekasi Sdh 2hari ini jadwal kecikarang kacau... Penumpang padat dan kereta lama... Kenapa ya @CommuterLine,Pelayanan
@CommuterLine min ini kereta ada gangguan atau gimana sih? Masa mau ke bekasi nunggu 20 menit lebih dari manggarai?? Tolong dong penumpangnya numpuk banget ini,Kepadatan
@CommuterLine Commuter Line 427 Jadwal tiba di Stasiun Kediri jam 14.54 delay sampe jam 16.50 belum sampe² Stasiun pemberangkatan Malang/Blitar ke Surabaya via Kertosono Kayaknya yg ini Min,Keterlambatan
@CommuterLine tolong bgt perbanyak kereta. Udah makin sesek. Ajak developer dan pemda urunan pertambah armada kereta. Gak tega liat ibu hamil lansia dan penyandang disabilitas desek2an. Jadiin buru MRT dari Lebak Bulus ke BSD,Keamanan
@CommuterLine 1982A tujuan Tangerang.. Nama petugasnya Oma.. Kalau bertugas ya jangan asal ogah-ogahan gitu fokus kerja..,Pelayanan
@CommuterLine hallo.. maaf sebelumnya stasiun tabah abang baru bagian tangga dekat toilet udah beberapa hari bau banget pipis kucing musholanya juga bau banget ga nyaman. tolong ditl ya,Kebersihan
@CommuterLine Bohong bgt orang 3x ketinggalan barang langsung dm kalian bilangnya ga ditemukan. Kalo males nyari gausah banyak alasan. Siapa coba orang yg mau maling jas hujan sm kotak bekal,Pelayanan
@CommuterLine jam segini kereta arah Bogor kenapa cuma 8 gerbong? Numpuk semua Penumpang di Tebet ini gimana sih,Kepadatan
@CommuterLine ini stasiun mangga besar gamau di benerin? Tiap hujan banjir dan licin kalo buru2 pas turun kereta ke arah jalan rawan banget terpleset https://t.co/EH9ombmzsI,Keamanan
@CommuterLine 2025 bukan makin bagus malah makin jelek Jadwal kereta acak2an Numpuk semua stasiun Bukannya dibanyakin malah dipotong2 goblok bgt anjing direksinya,Pelayanan
@CommuterLine Pengawasannya jangan pas kereta udah jalan dong pas kereta sampai stasiun Depok langsung securitynya keliling aja buat ngecheck soalnya udah kebiasaan banget kayak gitu Min.,Pelayanan
@CommuterLine senin 19/06/2023 KA D1/1113A pemberangkatan 06.50 tujuan manggarai ac nya mati mohon diperbaiki mengingat hari ini hari senin (hari sibuk org kerja otomatis penumpang banyak/padat). terimakasih,Pelayanan
@CommuterLine min ini kenapa si di kursi prioritas Tebet (arah Jkt) setiap hari selalu bau ntar bau sampah atau bau elap (toilet).. mentang2 diblkgnya pas bgt toilet jdnya bau bgtttt https://t.co/DaxfBIjJHX,Kebersihan
@CommuterLine bisa gak dimodalin ni jalur gembel yg hobi delay bahkan sampe batal sampe saking lamanya dipisahin Dari kereta jarak jauh Dan gak pake acara pergantian jalur gembel!!!!! Udh 2025 gak Ada maju2nya!!!!,Pelayanan
@CommuterLine kenapa sih Grogol ke Duri jalannya lemot banget masa taspat 30 dari Grogol? Telat semua coy brownline kalau kayak gini. Ini lagi KA5032 baru persiapan berangkat belom diizinkan berangkat udah tutup pintu di Duri yang transit gabisa naik. Tolol banget.,Pelayanan
@CommuterLine Bahaya itu kalau KRL masuk jalur 4 atau 5 antara penumpang turun dari KRL dan penumpang mau naik ke KRL terhambat sekali sama jalanan turunan/naikan peron yang sempit sekali,Kepadatan
@CommuterLine Kenapa sih selalu di green line ya allah udh numpuk bgt ini,Kepadatan
@CommuterLine Di stasiun Karet udah numpuk ini. Berapa lama estimasinya?,Kepadatan
@CommuterLine kaji lagi deh keberangkatan via manggarai kl pagi tuh di banyakin via senen buat apa di adain sih? Org banyakan ke manggarai! Sampe pepet pepetan kaya pepes. Heran deh,Kepadatan
@CommuterLine terima kasih min bau dan asapnya mengganggu banget. setiap hari ini,Keamanan
@CommuterLine kenapa kalau dr stasiun kemayoran ke arah tanah abang keretanya g jelas ya jadwalnya dari jam 19.00 sampai 19.46 belom ada keretanya.. kacau,Pelayanan
@CommuterLine Jadwal kp.bandan - rajawali - senen knp dianaktirikan min?? Jadwal krl jarang2 mana sering delay drpd ontime penumpang selalu numpuk inih.. Tlg donk jadwal nya dbetulin ampun deh,Pelayanan
@CommuterLine telat lah min dah sampe lenteng agung. pulang jadi telat. gak jelaa jadwal kedatangan kereta di sudirman tuh sering ngaret.,Keterlambatan
@CommuterLine jam segini masa baru sampe duri min yg bener aja dari stasiun duri arah tangerang normalnya sampe duri jam 7:38 dan berangkat lagi 7:42. ini 7:52 baru sampai duri dan penumpang sudah numpuk bgt,Kepadatan
@CommuterLine Ini kenapa lagi min? Knapa jaraknya 20 menit lagi? Gangguan apa lagi hari ini? Atau sengaja numpuk penumpang di manggarai? https://t.co/LCV6tfMhZR,Kepadatan
@CommuterLine Halo @CommuterLine emang kereta commuter line ga boleh bawa tv 32 inc ya saya di stasiun pasar minggu di tahan 10 menit sama petugas yg jaga gate nya gimana sampe sata di foto sama petugasnya sama tv saya sedangkan yg bawa koper 50liter aja boleh lewat depan matanya.,Pelayanan
@CommuterLine ada kecoa kecil dijok KRL :(,Kebersihan
@CommuterLine kok blm ada announcement resmi perihal gangguan min? ini berapa lama ya? ngeliat dari st bekasi padet bgt. gimaa keadaan penumpang yg ada di stasiun lainnya?,Kepadatan
@CommuterLine Gapeka? Emang kalian tuh ga peka!!! Tau gak tadi banyak yang berdiri... Itu urusan kalian soal jadwal besok. Yang penting pelayanan maksimal... Gak usah banyak beralasan do better!!!,Pelayanan
@CommuterLine @bebanyusahin Uda lama banget kalibata manggarai aja 20 menit lebih kacau woi,Pelayanan
@CommuterLine krl jogja solo kacau ada yang duduk di lantai ditegor dulu baru berdiri. Bayi ga dapet duduk https://t.co/HwtDV1qE2x,Keamanan
@CommuterLine kenapa lg sih ini kereta serpong lama bgtttttt masa tiap hari kayak gini !!!!!,Keterlambatan
@CommuterLine krl yg menuju jakarta kota yg skrg masuk depok penuh orang tolong ada petugas ke gerbong 1 wanita bukain jendelanya. karna kekurangan oksigen.,Keamanan
@CommuterLine min tolong dong ini Dipo KRL yg di Depok utk merapihkan/memotong pohon2 yg sudah tua tinggi dan condong ke rumah saya saya takut kejadian 2021 terulang lagi pohon tua tinggi besar menimpa rumah saya ambruk genteng pecah semua untung kami sekeluarga selamat https://t.co/aYOSIW8dbS,Keamanan
@CommuterLine Goks si jam 5 pulang kerja (rush hour) kereta cikarang ada jm 17.16 sblm nya jm 16.42 selisih 30 menit di dlm kereta jd chaos bgt mana ketahan 3 kereta jarak jauh.. Cape bgt sumpah.. Klo ga di evaluasi si kebangetan..,Pelayanan
@CommuterLine Min tolong fasilitas mushola di stasiun Jakarta kota diperhatikan. Musholanya sumpek panas Dan bau apek. Minimal pasang ac Dan kebersihannya diperhatikan,Kebersihan
@CommuterLine minta tolong jurangmangu lagi proyek. Jalannya menyempit tapi gate yg bisa dipake keluar cuma 3. Jadi numpuk banget https://t.co/B5pEvzGTE5,Kepadatan
@CommuterLine jadwal sering ngaret ngetem nunggu pergantian jalur lama. Piye toh gapeka bukannya makin tambah baik malah tambah ngaco,Pelayanan
@CommuterLine Telat satu jam loh ini satu jam lama banget Jumat minggu kemarin juga gini eh rabu hari ini kena lagi mana hari ini telatnya nggak karuan huft,Keterlambatan
@CommuterLine ga jelas bgt nih udh ganti jadwal tp ga ontime juga. Kalo jam2 pagi tuh bisa ga si jgn delay. Masa delaynya sampe nunggu setengah jam.,Keterlambatan
@CommuterLine ada apa ni min krl 1635B telat jauh bangeeett di stasiun Tenjo di jadwal harusnya 07.11 di posisi kereta sampai Tenjo 07.22?,Keterlambatan
@CommuterLine bercanda ya? Dari duri arah manggarai cuma ada 1 dan itupun 15 menit lagi. Sedangkan penumpang numpuk gini https://t.co/PB7l22BrnB,Kepadatan
@CommuterLine tolong disampaikan dong untuk krl jurusan ckg kp bandan via manggarai di tambun jam 06:02 klo mau nutup liat liat dulu. saya hampir kejepit loh. Udah gitu jam 06:02 brangkat tepat waktu sedangkan kereta jam 06:14 bru brangkat 06:24. Kan bikin numpuk penumpang,Keamanan
@CommuterLine ini knp skrg yg dr arah bogor ke jakot selalu 8 gerbong terus ya?? Sesek banget yaampuun,Kepadatan
@CommuterLine @dinosaocean Ini udah dimanggarai jga ga jalan jalan 30 menit sendiri ini di manggarai udah padet bgt inj manusia didalam gerbong,Kepadatan
@CommuterLine Sudah jalan tp orang2 pd telat. Pengumuman telat. Satpam juga ga ngerti apa2. Ga ada petugas yang bs ditanyain di peron. Pd ateng semua dibawah cekikikan ga jelas. Kalian semua kerja jelek hari ini. Malu dong,Pelayanan
@CommuterLine klo JPL masih tanggung jawab kai atau bukan ya? Soalnya palang tiba-tiba ke buka padahal 1 gerbong krl baru lewat takut kejadian yg udah udah mungkin bisa dicek takut ada error atau gmn,Keamanan
@CommuterLine @FiftaNabilla Masa elo gak punya data laporan KRL yang delay Min jgn² cuma laporan yang bagus² aja yang elo dapet,Keterlambatan
@CommuterLine min mau nanya dong emang kalo keberatan bawa koper harus banget lewat underpass ya?? Sya kesel banget sama security lenteng agung hari ini. Iyasih dibukain gerbangnya supaya nyebrang rel tapi Jutek banget mukanya gaada ramah²nya. Fak kata gua teh,Pelayanan
@CommuterLine ada keterlambatan kereta bukannya kasih info dan minta maaf malah DIEM AJE. Cs dan admin gak komunikatif najis kalo gak becus kerja mending gak usah kerja sih kata gw,Pelayanan
@CommuterLine kalo pas di stasiun serpong bisa ga berhentinya jangan lama lama? Bau sampah bangett buset,Kebersihan
@CommuterLine Saran sebaiknya sticker/himbauan ini dicopot aja krn TIDAK GUNA. Tadi pagi sekitar 7.30 di peron jalur 7 Manggarai ada seorang ibu hamil yg DIUSIR dr lift oleh ibu² dan mbak² sehat krn bunyi/over sampai di dorong bahkan. Petugas? Tidak pernah ada. Terima kasih. https://t.co/sWSJNxGTC9,Pelayanan
@CommuterLine @KAI121 @perkeretaapian @AsdoAr KEREN tujuan ckr numpuk karena telat semua. 5142 6056 5146 5148 5562 6060.,Kepadatan
@CommuterLine Gosah nanya2 benerin aja dulu jadwal dan pelayanannya kebiasaan kalau udah mau periode mudik pasti KRL yang dijadiin tumbal,Pelayanan
@CommuterLine @Chachazzs Perbanyak feeder KRL MRI-TNB biar ga numpuk,Kepadatan
@CommuterLine Min pagi ini saya kecopetan rute krl bogor - jakarta kota jam 6.45 Kondis kereta super penuh banget. Mohon kedepannya KRL lebih meningkatkan gerbong di jam jam rawan atau jam sibuk. Terima kasih,Keamanan
@CommuterLine ribet bgt ada ketinggalan barang dibagasi atas setengah jam kemudian lgsng dinyatakan hilang barangnya oleh petugas yang sibuk makan dijam kerja pas diminta cctv di dlm krl malah disuruh buat laporan ke polres. Sngt tdk membantu sekali pelayanan distasiun depok!,Pelayanan
@CommuterLine Pulangnya juga begitu.. Ini kereta (kamp.bandan cikarang via senen seharusnya jam 17.30 tapi dikampung Bandan jam 18.00...penuh sesak pnmpangnya..,Kepadatan
@CommuterLine saya naik KRL Tangerang -&gt; Duri berangkat jam 6.20 dari st Tangerang. Biasanya jam 6.50 udah sampe st Duri dan bisa nyambung kereta arah Manggarai jam 6.52. Pagi ini KRL arah Durinya berenti lama bgt di batu ceper akhirnya sampe st Duri jam 6.52 :)),Keterlambatan
@CommuterLine ini kenapa kereta dari kampung bandan ke cikarang lama bgt deh kenapa lebih banyak yg ke Manggarai ini penumpang ke cilarang bukan cuma 1 atau 2 penumpang Kita Penumpang udah nunggu lama bgt woy,Pelayanan
@CommuterLine kebiasaan kereta dari duri ke tangerang yg jam 17.42 telat nyampe st rawabuaya masa bareng sm kereta selanjutnya yg jam 18.00. Udh gt nyampe st tgr nya yg dluan di jalur 2. Yg selanjutnya jalur 1. Atuh yg jalur 1 keluar gate dluan. Sbeel bgt,Pelayanan
@CommuterLine min klo misal krl dari duri ke tangerang kereta terlambat krn nunggu di rawabuaya klo kereta nya terlambat harusnya masuknya jalur 1 di st tangerang ini masuk di jalur 2 kereta selanjutnya masuk barengan eh di jalur 1 yg dateng dluan malah keluar belakangan.,Pelayanan
@CommuterLine ini di stasiun cisauk bau sampah banget kenapa ya,Kebersihan
@CommuterLine Pantesan aja ini numpuk bgt penumpang,Kepadatan
@CommuterLine Pagi pagi udh gangguan ajah kocak bikin numpuk gaada info apa apa kah woy admin.,Pelayanan
@CommuterLine @cristianebianto Iyaaa betul delay antar stasiun,Keterlambatan
@CommuterLine info min jalur 3 kereta jurusan bekasi via manggarai nomor rangkaian K1-1-90-44 mati listrik di stasiun angke. Mohon ditindaklanjuti atau dicek utk seluruh rangkaiannya. Karna tertahan 10menitan nih gada hawa,Pelayanan
@CommuterLine kereta dari depok jam 5:46 yg ke kota kena delay mulu tiap mau masuk ke kota kenapa ya? 2 hari ini udah ga ke kejar kereta ke arah priuk yg dr kota jam 7 pagi. Telat mulu aing.,Keterlambatan
@CommuterLine min lo seriusan gaji CS yang gak ramah !!! Posisi stasiun Jogja @KAI121,Pelayanan
@CommuterLine min buat peraturan jangan buang permen sembarangan di stasiun dong min dan perlakuan denda bagi pelaku. Hari ini saya kena getahnya di stasiun tebet ada sampah permen karet kena tas saya.,Kebersihan
@CommuterLine Gua udh tau jawaban lu pasti copas ga membantu sama sekali selama ini i hate you so much @CommuterLine @KAI121 i do kalian setelah ditinggal pak Jonan malah makin kocak &amp; merugikan penumpang shame on you @CommuterLine @KAI121,Pelayanan
@CommuterLine jadwal yang angke via manggarai yang dulu nya keberangkatan awal dari bekasi eh diubah jadi dari cikarang. Tapi telat terus mana bisa 10 lebih menit telatnya. Tolong balikin ke jadwal aja. Beda 1 menit berharga banget karena bakal makin padet krlnya.,Keterlambatan
@CommuterLine tolong dong adain gantungan ditengah ini yg berdiri lebih padet di sini woi lah kalo kereta ngerem kedorong-dorong fak lah https://t.co/G8gfijsvZd,Kepadatan
@CommuterLine pintu kereta ga bisa kebuka ini maintenance nya gmana?? Gadicek dulu apa gmnaaaaaaq? Jam berangkat kerja ini penuhnya kan tau sendiri udh gtu disuruh geser2 lahdidlm kereta ajaaaa udh kek cuek astagaaaa pagi2,Pelayanan
@CommuterLine Minnn cepetan tarik keretanya ini udh padet orang di stasiun tj priok,Kepadatan
@CommuterLine tetap bersyukur walaupun kereta 1621 Rangkas-Tanahabang terlambat terus sampe tanah abang... mau transit ke angke nunggunya lama lagi.. mantap betul GAPEKA Mana tiap gerbong penuh sama pedagang duh,Pelayanan
@CommuterLine Emg sadis ya lu pada dr sudimara udah ketahan!!!!! Peak hour lo malah gangguan. Makin numpuk ini di gerbong kereta. Dahlah nahan badan orang nahan boker juga,Kepadatan
@CommuterLine di gerbong krl ga boleh makan dan minum bener kan ? Pengecualian pas jam buka puasa ya. Ini saya lagi di gerbong arah bogor ga padat sih pada duduk. Ada yg makan minum anak2 tidak kecil banget dan ada ibunya. Ada petugas juga kok petugasnya diam saja ya,Pelayanan
@CommuterLine min ini di kereta cikarang angke 6.38 kenapa diganti ke rute pasar senen sih? Udah tau di cikarang itu jam segitu banyak yg ke manggarai Gimana penumpang gk numpuk Cikarang aja udh padet apalagi nanti sampe ke bekasi makin penuh,Kepadatan
@CommuterLine jalur 2 tanah abang yg jurusan cikarang atau bekasi ngatur jadwalnya gimana ya? orang yg mau ke kemayoran rajawali nunggu sampe hampir sejam tolong pikirin dong ga semua mesti lewat manggarai udah berkali kali di komplain kayanya cuek aja ini manajemen,Pelayanan
@CommuterLine BISA GA SIH GA NGUTAMAIN KAJJ MELULU JAM 7 MALEM CAPEK GW NUNGGU KERETA MASUK STASIUN NUNGGU PERGANTIAN BLA BLA BLA CAPEK GW PULANG KERJA GW UDAH CAPEKKKKKKKKKKJ,Keterlambatan
@CommuterLine gua butuh adilll. kalo eskalator gaboleh buat turun yaudah tangga khusus buat yg turun biar ga numpuk!!!! itu eskalator kanan kiri (4 shaf) buat yg naik loh??? trs tangga juga diambil????,Kepadatan
@CommuterLine Telat min udah balik lagi ke Bogor tuh kereta -_- Udah dikasi tau bebal. Harusnya petugas lu briefing klo ada suara yg berisik di hape ya langsung tegur lah. kek gtau orang indonesia aja kalo ditegur bukan sama petugas sering ga digubris ah elah,Pelayanan
@CommuterLine @CommuterLine ini kapan mau dibenerin? Jadwal di Telaga Murni jam 6.50 sampe sekarang belum dateng? Delay kok konsisten? https://t.co/sfi7HGyirm,Pelayanan
@CommuterLine pembatasan kecepatan di lintas rangkas - tanah abang jadi kereta telat masuk. sekarang gangguan kebayoran palmerah - kebayoran mantap amat ini pagi pagi ulah operasional lu,Keterlambatan
@CommuterLine Posisi kereta sekarang di stasiun cilejit ada gangguan apa nih kok jalanya pelan banget sering berhenti dari stasiun Parung panjang tadi,Keterlambatan
@CommuterLine @Bambank_L300 @KAI121 @perker Bloon masinisnya CS di kereta ngga ada yg minta maap. Gda staff lapangan lo yg minta maap karena kereta lo telat. Waaaaak marah aing.,Pelayanan
@CommuterLine ah tolol banget penumpang numpuk di jalur 5 stasiun duri tapi kereta yang dateng malah tujuan manggarai bukan tangerang. Tujuan manggarai kan harusnya jam 21.34 Yang jam 21.54 harusnya tujuan tangerang. Bego banget,Kepadatan
@CommuterLine Tolong KRL jadwal pagi diperbanyak apalagi daerah Bogor dan Bekasi karena terlalu padat penumpang mana suka delay pula padahal jam buru-buru,Kepadatan
@CommuterLine @tanyakanrl tolong banget min banyakin lagi petugasnya dan seringin patroli standby di peak hour kawal bumil lansia waktu masuk kereta teriak kalo perlu biar satu gerbong denger! kasian kdg liat bumil/lansia minta2 kursi dah kek ngemis2 pake acara ditolak sm yg masih seger pula.,Pelayanan
@CommuterLine plis dong terapkan aturan jangan potong kuku di kereta. Kereta jadi kotor banyak bekas kuku berserakan,Kebersihan
@CommuterLine masalahnya kereta belakang 6.26 itu gap nya gak jauh min di duri jadi numpuk banget yg arah tangerang,Kepadatan
@CommuterLine Tku min terakhir turun di Tambun 26 sekian derajat. Tp sungguh karna padat berasa engap syekali. Wewangian semua tercium,Kebersihan
@CommuterLine SAYA TELAT DATENG KERJA BEBERAPA MENIT KARNA GANGGUAN JAM NYA PAGI EFEKNYA DIJAM 8 AN KERETA JADI NGARET DAN SAYA KENA POTONGAN TUNJANGAN KARENA TELATT NYA ITU SHITTTT !!!!,Keterlambatan
@CommuterLine Sudirman karena bener2 numpuk penumpang akhir nya naik bekasi dulu turun kranji biasa nya kan sehabis arah bekasi berikutnya bekasi lagi habis itu cikarang nah ini sampe 3x bekasi baru Cikarang terlalu banyak min bekasi nya,Pelayanan
@CommuterLine harusnya petugasnya kasi tau sblm cekin. jd ga nunggu lama tanpa kejelasan kyk gini,Pelayanan
@CommuterLine Tolomg dong kai commuter kalau nahan kereta nahan krl dipikir napah udah tau telat 10 menit KA 5160B (Kampung bandan-Bekasi) masih aja ditahan sinyal masuk stasiun manggarai,Keterlambatan
@CommuterLine Gapeka 2023 jadwal jd kacau min banyak telatnya. KA prp-thb. Revisi aja,Pelayanan
@CommuterLine mohon petugas sering2 jalan periksa di gerbong jalur Tn Abang-Rangkasbitung. Sering byk anak muda pura2 tidur ga kasih duduk orang tua.,Pelayanan
@CommuterLine Paham klo ngeliat yg gx paham kenapa telat?! Sini min join jdi pepes blm lg d sdrmn,Kepadatan
@CommuterLine Terlambat 10 menit dianggap normal @jalur5_ @CurhatKRL Keterlambatan KA4010 berdampak luas melewati JNG-KPB-DU-THB. Biasanya tersebar ke MRT Lebak Bulus jam 06:49 dan 06:54 ini terkumpul ke 07:04 sehingga MRT ikutan overload. Transjakarta gatau deh gimana.,Keterlambatan
@CommuterLine Penyebrangan bawah dibuka napa sih daripada numpuk di eskalator. Tolong ya solusinya dipercepat!,Kepadatan
@CommuterLine kalau perjalanan gabisa dilanjutkan ya dikeluarin aja penumpang hampir sejam nunggu kereta ketahan..,Keterlambatan
@CommuterLine @CurhatKRL Kereta baru tumben gerah min mana padet pula https://t.co/qHvqLavJuK,Kepadatan
@CommuterLine min ini telat ga sekali dua kali minmin tolong lah kereta arah kampung bandan banyakin jangan cuma sampe angke doang,Keterlambatan
@CommuterLine ini mulai kacau sejak perubahan jadwal yg kalo gak salah Februari 2025. Sebelum itu peron di Tanah Abang gak pernah kosong kereta sebelum salah satu kereta jalan pasti ada kereta lain masuk dulu setelah perubahan jadwal itu sering semua jalur peron kosong kereta,Keterlambatan
@CommuterLine Woy kintil ini udah hampir 30 menit ga ada kereta ke arah Tanah Abang dr stasiun Cisauk Kalo kereta lu dari tadi telat harusnya biar kereta berikutnya normal ya dimepetin jadwalnya bukan direnggangin tolol,Keterlambatan
@CommuterLine kenapa bekasi-kp bandan makin kesini gerbong nya makin dikurangin dahh asli tiap hari makin kayak pepes ajaaamakin kesini bukan makin bener malah jd amburadul kacau bgt dah ah,Kepadatan
@CommuterLine satpam aja ditantangin. Ini masih ancam biasa. Gimana nanti dia ke penumpang lain. Blacklist aja next time,Keamanan
@CommuterLine Min kok ini lama bgt krl ke Bogornya nunggu 12 menit. Bisa-bisa numpuk mana udah jam pulang hadeuuu gimana si https://t.co/RbcS6emN4z,Kepadatan
@CommuterLine ini knp jam pulang udh 20 menit lebih kereta bekasi/cikarang gada yg lewat. Udah sesek penuh bgt ini numpuk orang buset deh,Kepadatan
@CommuterLine kudu ada bisa ngecek posisi kereta bandara kek commuterline jadi kalau kita ga aktif bs2 ketinggalan pesawat Rabu kmrn ada gangguan antara duri Rw.buaya ga ada pemberitahuan untung ada C acces infox https://t.co/hHhCuJsQ54,Pelayanan
@CommuterLine ini kenapa kereta arah Tangerang ketahan di Rawa Buaya yaaa,Kepadatan
@CommuterLine Iya benar di stasiun angke tapi estimasi di duri jam 09.09. Berapa lama kita nunggu? 20 menit. Mana kereta 6014B yang kalian buat jadwalnya jam 08.49? Mana kereta 5718B yang kalian buat jadwalnya jam 09.02? Ini jadwal cuma buat pajangan doang kah? https://t.co/27iqA4V0k2,Keterlambatan
@CommuterLine makin gila ya headway makin diilang ilangin KRL 6.10 6.15 dari bogor jadwalnya udh ilang skrg dr 6.06 berangkat lg jam 6.20 buseeet jedanya 15m ini hari kerja dr bogor aja udh padet @j5base @jalur5_,Kepadatan
@CommuterLine 18.35 ada bocil sama ibu' kayanya mereka abis makan ciki tapi cikinya tumpah trus diinjek' sm anak kecilny sedangkan ibunya diem aja ga ngelarang atau apa ngeselin banget. Kereta nambo 1518B semoga staff yg bersihin ini dibales kebaikan yg banyak banyak banyak bgt. https://t.co/0Ng2VlFPND,Pelayanan
@CommuterLine tadi tangga underpass stasiun Citayam licin banget sampe jatoh di tangga underpass arah bogor Maaf min minta tolong banget airnya menggenang..,Keamanan
@CommuterLine kai saldo gue kepotong tapi tiket ga keluar mesen di acses malah kaya bangsat mesen tapi tiketnya ga keluar tapi saldo kepotong aplikasi sampah berkali kali gue mesen kaya gini tai,Pelayanan
@CommuterLine pagi min.. sekedar info KRL 8 rangkaian Bogor-Jkt lebih banyak mudharatnya daripada manfaatnya. Coba cek data ada ga berapa yg jadi korban pingsan tiap harinya. Belum lagi korban pelecehan copet clash antara penumpang. Saya rindu dulu yg selalu 10-12 Bgr-Jkt.,Kepadatan
@CommuterLine ih di rawbuy udah kek pepes,Kepadatan
@CommuterLine coba deh min di st bogor kalo di peron ujung tuh dikasih tong sampah biar gak pada nyampah di tanaman. https://t.co/6vIVgqbdfL,Kebersihan
@CommuterLine Lama goblok @KAI121 telat mah 30 detik oke ini setengah jam lebih..,Keterlambatan
@CommuterLine Senyuman pala peyang. Apa apaan gap 1 kereta sama kereta selanjutnya lama bangettt anjirr balikin aja sih jadwal yang lamaaa,Keterlambatan
@CommuterLine @AnkerTwiter Jangan lama2 min kasian nanti pasti numpuk banget yg mau ke arah Cikarang,Kepadatan
@CommuterLine kalo terus-terusan telat begitu di kranji penumpang numpuk min sementara kereta selanjutnya bisa 12 menit kemudian,Kepadatan
@CommuterLine kereta 4080A gerbong belakang bau kyk kabel kebakar cukup nyengat tiap berenti/tiap pengereman,Keamanan
@CommuterLine krl arah cikarang ga tau nomor KA nya berapa berangkat dari bekasi 21.49 gerbong nomor 3 bau pesing,Kebersihan
@CommuterLine mohon utk security nya yg di st. Tebet utk tegas menolak penumpang non prioritas yg menyebrang via jalur rel pdahal dia sehat2 saja jika sekali tidak tegas akan menjadi kebiasaan selanjutnya. Terima kasih,Pelayanan
@CommuterLine min kp bdn-tanah abg kenapa delay dari 5.38 ke jam 6.00 ini jd padat bgt harusnya massa yg sblmnya udh keangkut,Keterlambatan
@CommuterLine Ka tlong petugasnya udh saya mjnta tlong dari awal tp ga direspon dengan baik,Pelayanan
@CommuterLine Mohon ditinjau kembali ya kak semenjak Gapeka kereta arah Cikarang-Kp. bandan/angke ataupun sebaliknya selalu ngaret. Untuk pemberangkatan dari Cikarang yang harusnya berangkat jam 05.11 dan 05.19 sering telat 5-10 menit karena gantian jalur sama Ka Menoreh,Keterlambatan
@CommuterLine @farreldstin Kalau mau pergi tanggal 30 mending naik bus aja sih ya. Daripada nunggu tiket kereta yang gak jelas kepastiannya. Takutnya malah zonk dan merugikan diri sendiri. Ratusan calon penumpang di hari Kamis kayaknya sudah hopeless dan memilih kendaraan lain.,Keterlambatan
@CommuterLine Peron 1 tanah abang yang baru malah makin jauh gini serem amat tolong di cek lagi mumpung sedang proses pembangunan siapa tau bisa diperbaiki https://t.co/yIX4WLFAmL,Keamanan
@CommuterLine ada kecoa kecil https://t.co/LoUBpoMw99,Kebersihan
@CommuterLine kenapa jadwal kampung bandan - cikarang jarang bgt ya jam segini? sedangkan dr arah sebaliknya banyak bgt ya Allah ini numpuk di sudirman,Kepadatan
@CommuterLine Tidak disarankan menggunakan high heels maupun sendal terbuka berbahaya. Selain rawan terinjak/ menginjak di jam2 padat juga memperlambat langkah naik turun tangga. Himbauannya sudah bagus min tp alas kaki ambasadornya kurang pas utk menggambarkan safety utk naik turun kereta.,Keamanan
@CommuterLine tlg min naro tempat sampah jauh amat di ujung. St Bogor kan banyak yg transit dikasih lah tempat sampah https://t.co/mDLqQVfzEp,Kebersihan
@CommuterLine @bacottetangga__ halah tindakan kalian cuma ditegur kan palingan? dulu kami naik kereta rombongan ternyata ada orang mesum coba ngerecord dibawah rok salah satu teman kami dan ketahuan lalu rame2 kami seret ke kantor keamanan di stasiun jakarta kota.. ujung2nya damai tuh gaada tindakan lain,Keamanan
@CommuterLine mana ini ajg kereta ke arah tn abang? Masa harus suruh nunggu setengah jam di manggarai KOCAK BGT TAIK!,Keterlambatan
@CommuterLine Min sekarang dpn tempat tap in stasiun tebet ada yang berantem tolong securitynya dipanggil takutt,Pelayanan
@CommuterLine @ChoyruImam Dah numpuk woy di purwosari. Gak bs pake kereta cadangan kah? Ini mau simulasi jadi sarden apa gimana?,Kepadatan
@CommuterLine Lokal merak juga dong di tambah gerbongnya min kalo wekeend penuh banget. Weekend juga kadang penuh,Kepadatan
@CommuterLine Masa kurang update Udah jadwal ga peka gajelas sering delay dll Perihal begini aja gak update,Keterlambatan
@CommuterLine @wolfganghananto Ga lu nya aja ga mengakui bahwa jadwal lu jelek amburadul. Line Cikarang emang telat akui itu. Di jadwal dari jam 13:50 ada lagi jam 14:27 selisih udah jauh eh telat lagi skip satu kereta jadi baru datang jam 14:42 baru turun di metland ada lagi jeda 5 menit kereta selanjutnya,Keterlambatan
@CommuterLine kereta ke arah Bogor kenapa jadi jarang/lama ya kalau pagi? Kalau lihat dr jadwal di papan 07.40 jeda 30 menit?? Telat semua kalo gini,Keterlambatan
@CommuterLine kenapa sih kereta arah tanah abang lagi rush hour bukannya ditambah rangkaian keberangaktan malah telat lama banget orang nunggu setengah jam di manggarai. Penumpang numpuk alasan pergantian jalur mulu,Kepadatan
@CommuterLine Gimana mau hubungin petugas orang pda cuek min padahal di gerbong pas saya jatoh ada dua satpam aku tadi naik krl dr duri kr tgr jam 17:12,Pelayanan
@CommuterLine Gedeg bgt asli.. Kereta ga karuan begini.. Udah nunggu lama kereta penuh.. Kek tai,Kepadatan
@CommuterLine Dahlah min telat mana melet2 itu bapaknya td serem bgt yaAllah takooot gaada petugas yg nyamperin,Keamanan
@CommuterLine Klo rush hour jam 4-5 pake 12sf dong min sesek bgt buset,Kepadatan
@CommuterLine Jadwal kereta diubah malah gajelas ketahan terus gak sesuai jadwal dan bikin numpuk,Pelayanan
@CommuterLine ini kereta arah rangkasbitung dari sudimara yang jam 06.56 emang telat ya ? masa jam 07.02 baru dari kebayoran,Keterlambatan
@CommuterLine min tolong kalo ada kereta batal tuh diinfoin. Minimal di twitter deh. Ini kereta dari serpong ke tanah abang jam 07.14 batal tapi banyak yang kena prank udah keburu turun kereta sebelumnya taunya gak ada kereta lagi. Jadi nunggu 20 menit lagi ini. https://t.co/t1HfwLKHij,Pelayanan
@CommuterLine halo. Eskalator di Tanah Abang peron 5/6 apakah sudah selesai diperbaiki? Karna sangat chaos tadi Senin pagi sampai ngantri 10 menit (total 15 menit cuma buat nyebrang ke peron 3). Terima kasih,Pelayanan
@CommuterLine update dong kereta knp ketahan di st depok baru,Keterlambatan
@CommuterLine jadwal kalian nih knp lelet bgt sih akhir-akhir ini?! Red line telat bgt keretanya akhirnya numpuk begini. payah deh ah https://t.co/VE4DgMLcJu,Kepadatan
@CommuterLine kereta arah bogor ke manggarai skrg lama bgt min masuk stasiun,Keterlambatan
@CommuterLine upaya perbaikannya kapan dimulai dan selesainya ya? sudah berbulan2 soalnya saya ga ada lihat tanda sedang perbaikan tuh di depan eskalatornya orang2 jadi tetep naik eskalator yang rusak dan itu bahaya loh tolong lebih diperhatikan juga keselamatan penggunanya terima kasih,Keamanan
@CommuterLine Admin ini kereta basoetta masih gangguan kah?,Keterlambatan
@CommuterLine ini commuter line arjonegoro (444) memang lagi delay kah min? daritadi belum liat ada tanda2 kereta,Keterlambatan
@CommuterLine min lapor kondisi di St. Tanah Abang barusan agak chaos banget. 1. Escalator naik di masing-masing peron mati. Bikin stuck penumpang naik-turun.,Pelayanan
@CommuterLine ketahan di serpong mulu nih. Udah naik 7.25 dari parung tetep aja telat ga keburu naik yang ke bandan -_-,Keterlambatan
@CommuterLine petugas security stasiun citayam sangat tidak ramah.. jam 04.30 saya mau minta bantuan masalah gate tidak terbuka padahal sudah tulisan sudah sukses .. tapi malah marah2 seakan2 saya ganggu dia.. sampe dia ngucap istigfar..,Pelayanan
@CommuterLine relasi serpong tn abang menurut saya sejak perubahan jadwal justru kereta makin padat &amp; kerap terlambat. mungkin karena semakin banyak kereta yg sampai rangkas bitung. di sudimara sering terjadi penumpukan penumpang karena kereta terlambat &amp; tdk tertampung kereta sebelumnya,Kepadatan
@CommuterLine Bukan bogor ya tp bekasi cikarang. Ini kenapa bisa selama ini gapnya sama kereta sebelumnya yg jalan 17.20 di manggarai? Penumpang di peron 3-4 udah pada penuh ini,Kepadatan
@CommuterLine krl ni tiada hari tanpa gangguan ya. Capek nih habis dari luar kota nyambung KRL bela2in pulang dulu pengen cepet taunya udah 35 menit nunggu kereta arah serpong ga nongol2. Mana nanti kerja naik krl lagi. Jangan bikin dongkol pagi2 bisa ga,Keterlambatan
@CommuterLine Gajadi panik. Kereta jam 3.40 tp masih gabisa appnya. Trus ini jadinya manual borading dari petugas min. Next time jgn gini lagi bikin takut gabisa pulang,Pelayanan
@CommuterLine jurusan sudirman kok jedanya kok lebih 10 menit,Keterlambatan
@CommuterLine Minz di st tanabang ada apa sih ko sore ini bau sekali : ) seperti bau kotoran manusia atau bau sampah gitu.,Kebersihan
@CommuterLine Makin cacat layanannya. Kereta cikarang masuk ke stasiun bekasi timur sekarang baru datang hampir per 20 menit. Beli kereta baru jumlah kereta nambah waktu tunggu per kereta malah makin lama. Gak profesional banget.,Keterlambatan
@CommuterLine @azkamdn Waktu itu juga ada yg kesusahan bawa koper turun tangga petugasnya diem aja ga peka,Pelayanan
@CommuterLine @KAI121 kereta arjonegoro AC nya tidak kerasa sama sekali min mhon bisa ditingkatkan pelayanannya,Pelayanan
@CommuterLine Tolong security Jurangmangu dibriefing lagi. Ada 3 orang bermasalah ga bisa tap out pake QR cuek aja. Bilang coba aja pindah coba aja. Ga peduli. Ga ada solusi sampai hampir 10 menit sampai petugas KAI memberikan solusi. Malah sibuk main HP. Tolong di edukasi!,Pelayanan
@CommuterLine Tn abang - parung panjang. Telat,Keterlambatan
@CommuterLine KA 1153B dari depok mohon dikembalikan jadi 12 sf. 10 jadi padat sekali,Kepadatan
@CommuterLine gokil abiss nunggu kereta udah 45 menit gak dateng-dateng. Don t expect people will commute pake public transport kalo misalnya waktu nunggu aja bisa 1 jam.,Keterlambatan
@CommuterLine Kok AC doang yg dibhas mint? Perkara delay kaga info ga dibahas juga? Gerbong 3 pengap min tolong deh banyak orang jg kaga berasa AC nya sampe pada sumpek dan stress baru kerasa dingin setelah kereta 1 lewat. Dan kita suruh nunggu 2kereta TANPA ADA PEMBERITAHUAN. Super nice job,Keterlambatan
@CommuterLine kalo orang sdh numpuk yg berangkat duluan tolong diubah jangan kereta yg sdh pasti penuh kenapa nggak kereta balik dulu. Biar rusuhnya minimalis.,Kepadatan
@CommuterLine Hingga saat ini masih terus bau menyengat di Stasiun Kebayoran. Apakah mungkin dikoordinasikan dengan pengelola pasar untuk limbahnya sehingga tidak mengganggu?,Kebersihan
@CommuterLine Mohon dibantu untuk balance kak yang turun dan naik setidaknya tangga manual berikan kepada yang turun untuk eskalator tidak apa apa naik semua karena kami juga sering sekali ketinggalan kereta gara gara tertahan tidak diberi jalan untuk turun dan chaos sekali keadaannya,Pelayanan
@CommuterLine min ini koo kereta Bogor belom ada di sawah besar jeda waktunya lama bener,Keterlambatan
@CommuterLine @KAI121 @CurhatKRL @infodepok_id parkiran St Depok kalau hujan lantainya banyak air tergenang kalau kering lantai berdebu plus banyak sampah meskipun parkiran motor mohon dijaga kebersihan dan kerapihan agar pemakai tetap nyaman terimakasih https://t.co/XdIke6NojN,Kebersihan
@CommuterLine di St. Palmerah jam segini sudah tdk ada CS nya? Saya mau komplain sama siapa ya? https://t.co/ydIVskb3N0,Pelayanan
@CommuterLine Untuk KAI Comuter... Kenapa setiap berhenti di sta Serpong pagi selalu ada bau sampah ya... Coba direlokasi tpa sampah itu.. Tq,Kebersihan
@CommuterLine Ini jaraknya dari jam 6.46 ke 7.11 itu 25 menit itupun kalo ga ngaret (faktanya selalu ngaret). Tolong ditambahkan lagi dong 1 keberangkatan di antara jam tersebut https://t.co/q5t9wsVahg,Keterlambatan
@CommuterLine woy min SATPAM LU BAU BAU KETEK PAGI KERETA PERTAMA TIGARAKSA - TANAH ABANG.. GILA,Kebersihan
@CommuterLine krl kampung bandan via manggarai delay lagi nih ganti jalur dan menunggu aman lagi kah? masa iya setiap pagi masalahnya sama terus,Keterlambatan
@CommuterLine Tolong ditambahkan kereta nya biar penumpang bisa kebagian tempat duduk. Seharian kerja capek juga kalo harus berdiri lama.,Kepadatan
@CommuterLine kami sebagai penumpang yang sudah beli tiket kereta jarak jauh tetap berhak mendapat solusi &amp; kompensasi apalagi ini bukan kesalahan penumpang. menyarankan selisih 3 jam itu bukan solusi untuk kasus kereta yang delay mendadak. mohon ada tindakan nyata bukan sekadar imbauan.,Keterlambatan
@CommuterLine jadwal kereta arah kampung Bandan dari bekasi lama banget keberangkatannya? Dijadwal jam 07.57 baru mau dtg jam 8.07 telat 10 menit ini loh sampe numpuk org Di stasiun,Kepadatan
@CommuterLine Transportasi publik sampah !!!,Pelayanan
@CommuterLine gws bekasi timur dah numpuk mana kajj jalur 1 bukan 2 wkwk kocak https://t.co/t6dLKOfqGK,Kepadatan
@CommuterLine demi kenyamanan dan keamanan pengguna KRL Mohon ditingkatkan kembali pelayanannya dgn menambah jadwal KRL pemberangkatan awal dan Tujuan Akhir Stasiun Tigaraksa krn semakin bertambah dan meningkatnya kebutuhan pengguna KRL Relasi Tigaraksa-Tanah Abang (P.P),Keterlambatan
@CommuterLine min pagi ini saya naik krl Cikarang-Kampungbandan (K118831) gerbong kedua dari akhir tapi speaker sepertinya error putus2 jadi ga jelas pengumuman sari cs. Tolong bisa dicek dan diperbaiki ya. Terima kasih.,Pelayanan
@CommuterLine min parah bgt ini udah setengah jm gaada kereta ke manggrai dr tanah abang??? Tau kan ini jam pulang kerja manusia numpuk dr angke sampe manggarai. Bisa bayangin ga kasian yg udah tua&amp;bawa anak dempet2an. Tolong dong min perbanyak armada &amp; lebih on time. Makasi.,Pelayanan
@CommuterLine yang bener aja dong anjing 1983A telat 5 menit di rawa buaya . Goblok banget ngaturnya,Keterlambatan
@CommuterLine @aldianifauziyah Kl ada petugasnya yg lagi lewat sih enak tp kl petugasnya lg ga digerbong yg kita naikin harus gitu nyari petugas smp ketemu ? Kadang msh ada yg ga sadar gunanya kursi prioritas itu buat siapa. Diminta baik2 malah disinisin/usir ada jg yg pura2 tidur.. ga cewe ga cowo msh muda,Pelayanan
@CommuterLine kenapa jadwal krl tangerang - duri tidak sesuai ya bbrp hari ini? Hari jumat jg kacau Ini kereta tangerang - duri 10.07 udh brgkt dr 10.03 why!??,Keterlambatan
@CommuterLine bukan kak gatau dari bekasi jam berapa tp saya di kampung bandan delay terus dari estimasinya,Keterlambatan
@CommuterLine halo min izin info krl arah duri yg berangkat pukul 11.01 ber pesing ac panas puolll mana rame,Pelayanan
@CommuterLine Iya yang jalur Tangerang - Duri ngga. Sama aja tetep numpuk.,Kepadatan
@CommuterLine dari manggarai nihhh penumpang udh numpuk adanya pulang dipo terus. perbanyakkk dong plisss,Kepadatan
@CommuterLine barusan juga yang 6:57 kenapa petugas nya bilang cuma sampe angke taunya sampe kpb plis lah jgn begini terus kai mana satpam nya bintang 1 semua tidak ramah,Pelayanan
@CommuterLine Harusnya dari kp bandan-ckrg jam 19.17 petugasnya salah kasih info kereta. Tadi pagi berangkatpun telat dan ketahan,Keterlambatan
@CommuterLine Weh kAI gue udah berkali² sabar banget sama satpam yang cuma ngeliatin dan ga ngapa²in. Ngeliat orang di eskalator kanan diem aja. Mungkin waktu orang² setiap detiknya ga berguna makanya mereka santai beda sama gue. Jirlah satpam banyak tapi nongkrong gajelas.,Pelayanan
@CommuterLine Tlg pengaturan nya lbh diperbaiki lg di sta. Tanah Abang tangga manual td lengang/tdk terlalu rame tp semua org di minta naik eskalator ktk sdh di eskalator ternyata penuh sesak orang2 srh kembali lg ke tangga manual jd bolak balik hrsnya diinfo dr awal dibagi dua @CurhatKRL,Kepadatan
@CommuterLine hari ini jadwal krl yg kecikarang gapnya jauh banget ya biasa nya ada yg set 8 mlm dari karet ini gak ada hmm mana penumpang dah numpuk lagi,Kepadatan
@CommuterLine peron bogor jam ini 18.57 06/10/2023 penuh sesak di sta sudirman iklan2 bisa diilangin aja min buat penumpang berdiri.,Kepadatan
@CommuterLine Tolong bantu sosialisasi lagi tentang disabilitas tak tampak ya. Untuk petugas dan sesama penumpang. Sebagai penyandang disabilitas mental dengan kartu disabilitas saya mau naik transportasi umum jadi kegiatan sehari-hari yang aman dan nyaman untuk semua orang.,Pelayanan
@CommuterLine Bisa kaga KAJJ ngalah sama KRL..skr pelanggan kehilangan waktu. Naik 4025 mau transit di bekasi nunggu 5529 kelamaan tapi 4025 ditahan lama. SKR UD KEHILANGAN WAKTU KCI MAU TANGGUNG JAWAB. MMG BODO.,Keterlambatan
@CommuterLine 4 Sept 2024 pukul 06.40 WIB tanda larangan merokok di Pintu Gaperi St Bojong Gede cuma hiasan. Petugas di stasiun juga cuek,Pelayanan
@CommuterLine Boleh req ditambah aja gak Min eskalatornya atau tangga jalannya? Gak di maintenance aja padet bgt apalagi maintenance yaTuhaaaan,Kepadatan
@CommuterLine Rute sabang-merauke. Greenline jing greenline yang ngaret kira-kira rute mana kan lu yang kerja jir,Keterlambatan
@CommuterLine mohon perhatian di sta Bogor tolong diatur keluar masuk kereta. Bila kereta masuk jalur 2 selanjutnya jangan ada kereta masuk jalur 3. Ini mengakibatkan peron penuh SESAK terutama di ujung. (Jalur 4-8 kosong tuh). Tiap pagi berulang terus seperti ini mohon diatur. https://t.co/wl6doLcpE2,Kepadatan
@CommuterLine @Heraloebss Taaaaiii koootoook. Securitynya cupu beraninya sama orang yang kagak lawan doang. Lu punya aturan yg ribut di turunin. Kenapa itu kagak di turunin. Emang bener bener SAMPAH security di KRL cuma modal teriak teriak doang di bentak balik kuncup kayak belom di sunat.,Pelayanan
@CommuterLine oik mitigasi2 kerjaan mu kalau gangguan major begini seperti apa?? Ini KRL jalur hijau bisa delay penumpang penuh banget di peron!!,Keterlambatan
@CommuterLine kenapa petugas yang di depan jaga loket ngk info nyaa kalau adaaa gangguan operasional njing kayak di jebak ini jatoh nyaa babi,Keterlambatan
@CommuterLine Min sekarang ada kereta ga dari cikarang ke kp bandan via ps senen atau manggarai?? Kasian di stasiun cikarang penumpang udah numpuk banget,Kepadatan
@CommuterLine masinis KA 1641 nih lelet. Udah tau gangguan jalur kereta ga jalan pintu ga dibuka. Gimana orang mau keluar buat cari transportasi alternatif. Hih,Pelayanan
@CommuterLine kenapa dah di st cilebut gak ada info perjalanan krl nya. Tanya ke petugas jawabannya belum ada infonya https://t.co/mHcgIT7ZsD,Pelayanan
@CommuterLine Pantes seorang security kreta ngomong ke penumpangnya kalo gak mau kesenggol naek taksi aja? hah? emang itu kereta keluarga dia ngatur2!!! Tlg blngin ya saya juga krja di bagian pelayanan gak pnh ngmong seenggak etis itu ke orang (customer),Pelayanan
@CommuterLine Ini KRL tujuan Cikarang sore (setelah KA 6068) ga ada penambahan? DDT udah sampe Bekasi loh kesempatan emas buat nambah perjalanan KRL tujuan Cikarang khususnya sore hari. Udah kasihan itu 6072 setiap hari jadi pepes,Kepadatan
@CommuterLine nomor KAnya lupa sih tapi tadi berangkat dri bgr tujuan jkt sekitar jam 21.05 WIB jalur 3. Sebenernya ga sekali sih liat ada serangga gitu min coba tolong dicek ya min karna ngaruh banget ke kenyamanan penumpang ditambah saya takut bet kecoa minn,Kebersihan
@CommuterLine gue sangat MEMOHON untuk benerin jam keberangkatan lo. sampah.,Keterlambatan
@CommuterLine Rute bekasi/cikarang kampung bandang. Jam operasi pukul 7 pagi pasti kereta terlambat atau tertahan.,Keterlambatan
@CommuterLine percuma wei kereta ketahan mulu malah makin ngaret,Keterlambatan
@CommuterLine ini grgr nunggu kereta bandara??? makanya kl blm siap merger dua moda di 1 jalur jgn dipaksain jancok bkin org ribet telat aja pagi pagi,Keterlambatan
@CommuterLine Nah kan kumat lagi. Trus posisi 5507 udh dimana skrg? Udh pasti telat lagi dong ya gak smp Duri jam 06.42 kan? Iya kaaan? https://t.co/kNOvDjqGRS,Keterlambatan
@CommuterLine saya habis naik kereta kranji-tanah abang dan ini tanah abang-parung dua2nya kereta panas bgt serasa naik kereta ekonomi lama yg gk ada acnya. maintenancenya benerin dong,Pelayanan
@CommuterLine Halo KAI ini gamau dibenahi kah jadwal keberangkatan KAI dari Bekasi selalu DELAY terus terusan. informasi 10.22 coba lihat sekarang jam berapa?? Tolong lah kami juga punya waktu harus on time belum lagi kalau transit keretanya cuma ada 30menit sekali https://t.co/5noH320Ed2,Keterlambatan
@CommuterLine coba tolong info bekasi ada apa? Gangguan wesel lagi kah? Bekasi timur udah numpuk ini tahan di petak bkst - bks aja jangan tahan di tambun. Nanti yang dari bkst ga kedapetan krl..,Kepadatan
@CommuterLine Tolonglah ini uda kebyk kali begini. Yg sebenernya aja. Kl msh nunggu blg nunggu brp lama. Jd penumpang yg uda ngukur wkt sampe tujuan bisa ngira² dan bikin rencana apa spy gk telat. Gak perlu telp pagi pak mhn maaf sy akan telat krn krl nya ketahan blm tau seberapa lama,Keterlambatan
@CommuterLine Ditraining lagi securitynya jangan mau dibohongin ibu2 bukan penumpang orioritas untuk ngusir2 penumpang lain.,Pelayanan
@CommuterLine min ini peron di st Metland telaga murni bolong gt Ga bahaya ..? Tolong di perbaiki min https://t.co/wdv8qZ4lNb,Keamanan
@CommuterLine min kereta arah bogor/depok parah banget gak ada yang lewat sekalinya dateng udah penuh banget dan lama nunggunya,Keterlambatan
@CommuterLine makasih min Stasiun Pondok Ranji juga tiap hari bau sampah kayanya dari warga sekitar tapi,Kebersihan
@CommuterLine Min maaf satu lagi. Jarak jadwal kereta Duri-Tangerang pkl 21.13 ke 21.58 ini terlalu panjang 45 menit. Di sinilah masuk kereta ke Manggarai. Di sini juga penumpang ke Tangerang menumpuk krn menunggu lama sekali. Jika boleh ada kereta ke Tangerang di tengah jadwal ini plis.,Kepadatan
@CommuterLine min tolong dong keamanan di krl nya ditingkatin lagi. Kemaren ade saya hp nya dicopet di dalem KRL,Keamanan
@CommuterLine rangkaian KRL tujuan RKA ada kendala apa ya jalurnya tertahan di Sudimara lumayan lama,Keterlambatan
@CommuterLine perjalanan KRL Sore hari dari Tanah Abang Tujuan Akhir Tigaraksa harus diperbanyak krn KRL Relasi Tanah Abang-Tigaraksa (P.P) paling banyak dibutuhkan penumpang KRL krn KRL Tujuan akhir Tigaraksa sangat membantu sekali dan sebagai solusi mengurangi kepadatan pnp krl,Kepadatan
@CommuterLine WOY TANAH ABANG TIAP HARI AKSES TANGGA PINDAH PERON UDAH CROWD DI BIKIN TRANSIT DI JALUR 1 MAKIN CROWD! GAK EFISIEN! JADWAL KERETA TERBARU UDAH BIKIN PENUH PERON SKRG JADI MAKIN NUMPUK! GA JELAS LUKHHHH gue jadi telat ngantor mulu,Kepadatan
@CommuterLine min saran aja nih kalo lg padet yg turun tutup pintunya liat sikon. Saya turun depan saya nenek agak lama dan ramai untung pintu bisa ketahan ama badan saya. Kalo neneknya yg kejepit sangat bahaya. kereta pagi ini tiba di gondangdia jam 06.15,Keamanan
@CommuterLine KA 1404B 205-59 kereta 2 205-5041 di pintu 3A/B ada kecoa. bersihin dong.,Kebersihan
@CommuterLine Yg kreatip dongg alesannya....nih hari ini aja telat lagi 7.57 Masih nangkring di bekasi https://t.co/zM84hIOE3a,Keterlambatan
@CommuterLine anjing sumpah ya kereta angke lu yg jadwal 7:23 dari st bekasi timur ngaret mulu bangsat. bisa 8 menit ngaret anjing lu semua kerja ga beres,Keterlambatan
@CommuterLine @KAI121 apa gk mau bikin pin prioritas yg beragam seperti @mrtjakarta ? Aku sebagai penyintas saraf kejepit kadang bingung mau mintanya ky gimana soalnya dibilang disabilitas tapi masih bisa jalan dan gerak tapi klo gk minta ya aku ora mampu berdiri lama lama https://t.co/iBI9msAJzF,Keamanan
@CommuterLine Tgl 21 11 2023 pukul keberangkatan jam 07 sudah mencoba minta tolong keorg sekitar laki di dlm kereta tapi respon nya malah nanti aja sama petugasnya kita juga udh sempet cari petugas di dlm kereta GK ada akhirnya coba lapor pas turun di Manggarai tapi pelaku malah mencoba kabur,Keamanan
@CommuterLine Min saya pengguna pin ibu hamil. Tp ko di stasiun Daru petugas yang pakai baju putih (Bukan PKD) hanya memberikan pd pengguna disabilitas ya? setelah itu keluar. Lalu di kursi prioritas tidak ada yg memberikan tempat duduk karena pada tidur dan petugas cuek. Pdhl sy udh ngmong,Pelayanan
@CommuterLine @tanyakanrl Jgn tunggu orang meninggal atau cacad baru diperbaiki min. gercep itu bahaya bgt. Safety itu yg diutamakan,Keamanan
@CommuterLine min gmn ni dari stasiun manggarai segerombol laki masuk semua ke gerbong perempuan udah diusir baik-baik malah sampe stasiun ps minggu ngga pindah alesannya gerbong sebelah penuh padahal gerbonh campur bagian tengah msh lowong. Petugasnya jg lambat nanganinnya https://t.co/acDuF5jCSg,Pelayanan
@CommuterLine suka nggak ngerti ya sama jadwal cummuter ini telat nya nggak kira kira dari tdi nunggu buat jalur jakarta kota bogor kagak lewat lewat . Manusia uda numpuk . Tolong la di jam jam sibuk itu jadwal yg benar . Makin hari nggak ada perbaikan,Pelayanan
@CommuterLine Tolong dong @CommuterLine untuk yang tanpa kursi untuk dibatasi soalnya terlalu penuh sesak khususnya blorasura dan arjonegork,Kepadatan
@CommuterLine min ini aku udh stgh jam lebih nungguin di tambun nunggu kereta arah bekasi. kok ga muncul² kenapa ya?,Keterlambatan
@CommuterLine tolong jadwal ka yang baru dibenerin. Tadi jam 07.22 pagi line rangkas-tn abang (K1188225) kacau di gerbong perempuan paling belakang. Ada yang pingsan saking penuhnya dan banyak yg kegencet. mohon disediakan 1-2 petugas di gerbong perempuan untuk mengkondisikan,Kepadatan
@CommuterLine blue line knp sih ini keretanya delay bgt,Keterlambatan
@CommuterLine telat amat kereta luuuuuuuuu,Keterlambatan
@CommuterLine kali ini alesan ngaretnya apalagi? kereta 1645A jadwal 7.20 di pd ranji jam 7.28 belum sampe? goblok penumpang numpuk taugak? https://t.co/lTUZ8ttpbA,Kepadatan
@CommuterLine min ini KRL 9:31 dr Bogor sampai skrg blm jg brkt ada kendala apa ya? Nunggu kereta berikutnya datang atau gmn? Kereta cuma 8 gerbong jadi overload karena ngaret bagaimana management schedulenya?,Keterlambatan
@CommuterLine @hansdavidian Jawabnya begini mulu sampah,Pelayanan
@CommuterLine kenapa sih kereta 5057 ketahan mulu di jatinegara ngalah mulu sama KAJJ dipikir KAJJ doang yang punya kepentingan @KAI121 makanya kalo bikin jadwal itu yang realistis jangan bohongin publik. Pasti yang selalu diutamain KAJJ,Keterlambatan
@CommuterLine Kenapa udah numpuk baru info sekarang? Pantesan Kranji penuh banget,Kepadatan
@CommuterLine Saran saya sih kasih tau aja maksud gangguan operasionalnya apa supaya pengguna bisa memutuskan untuk nunggu atau pakai moda transportasi lain. Jangan biarkan kami terkatung2 tanpa penjelasan di dalam gerbong yang sangaattttt padat.,Pelayanan
@CommuterLine Naik kereta relasi Depok-Jakarta dijam 6.28 pagi ini kesel tp sedih jg buat dpt kursi prioritas ibu hamil susah bangeet. minta kursi sama mba2 yg keliatannya seger buger makeup'nya pun lumayan tebal tp jawabannya ketus saya lg pusing cari aja bangku yg lain!,Keamanan
@CommuterLine luar biasakereta arah angke baru datang jam 07:43 disaat di manggarai udah penuh banget . Good Job telat nya !!!!!!,Keterlambatan
@CommuterLine minkai saya stuck di cirebon dari jam 21.00 dan kereta Gajayana ga nyampe-nyampe ngape dh min tolong,Keterlambatan
@CommuterLine min tolong gate tap in/out di stasiun cawang ditambah. Tiap rush hour ini penumpang yg mau in &amp; out stasiun antrinya numpuk banget. Stasiun cawang itu pertemuan penumpang yang transit dari LRT dan TJ. Kan gak lucu ketinggalan kereta cuma gara gara antri tap in https://t.co/zCCxfkonwc,Kepadatan
@CommuterLine Jarak Peron depok baru ke kereta terlalu tinggi min pinggirannya jg uda pada grepes. Dikhawatirkan ada yg jatoh saat turun,Keamanan
@CommuterLine Harus nunggu lagi cukup lama harusnya dah bisa sampe di rumah kalau ga di prank.,Keterlambatan
@CommuterLine kalo kayak peron tanah abang gimana? peron duri peron serpong? numpuk semua orang overload,Kepadatan
@CommuterLine Waduuuh saya gak tau nomor KA nya min. Intinya banyak kejadian seperti tadi juga setiap saya naik commuterline bukan hanya di KA yang tadi. Setiap saya menggunakan commuterline itu hampir gak pernah lihat ada petugas security yg swiping,Pelayanan
@CommuterLine bikin jadwal krl yg nugas rangkaian krlnya juga disesuaikan bs ga sih krl udh gap jadwalnya jauh yang masuk cuman 8 gerbong padet bgt bru brngkt dari cilebut gmn stasiun selanjutnya dah tolong lah @perkeretaapian,Kepadatan
@CommuterLine min ini di krl arah jakarta kota gerbong 5 ada ibu bawa balita sm ibu hamil tp gaada yg mau ngasih duduk petugasnya jg gaada di gerbong ini. minta tolong dibantu follow up ke petugasnya ya soalnya kasian ibunya turunnya jauh. skrg di depok tp gatau no rangkaiannya,Keamanan
@CommuterLine min tanya deh kenapa utk krl tujuan Bogor atau depok kedatangannya lama sekali? Jam 08.19 saya tiba di stasiun kereta DTG jam 08.36. sedangkan di rentang waktu tsb ada kereta di Manggarai yg ketahan. Tolong dong dievaluasi jgn terlalu lama jeda waktu keberangkatan.,Keterlambatan
@CommuterLine Kereta Bogor - Jakarta kenapa pagi ini banyak jadwal yang hilang stasiun penumpang numpuk semua,Kepadatan
@CommuterLine ini jadwal kereta dari rawabuntu ke tanah abang rentang jam 7.40-8.00 pagi hari ini jadi ngaco gara2 ada lokomotif lewat. Penumpang numpuk. Duh itu lokomotif jangan lewat di peak hour dong!,Kepadatan
@CommuterLine ini kereta ketahan di gambir kenapa ya...? mau kerja min sy,Keterlambatan
@CommuterLine Sudah 3 hari ini pemberangkatan dari stasiun Bogor jam 05.53 selalu lama sekali tertahan masuk jakarta kota,Keterlambatan
@CommuterLine padahal udah sering naik media konsumen soal jadwal kereta yg kacau begini tapi gapernah diberesin deh heran,Keterlambatan
@CommuterLine Min kecoa nya masi ada min https://t.co/N7JnDFYkDC,Kebersihan
@CommuterLine MAU NYAMPE RAJAWALI JAM BERAPA? NTR DI SENEN DITAHAN LAGI NUNGGU KERETA KENCANA TOLOLLL ANJING GW UDH TELATTT,Keterlambatan
@CommuterLine tolong dong kereta angke-cikarang ini ada orang berisik bgt di krl satpamnya diem aja -_- sumpah ganggu bgt,Keamanan
@CommuterLine KRL arah duri kenapa delay dan ketahan di stasiun batu ceper ya.,Keterlambatan
@CommuterLine ini kenapa ya KRL rute Jakarta Kota lama banget belom sampai Manggarai juga?? Harusnya kan tiap 5 menit ada jadwalnya.. sampai numpuk banget ini penumpang di Manggarai ! Nggak pernah konsisten kalian ! Bikin penumpang selalu terlambat karna kalian,Kepadatan
@CommuterLine ini kereta Kampung Bandan via Pasar Senen yang 08.06 dari Klender Baru diskip kah kok tiba tiba jadi 08.20? Apa delay? https://t.co/9vfM2wRW6g,Keterlambatan
@CommuterLine apa yang bikin kereta kalian tertahan lama sih? Udah datangnya ngaret gak sesuai jadwal ditahan lama bgt pula padahal dah mau sampai stasiun kampung Bandan Mau kejar kereta tanjung Priok dah gak sempat karena telat,Keterlambatan
@CommuterLine kacau amat ya telatnya baru hari senin loh. Tambun keberangkatan 06.08 ditahan Jatinegara 10 menit ini masih ditahan Manggarai. Normalnya perjalanan sejam kenapa sih always begini KRL apa karena subsidi,Keterlambatan
@CommuterLine min ini kereta bogor ke jkt kota jeda waktunya brp lama ya? Biasanya weekday ga lama ini sampe keretanya penuh bgt. Ga usah di kurang2in pemberangkatannya min kita masih pada kerja,Keterlambatan
@CommuterLine Bukan itu maksudnya min ini kira2 sampai tgl berapa jalur kereta udh normal lagi? Flow kereta luar kota kapan udh menurunnya? Karena berangkat kerja jadi ga jelas nunggu jalur terus sampe setengah jam lebih lho padahal kemarin 10-15 menit,Keterlambatan
@CommuterLine kasih info jelas brp lama penanganannya di tambun kereta gangguan listrik Ini di bekasi ga bisa maju2 https://t.co/eyn1KQGRbu,Keterlambatan
@CommuterLine @vousmeoseh KAi commuter ini pada gak bisa kerja apa gmn dah? 40 menit woy!! Ini di sudirman udah numpuk kalau gak bisa mikir minimal jgn nyusahin orang,Kepadatan
@CommuterLine belum dikasih rangkaian kah sama pemerentah? Kacau lu. https://t.co/NUJGY0vfiu,Kepadatan
@CommuterLine Duh anjing nih krl udah dari kemarin absen kacau gara gara gabisa ngatur petak doang kontol,Keterlambatan
@CommuterLine jam 8.10 - 8.20 dari lenteng agung arah jkt kota cuma ada 1 keberangkatan 8 sf? parah banget udah numpuk penumpangnya di LA,Kepadatan
@CommuterLine gua mau balikk woii krl nya mana jam segini lama bgt udh numpuk di manggarai,Kepadatan
@CommuterLine Duh jd pen nemenin takut ada copet,Keamanan
@CommuterLine @aristoughteles Kan udh d blg gabs geser Sesek tau min geser iya kalo lenggang @KAI121,Kepadatan
@CommuterLine 1181 BJD-JAKK itu biasa dari stasiun DP 05.49 loh tadi jam 05.58 kereta baru tiba tapi ga cuma no ka itu hampir semua jadwal nya kacau tks,Keterlambatan
@CommuterLine Kereta mau msk manggarai aja ketahan ini min. Tadi sempat turun tebet nungguin yg ke kota ternyata semuanya ke manggarai. Yaudah mending transit manggarai trs lanjut naik moda lain. Mhon admin @kai commuter secepat beri info spy kami segera ganti moda drpd menunggu yg tdk pasti,Keterlambatan
@CommuterLine Tetep jadwal telaaaat numpuk teroz,Pelayanan
@CommuterLine Malam Min.. ini mah info dan saran aja ya.. kalo kereta Bogor line tujuan jakarta bogor trs dy tidak untuk penumpang pas di Bogor itu jangan dimasukin ke jalur 4/5 peronnya sempit. orang jadi rebutan turun kan bahaya.,Keamanan
@CommuterLine kereta ke angke yg jam 6.15 dari bekasi jangan dikasih 10 gerbong dong min -_- tadi udah keretanya telat sampe manggarai udah ga ketolong itu penuhnya minta ampuunn. sampe ada yg ga bisa keluar kereta gara2 pada maksa masuk,Kepadatan
@CommuterLine parah bgt kereta pagi2 dr bogor 8 gerbong 10 gerbong di kereta udh sempit bgt loh tolong dong jangan dzalim 12 kereta gt!!,Kepadatan
@CommuterLine Woi dah bikin jadwal baru buruk kereta datang dan pergi jadwal telat Mulu,Keterlambatan
@CommuterLine Tapi hal hebat itu terhenti oleh gangguan yg selalu ada di kereta ini. Selamat pagi tetap semangat #RekanCommuters,Keterlambatan
@CommuterLine @txttransportasi Pasang di depan layarrrrrrrrr jangan template doang. Satpam nya 100% gak berani negurrrr. Giliran kita pekerja yang dempet dempet an pengen cepet pulang diusir cari gerbong lain disini udh penuh bukannya bantu dorong kedalam eh disuruh keluar dari gerbong.,Pelayanan
@CommuterLine halo min boleh sarankah untuk Musholla di st.Tanah Abang itu karpetnya minimal dicuci min.2x sehari? . Sumpah bau banget saya pas sujud sampe nahan nafas huhu jadi ga khusyuk . Bolehkah tempat untuk beribadah sebau ini? . Semoga diterima dan dijalankan sarannya,Kebersihan
@CommuterLine mau teriak takut ngga ada security tolong ini bapak2 security sy ktmu ini manusia dr kmren hampir jd korbannya. Dia naik di St.Manggarai turun di BNI City tiap hari jam 06.35 tangannya gerayangan. Mau duduk berdiri jalan deket dia tangannya gerayangan!!! https://t.co/eAKaDSGLZj,Keamanan
@CommuterLine Kereta 1631F pemberangkatan parung panjang 5.38 telat min. Kereta baru sampe peron 5.40 padahal keretanya kan standby di parung panjang? Kenapa? Telat masinisnya? Haha Baru gerak ni keretanya 5.42 Payah,Keterlambatan
@CommuterLine kereta dari rangkas ke tanah abang telat mulu yaa dari kemarinn.. harusnya jam 10.11 nyampe tenjo ini udh 10.15 baru otw dri maja.. yg bener ajee,Keterlambatan
@CommuterLine min udah 2 hari kereta rangkas-tanah abang keberangkatan jam 5.10 telat mulu yaah..,Keterlambatan
@CommuterLine @KAI121 Masa ga ada perbaikan? Kalo gitu mending jadwalnya diubah aja. Soalnya bikin jadi numpuk. Di dalem rangkaian juga padet banget. Karna penumpang yg harusnya diangkut 2 rangkaian jadi 1,Kepadatan
@CommuterLine ini kereta ke jkt dari bogor jam 8.04 cuma 8 rangkaian dan penuh selanjutnya ke jkt jam 8.20 apa ga salah? Orang udh numpuk belum tentu jg bisa masuk Kereta balik depok 8.11 kan udh gaada ya dan jarak waktunya jauh bgt anjay,Kepadatan
@CommuterLine Diem² aja nih @KAI121 mentang² diam itu emas Total delay sdh 20 menit nich cc @perkeretaapian https://t.co/jV29h09thG,Keterlambatan
@CommuterLine kak rangkaian yang berhenti di jalur 6 st manggarai cukup pintu kiri aja yang di buka gerbong bagian depan gak dapat peron di sebelah kanan bahaya ada yg jatuh terdorong,Keamanan
@CommuterLine @KAI121 heran deh kenapa kebiasaan banget tiba tiba di manggarai kereta tidak untuk penumpang? sampe harus turun dan nunggu kereta selanjutnya. Kenapa ga dari awal aja bilang cuma sampe manggarai? aneh pelayanannya mana petugas ngusirnya gitu banget,Pelayanan
@CommuterLine @jalur5_ waduh kereta arah Bogor tertahan di St. Lt Agung. Ada gangguan apa nih? Sejak berangkat dari St Tanjung Barat mati listriknya. Sekarang masih di Lt Agung belum bs berangkat.,Keterlambatan
@CommuterLine Tolong banget dong aktifitas kereta luar kota sangat mengganggu lalulintas di jam sibuk comuterline. bikin krl tertahan 5 - 15 menit. Itu perjalanan normal dari bogor sampai depok coba deh KAI pindahin kereta2 luar kota ini dari stasiun kmyg dilewatin commuter line,Keterlambatan
@CommuterLine Arjonegoro rangkaiannya tolong dievaluasi jarak dan okupansi penumpang yg ramai mosok dilayani pakai krd yg cuma 4 rangkaian dan rawan mogok,Kepadatan
@CommuterLine @CommuterLine fasilitas publik ko gini bgt pelayanannya... evaluasi timny dong bisa kali yg trus2an lalai dicopot.,Pelayanan
@CommuterLine @mandasulii Min ini klo dr kalibata ke cikini apakah aman atau tertahan juga. Posisi kereta terdekat skrg ada dimana,Keterlambatan
@CommuterLine @PTKAI Dia dorong saya pada saat mau naik kereta sehingga saya terjatuh dan luka dibagian lutut,Keamanan
@CommuterLine kenapa yaa kereta bogor jakarta di kurangi 1 pemberangkartan ??? Kenapa ya gerbongnya di kurangi juga??? Udah sesek rame malah di kurangi,Kepadatan
@CommuterLine kalian memang aneh ya.. di rush hour bukannya di perbanyak rute Jakarta Kota malah rute ke Bogor yang kalian perbanyak.. Feeder juga nggak usah ada nggak guna banget !! Cuma bikin numpuk penumpang doang! Evaluasi dong jangan tiap complain kalian nggak evaluasi !,Kepadatan
@CommuterLine Min @CommuterLine greenline gangguan kah? Lama bgt kereta udh setengah jam ini arah tanah abang,Keterlambatan
@CommuterLine Lu kalo ujan ikut delay gjls,Keterlambatan
@CommuterLine telat mulu najis bikin kereta sumpek (gue udah berangkat lebih pagi ye admin ngeyel kereta lu aja yg telat mulu) Di jadwal gapeka 2025 yang efisien lu jam 07.06 berangkat ini jam 07.11 masih ngetem kayak angkot di bekasi @KAI121 @perkeretaapian https://t.co/2VHGchJvx5,Keterlambatan
@CommuterLine kereta dari DU arah MRI yang biasanya ber 7.25 dan 7.33 lagi kacau ya jadwalnya?,Keterlambatan
@CommuterLine Minta surat keterlambatan masuk kantor dimana ya? Udah 2 kali di minggu ini telat ngantor krn di line ada masalah. Grogol kebakaran lah ini tabrakan,Keterlambatan
@CommuterLine Trus ini kenapa telat mulu? Tambun lagi? Gitu aja terus smp 2045 https://t.co/dIkmk0uZg8,Keterlambatan
@CommuterLine Inget ya min nama petugasnya SYARAH dia bilang apa pun alasannya tidak diperbolehkan bawa daging kurban karena saya ditegur dan dimarahin sama kondektur commuter line malem2 saya terpaksa naik kendaran lain ke rumah sy dgn jarak yg jauh. Karena alasan konyol @CommuterLine,Pelayanan
@CommuterLine @jalur5 @anker @jalurcikarang schedule kereta jam 06:10 tujuan tambun tanah Abang sampe jam segini masih di tambun malah kereta jarak jauh yg jalan duluan kalian ga mikir ini para pekerja pada telat.,Keterlambatan
@CommuterLine sdh bbrp minggu ini eskalator yg naik ke lt 2 arah kota distasiun manggarai kok mati terus yaa .. Itu petugasnya gak ada yg mau benerin apa .. Tolong diperhatiin dunk trus dibenerin ..,Pelayanan
@CommuterLine @Fahad_Inoee @KAI121 Kejadian yg sama 3 tahun yg lalu lapor ke petugas pengen liat CCTV disuruh bikin surat kehilangan dulu ke polsek terdekat untuk syarat liat CCTV dan liat CCTV nya harus ke juanda CCTV stasiun hanya sekedar hiasan jangan berharap bisa membantu anda ketika kena musibah,Pelayanan
@CommuterLine kereta lokal arah merak dari rangkas ada kendala apa min malam ini? karna delay nih sudah mau 1 jam dari waktu yg seharusnya,Keterlambatan
@CommuterLine Coba aja cek sendiri Headway kereta di manggarai ke arah sudirman nunggu dari 18.45 dan kereta diperkirakan baru masuk jam 19.10 25 menit di jam pulang kerja? Wkwk,Keterlambatan
@CommuterLine bos lama krl lu delay 15 menit bogor - jakk,Keterlambatan
@CommuterLine @tanyakanrl mana bisa kaga buru2 pintunya cepet bgt ketutup yg naik turun banyak kek di belakang gue ada zombie mint. petugasnye maneee kan kaga selalu standby deket kite keburu nyampe sawah besar kite kalo nunggu petugas mah,Keterlambatan
@CommuterLine Tadi malam 7 Des jam 23.30 ada ibu Hamil dilarang Security nyeberang rel di stasiun Sudimara harus dari kolong baru turun dari CL terakhir ke Rangkasbitung. Banyak yg marah lihat arogannya security sekarang.,Pelayanan
@CommuterLine @yudhistiramissu @RMU_ID Itu udh jelas maling loh bukti semua ada. Cuma gara2 korban gaada di lokasi terus dilepas gitu aja? Tolol sih kalian @RMU_ID,Keamanan
@CommuterLine min ini kereta nambo ketahan di pasming lama banget sekalinya naik kereta gini amat pelayanannya. https://t.co/denFlOzGUF,Keterlambatan
@CommuterLine kereta dari tanah abang ke duri yg jam 18.30 kacau bener penumpang masih ada yg turun tapi pintu udh di tutup penumpang lg pada naik tapi udh di tutup untung ga kejepit pintu. Gada monitor buat mantau pintu kah?,Keterlambatan
@CommuterLine di Jatinegara kereta Cikarang tlng pak tdk berhenti lama lama sy diri dr stasiun Cibitung dikit LG trn ke stasiun Matraman kaki sakit bener ini smpi tlng belakang.tlmg di cepetin ya . terimakasih banyak,Keterlambatan
@CommuterLine @txttransportasi halah sering kyk gini ato nggk ada bocah nnton tiktok volume full petugas lewat doank jir gaada ditegur atau apa atau ibu2 ngobrol kenceng banget hampir kyk teriak di tengah2 gerbong yang agak rame dan pada keusik pun diem aja,Keamanan
@CommuterLine krl cikarang dari duri sekarang ini jam berapa sih datengnya?? Lama banget yaallah,Keterlambatan
@CommuterLine agak cepet ya min. bau soalnya,Kebersihan
@CommuterLine @xxnvl2 BALES MENTION GUA WOYYYY!!!!!!!!!!!! BLUE LINE TELAT 25 MENIT!!!!!! Maksud lo apa hah??????? Gila lu ya 25 menit gak sebentar!!!!!! Orang2 disini udah dari jam 19.50an!!!!!! https://t.co/V54FBBr0dV,Keterlambatan
@CommuterLine setiap naik krl duduk di pojok pasti ada kecoa keluar semua krl lagi. Ga pernah dibersihkan ya? Ini yg ke foto cuma 1. Pdhl ada banyak dr td keluar masuk kursi https://t.co/FCiLwPINGN,Kebersihan
@CommuterLine saya kehilangan helm rsv ff500 carbon ini video cctv nya kalo sudah begini siapa yg harus bertanggung jawab masa security tidak ada memperhatikan jika helm saya diambil #bnicity #kereta #stasiunbni https://t.co/VqrCV3iAkp,Keamanan
@CommuterLine EMANG KALO PAGI2 KAGA LANGSIR NGAPA SI?! ELAAAAAHH DI SUDIMARA UDH NUMPUK INIHHHHHH GEGARA PALA KERETA LEWAT,Kepadatan
@CommuterLine eskalator turun arah peron 2 di Stasiun Palmerah udh lama rusak gk ditindaklanjuti min? Bahaya loh kalau penumpang rame² turun di eskalator mati gini https://t.co/dL8aTNAadP,Keamanan
@CommuterLine ini pihak KAI gak mau berbenah dengan jadwal kereta KRL di jam sibuk terutama di pagi hari? Nunggu kereta dari Tanah Abang aja harus 10 menitan lebih. Tahun lalu kayanya jadwalnya gak sekacau ini. Skrng ketinggalan kereta satu aja nunggunya lama,Kebersihan
@CommuterLine Ya tolong di cek itu masa 3 gerbong itu pada buka jendela. Masuk kedalem pengapnya bkn main pada keringetan. Sampe sy turun di univ.pancasila perkara pengap + nimbulin bau perjuangan sore (iynwim). Gak nyaman asli naik itu,Kepadatan
@CommuterLine subhanallah nunggu kereta cikarang bekasi jalur 2 di tanah abang bias pergi umrah sama belanja korma dulu,Keterlambatan
@CommuterLine KERETA LOKAL CIMEKAR KE BANDUNG DELAY 30 MENIT INI GIMANA SIH? SAYA ADA KEBERANGKATAN LAGI JAM 3 KE JAKARTA. MAU GANTI TIKET SAYA YANG HANGUS??,Keterlambatan
@CommuterLine boleh tarok barang di depan pintu gini? Td security liat jg diem bae.. ganggu org mau turun naik https://t.co/R0Viwpgiyo,Keamanan
@CommuterLine min ini line rangkasbitung kena delay melulu ada apa si? naek yg 7.40 dari tanah abang biasanya dah sampe Cisauk 8.15 ini udh jam segini masih di sudimara,Keterlambatan
@CommuterLine haloo Ini ada apakah krl tujuan tangerang tertahan di antara stasiun bojong indah Dan rawabuaya ?.? -_-,Keterlambatan
@CommuterLine mang boleh telat 10 menit kereta serpong-tanah abang?,Keterlambatan
@CommuterLine manggarai nunggu kereta ke angke kereta terakhir pukul 18.35 sampe sekarang ga ada yang dateng lagi cikarang udah bolak balik dari tadi,Keterlambatan
@CommuterLine Krmarin bilang mau evaluasi atas keterlambatan Manggarai yang harusnya 6:30 berangkat cilebut. Ini masih diulang. Masih delay terus. Kalian ga punya jadwal pasti ya? Buang aja semua jadwal kalian kalo berangkat nunggu penuh kayak angkot. https://t.co/PRcptuguxr,Keterlambatan
@CommuterLine Apa lagi yang perlu dicek? Jelas-jelas problemnya adalah akses yang susah (sehingga harus mepet dan dorong-dorongan) dan penjadwalan keberangkatan yang sangat SANGAT buruk sehingga ada kereta yang volume penumpangnya jauh lebih banyak. Sesimpel itu Kak.,Kepadatan
@CommuterLine Kalo gangguan di parung panjang harusnya buat ada kereta dari serpong ke tanah abang dong masa harus nunggu ampe bener kalo benerinnya cepet enak ini dari jam 7.22,Keterlambatan
@CommuterLine Bikin macet aja mim di pintu dkt yg bojong depok baru. Karna penumpang numpuk dari pintu itu smua min.,Kepadatan
@CommuterLine kereta bandara 18.07 kok delay sih dari sudirman baru??????,Keterlambatan
@CommuterLine woi bangsat Bekasi-Tambun doang nunggu setrngah jam kereta ga jalan buruan ngapa lemot bgt punya masinis,Keterlambatan
@CommuterLine @alkhabiru10 Min jalur 3 juga TELAT nih..!!! Kacau nih mana hari Senin penumpang numpuk,Kepadatan
@CommuterLine Pernah tanya ke satpam karena aku awam banget baru pertama kali dari tanah abang ke cikarang karena aku gak tau jalurnya mau ke cikarang tuh ada di peron 5 sama 6 aku tanya jawabannya ketua banget ya allah jadi trauma,Pelayanan
@CommuterLine iya ga nyaman banget + kecewa aja masalah kayak gini solusinya g masuk akal wkwkwkwkwk lucu bangett krl beserta satpam dan cs stasiun cibitung hehehehe untung murah️,Pelayanan
@CommuterLine bulan ini trouble terus dah evaluasi yak @CommuterLine perusahaan monopoli masa culun gini sih pelayanannya ckck,Keterlambatan
@CommuterLine Min kenapa kalo transit pintu dibuka di St Serpong bau sampah?,Kebersihan
@CommuterLine Kacau ni KAI kinerjanye..,Keterlambatan
@CommuterLine Kejauhan bro beda 20menit lebih keburu numpuk. Belom lagi AC kereta yg sering bgt ga nyala. Kira2 lah,Kepadatan
@CommuterLine jorok bet dah ah pegangan lu min https://t.co/ZcfgVnIQUs,Kebersihan
@CommuterLine kemaren beli kartu di vending machine kembaliannya ga keluar udah ke cs nya juga. tp proses pengembalian dana nya kok lama ya kak,Pelayanan
@CommuterLine hallo ini kenapa lama banget dari tadi Cikarang - kp. Bandan. Dari tadi kereta api terus yang lewat,Keterlambatan
@CommuterLine siang min mau saran aja utk karpet dan mukena yg ada di mushola st pocin dan stasiun lainnya tolong agar diperhatikan lg kebersihannya ya min. Karna kmrn pas ke mushola pocin karpet dan mukenanya bau jadi kurang nyaman untuk sholat. Terimakasih,Kebersihan
@CommuterLine TOLONG DI EDUKASI SECURITY STASIUN CIKINI. MASA MAU MASUK DAH KASIH SINYAL TUTUP KE MASINIS KALO ORANG KEJEPIT MAU TANGGUNG JAWAB??!,Keamanan
@CommuterLine malam min minta tolong satpam2nya dikasih tau bahwa tangga itu untuk 2 jalur bukan untuk 1 jalur ya min karena kita semua mengejar kereta. tadi pagi di tanahabang satpamnya melarang penumpang yg transit dari kereta cikarang untuk lewat tangga sebelah,Pelayanan
@CommuterLine Heh para staff commuter punya otak harusnya di pake kalau kereta yg lewat manggarai telat banget lo cari cara dengan batalin 1 atau 2 kereta yg lewat Senen kasih yg lewat manggarai kayak robot lo kerja semua gak pinter2 dari dulu,Keterlambatan
@CommuterLine kocak banget deh nih jadwal krl bekasi setelah libur lebaran suka ngaret terus. Apalagi pas rush hour. Kereta pemberangkatan yg harusnya jam 07:06 jam 07:06 aja belum dateng keretanya‍↕️ Efek libur lebaran ya jadi belum pada efektif pelayanannya?,Keterlambatan
@CommuterLine Gak bisa min kalau nunggu hampir 30 menit bisa numpuk itu Cuma 8 gerbong lagi,Kepadatan
@CommuterLine Penanganan teknisi setempat butuh berapa lama woi ini udh sejam kereta stuck gajalan:-( udh jadi daging beku ini kita di dalam kereta,Keterlambatan
@CommuterLine masa gangguang lagi sih greenline. 2minggu ini kayaknya kacau banget. pada kerja apa ngga sih? jujur evaluasinya ngga ada apa gimana sih?,Keterlambatan
@CommuterLine @CommuterLine Gada ngaruh apa apa penambahan krl malah kacau gini banyak yang batal,Keterlambatan
@CommuterLine ya makanyaaaaa kalo malem tuh elu cek bener2 cong. gatau ya klo waktu itu berharga? udah jadwal gapeka lo gajelas org numpuk di stasiun dan green line lu tuh gaada akses kendaraan umum lagi. hobi kok di omelin org sih heran,Pelayanan
@CommuterLine halo min ini kok 6009 masih d bekasi timur ya? Dr jam 6.55 diannounce kereta sdh brkt bekasi timur. Molor bener min jadwalnya. Malahan jd deketan sama yg belakangnya. Kesiangan nihh @CurhatKRL,Keterlambatan
@CommuterLine min rute tanah abang rangkas ada kendala ga? Ini numpuk banged di tanah abang,Kepadatan
@CommuterLine arah duri knp ga masuk2 si krlnya udh numpuk penumpangnya ni,Kepadatan
@CommuterLine kenapa sih nunggu kereta harus lama?,Keterlambatan
@CommuterLine halo min maaf sebelumnya mau ada pengaduan pelecehan. jadi sore ini suamiku baru sampai di stasiun Parung Panjang Bogor waktu di tangga menuju tap out counter ada yang remas pantat suami aku dari belakang. dan ya ga ada bukti dan ga sempet noleh ke belakang,Keamanan
@CommuterLine SAMPAH gapunya plan emergency apa? udah numpuk ini woy goblok di stasiun,Kepadatan
@CommuterLine Nyampe Stasiun Duri jam 08.55 jadwalnya sih tertulis ada di jalur 2 jam 09.02 dan 09.07. Nyatanya? GAK ADA tuh kedua kereta itu. Jadwalnya fiktif aplikasinya nipu!!! Baru ada jam 09.14. Palingan alasannya delay. Gak disiplin dong berarti? https://t.co/YCYuSlEjmU,Keterlambatan
@CommuterLine halo kereta jurusan bogor harusnya jam 5.55 sudah di juanda. Sampai jam 6.05 belum juga dateng. Telat sekali,Keterlambatan
@CommuterLine min jadwal lu ngaret terus nih...!!! Kereta KA 1011 Bogor - Manggarai harusnya jm 6.22 ini jalan jam 6.25. Kalo twit ini ga direspon lagi gw bakal spam 3 hari berturut2 lu min...!!! Cc : @KAI121 @erickthohir @prabowo,Keterlambatan
@CommuterLine KRL 5039 kenapa sering telat ya sekarang masuk Bekasi di atas 5.50 terus jadi penuh banget karna penumpang yg biasa naik KRL selanjutnya jadi pada ikut naik juga numpuk jadinya. Mana crew KRL gak pernah info lagi telatnya kenapa,Kepadatan
@CommuterLine @KAI121 error nih aplikasinya. Mau beli tiket pulang kerja jadi ga bisa. Takut keabisan kalo ntar karena ini masih musim libur,Pelayanan
@CommuterLine Min tolong kasih tau estimasi dong kereta ke tanah abang baru 1 kali lewat di serpong dari jam 7.08 sampe sekarang masa ga ada yang jalan lagi ke tanah abang ini udah mau jam 8 udah mau 1 jam gangguan gajelas pemberitahuan baru sekarang di info,Keterlambatan
@CommuterLine bagaimana dengan kami himbau menambah armada? mau naek dari stasiun mana pun juga kalo dalemnya dah penuh gabisa masuk?,Kepadatan
@CommuterLine Percuma toh jadwal baru tapi klo masih suka telat telatan. Mending di benahi dulu apa penyeban kereta suka telat. Telat 1-3 menit itu juga kerasa apalagi pengguna transit telat 1 menit bisa nunggu kurleb 10 menit jadinya. TAMBAHKAN FEEDER MRI-BKS LAGI,Keterlambatan
@CommuterLine min krl yg pemberangkatan awal dr cilebut masih ada ga ya yg pagi jam 6.20? tlg krl ke kota banyakin 12 rgkaian donk min di jam sgitu padet bgt 8 rgkaian semua,Kepadatan
@CommuterLine Demi Allah kenapa sih Greenline bermasalah terus? kaga ada perbaikan sama sekali apa? Jadwal telat udah gitu numpuk orang semuanya pengen maki tapi percuma gapunya otak,Pelayanan
@CommuterLine Memang skrg pelecehan seksual berkurang digerbong campuran bagaimana di gerbong khusus wanita? Byk informasi sering terjadi kekerasan sesama jenis. Bahkan wanita lbh aman digerbong campuran dimana pria menghormati ibu2 hamil dan lansia. Fokus KAI hrs nya skrg digerbong wanita,Keamanan
@CommuterLine @yudiiidoey Betul untuk krl Cikarang/Bekasi - kampung Bandan via pasar senen jadwalnya terlalu jauh bedanya jdnya penumpang sering numpuk.,Kepadatan
@CommuterLine min refund ku kapan ih? Udah sebulan lewat?????W mau pesen lewat app ragu takut kejadian yg sama lagi,Pelayanan
@CommuterLine stop bikin jadwal kereta arah tanah abang telat!!!,Keterlambatan
@CommuterLine Saya ga hapal no KA-nya. Bekasi/Cikarang - Angke via MRI. Sampe di sta Klender jam 7.30. Jadwal yg tertera di board jam 7.24. Saya sampai di stasiun 7.10. Rush hour via MRI paling padat tapi interval segitu lamanya. Bayangin gmn padatnya tuh gerbong stlh &gt; 20 menit,Kepadatan
@CommuterLine sore min petugas loket di stasiun Kota jutek amat dh. Gajian lancar kan min ??,Pelayanan
@CommuterLine Tolong jgn keseringan begini. Kesian yg mau ke tj priok ngejar jam nya udh mana nunggu nya bisa 15 menitan telat sedikit belum lagi pindah peron nya jauh.,Keterlambatan
@CommuterLine @txtdrbekasi @PernebangRoket @KAI121 Kalo ada perbaikan harusnya petugasnya keliatan kan pak? Ini kok goib?,Pelayanan
@CommuterLine rekayasa bagus tp tolong dimanage dong ini kereta di depok gak diberangaktin udah 3 kereta yg cuma sampe depok penumpang pada numpuk pindah semua. Banyak yg bawa anak kecil jg. Info dari rekan yang di citayam tidak ada kereta stasiun kosong. Ente kadang2 ente,Kepadatan
@CommuterLine min dr Rawabuaya kereta yang 8:11 kok ga dateng ? Malah dateng yang 8:27. FYI di Duri jd chaos bgt membludak min. Sama saran dong Duri kan stasiun Transit yg lumayan gede ya kenapa Eskalator naik dan turun masing2 cuman 1 min ? Tolong di tambah lg eskalatornya,Keterlambatan
@CommuterLine kereta jam 05;11 dari cikarang - angke telat kah atau emang berubah jadwal?? Jam 05:18 kok baru berangkat? Biasanya kan 05;19 dapet rangkaian baru 12 SF,Keterlambatan
@CommuterLine @KAI121 selamat pagi kak saya mau tanya terkait jam keberangkatan commuter line SUPAS dari stasiun bangil jam 10.20 hari ini akan mengalami delay kah? karena di hari kamis dan jumat kemarin delay 2 jam. mohon infonya kak terima kasih,Keterlambatan
@CommuterLine min apa ga mau ada gebrakan utk rute Tangerang Duri dan sebaliknya?? Itu kereta udh penuh bgt tiap hari di jam sibuk. Di weekend aja jg rame skrg. Eskalator jg kecil. Dorong2an terus min. N kereta tangerang jgn smpe AC mati lah.,Kepadatan
@CommuterLine @adhevaintan dapat surat ketermbatalan gak nih. nanti minta sama petugasnya dibilang hal biasa masuk mri ketahan. ini keterlaluan loh ketahannya.,Keterlambatan
@CommuterLine Wah malah jd pd maju. Kacau,Keterlambatan
@CommuterLine kl mmg orang2 KCI pinter 5531 dimajukan jadwal gunakan jadwal 5529A 5529A sebaliknya. Bukannya 08.11 di ilangin yg bodo siapa ya ???,Keterlambatan
@CommuterLine selamat pagi penipu hari ini kereta ketahan lagi di jatinegara. hari hari disuruh ngalah sama yg punya rel (KAJJ) @KAI121 @KAI121 @KAI121 @KAI121 https://t.co/lTfrG0jtOy,Keterlambatan
@CommuterLine KA 1649 TELAT!,Keterlambatan
@CommuterLine min kereta tujuan jkt kota #1169B gerbong 2 dari depan ACnya gak berfungsi kaca berembun ada petugas tapi tidak berusaha membuka jendela penumpangnya juga enggan. Saya nggak kuat pengap pindah gerbong akhirnya min. Tolong difollow up.,Kebersihan
@CommuterLine ini kereta dari Cikarang kenapa lama banget sih di Tambun udah numpuk banget ini penumpang masa harusnya pemberangkatan jam 08.26 dari Tambun ini sampe jam 08.44 kereta masih di Cikarang hadehh PHP mulu nehh,Kepadatan
@CommuterLine LAMA BANGET WOYYY KERETA KETAHANNYA,Keterlambatan
@CommuterLine tolong ya itu petugasnya kl ngomong dijaga. Tolong ya semua jalannya yang cepat! Ini Manggarai bukan stasiun yang lain..! Hello kita lagi di pinggiran tiang salah jejek kaki dikit setor nyawa! Wajar kalau ngerem dikit! Jauh dari rel juga kita lari2 sparta!,Pelayanan
@CommuterLine min krl arah solo ke Jogja kok delay ya? Kira2 sampe jam brp ini??,Keterlambatan
@CommuterLine @annepurba @CommuterLine 5508 mau masuk CIK jam berapa ??? 5507 baru masuk kpb 07.16 kalau KCI kg bodo 4010 bisa balik sbg 5529 https://t.co/ICBh1IlT6q,Keterlambatan
@CommuterLine Setiap hari kaya pepes ikan terus..tolong di evaluasi lagi untuk jam2 kerja dari jam 6 sampe jam 8 pagi sibuk berangkat kerja min...terima kasih https://t.co/fLxTjN1J5e,Kepadatan
@CommuterLine kacau. meeting di Bandung pilih kereta biar gk delay malah begini jadi nya,Keterlambatan
@CommuterLine krl tuj bogor jkt antri manggarai lma bgt,Keterlambatan
@CommuterLine ini interval kereta tanah abang rangkas kejauhan pakk penumpang numpuk bangett,Kepadatan
@CommuterLine Cari datanya yang valid ya Cek di cctv stasiun kalau memang betul 669 hari ini masuk di LPN tepat pukul 07.19 WIB Keluhan saya atas keterlambatan 669 hari ini sudah saya sampaikan juga ke petugas di stasiun LPN mereka mengiyakan kalau 669 terlambat hari ini,Keterlambatan
@CommuterLine tapi kalo bau sampah sii baru kali ini cuma kalo bau pesing udah dari lama min tiap berhenti di serpong pasti selalu semerbak,Kebersihan
@CommuterLine Iya min pada kepanasan ini mana lgi padet penumpang,Kepadatan
@CommuterLine jujur saya gapernah berani buat minta kursi prioritas tapi saya dalam kondisi perut besar sengaja berdiri depan satpam tpi disayangkan bgt ga dicariin kursi malah sibuk main hp satpamnya,Pelayanan
@CommuterLine maaf kalau cupu dan gak berani negor sendiri tapi di kereta tangerang-duri pas di poris ada nenek-nenek naik di stasiun poris gerbong nomor 8 yang perempuan gak dikasih kursi sama sekitarnya petugasnya liat tapi malah pilih buat kabur,Pelayanan
@CommuterLine min kereta 1284 gerbong 9 bau jengkol https://t.co/grdKYXMDuw,Kebersihan
@CommuterLine @galangaryojati_ GILIRAN BEGINI CEPET LU BALES BALES GUA WOIIIII UDAH NUMPUK DI GROGOL MAU KE DURI KERETA KOSONG DARI 18.16!!!!!!!!!!!!!!! JADWALNYA 18.30 WIB JAM SEGINI BARU OTW TAMAN KOTAAAAAAAAAAA,Kepadatan
@CommuterLine min kereta Bogor manggarai yg jam 6.22 lelet banget. Harusnya 40 menit udah sampe Universitas Pancasila ini sampe 54 menit lho. Sejak gapeka 1 Februari jadwal dan durasi perjalanan kacau...,Keterlambatan
@CommuterLine min genuine asking knp jalur rangkas belakang in padet nya ga ngotak ya? Dan apa ga bisa diperbanyak jadwal nya apalagi di rush hour karna penuh sampe tangga ngantri nya gini dem https://t.co/dO0flbAjkN,Kepadatan
@CommuterLine 12 taon naek krl greenline ke Tanah Abang hampir selalu turun dulu di Kebayoran kasih kesempatan pnp laen yg turun di Kebayoran baru kali ini pnp belum selesai naik lagi pintu udah ditutup duluan minim koordinasi. Mana PKD sengak bener jawabnya kejadian KA 1649A,Keterlambatan
@CommuterLine min kereta cibinong terlambat jadi jam berapa malem ini?,Keterlambatan
@CommuterLine @kegblgnunfaedh Turunin lah ngapain dilerai doang. Security kok fungsinya cuma melerai. Ntar kalo bikin ulah lagi gimana?,Pelayanan
@CommuterLine min kenapa ya tiap kali waktu shalat magrib air tempat wudhu stasiun Duri tuh selalu kecil bahkan sore ini sampai mati 10menitan. Petugasnya bilang perbaikan mesin berarti perbaikan terus ya huft. Tolong lah beli booster pump agar supaya air naik kenceng hzhzhz https://t.co/iWJrGkOu6p,Kebersihan
@CommuterLine Min jadwal benerin min Mending pake yg lama aja deh kl begini mah Susah emang kl yg bikin jadwal ga pernah naek kereta,Keterlambatan
@CommuterLine min kereta padalarang - kircon ko telat banget delay 13 menit belum berangkat. keberangkatan jam 22.10,Keterlambatan
@CommuterLine Min mintol perhatiannya sama unit KA 1181B BOO-JKT. AC nya parah banget panasnya. Sabtu padat rebutan oksigen banget. Khawatir sama lansia dan penumpang yang punya masalah pernapasan. Saya yg bkn lansia aja sesak banget ini. Terima kasih,Kepadatan
@CommuterLine 5053B sampe karet telat 20 menit cuyy.. penuh sesak &amp; memicu perkelahian waktu turun naik penumpang.,Keterlambatan
@CommuterLine ini kenapa siiih jurusan Manggarai dari Sudirman setiap mau masuk Stasiun Manggarai sering berhenti lama banget buat nunggu sinyal masuk?! Saya udah ketinggalan 2 kereta karena sampai sekarang masih stop nunggu sinyal masuk stasiun.,Keterlambatan
@CommuterLine ada apa ni min kok Rangkasbitung line tujuan Parung panjang jam segini delay biasanya berangkat jam 18.10?,Keterlambatan
@CommuterLine Kak tolong di perhatikan ya untuk celah peron dan tingginya karena celah nya sangat besar dan peron masih sedikit pendek di stasiun krl jakarta-bogor ini sangat bahaya apalagi buat ibu hamil lansia dan orang disabilitas. Pliss tinggikan peron nya atau tambah tangga besi.,Keamanan
@CommuterLine @tatszf Jangan kebanyakan mohon maaf ... jadwal udh di update terbaru tetap aja jadwalnya berantakan bener-bener numpuk di dalam kereta,Pelayanan
@CommuterLine ini gimana dah min dr st. bekasi padet bgt ni penumpang KRL via manggarai tp malah kretany yg paling byk ke arah via Senen. harusnya intensitas yg lbh byk tu KRL via Manggarai bukan via senen lagi senen lagi. hadeuh..,Kepadatan
@CommuterLine @qkssi23 Harusnya udh ada kereta yg nunggu ga sih di arah utara supaya yg mau ke arah serpong parungpanjang rangkasbitung ga nunggu langsir kreta yg baru smpe di jalur 3. Itu jg yg bikin penumpang numpuk apa emg sengaja biar org2 di tumpuk dulu ya,Kepadatan
@CommuterLine Aplikasi loading terus KRL delay hmm ..,Keterlambatan
@CommuterLine kacau lagi anjirr di ps minggu lama banget padahal ga ada penumpang. Buang2 waktu anjir,Keterlambatan
@CommuterLine Iya min walaupun udh gaada jadwal krl harusnya tetap ada petugas yg jaga di gate biar bisa standby infoin penumpang yg gatau jadwal. Tadi malah pada ngobrol didalem sedih bgt padahal KAI udh oke banget pelayanannya sejauh ini.,Pelayanan
@CommuterLine ini kenapa dah sinyal masuk ke stasiun pasar Minggu problem parah. Jadi kacau semua jadwal. Sering banget gangguan,Keterlambatan
@CommuterLine pepes banget akhirnya...bahkan br bisa geserin badan pas di MRI,Kepadatan
@CommuterLine min sebenernya di area stasiun tuh boleh ngerokok ga si? soalnya tadi saya keganggu banget di stasiun jatinegara ada yg ngerokok di tempat security peron 5 sekitar jam 13.30 an,Keamanan
@CommuterLine KRL tangerang-duri yang pukul 06.46 kenapa tidak ada yah? Jadi padat sekali di stasiun poris.,Keterlambatan
@CommuterLine @andikaGoGo86 Nyenyenye akan terus seperti ini ya Min? Sampai kita buat kasus kereta anjlok karena dorong-dorongan ga muat lagi di Sudirman? Menarik 30 menit ga ada KRL lewat di Peak Hour siapa yang pantas disalahkan? Jadwal? Apa PPKA DAOP 1 Blueline?,Keamanan
@CommuterLine @AsdoAr @KAI121 @perkeretaapian SUDAH KOMPLAIN PERJALANAN LIN CKR/BKS YG DELAY SETIAP HARI 6 BULAN GAPEKA BERJALAN LIN CKR/BKS SAMA SEKALI TIDAK ADA PERBAIKAN. KOMPLAIN TIDAK DIANGGAP INIKAH PELAYANAN PT KCI PAK @prabowo pak @gibran_tweet pak @kemenhub151 .,Keterlambatan
@CommuterLine min eskalator di Stasiun Duri kumat. Bikin penumpang ketinggalan kereta. Ga ada pemberitahuan pula lg kalo eskalatornya rusak. Tolong dong dipasang pengumuman biar penumpang bisa otomatis lewat tangga jd ga numpuk di dpn lift https://t.co/ZWL9gVQjQ0,Pelayanan
@CommuterLine ini ke arah jakarta kota udah STENGAH JAM ga dateng dateng. Gaada info juga tadi sama petugasnya kenapa telat. Mau reimburse ongkos gue gak kalo naik gojek?,Keterlambatan
@CommuterLine ini kapan ya ada tenant2 di dalam St. Manggarai? Nunggu kereta Bekasi masih lama mau cari jajan harus tap out dulu. Yg bikin gimana ini apa ya dibilangnya susah cari kata yg halus.,Pelayanan
@CommuterLine Benar it semua jadwal dari bogor/nambo. Yang biasa naik dr dipo 5.50 jadinya ikut kreta it imbasnya makin padet dan juga susahnya untuk penumpang prio bisa dapat duduk. Krn kursi prio penuh+susah buat terobos pnp yang bdiri juga PKD yg tidak ada di tiap gerbong.,Kepadatan
@CommuterLine kereta uji coba lewat 2x. orang2 keburu numpuk di stasiun. ajaib banget ajaibbbbbbbb,Kepadatan
@CommuterLine @Pai_C1 Dalam waktu berdekatan ada 2 penumpang buat ribut. Terus securitynya plongah plongoh kagak di paksa turun yang buat ribut. Tigas security apa? Cuma berani ke pwnumpang yang sopan doang? @CommuterLine sampah betul.,Pelayanan
@CommuterLine Kereta ke arah angke 4.49 sering molor noh,Keterlambatan
@CommuterLine tolong petugas di st Duri lebih tegas lagi kalau kerja. Tangga manual untuk jalur turun malah dipakai untuk naik jdnya macet. Pdhl ini di jam padat kereta Bekasi dan Tangerang masuk bareng. Pdhal akses naik itu sdh dikasih lebih banyak eskalator sj keduanya naik,Pelayanan
@CommuterLine min kalau mau ke stasiun Kemayoran naik stasiun apa selain kampung bandan via pasar senen? soalnya yg dari kampung bandan delay nya lama banget,Keterlambatan
@CommuterLine tumben banget di Cikarang gk ada krl standby? Dari segitu banyaknya jalur KRL gk ada satupun yang stanby,Keterlambatan
@CommuterLine @CurhatKRL manggarai peron 8 kenapa bisa penuh gini kereta cikarang bekasi pada diumpetin dimana nih??? https://t.co/fxBtWlfzWH,Kepadatan
@CommuterLine min ini kereta menuju duri udah tertahan lebih dari 15 menit dengan alasan gangguan operasional. Ini ada apa ya? Dan kira2 berapa lama solve-nya? Trims.,Keterlambatan
@CommuterLine ini sampai kapan yah line Bogor jadi berkurang dan terlambat? Bener bener menyulitkan nih soalnya perjalanan jadi semakin unpredictable.,Keterlambatan
@CommuterLine halo anda itu gimana si ngatur flow kereta yg udh telat ka 1760 udh sampe dluan dintnhabang tpi di berangkatkan belakangan malah di duluin yg serpong 1750. Klo karena nyesuain nomor KA ya knp gak barter rangkaian aja jdi ga makin telat jauh,Keterlambatan
@CommuterLine min kereta dari tanah Abang mau ke Rangkas yang harusnya berangkat jam 7 kok jadi delay ya? 7.04 baru jalan keretanya,Keterlambatan
@CommuterLine min ini kereta yg arah bekasi di stasiun manggarai bener2 lama bgt. Jadi numpuk bgt orang di stasiun manggarai https://t.co/nyvvuw6j18,Kepadatan
@CommuterLine Hallo selamat pagi Kai Commuterline saya kena pelecehan seksual di area stasiun. TOLONG untuk membuka dm dari saya terima kasih.,Keamanan
@CommuterLine min sumpah kereta ini masinisnya bawanya gimana fah kita kedorong dorong mulu didalem iniiiii haduh https://t.co/FCk9kVIRDi,Keamanan
@CommuterLine Tolong info di stasiun tuh begini juga min. Jangan cuma menunggu disalip menunggu aman doang. Org udah nunggu sejam baru ada info gangguan. Pdhl ni kereta yg bermasalah jg lewatnya pas sy lg nunggu di stasiun tp infonya baru sejam kemudian. Keren bgt lo buang2 waktu orang!!,Keterlambatan
@CommuterLine ini kenapa kereta arah duri masih ketahan di stasiun rawa buaya dah? lama banget gila udah mau jam 8. troublenya tuh karena apa?? tolong jelasin yang jelas! bikin orang telat ke kantor aja lu pagi2,Keterlambatan
@CommuterLine lama banget nunggu di kemayoran dari jam 8 belum ada kereta ke bekasi via ps senen.,Keterlambatan
@CommuterLine tolong dong ini udah tau masih membeludak gini penumpang bisa ga tujuan akhirnya serempak rangkas bitung dulu gt. Ini kereta numpuk 4 di serpong lho. Udah jam 11 krl nya yg arah rangkas baru sampe kebayoran. Yang bener aje lu https://t.co/ZT2uMYHSvT,Kepadatan
@CommuterLine Duh bener² ya gimana nih pelayanannya belum jam 13:40 tapi udah gak boleh masuk. Aneh alesannya jalannya jauh WHAT THE HELLLLLL,Keterlambatan
@CommuterLine ahh woiiiiii sudirman udh penuh bggttt taiii,Kepadatan
@CommuterLine min kok delay ini jurangmangu-tn abang? Harusnya jam 6.14 udah di jurangmangu ini malah baru sampe rawa buntu https://t.co/H0r2FZTPDW,Keterlambatan
@CommuterLine Yeeeuuu kalau beneran jadi catatan mah ada perubahan ini gak adaaaa . Jadwal telat yaudah bodo amat gak ada mitigasi nya,Keterlambatan
@CommuterLine min di gerbong wanita pertama kereta no.6052c banyak laki²nya. Tolong securitynya untuk cek please makasih,Pelayanan
@CommuterLine Jadwal jam 20.16 tapi baru sampe jam 20.26 dan baru jalan 20.30. molor 14 menit. https://t.co/MzCdlIM7Re,Keterlambatan
@CommuterLine min saran dong tiap gerbong kereta ada security nya. Biar pas mau minta kursi prioritasnya gampang udah jelas2 pake pin ibu hamil malah cuma diliatin doang sama penumpang2 lain,Pelayanan
@CommuterLine Sebenarnya bukan faktor pergantian jalur tapi lebih sering karena terlambat datangnya kereta jarak jauh sehingga star perjalanan KRL dari Cikarang terlambat. Waktu bulan ramadhan cukup baik dan tepat waktu tp skrg kurang disiplin kereta jarak jauhnya.,Keterlambatan
@CommuterLine min kereta ke Bekasi dr Sudirman avail jam berapa? Lagi kacau ya jadwalnya?,Keterlambatan
@CommuterLine Geser semua jadwal ya? Udah numpuk penumpang,Kepadatan
@CommuterLine KA 1370 rem mendadak dari 20 kmh ke 5 kmh gas lagi rem lagi sampe 0 kmh jalan lagi secara mendadak/salah titik berhenti. Mati semua tuh penumpang di dalem kejepit semua. Ancur ancuran layanan kalian sejak pagi evaluasi lah! cuma anjing sih yg ga pernah evaluasi. https://t.co/D0EfKZBtCU,Keamanan
@CommuterLine @AsdoAr @perkeretaapian @KAI121 TERJADI LAGI PELECEHAN SEKSUAL PT KCI HANYA BERI HIMBAUAN SAJA TIDAK ADA TINDAKAN ANTISIPASI PENYEBAB TERJADI PELECEHAN KRN ADA KESEMPATAN PELAKU DAN MEMANFAATKAN CL YG PADAT SETIAP HARI INI KRN CL SETIAP HARI TELAT SHG CL PADAT. https://t.co/ZcRPYqr1j2,Keamanan
@CommuterLine ini masih berisik sekali dan security blm lewat di rangkaian 7 dari ceper-brambanan.,Kepadatan
@CommuterLine Ya jangan sampe bikin penumpang numpuk juga dong??,Kepadatan
@CommuterLine Line bogor-jkt kota buset padet bangett. Gua yg dari cilebut ke pocin aja udh engap apalagi yg sampe ke jkt kota. Minimal kasih tau lah problemnya dimana biar orang bisa cari alternatif lain,Kepadatan
@CommuterLine @KAI121 oke sampaikan suruh evaluasi ya itu satpam satpam stasiun pondok ranji. bikin aturan udah nyata2 ditempel di pagar kecil malah dilanggar. saya lupa foto satpamnya yg mana but thanks gercepnya min,Pelayanan
@CommuterLine min kalian kaya gini terus pelayanannya ga takut kena azab ya? Satu company didoain yg jelek2 terus sma jutaan orang.,Pelayanan
@CommuterLine izin info tolong petugas security bener2 ada di tempat bangku prioritas pastiin siapa penumpang prioritasnya yg duduk td ada bapak2 lanjut usia pake tongkat gabisa ngelangkah turun ke peron sampe jatoh duduk,Pelayanan
@CommuterLine @panggilakuparis Peraturan yg jelek banget min. Pernah naik kjj terus ada 1 penumpang yg turun buat ngerokok. Asepnya gak masuk tapi pas dia balik masuk gerbong jadi bau rokok. Bener2 ngeganggu banget. Coba deh aturannya jgn yg pro perokok min pikirin kenyamanan penumpang lain juga.,Kebersihan
@CommuterLine stasiun Bekasi ga jelas Angke via Manggarai (jalur 5) pindah jalur yang biasanya dipake ke arah Cikarang (jalur 7) banyak yang kegocek. Petugas jadi dikerumunin banyak orang ‍,Keterlambatan
@CommuterLine @KAI121 5128 JUGA DELAY. JADI MMG DI SENGAJA C ACCESS DI BUAT ERROR SPY PENGGUNA KRL TIDAK BISA CEK POSISI KA. LIN CKR SEMUANYA DELAY. MMG KONTOL KCI. ADMINNYA UD MATI KG MAU JAWAB.,Keterlambatan
@CommuterLine update situation 19.03 di cisauk mulai numpuk penumpang ke rangkas di c access cuma 2 kereta arah tanah abang masih tunggu antrian jalan https://t.co/fPTGGDk9Yx,Kepadatan
@CommuterLine greenline 1641A rangkas-tn abang di jadwal sampe pd ranji 6.59 baru sampe 7.08 dan baru jalan 7.09. karena ngaret jadi numpuk di pd ranji terlalu penuh dan gabisa naik. saya baru naik KA selanjutnya yang 1643A jadwal 7.08 baru sampe pd ranji 7.13.,Kepadatan
@CommuterLine bisa bisanya petugasnya ga informatif gini??? rugi waktu. ditanya malah angkat bahu serasa ngmg derita lo tolonglah.,Pelayanan
@CommuterLine min tolong min peron 2 stasiun sudirman yang arah manggarai lantainya dibenerin lantainya ngeri banyak yang mau pecah2 gitu,Keamanan
@commuterline 2 kereta nyalip duluan kereta yg sejam lebih nunggu lu diemin itu gimana dah dongo,Keterlambatan
@CommuterLine pagi ini ada keterlambatan jadwal kah. Ko numpuk banget si dimanggarai ga kaya biasanya,Kepadatan
@CommuterLine min boleh tanya? Ini saya masuk di gerbong campur menuju st tnh abang tp bau rokoknya kencang sekali apakah mungkin bisa nntiny di setiap pintu masuk st ada sejenis semprotan atau ruang vacumm gitu yg buat nyedot bau rokok para perokok karena jujur bau banget,Kebersihan
@CommuterLine @CurhatKRL krl arang manggarai akhirnya di naikin dr cakung jalur 1. Itupun uda langsung padet https://t.co/nsWNAK9dyR,Kepadatan
@CommuterLine yang bener aja rekrut pegawai kok ngerjain orangtua sih? Ayah saya pke tongkat di oper kesana kemari dikiranya orang sehat bisa disuruh pindah jalur seenak jidat? https://t.co/hvmb52QR6G,Pelayanan
@CommuterLine Ternyata benar lebih baik pake kendaraan pribadi (motor) . Bisa atur waktu perjalanan sendiri kalopun macet tidak separah ngaret nya waktu nunggu kereta ‍️ belum waktu jalan nya kereta dan belum waktu tertahan nya kereta di cakung jatinegara matraman dan manggarai ‍️‍️,Keterlambatan
@CommuterLine KA1163B masinis atas nama pak catur gua tandain lu anjir sumpah keretanya gangguan+bawanya ugal2an ngerem mendadak bgt sampe gua jatoh ketiban orang banyak seisi kereta semua jatoh https://t.co/L5dz6LCI7u,Keamanan
@CommuterLine ketahan lama bgt ini kereta cokarang mau masuk bekasi hadeuuuhhh,Keterlambatan
@CommuterLine kereta jalur hijau kok pada telat nih masuk tanah abang,Keterlambatan
@CommuterLine Hai kak jalanan sekitar stasiun Pasar Minggu ini tanggung jawab KAI atau pemda ya? Kalo misal KAI boleh tidak minta tolong diperbanyak lampu penerangan. Supaya tidak gelap dan bau pesing karena banyak yang pipis di sini. Terima kasih. https://t.co/qjPffXOs0o,Keamanan
@CommuterLine Pantesan jadi telat banget. Ambil kereta 04.28 dari bogor harusnya jam segini udah sampe juanda sementara ini manggarai aja belom hadehh,Keterlambatan
@CommuterLine pagi mau nanya ini rute jakarta kota - priok lg kenapa ya keretanya? Delay lama bgt dr biasanya,Keterlambatan
@CommuterLine kereta dari bekasi - kp.bandan berangkat 6.35 dari bekasi ac nya panas sampe jendela dibuka tolong perhatikan dong kalo emang ga siap jangan dijalanin ini penuh sesek orang dan panas,Kepadatan
@CommuterLine min tolong ini kreta 1095A hr ini ngeremnya parah bgt smp orang2 pd jatoh di gerbong depan bag.cewek g cm 1 atw 2 orang.mungkin perlu di training lagi.,Keamanan
@CommuterLine emang anjing nh stasiun duri . Kereta 1983 baru juga sampe malah berangkatin 5142 . Ini kereta belakangnya juga lama lg. penumpang numpuk . Goblok goblok,Kepadatan
@CommuterLine @krlmania @krlserpong hati hai gaes tas anker kena copet dengan sobek tas pakai cutter https://t.co/rrss1Yhbm5,Keamanan
@CommuterLine knp dih di jam2 sibuk pagi &amp; sore rangkaian kereta 8 gerbong mulu? 12 gerbong aja padet bgt apalagi 8. Tlg direview lagi jadwal/jam keberangkatannya min.,Kepadatan
@CommuterLine @KAI121 C ACCESS SENGAJA DI BUAT ERROR LAGI. PELER MMG KCI. 4078 AKAN DELAY LAGI.,Pelayanan
@CommuterLine katanya kereta tujuan jkt kota 5 menit sekali ini udh nunggu 15 menit di manggarai ga dateng2? Telat mulu alesannya selalu pergantian jalur pasti nih.,Keterlambatan
@CommuterLine @Cidkagenou12 @tanyakanrl Jangan cuman dilerai Min. Lain kali kalo yg kayak gitu lsg diturunkan aja biar kapok. Sama yg kayak bapak2 marah2 kapan hari itu. Harusnya petugasnya lebih tegas lagi untuk menurunkan penumpang yg bikin keributan demi kenyamanan penumpang lain.,Keamanan
@CommuterLine @talago_edelweis Komplain dari jalur bogor admin KCI cepat dan tanggap komplain dari jalur bekasi/cikarang masa bodo dan mungkin langsung delete.,Pelayanan
@CommuterLine Wagila kalo td ga dapet kereta Serpong (yang jalannya telat juga) lebih berantakan keretanya,Keterlambatan
@CommuterLine Minggu pagi tiba di stasiun kota Pasuruan naik Pandalungan. Pas mau turun tidak ada petugas yg membawakan tangga turun dari gerbong padahal ada ibu renta yg mau turun. Akhirnya ia duduk dulu dipinggir gerbong dan turun perlahan karena jaraknya cukup tinggi.,Pelayanan
@CommuterLine Udah nunggu kereta jakarta kota - bogor lama bgt sampe manggarai malah mati,Keterlambatan
@CommuterLine Delay parah alasan kurang logis,Keterlambatan
@CommuterLine JADWAL JELEK BANGET ASLI!!! SETENGAH JAM NUNGGU KERETA BUAT KE DURI DOANG!!!!!,Keterlambatan
@CommuterLine Ya terus. Kenapa satpamnya malah diam pas tau banyak keluarga ngobrol? Saya gak masalah kalau peraturan dibuat dan disamaratakan tidak dibedakan. Faktanya dilapangan tidak demikian. Gak perlu nanya nomor rangkaian. Terjun aja langsung. Liat faktanya bagaimana.,Pelayanan
@CommuterLine Dari 19.48 ke 20.13 itu 25 menit min? Gak bahaya tah min bejubel penumpang nya?? Btw Kok jadwal 20.13 itu gak ada di screnshot aplikasi yg sy kirim tadi min @CommuterLine,Kepadatan
@CommuterLine kereta Manggarai telat banget buset di jadwal 5.28 udah sampe Bojong ini jam 5.34 baru sampe Bojong hadehh gimana si,Keterlambatan
@CommuterLine @KAI121 C ACCESS ERROR LIN CKR DELAY LAGI SEMUANYA. https://t.co/Wi8bTULhJo,Pelayanan
@CommuterLine ini jadwal KRL berantakan mampus sihhh buat jalur Jakarta Kota - Bogor. KRL dari arah Bogor ada tiap 10 MENIT? LIKE WTF PLS. Rush hour gini mustinya /5 menit gak sih?! Kacau!,Pelayanan
@CommuterLine halo kenapa hari ini kereta delay ya? Terutama arah bogor-jakarta kota,Keterlambatan
@CommuterLine Min kenapa skrg Juanda - MRI rata2 30 menit ya? apakah dampak dr jadwal baru ini min? sudah seminggu seperti ini melulu. udah buru2 naik dr juanda tetap aja ketahan lama di gambir dan cikini .,Pelayanan
@CommuterLine kenapa krl ke bogor jarang banget? Numpuk gini orang orang di juanda,Kepadatan
@CommuterLine kereta yg tujuan manggarai pagi ini.. sekarang.. ada bau ngga enak https://t.co/wV1A2YoGxH,Kebersihan
@CommuterLine @ozzan @KAI121 @CurhatKRL @krlmania Ga burur2 gimana pengguna KRL ini berlomba dengan jadwal kereta.. Tolong deh sebelum mengeluarkan keputusan. Dipikir dulu efek negatif positif uji coba dan lihat hasilnya. Jika tidak lebih baik jangn ditetapkan.. Semua numpuk di manggarai.. Pejabat turun dan rasakan sendiri,Pelayanan
@CommuterLine Kak kereta api Dhoho dari Kediri tujuan ke Surabaya kenapa delay lama sekali? Harusnya jam 19.32 udh berangkat diundur jadi 21.40. Bikin kecewa sekali,Keterlambatan
@CommuterLine ya gabisa mendadak ganti rute tebet pintunya kettutup baru diumumin sengaja numpuk orang di manggarai apa gimana?,Kepadatan
@CommuterLine pak tolong ada yg tawuran bocil2 .udh dilarang satpam masih aja berani mereka bawa celurit gw takut kenapa2 tuh satpam .masalah nya tawuran nya di tengah rel dikampung badan peron 7 dan peron 8,Keamanan
@CommuterLine Keberangkatan dari jam 20:38 dari Tanah Abang menuju stasiun kampung Bandan kebetulan hanya sampai kampung bandan Tertahan sampai 21.06,Keterlambatan
@CommuterLine HEH!!! KALIAN TUH BUAT JADWAL GIMANA SIH?! YG KEARAH MANGGARAI MANA DR ST. BEKASI?! BIASANYA JAMN SEGIKI UDH STANDBY. BISA BUAT JADWAL YG BENER GA SI LO PADA?! BIKIN EMOSI PAGI2.,Pelayanan
@CommuterLine kereta arah Manggarai harusnya jalan 07.34 dari St. Bekasi tapi ngaret sampe 07.37 dan ini bukan cuma masalah telat 3 menit. 3 minutes are matters,Keterlambatan
@CommuterLine Gini min kenapa jadwal kereta dikurangi ? Kalau siang kami harus nunggu antar keretaa 30 menit ke duri dan 30 menit dari duri ? Apa memang krl bangkrut jadi tidak mampu layani masyarakat lagi ? Jadi jadwal dikurangi ? Gue keselip satu stasiun skrg gue kudu nunggu 30 menit ?,Pelayanan
@CommuterLine tolong dong kalo jam sibuk pagi/sore untuk gerbong keretanya jangan hanya 10 terutama yg jurusan cikarang-kampung bandan via Manggarai. Semua yg didalem jd pepes kalo udah tau gak bisa masuk lagi harusnya security tiap peron stasiun ngebatasin ya. Thx,Kepadatan
@CommuterLine kenapa kalian selalu bikin jadwal krl bentrok dengan kereta jarak jauh??? Gila ya krl sampe harus ngetem dulu kayak angkot gara-gara nunggu kereta jarak jauh lewat dulu !!! Dari tahun ke tahun kenapa selalu begini?? Kenapa nggak pernah di evaluasi complainnya???,Pelayanan
@CommuterLine ada apa ya min? kok delay banget? gada pemberitahuan juga?,Keterlambatan
@CommuterLine Ini lu mau ndebunuh penumpang? Kalo delay gini di st numpuk. Terus di dlm kereta penuh ajg ajg. Gangguan kok di jam sibuk. AJG,Kepadatan
@CommuterLine greenline kenapa lagi nih min? cape bgt gue anjir kereta ketahan mulu. udah desek2an panas kereta terlambat mulu! krl keberangkatan Parungpanjang jam 07.03 nih. astaghfirullah,Kepadatan
@CommuterLine min PIK di stasiun Manggarai kapan dibenerinnya? Petugas di stasiunnya pun minta saya tanyain terus biar cepet dibenerin karena selain nyusahin penumpang nyusahin petugas juga ditanya bolak-balik dan bingung infoinnya. Jadwal di apk jg sering telat.,Pelayanan
@CommuterLine kalo sekali mah gapapa ini udah beberapa kali dalam sebulan. lu kalo telat kaga ada yang dipotong gajinya ini ribuan orang kalo telat banyak yang taruhannya kerjaan mereka evaluasi lg dong min jangan keseringan gini,Pelayanan
@CommuterLine min tadi di kereta baru arah bogor gerbong 4 bau bensin mungkin ada bensin tumpah tadi di cawang sekitar jam 6.10. Lantainya licin org2 penuh jd ngga bisa liat itu apa di bawah. Sepatu sy licin dan sy cium bau minyak tanah/bensin. Tolong dicek ya bahaya,Keamanan
@CommuterLine jadwal baru nyusahin bgt sengaja numpuk penumpang apa gimana? Ada gila2nya ya. Balikin lg dong ke jadwal sebelumnya.,Kepadatan
@CommuterLine ini line tanah abang - rangkas bitung lama banget jeda kereta nya padahal lg rush hour tapi antar kereta bisa 20 menit jedanya dulu bisa tiap 10 menit kok sekarang malah menurun hadehh,Pelayanan
@CommuterLine gak green line gak blue line sama aja hari ini kelakuannya. Kitanya udah prepare dari awal malah ni kereta bedua yang bikin orang telat ngantor. Kurang kurangin dah emang gak cape dimarah marahin mulu???,Keterlambatan
@CommuterLine lagi rush hour lama bgt keretanya ke bogorrrr KOCAKKKK numpuk ini,Kepadatan
@CommuterLine upgrade stasiun rajawali dong itu kereta jadi telat juga karena penumpang yang mau keluar harus nyebarang dulu antri nya sampe peron sebrang -_-,Keterlambatan
@CommuterLine Seburuk-buruk permintaan maaf adalah permintaan maaf commuter. Baru pagi minta maaf kereta tertahan signal masuk stasiun Manggarai. Eh ngga lama minta maaf lagi tertahan masuk stasiun Gondang Dia tertahan lewat Gambir. Dan besoknya diulangi lagi permintaan maaf yg sama.,Pelayanan
@CommuterLine Ini KRL jurusan bekasi arah duri dah kayak ikan pepes. Posisi sampai matraman 09.52. Gerbong 2 atau 3 Gmn yaak?,Kepadatan
@CommuterLine AC rusak lagi. Jam 7:15 posisi di depok. Ga tau nomor KA. KA nya ga terdeteksi di aplikasi. Dan nomor KA ga disebut petugas. Kok bisa semuanya rusak termasuk aplikasi.,Pelayanan
@commuterline min ini kereta 5555 tujuan bekasi via PSE kenapa lama banget ketahan mau masuk PSE kaki pegel,Keterlambatan
@CommuterLine gileeeee kereta bekasi di pondok jati 30menit sendiriiiii astaga Dr jam 13:33 masa baru ada 14:01 Ngeri bgt kereta lamaaaaaa bgt,Keterlambatan
@CommuterLine @crystatjahjono Dioptimalisasi gimana? Gak pernah optimal. Cobain luuuu staff KAI naik kereta 8 gerbong! Udah mana rame kadang ada AC yg rusak! Minta maaf lo bisanya!,Kepadatan
@CommuterLine @kegblgnunfaedh Mengulang SOP yg semua orang udah tau. Yg dimauin tindakan tegas dari petugas. Paham min ????,Pelayanan
@CommuterLine @MikailaCessa KALO BIKIN JADWAL SURVEY DULU TOLOL ! NUMPUK PARAH INI,Kepadatan
@CommuterLine petugasnya bisa ke gerbong 3 nomornya 204 - 82 K1 1 86 34 yg ke arah cikarang? Ini afa orang duduk di lantai. Sekarang keretanya masuk klender,Keamanan
@CommuterLine udah 3 hari ini krl 1647 line tanah abang telat mulu dan gag sesuai jadwal.. Jadinya numpuk dan padet keretanya.. ‍️‍️ hadehhh..,Kepadatan
@CommuterLine kereta arah kampung bandan dibanyakin dong dari tanah abang nya udah dikit suka telat lagi,Kepadatan
@CommuterLine @CommuterLine Pambat banget masuk tebet dan itu normal? Normal bagi kalian = delay bagi penumpang? Emang normal karena biasanya delay mulu jadi dianggap normal sama kalian.,Pelayanan
@CommuterLine hallo admin helm saya tadi sore di maling di parkiran stasiun bekasi min. Saya harus gimana min? mau nyari pelaku gak ada cctv di parkiran nya min.,Keamanan
@CommuterLine olaaa min. Ini di MRI pagi2 rangkaian arah THB masak harus nunggu ini apa rangkaian melintas langsung? Kereta Jawa? Biasanya tak ada miinnn.. jadi lama banget masak,Keterlambatan
@CommuterLine @jalur5_ Butuh eskalator dikasih petugas maksudnya petugasnya gendong sampe atas gitu? PR banget!,Pelayanan
@CommuterLine kapan ya mau diatur itu orang2 yang nunggu kereta di depan akses naik turun tangga peron 1 &amp; 2 stasiun duri? Minimal kalo belum bisa menyediakan banyak akses tangga tuh effort dikit petugasnya buat atur flow di depan tangga,Pelayanan
@CommuterLine bisa gak sih security tuh ada yg standby atau bahkan patroli ajah disetiap gerbong . Saya prioritas sedang hamil besar. Sudah menggunakan pin juga. Tetep aja kalo pagi di hari kerja mereka semua yg tidak berhak atas bangku prioritas masih egois.,Keamanan
@CommuterLine manggarai sudirman jlr 1 nggak jalan2 nunggu apa padahal jlr 2 udah dateng,Keterlambatan
@CommuterLine @KAI121 4078 delay 20 menit tiba bekasi timur. Makin bodo saja KCI.,Keterlambatan
@CommuterLine Hi min mohon ya edukasi ke petugas commuter line di peron 5 stasiun kampung Bandan saya tanya baik-baik untuk lebih jelas takut salah naik kok malah jawab kalo saya bilang disini ya tunggu aja disini . Apakah memang seperti ini sdm pelayanan masyarakat? Thk https://t.co/htUuRyc28M,Pelayanan
@CommuterLine min krl ditahan mulu di tambun ka jarak jauh sengaja bawanya lama dia masih di Jatiluhur di tahan distasiun tambun? Si ngaruh bgt ama ka jarak jauh SOP lo makin aneh aneh aja cuman jagonya bikin lag 4 G lo takut viral?,Pelayanan
@CommuterLine min klw kereta telat ke angke dr tn. Abng di durinya tuh ekskalator kecil dgn oknum penumpang yg otak udang... Numpukk mulu Kaga gerakk sampe kereta baru dateng lagii pas atas ekskalatornya ada ksh satpam kekk jd bisa lgsg di tegor oknumnya jgn satpam di bwh,Kepadatan