conversation_id_str,created_at,favorite_count,full_text,id_str,image_url,in_reply_to_screen_name,lang,location,quote_count,reply_count,retweet_count,tweet_url,user_id_str,username
1893801165315362870,Mon Feb 24 00:02:47 +0000 2025,1,@CommuterLine @anggitaulfia mau sampai jam berapa min? bener bener panik ini takut kehabisan tiket,1893813790807888230,,CommuterLine,in,,0,0,0,https://x.com/undefined/status/1893813790807888230,861786195256160258,
1900529713426424305,Fri Mar 14 12:49:28 +0000 2025,0,@CommuterLine Bbrp kali lewatin stasiun sudirman suka dgr kereta kalo lg berenti nyaring bgt bikin sakit telinga. Tp ga smua kreta bbrp aja. Itu knp ya apa ada kurg maintenance kurg oli kek rem motor yg suka bunyi atau apa. Semoga jd perhatian takut bgt jd budeg ,1900529713426424305,,CommuterLine,in,,0,1,0,https://x.com/undefined/status/1900529713426424305,139963881,
1909136464593469946,Mon Apr 07 06:49:37 +0000 2025,1,@CommuterLine @KAI121 ini pelecehan serius kok enteng bgt menanggapi laporan dan keluhan korban. Bisa nggak kasus yg menimpa korban ini gercep di usut????,1909136464593469946,,CommuterLine,in,,0,1,0,https://x.com/undefined/status/1909136464593469946,1439110334984323077,
1875335931684909337,Sat Jan 04 00:18:22 +0000 2025,0,@CommuterLine mau teriak takut ngga ada security tolong ini bapak2 security sy ktmu ini manusia dr kmren hampir jd korbannya. Dia naik di St.Manggarai turun di BNI City tiap hari jam 06.35 tangannya gerayangan. Mau duduk berdiri jalan deket dia tangannya gerayangan!!! https://t.co/eAKaDSGLZj,1875335931684909337,https://pbs.twimg.com/ext_tw_video_thumb/1875335738184945664/pu/img/XHmz66sz2iiQJWIT.jpg,CommuterLine,in,,0,1,0,https://x.com/undefined/status/1875335931684909337,1789435924054683648,
1916370540413305176,Sun Apr 27 05:55:15 +0000 2025,1,@CommuterLine Commuter Bandung Raya gabisa dibuka pintunya bahaya ini kalau ada emergency. https://t.co/rRXcQZNlDN,1916370540413305176,https://pbs.twimg.com/amplify_video_thumb/1916370475070197769/img/MA_J41aQAfY9-LRG.jpg,CommuterLine,in,,0,1,0,https://x.com/undefined/status/1916370540413305176,579572147,
1886066268887027955,Mon Feb 03 02:48:17 +0000 2025,0,@CommuterLine Gajadi min takut diprotes yang lain ,1886245293370556444,,CommuterLine,in,,0,1,0,https://x.com/undefined/status/1886245293370556444,58787111,
1915366882607325507,Thu Apr 24 11:27:05 +0000 2025,0,@CommuterLine petugas di kp bandan line cikarang via ps senen pada afk ga ngejagain? udh keseringan bgt orang2 yg mau keluar kereta malah didorong kedalem sama org yg masuk. kaya gini kan bahaya. gw hampir baku hantam gara2 petugas lu afk.,1915366882607325507,,CommuterLine,in,,0,1,0,https://x.com/undefined/status/1915366882607325507,1831641697325084672,
1886161251618939279,Mon Feb 03 01:48:12 +0000 2025,0,@CommuterLine tolong dicek PKD stasiun sudimara melakukan godaan (condong ke pelecehan) verbal ke penumpang yg jalan menuju peron atas nama Irfan N tolong ditegur keras dan ditertibkan rata2 PKD sudimara memang hobi celometan,1886230173206683707,,CommuterLine,in,,0,1,1,https://x.com/undefined/status/1886230173206683707,1655649072701902848,
1892189513264607475,Wed Feb 19 12:39:08 +0000 2025,2,@CommuterLine Beneran serem banget sudah hetic malah orang-orang berlomba menonton kecelakaan. Mau jalan kaki keluar stasiun saja sangat susah,1892192191587738076,,CommuterLine,in,,0,0,0,https://x.com/undefined/status/1892192191587738076,1150691654984073216,
1877138454837915684,Wed Jan 08 23:40:57 +0000 2025,0,@CommuterLine halo admin! Kereta pd ranji - tn abang aman ga ya? Dari semalam hujan terus takut banjir apa ada keterlambatan?,1877138454837915684,,CommuterLine,in,,0,1,0,https://x.com/undefined/status/1877138454837915684,1392001625787539456,
1894024089880371414,Mon Feb 24 13:58:26 +0000 2025,0,@CommuterLine Min charging corner d stasiun depok posisinya dekat sekali dengan area yg bocor. G bahaya ta? Bahkan ambalannya saja sampai basar kena percikan air lho Btw ini pihak stasiun apa tidak pernah nge-check ya? https://t.co/ApWmzPmfQ6,1894024089880371414,https://pbs.twimg.com/media/Gkjs3UcbQAAbTXM.jpg,CommuterLine,in,,0,1,0,https://x.com/undefined/status/1894024089880371414,70326639,
1879204954239541623,Tue Jan 14 16:32:29 +0000 2025,0,@CommuterLine min kereta terakhir dr manggarai ke bekasi jamber dah ya? Panik nih takut gbs pulang kereta ke jakot masih jauh,1879204954239541623,,CommuterLine,in,,0,1,0,https://x.com/undefined/status/1879204954239541623,558523373,
1882583899005689857,Fri Jan 24 00:19:12 +0000 2025,1,@CommuterLine pelecehan krl arah jakarta kota 07.04 wib tolong ditindak Pelaku ga mau ngaku ngakunya tas tergeserketerangan korban tangan dari posisi di atas - elus pundak - tangan ke bawah meraba-raba!!!! https://t.co/a2VqZFIGzt,1882583899005689857,https://pbs.twimg.com/ext_tw_video_thumb/1882583632327704576/pu/img/09z128LFVZrLaLbA.jpg,CommuterLine,in,,0,1,0,https://x.com/undefined/status/1882583899005689857,2665131535,
1881231554464383233,Mon Jan 20 15:32:02 +0000 2025,7,@CommuterLine @bacottetangga__ Naik KRL udah berasa naik kereta di prindavan boro mau lapor. Buat bernafas aja susahnya minta ampun apalagi kalau lagi rame Trus dalam kereta suka mikir kok pihak KRL ggk update sistem sih. Minimal pake batasan penumpang kaya naik lift gtu. Pantas aja banyak pelecehan.,1881364067430043900,,CommuterLine,in,,0,2,0,https://x.com/undefined/status/1881364067430043900,702971882971136000,
1904800128730599876,Thu Mar 27 04:43:12 +0000 2025,0,@CommuterLine @wanjeonisme gila lo min udah bayar murah keselamatan orang dianggep remeh. ya kali naik KRL was was takut di dor,1905118384448319788,,CommuterLine,in,,0,0,0,https://x.com/undefined/status/1905118384448319788,1879515426,
1911117093048869365,Sat Apr 12 17:59:56 +0000 2025,0,@CommuterLine MINN ini kenapa apk nya eror banget ya padahal cuma tinggal bayarrrrr plisss takut besok g dapet tiketnyaaa https://t.co/D2ROBAEVnw,1911117093048869365,https://pbs.twimg.com/media/GoWm23MW4AAf4D4.jpg,CommuterLine,in,,0,1,0,https://x.com/undefined/status/1911117093048869365,1587104245496827904,
1909166763784462740,Mon Apr 07 08:50:01 +0000 2025,0,@CommuterLine jg kgak serius kl ada laporan pelecehan. Belum mateng. Pelakunya mau diapain jg masih bingung.,1909166763784462740,,CommuterLine,in,,0,0,0,https://x.com/undefined/status/1909166763784462740,257837415,
1885867899057005045,Sun Feb 02 01:48:39 +0000 2025,0,@CommuterLine min tolong di cek dong ini bahaya banget kasian kalo ada orang yg mo pegangan naik ke kereta pegangannya lepas kek ginii KA 5069 Cikarang-Kampungbandan pintu di gerbong 3 https://t.co/WrTjWxcltQ,1885867899057005045,https://pbs.twimg.com/media/Givy2X9aYAA6zSV.jpg,CommuterLine,in,,0,1,0,https://x.com/undefined/status/1885867899057005045,1281702005568761856,
1913554097476899090,Sat Apr 19 12:52:18 +0000 2025,0,@CommuterLine Yang di gondangdia/kota kabarnya gimana guys? mo balik dari kantor nih cuma takut blm bisa keretanya mending nyantai dulu dikantor tolong info dong,1913576388063354920,,CommuterLine,in,,0,2,0,https://x.com/undefined/status/1913576388063354920,1376888659,
1889974351505842677,Thu Feb 13 09:46:14 +0000 2025,0,@CommuterLine @KAI121 please banyak banget hewan ini. tadi ada anak kecoa juga (gaada fotonyanya karena keburu takut) https://t.co/rojeoSKUJl,1889974351505842677,https://pbs.twimg.com/media/GjqJpAFbMAA5bLz.jpg,CommuterLine,in,,0,1,0,https://x.com/undefined/status/1889974351505842677,1850791319909924864,
1913554097476899090,Sat Apr 19 11:38:36 +0000 2025,0,@CommuterLine haduh kira2 brp lama ya ini? takut gak kekejar jadwal KA Pangrango :(( masih ketahan di UI,1913557842130317500,,CommuterLine,in,,1,4,0,https://x.com/undefined/status/1913557842130317500,156918655,
1884968831346712625,Fri Jan 31 23:08:26 +0000 2025,0,@CommuterLine Mending jadwal lama kasian yg balik jam 10 malem. lewat 15 aja orang uda khawatir takut gak kebagian lah ini diubah jadi lewat 10:06 gak relevan si,1885465190319481102,,CommuterLine,in,,0,1,0,https://x.com/undefined/status/1885465190319481102,1738221807159881728,
1913554097476899090,Sat Apr 19 15:35:13 +0000 2025,0,@CommuterLine ini kira-kira udah selesai belum ya? takut berdampak sampe besok,1913617390660915509,,CommuterLine,in,,0,1,0,https://x.com/undefined/status/1913617390660915509,1610604064601169923,
1893771166851932225,Mon Feb 24 01:37:40 +0000 2025,1,@CommuterLine Cek berkala sampe kapan ini?? Udah dari dini hari sampe skrg aku cek berkala masih blm tersedia. Takut tbtb kehabisan,1893837666828841115,,CommuterLine,in,,0,2,0,https://x.com/undefined/status/1893837666828841115,310087128,
1904229799264235818,Mon Mar 24 18:16:51 +0000 2025,0,@CommuterLine plis kak kalo ada perbaikan server tolong dipercepat aku bawa toddler takut gak dapet kursi lokal jatim,1904235981815021975,,CommuterLine,in,,0,0,0,https://x.com/undefined/status/1904235981815021975,1351266809052217344,
1884968831346712625,Fri Jan 31 06:43:17 +0000 2025,0,@CommuterLine Hi Admin mau tanya dong kan tanggal 8 dan 9 februari kan ada konser di Jakarta International Stadium nah apakah commuter line terdapat penambahan jam perjalanan? Karena kalau di jadwal normal commuter terakhir dari jakarta kota ke bogor itu 23.45. Saya cuma takut kehabisan,1885217269355340071,,CommuterLine,in,,0,1,0,https://x.com/undefined/status/1885217269355340071,1660941393978855424,
1912781571259867384,Thu Apr 17 08:13:59 +0000 2025,0,@CommuterLine @AsdoAr @perkeretaapian @KAI121 Terjadinya pelecehan seksual krn ada kesempatan yg diberikan PT KCI dg jadwal CL yg telat setiap hari maka CL pasti padat setiap hari dg begini PT KCI beri peluang buat pelaku pelecehan seksual. Mana antisipasi PT KCI himbauan aja https://t.co/0uVm8Udq6G,1912781571259867384,https://pbs.twimg.com/media/GouQsejaUAAUMoG.jpg,CommuterLine,in,,0,0,0,https://x.com/undefined/status/1912781571259867384,798052439345668096,
1885398804851306907,Fri Jan 31 18:44:38 +0000 2025,0,@CommuterLine minta jadwal KRL dari cikarang ke angke / kp bandar pagi ini dari jam 4-6 pagi min. Takut udah pake gapeka baru soalnya d aplikasi KAIaccees masih pake gapeka lama. Tq,1885398804851306907,,CommuterLine,in,,0,1,0,https://x.com/undefined/status/1885398804851306907,564450110,
1909208690130899060,Mon Apr 07 11:36:37 +0000 2025,0,@CommuterLine Setelah ditelusuri yang pelecehan di st tanah abang udah ketauan orangnya itu diapain lagi prosesnya? Cuma blacklist kai aja? Udah tau viral mah gabakal naik lagi. Hukumnya mana? Percuma himbauan tiap jam kalo kejadian gaada actionnya.,1909208690130899060,,CommuterLine,in,,0,0,0,https://x.com/undefined/status/1909208690130899060,1593568072191049729,
1901106178018406784,Sun Mar 16 08:15:19 +0000 2025,0,@CommuterLine knp saya waktu nunggu kereta datang (40menit sebelum kereta datang) gaboleh ketoilet sama petugasnya dgn alasan takut besi jatuh tapi 10 mnt kemudian ada anak kecil sama bapa bapa boleh lari larian di lorong? knp ya min,1901185496854016246,,CommuterLine,in,,0,1,0,https://x.com/undefined/status/1901185496854016246,1206765506213974016,
1912778866806124864,Thu Apr 17 08:03:14 +0000 2025,0,@CommuterLine @AsdoAr @perkeretaapian @KAI121 TERJADI LAGI PELECEHAN SEKSUAL PT KCI HANYA BERI HIMBAUAN SAJA TIDAK ADA TINDAKAN ANTISIPASI PENYEBAB TERJADI PELECEHAN KRN ADA KESEMPATAN PELAKU DAN MEMANFAATKAN CL YG PADAT SETIAP HARI INI KRN CL SETIAP HARI TELAT SHG CL PADAT. https://t.co/ZcRPYqr1j2,1912778866806124864,https://pbs.twimg.com/media/GouOPAlacAIUpaj.jpg,CommuterLine,in,,0,1,0,https://x.com/undefined/status/1912778866806124864,798052439345668096,
1881231554464383233,Wed Jan 22 06:53:17 +0000 2025,0,@CommuterLine @bacottetangga__ Kalau bisa ada penjelasan resmi Mas tentang kejadian sebenarnya. Karena video saya kronologis gak nyambung. Buktikan kalau ada pelecehan. Jaga etika di ruang publik termasuk ambil foto atau video.,1881958296413974702,,CommuterLine,in,,0,0,0,https://x.com/undefined/status/1881958296413974702,309023259,
1911106670241128768,Sat Apr 12 17:18:31 +0000 2025,0,@CommuterLine min benerinn KAI Access minnn mau bobo jadi ga tenang takut gadapet tiket gabisa pulang ini nantiii,1911106670241128768,,CommuterLine,in,,0,1,0,https://x.com/undefined/status/1911106670241128768,1655785803266789384,
1906407781030351073,Sun Mar 30 18:06:48 +0000 2025,0,@CommuterLine tolong benahin aplikasimu biar ga lemot plis aku war dari 00.01 ga dapet masaaaaa marah bgt min tolong kejebak di data tp ga bisa lanjut pilih kursi solusinya dong gamau back soalnya takut ga dapet malahan,1906407781030351073,,CommuterLine,in,,0,0,0,https://x.com/undefined/status/1906407781030351073,1604512225032404992,
1914986017150681411,Wed Apr 23 11:22:54 +0000 2025,0,@CommuterLine Mau ngingetin aja sih kalo setiap kedzaliman apalagi ke jutaan orang setiap hari itu pasti akan dibayar tuntas tuhan gak pernah tidur&amp;doa orng yg didzalimi itu pasti naik ke langit. Gpp kok kalo ga takut neraka sekarang tp inget hari pembalasan itu pasti dan neraka itu nyata.,1915003441002451209,,CommuterLine,in,,0,0,0,https://x.com/undefined/status/1915003441002451209,1884763866120552448,
1908851061571600540,Mon Apr 07 01:03:13 +0000 2025,0,@CommuterLine @anthraxxx781 @KAI121 terima kasih responnya. semoga bener bener diperbaiki sistem untuk pelaporan tindak pelecehan seksual.,1909049288250052894,,CommuterLine,in,,0,0,0,https://x.com/undefined/status/1909049288250052894,1288679733463482368,
1911584791616721043,Mon Apr 14 00:58:24 +0000 2025,0,@CommuterLine adminn tolooong kalau dr arah bogor mau turun di tebet pintu yg dibuka sebelah mana ya? Penuh bgt takut salah tempat berdiri. ,1911584791616721043,,CommuterLine,in,,0,1,0,https://x.com/undefined/status/1911584791616721043,1111520793794506752,
1915779017187488058,Fri Apr 25 15:44:15 +0000 2025,0,@CommuterLine Boleh saran ga ya min aturan dilarang berbicara dg nada keras yg dpt mengganggu kenyaman penumpang lainnya itu di announce pas di kereta? Krn beberapa kali saya lumayan terganggu dg orang yg ngomongnya keras2 dan kebetulan sedang tdk ada petugas di gerbong. Mau negur tp takut,1915793991078924526,,CommuterLine,in,,0,0,0,https://x.com/undefined/status/1915793991078924526,1939484161,
1908995297310842984,Sun Apr 06 21:28:40 +0000 2025,0,@CommuterLine bagus bgt di pengumuman lu disuruh lapor kalo ada pelecehan seksual tp pas dilapor malah disuruh ke stasiun lain ya pepekkk benerin lg kerja lu,1908995297310842984,,CommuterLine,in,,0,1,0,https://x.com/undefined/status/1908995297310842984,939210194646470656,
1908697403324325978,Mon Apr 07 10:16:16 +0000 2025,0,@CommuterLine @venusvbby Tapi min waktu itu pernah (udah agak lama) di gerbong khsusus cewe malah campur. Banyak banget cowonya pengen ngomong tapi lebih dari setengah tuh isinya cowo. Jadi juga bingung mau ngomong gimanaa. Takut di kroyok kalo ngomong ,1909188467571261595,,CommuterLine,in,,0,0,0,https://x.com/undefined/status/1909188467571261595,1705087859399720960,
1881751627796975912,Tue Jan 21 17:12:03 +0000 2025,0,@CommuterLine @KAI121 bahaya banget lubang lumayan besar dibiarin terbuka di samping Circle K Stasiun Bogor https://t.co/qqotsY4j3z,1881751627796975912,https://pbs.twimg.com/media/Gh1TIEsawAAoaeQ.jpg,CommuterLine,in,,0,1,0,https://x.com/undefined/status/1881751627796975912,219614407,
1907054464139485261,Tue Apr 01 12:56:30 +0000 2025,0,@CommuterLine min.... kereta terakhir dari bogor ke kota jam berapa....?? Takut ketinggalan...,1907054464139485261,,CommuterLine,in,,0,1,0,https://x.com/undefined/status/1907054464139485261,1836708284725936128,
1914114940132356402,Mon Apr 21 00:32:18 +0000 2025,0,@CommuterLine tolong di stasiun kampung bandan antara indomaret dan roti O ada kardus isinya anak kucing tolong di evakuasi takut ketendang orang-orang,1914114940132356402,,CommuterLine,in,,0,1,0,https://x.com/undefined/status/1914114940132356402,931156994567782402,
1888834074510491802,Mon Feb 10 06:15:10 +0000 2025,0,@CommuterLine Mau tanya min kalo untuk KAIPAY bisa digunakan di jam 00.00 ga takut servernya down pas war tiket mudik,1888834074510491802,,CommuterLine,in,,0,0,0,https://x.com/undefined/status/1888834074510491802,1884199359765700615,
1887660201945477358,Fri Feb 07 15:23:20 +0000 2025,0,@CommuterLine @achmadmrza @perkeretaapian @KAI121 @AsdoAr MANA MUNGKIN SI ASDO AR MAU KOORDINASI DG DAOP 1 SELAMA INI KERJANYA ASDO AR KG JELAS PERJALANAN LIN CKR TIDAK PERNAH DI EVALUASI KL ASDO KOMPLAIN DIBPECAT ASDO TAKUT KEHILANGAN JABATAN DIRUT PT KCI. JAWAB ADMIN KCI JAWAB TERTOLOL.,1887884859227730316,,CommuterLine,in,,0,0,0,https://x.com/undefined/status/1887884859227730316,798052439345668096,
1881231554464383233,Tue Jan 21 06:41:24 +0000 2025,1,@CommuterLine @bacottetangga__ halah tindakan kalian cuma ditegur kan palingan? dulu kami naik kereta rombongan ternyata ada orang mesum coba ngerecord dibawah rok salah satu teman kami dan ketahuan lalu rame2 kami seret ke kantor keamanan di stasiun jakarta kota.. ujung2nya damai tuh gaada tindakan lain,1881592919502815645,,CommuterLine,in,,0,1,0,https://x.com/undefined/status/1881592919502815645,1330893233816125440,
1896849136173166935,Tue Mar 04 09:04:10 +0000 2025,0,@CommuterLine min lane hijau relasi thb - prp apakah masih aman? mengingat cuaca hujan rawan banjir di daerah pondok betung,1896849136173166935,,CommuterLine,in,,0,1,0,https://x.com/undefined/status/1896849136173166935,149063813,
1892189513264607475,Wed Feb 19 12:36:34 +0000 2025,16,@CommuterLine Btw ini memakan korban jiwa. Agak serem sih klo lewat sini karna betul-betul tanda peringatan udh bunyi mobil motor masih tetep aja maksa lewat. Mungkin bisa di pertimbangkan pengaturan lalu lintas nya.,1892191547396890839,,CommuterLine,in,,1,2,0,https://x.com/undefined/status/1892191547396890839,997703999930302464,
1913773280693215268,Sun Apr 20 01:54:40 +0000 2025,0,@CommuterLine serem bgt kereta K1188242 kyknya di timpuk pke batu sampe kaca nya retak untung gak ada korban. ,1913773280693215268,,CommuterLine,in,,0,1,0,https://x.com/undefined/status/1913773280693215268,1767371397029109760,
1887460895724609586,Thu Feb 06 11:18:39 +0000 2025,0,@CommuterLine mau berkata kasar dg adanya GA(K)PEKA tp kok takut dosa ...,1887460895724609586,,CommuterLine,in,,0,0,0,https://x.com/undefined/status/1887460895724609586,1530406538887565312,
1902047026550075456,Thu Mar 20 03:30:30 +0000 2025,0,@CommuterLine @BagasG35017 Jadi update informasinya kapan tu takut kehabisan,1902563373650473023,,CommuterLine,in,,0,0,0,https://x.com/undefined/status/1902563373650473023,1480736647230590978,
1904800128730599876,Wed Mar 26 23:58:04 +0000 2025,0,@CommuterLine Biar apa? Biar mereka klo mau naik KRL ga perlu berdesakan karena kami rakyat jelata pada takut di-dor jadi ga segerbong ama mereka?,1905046624596074945,,CommuterLine,in,,0,0,0,https://x.com/undefined/status/1905046624596074945,561922604,
1911704990370209853,Mon Apr 14 09:04:07 +0000 2025,0,@CommuterLine Edukasi bagus. Sering gw liat anak ga diawasi apalagi digandeng ortunya di tempat umum padahal bahaya banget.,1911707026134302924,,CommuterLine,in,,0,1,0,https://x.com/undefined/status/1911707026134302924,17688374,
1904800128730599876,Thu Mar 27 01:55:22 +0000 2025,0,@CommuterLine @wanjeonisme Ya kali min mau grebek orang To di dalem krl. Serem amat,1905076147953778906,,CommuterLine,in,,0,0,0,https://x.com/undefined/status/1905076147953778906,1174879308,
1896333069357056262,Sun Mar 02 22:53:30 +0000 2025,0,@CommuterLine min krl ditahan mulu di tambun ka jarak jauh sengaja bawanya lama dia masih di Jatiluhur di tahan distasiun tambun? Si ngaruh bgt ama ka jarak jauh SOP lo makin aneh aneh aja cuman jagonya bikin lag 4 G lo takut viral?,1896333069357056262,,CommuterLine,in,,0,1,0,https://x.com/undefined/status/1896333069357056262,1590854659836899329,
1905089565658079367,Thu Mar 27 02:48:41 +0000 2025,0,@CommuterLine kok lu serem bgt sih...1 tim ama rezim y,1905089565658079367,,CommuterLine,in,,0,0,0,https://x.com/undefined/status/1905089565658079367,718303921,
1894339715404571117,Tue Feb 25 10:52:37 +0000 2025,1,@CommuterLine Peron 1 tanah abang yang baru malah makin jauh gini serem amat tolong di cek lagi mumpung sedang proses pembangunan siapa tau bisa diperbaiki https://t.co/yIX4WLFAmL,1894339715404571117,https://pbs.twimg.com/media/GkoL7InWoAAgqZm.jpg,CommuterLine,in,,0,1,0,https://x.com/undefined/status/1894339715404571117,1660692201515651074,
1917164518884708393,Tue Apr 29 10:48:53 +0000 2025,0,@CommuterLine min tapi takut ntar ketinggalan gimana. Soalnya agak effort ya turun terus check in lagi,1917169210922598794,,CommuterLine,in,,0,0,0,https://x.com/undefined/status/1917169210922598794,895419044,
1858690475445907828,Tue Nov 19 06:43:17 +0000 2024,0,@CommuterLine Min izin bertanya saya sedang mencari pelaku pencurian apakah bisa video dan ciri2 pelaku saya titipkan ke pihak stasiun agar saat pelaku tersebut muncul di stasiun dapat di tangkap dan menghubungi saya? (Kebetulan pelaku riwayat turun stasiun angke dan duri),1858762957464952893,,CommuterLine,in,,0,1,0,https://x.com/undefined/status/1858762957464952893,155919655,
1842178162018672998,Fri Oct 04 12:21:14 +0000 2024,0,@CommuterLine @KAI121 @kemenhub151 KRL JALUR CKR SETIAP HARI DELAY. KAGA ADA EVALUASI DAN SOLUSI NGRUGIIN WAKTU PENGGUNA KRL. APA PT KCI TAKUT SAMA DAOP 1. JADI DELAY KRL TIDAK DI TINDAK LANJUTI. DIR OPS KCI HANYA DUDUK MANIS DI KANTOR. MASA BODO SAMA DELAY KRL.,1842178162018672998,,CommuterLine,in,,0,0,0,https://x.com/undefined/status/1842178162018672998,798052439345668096,
1847300235779080333,Fri Oct 18 16:15:56 +0000 2024,0,@CommuterLine Ini via manggarai atau Pasar Senen Jatinegara ya? Karena katanya tanggal 20 Okt mau ada keramaian tarif 1 rupiah jadi agak takut : ),1847310658242781328,,CommuterLine,in,,0,0,0,https://x.com/undefined/status/1847310658242781328,1513618429848145920,
1844361651467976745,Thu Oct 10 12:57:38 +0000 2024,0,@CommuterLine Apa gak bahaya ada celah peron nyaris 50cm dengan ketinggian gabnya adalah 20cm? Lokasi Stasiun universitas Indonesia untuk celah peron bagian ujung dari 2018 sampai detik ini gak ada niat untuk memperbaiki kah? Ini bahaya banget loh?!! https://t.co/yyqvGNguG6,1844361651467976745,https://pbs.twimg.com/ext_tw_video_thumb/1844361618928615424/pu/img/ap0Vjzb2nOxEwcQf.jpg,CommuterLine,in,,0,1,0,https://x.com/undefined/status/1844361651467976745,3501530773,
1866861900673523773,Wed Dec 11 15:05:36 +0000 2024,0,@CommuterLine hari ini aku kena pelecehan seksual di krl manggarai https://t.co/4ypEn3AZhU,1866861900673523773,https://pbs.twimg.com/media/Gehs-ewaEAAKJLu.jpg,CommuterLine,in,,0,0,0,https://x.com/undefined/status/1866861900673523773,3501530773,
1838443108167749642,Tue Sep 24 04:59:28 +0000 2024,0,@CommuterLine orang gelap gitu di ujung pindahinlah pintu masuk jangan depan musola jdi orang parkir bisa ke ujung2. Takut preman si susah!!,1838443108167749642,,CommuterLine,in,,0,0,0,https://x.com/undefined/status/1838443108167749642,1660624516102656000,
1839566175954702592,Fri Sep 27 11:51:43 +0000 2024,0,@CommuterLine Min Anda minta utk saling peduli tp KRL secara tdk lgsg punya andil dlm pelecehan seksual di krl dgn keterlambatan jadwal sehingga penumpang menumpuk yg membuat potensi pelecehan dan pencurian besar. Harusnya liat diri juga lah,1839634017278468221,,CommuterLine,in,,0,1,0,https://x.com/undefined/status/1839634017278468221,602478065,
1843994598408081666,Wed Oct 09 12:39:06 +0000 2024,0,@CommuterLine Tolong di review tangga stasiun jurang mangu. Yg digunakan keramik yg lumayan licin dalam kondisi ramai yang dimana gerak saya terbatas saya hampir kepeleset saat turun. Bahaya sekali krn pasti banyak org yg menggunakan tangga tersebut dalam kondisi terburu buru.,1843994598408081666,,CommuterLine,in,,0,1,0,https://x.com/undefined/status/1843994598408081666,1640416258595360771,
1853405000564985888,Mon Nov 04 11:52:41 +0000 2024,0,@CommuterLine kereta ini bagi sy sudah tdk layak operasi min. AC tidak ada dingin2nya. Kaca jendela akhirnya dibuka (sgt bahaya). Sy sampai st bojong gede 18.47. https://t.co/oW5mpzOtFN,1853405000564985888,https://pbs.twimg.com/media/GbieBaaa8AAAEZ6.jpg,CommuterLine,in,,0,1,0,https://x.com/undefined/status/1853405000564985888,73339346,
1861962957204447638,Thu Nov 28 02:38:57 +0000 2024,1,@CommuterLine Halo min tolong atensinya. Ini ada yg kena pelecehan di krl,1861962957204447638,,CommuterLine,in,,0,1,0,https://x.com/undefined/status/1861962957204447638,1153981180103933957,
1832699502924570773,Sun Sep 08 08:53:01 +0000 2024,0,@CommuterLine Ini gamungkin kereta nya dateng lebih cepet kan min? Takut nya 22.52 terakhir ternyata sebelum jam itu udah gaada,1832703679293739233,,CommuterLine,in,,0,1,0,https://x.com/undefined/status/1832703679293739233,1015789086034948096,
1853254797383930234,Mon Nov 04 09:19:44 +0000 2024,0,@CommuterLine @gibran_tweet Nextnya tolong diinfo dari awal jangan dipertengahan jalan baru info atau minimal sudah ada kereta penggantinya di Manggarai jd penumpang tidak numpuk disitu. Bahaya juga karena tau sendiri situasinya selalu rame puol di Manggarai.,1853366510431183007,,CommuterLine,in,,0,0,0,https://x.com/undefined/status/1853366510431183007,79937847,
1861879516936966559,Thu Nov 28 03:10:38 +0000 2024,0,@CommuterLine halo admin tolong di bantu kakak ini ya bantu diperketat sanksinya untuk pelaku pelecehan https://t.co/ualyMipeVz,1861970930756649330,,CommuterLine,in,,0,2,0,https://x.com/undefined/status/1861970930756649330,1219644133272256513,
1858883786207097313,Wed Nov 20 01:11:11 +0000 2024,0,@CommuterLine Ya Allah serem bgt semoga aman semuanya,1859041767951396928,,CommuterLine,in,,0,0,0,https://x.com/undefined/status/1859041767951396928,1115044789311795201,
1847092374461428050,Fri Oct 18 01:48:34 +0000 2024,3,@CommuterLine plis kalo bikin jadwal yang bener doang jangan tbtb berubah kereta rame bgt orang2 yg masi belom naik kereta jg banyak bgt kereta cikarang - angke momen seperti ini bisa buat para oknum pencopet ataupun pelecehan seksual beraksi. https://t.co/1KFhdeAV9b,1847092374461428050,https://pbs.twimg.com/media/GaIwuDda4AA0LMZ.jpg,CommuterLine,in,,1,3,1,https://x.com/undefined/status/1847092374461428050,1759200677455429633,
1863129923126489418,Sun Dec 01 07:56:03 +0000 2024,0,@CommuterLine @krlmania @krlserpong hati hai gaes tas anker kena copet dengan sobek tas pakai cutter https://t.co/rrss1Yhbm5,1863129923126489418,,CommuterLine,in,,0,0,0,https://x.com/undefined/status/1863129923126489418,296619288,
1862138655462072612,Thu Nov 28 14:17:06 +0000 2024,0,@CommuterLine min tolong di stasiun tn abang di peron2 nya dijagain petugas di area keberangkatan cikarang/bekasi. banyak bgt modus2 min bahaya buat cewek,1862138655462072612,,CommuterLine,in,,0,1,0,https://x.com/undefined/status/1862138655462072612,1831641697325084672,
1855770098050662421,Mon Nov 11 00:30:44 +0000 2024,0,@CommuterLine min ini kok kereta Nambo-JakartaKota 1505C di rangkaian nomor 2 ga kedengeran suara announcer ya? udah ngelewatin stasiun Cibinong -Citayem pun gadikasih tau sama announcernya takut kebablasan min kalau ketiduran,1855770098050662421,,CommuterLine,in,,0,1,0,https://x.com/undefined/status/1855770098050662421,1322534171101679616,
1857397517434183824,Fri Nov 15 13:10:47 +0000 2024,0,@CommuterLine Min kereta rangkas meraknya nungguin gak takut gak keburu,1857410920080965926,,CommuterLine,in,,0,1,0,https://x.com/undefined/status/1857410920080965926,514147055,
1846522980119335392,Wed Oct 16 12:05:59 +0000 2024,1,@CommuterLine halo min maaf sebelumnya mau ada pengaduan pelecehan. jadi sore ini suamiku baru sampai di stasiun Parung Panjang Bogor waktu di tangga menuju tap out counter ada yang remas pantat suami aku dari belakang. dan ya ga ada bukti dan ga sempet noleh ke belakang,1846522980119335392,,CommuterLine,in,,0,1,0,https://x.com/undefined/status/1846522980119335392,93596041,
1852916450467758221,Sun Nov 03 03:33:18 +0000 2024,0,@CommuterLine Bahaya tuh bersandar di kereta,1852916940786057535,,CommuterLine,in,,0,0,0,https://x.com/undefined/status/1852916940786057535,1102960516832550912,
1866459563740078108,Tue Dec 10 12:26:51 +0000 2024,0,@CommuterLine saya ingin melaporkan perbuatan tidak menyenangkan yang baru saja terjadi pukul 19.14 di krl tujuan kp. Bandan- cikarang KA 4082 (gerbong 4). Mas2 baju merah yg ada di foto baru saja melakukan pelecehan seksual terhadap saya. https://t.co/wEy40l3Hfb,1866459563740078108,https://pbs.twimg.com/media/Geb_CPVaIAA_B35.jpg,CommuterLine,in,,0,1,0,https://x.com/undefined/status/1866459563740078108,1215985825818669060,
1863915087565873282,Tue Dec 03 11:56:01 +0000 2024,0,@CommuterLine ini penumpangnya ada yg melakukan pelecehan gak ada otak org pulang kerja malah jadi bahan napsu https://t.co/4gsFUtUXpT,1863915087565873282,https://pbs.twimg.com/ext_tw_video_thumb/1863915041852108800/pu/img/XQZ8L49XP4J3bbw7.jpg,CommuterLine,in,,0,1,0,https://x.com/undefined/status/1863915087565873282,518153183,
1835185475679891482,Sun Sep 15 05:35:48 +0000 2024,0,@CommuterLine Gatau min cmn tau nya saya di gerbong 9 td. Info tambahan dia mau copet di jakarta kota min plis klo setiap penumpang bawa besi di check kynya dia bawa alat begal. Takut buat anarkis di dalam stasiun scr emosi nya dangkal,1835190762683982172,,CommuterLine,in,,0,1,0,https://x.com/undefined/status/1835190762683982172,1752856485800099840,
1855894749506630126,Mon Nov 11 08:58:14 +0000 2024,0,@CommuterLine Ga ada arahan apa2 Min petugas nginfoin ada masalah apa juga engga. Ga sigap nih. Bahaya padahal itu kalau meledak di dalem.,1855897813525377388,,CommuterLine,in,,0,0,0,https://x.com/undefined/status/1855897813525377388,1015669727123812352,
1845785976158953637,Mon Oct 14 11:17:24 +0000 2024,0,@CommuterLine pak tolong ada yg tawuran bocil2 .udh dilarang satpam masih aja berani mereka bawa celurit gw takut kenapa2 tuh satpam .masalah nya tawuran nya di tengah rel dikampung badan peron 7 dan peron 8,1845785976158953637,,CommuterLine,in,,0,0,0,https://x.com/undefined/status/1845785976158953637,754203665167097857,
1869336268301271393,Wed Dec 18 11:03:54 +0000 2024,2,@CommuterLine Di duri kabel listriknya keluar apinya serem banget korsleting gitu. Mana pas liat lagi ,1869337791848665217,,CommuterLine,in,,0,1,0,https://x.com/undefined/status/1869337791848665217,1151331617048162304,
1841277231584395647,Wed Oct 02 00:41:15 +0000 2024,0,@CommuterLine min ini peron di st Metland telaga murni bolong gt Ga bahaya ..? Tolong di perbaiki min https://t.co/wdv8qZ4lNb,1841277231584395647,https://pbs.twimg.com/media/GY2H4EuaMAA3irF.jpg,CommuterLine,in,,0,1,0,https://x.com/undefined/status/1841277231584395647,1093204706229252101,
1851937115053134235,Thu Oct 31 11:43:24 +0000 2024,1,@CommuterLine Sumpah knp perbaikan pas rush hour...... Bener2 kayak pepes mau nafas aja susah mana bawa laptop takut remuk ,1851953111293886837,,CommuterLine,in,,0,0,0,https://x.com/undefined/status/1851953111293886837,1671028437610536965,
1872599369633120743,Fri Dec 27 11:13:01 +0000 2024,0,@CommuterLine Cepetan woy! Takut telat kereta terakhir sukabumi nih !!!,1872601574784245983,,CommuterLine,in,,0,0,0,https://x.com/undefined/status/1872601574784245983,57268974,
1872599369633120743,Fri Dec 27 11:41:19 +0000 2024,6,@CommuterLine Tolong dong min kalo pengecekan jgn jam segini jam rawan plg kerja pegel pol berdiri nih gegara gangguan Disorakin noh sama gerbong depan https://t.co/15XOgfE4lH,1872608695701704961,https://pbs.twimg.com/media/GfzXriGbEAAGl4i.jpg,CommuterLine,in,,0,0,0,https://x.com/undefined/status/1872608695701704961,1209795839620567044,
1835465847898575339,Sun Sep 15 23:57:40 +0000 2024,0,@CommuterLine Kalau jadwal akuratnya sy bisa lihat dimana ya? Saya takut telat sampe tujuan ,1835468055004266626,,CommuterLine,in,,0,1,0,https://x.com/undefined/status/1835468055004266626,198010180,
1868627465402466719,Mon Dec 16 12:01:19 +0000 2024,0,@CommuterLine tolong perhatiannya. Di sta tg barat di jalur tunggu ke bogor ada lampu gantung yg mo jatuh sdh goyang2. Waktu terlihat sy sdh mau masuk kereta jd ga sempet ngomong sm security nya. Takut jatuh kna org. Sekitar 20 m dr gerbang tap card dr tg barat ke kanan.,1868627465402466719,,CommuterLine,in,,0,1,0,https://x.com/undefined/status/1868627465402466719,1471236176,
1837974451809669616,Tue Oct 01 22:24:33 +0000 2024,0,@CommuterLine Gak nunggu dari jam 5 kurang lagi keretanya di stasiun parung panjang? Serem tadi pada berebut masuk di peron jadinya,1841242828854501391,,CommuterLine,in,,0,1,0,https://x.com/undefined/status/1841242828854501391,1597359815767969792,
1861879516936966559,Thu Nov 28 04:41:44 +0000 2024,0,@CommuterLine Min. Adek saya Gak sengaja bawa makanan punya orang lain di commuterline transit Duri di dalemnya ada tupperware nya takut dia dimarahin mamak nya ngilangin itu tupperware a(da 3 biji pula). Mohon yg merasa dm saya ya..,1861993858642694580,,CommuterLine,in,,0,1,0,https://x.com/undefined/status/1861993858642694580,2859503558,
1856838501515629037,Tue Nov 19 02:10:17 +0000 2024,0,@CommuterLine Lawan segala bentuk pelecehan seksual dan kejahatan lainnya gunakan Tnos Alert Button untuk respon cepat pelecehan. BISA DIGUNAKAN DIMANAPUN cukup tekan tombol merah di Tnos Alert Button. Pengguna bisa mengirimkan alert ke responder. Responder bisa ditentukan sendiri https://t.co/vW0KbxB8Yj,1858694254929039465,https://pbs.twimg.com/media/GctokJHbAAAx2aK.jpg,CommuterLine,in,,0,0,0,https://x.com/undefined/status/1858694254929039465,1510182930127417345,
1840520620490293695,Mon Sep 30 13:03:19 +0000 2024,0,@CommuterLine Halo! Kami dari Suarise usaha sosial di bidang aksesibilitas digital. Yuk tambahkan #ALTTeks di postingan ini agar teman netra dapat memahami isi gambar terutama soal bentuk pelecehan seksual yang tak ada di caption. caranya https://t.co/HtjED0SVDJ. Terima kasih!,1840739203195584571,,CommuterLine,in,,0,0,0,https://x.com/undefined/status/1840739203195584571,937258936071110658,
1848326730056159734,Mon Oct 21 11:33:27 +0000 2024,0,@CommuterLine min kereta ke Bogor SF8 berangkat sekitar jam 18.00an dari Cawang nomor body 6106 (1338B cmiiw) sering rem mendadak waktu mau masuk stasiun. Tolong cek setelan remnya bahaya banyak yg mau jatuh di dalam. Tadi sudah lapor asisten masinis pas turun terima kasih,1848326730056159734,,CommuterLine,in,,0,1,0,https://x.com/undefined/status/1848326730056159734,1577939521504567297,
1858883786207097313,Wed Nov 20 00:36:45 +0000 2024,9,@CommuterLine tolong min..tambahin kalimat untuk anouncer pas kereta lagi jalan..selain pelecehan s*ksual juga dilarang nyender..karena biar belajar etika sesama penumpang krl.. thanks @CommuterLine @KAI121,1859033104213832031,,CommuterLine,in,,2,0,0,https://x.com/undefined/status/1859033104213832031,611345020,
1842437559437381690,Sat Oct 05 05:31:59 +0000 2024,0,@CommuterLine min manggarai di jam skrng masih ramai ga ya? Takut kaya tadi pagi chaos bgt,1842437559437381690,,CommuterLine,in,,0,1,0,https://x.com/undefined/status/1842437559437381690,988157187145908225,
1760644806450282685,Thu Feb 22 12:36:47 +0000 2024,0,@CommuterLine min ini di gerbong kayanya ada sarang kecoa deh. KA 1780 line Tanah Abang - Rangkasbitung. Gerbong 9. Masih kecil sih. Tp kalo gede apa ga ngeri klo terbang kemana mana @jalur5_,1760644806450282685,,CommuterLine,in,,0,2,0,https://x.com/undefined/status/1760644806450282685,1625765210,
1809524547047313884,Sat Jul 06 09:47:26 +0000 2024,0,@CommuterLine woy bales pengecut ya. Kenapa bisa-bisanya ujan segitu doang bikin kacau rute Cikarang? Kalau ga ada uang naikin aja argonya jadi 20-30 ribu masih fine kok.,1809524547047313884,,CommuterLine,in,,0,0,0,https://x.com/undefined/status/1809524547047313884,2248727682,
1819349831619588417,Fri Aug 02 12:29:36 +0000 2024,0,@CommuterLine gamau umumin ada gangguan sinyal min ? Kacau banget ga ngasih tau,1819349831619588417,,CommuterLine,in,,0,1,0,https://x.com/undefined/status/1819349831619588417,792270653625737216,
1768416718001717616,Fri Mar 15 01:23:36 +0000 2024,0,@CommuterLine Kenapa gak sabtu aja SO nya min ini hari jumat pagi st bekasi chaos orang pada kelamaan nunggu KRL ,1768447926408483215,,CommuterLine,in,,0,0,0,https://x.com/undefined/status/1768447926408483215,1448003520,
1749237247445225863,Mon Jan 22 01:07:13 +0000 2024,2,@CommuterLine Hei sebelum tutup akses tangga drop off Rawa Buntu better dipikirin dulu solusinya orang dipaksa drop off dibawah yg normalnya aja udah chaos dan macet apalagi kaya gini plus dibawah 2 menit bayar pula parkir 3ribu....,1749237247445225863,,CommuterLine,in,,0,3,0,https://x.com/undefined/status/1749237247445225863,36288833,
1798155648649347535,Wed Jun 05 01:10:44 +0000 2024,2,@CommuterLine Adain piket gitu kek min buat pengecekan sebelum jam berangkat kerja biar pas jam kerja gak chaos ,1798160491677929599,,CommuterLine,in,,0,1,0,https://x.com/undefined/status/1798160491677929599,62020869,
1768416718001717616,Thu Mar 14 23:39:15 +0000 2024,1,@CommuterLine tolong bgt lah masa dadakan dan di jam kerja gini? numpuk semua chaos di st. tambun berangkat juga jadi lebih siang. haduh,1768421663924994446,,CommuterLine,in,,0,0,0,https://x.com/undefined/status/1768421663924994446,2549957792,
1780772431319466216,Thu Apr 18 01:54:18 +0000 2024,0,@CommuterLine Terus ini udh 10 menit di dalem kereta arah Sudirman tp ga take off jg ni kereta busettt nunggu apaansi? Kacau wasting time bgt parah!,1780776839751045209,,CommuterLine,in,,0,0,0,https://x.com/undefined/status/1780776839751045209,47911038,
1793791450960052644,Fri May 24 00:15:32 +0000 2024,1,@CommuterLine @naidaa61 wah kacau sih harus banget di evaluasi,1793797946246594661,,CommuterLine,in,,0,0,0,https://x.com/undefined/status/1793797946246594661,2790991499,
1861879516936966559,Wed Nov 27 22:17:21 +0000 2024,9,@CommuterLine Ngeri banget https://t.co/lFtaelwTWr,1861897125225000970,https://pbs.twimg.com/ext_tw_video_thumb/1861897098406584320/pu/img/k5_0T_oyc5zBy_kk.jpg,CommuterLine,in,,3,6,5,https://x.com/undefined/status/1861897125225000970,1073081136,
1823748864274522289,Wed Aug 14 15:49:47 +0000 2024,0,@CommuterLine tolong dong ini jalan ke arah stasiun tanah tinggi yg dr lampu merah dikasi penerangan asli gelap banget jam 6juga ngeri https://t.co/FwB6aBDelC,1823748864274522289,https://pbs.twimg.com/media/GU9BxVwaIAAJ_3O.jpg,CommuterLine,in,,0,1,0,https://x.com/undefined/status/1823748864274522289,894511372171530240,
1853240640941002941,Mon Nov 04 00:59:35 +0000 2024,0,@CommuterLine @CurhatKRL ga jelas nih KAI kereta ke Sudirman bukan ditambah hari senin malah dikurangi kacau dah,1853240640941002941,,CommuterLine,in,,0,1,0,https://x.com/undefined/status/1853240640941002941,417562556,
1795612757615890666,Wed May 29 00:43:18 +0000 2024,4,@CommuterLine Bikin chaos pagi-pagi! Tolong dulu diperbaiki pelayanannya. Kami disuruh turun di tebet trus naik kereta selanjutnya kebayang kan serame apa itu di kereta. Pas turun di manggarai pada berantem woi https://t.co/3hQJ5VfyGS,1795616872936988955,https://pbs.twimg.com/media/GOtQBVobMAED1x7.jpg,CommuterLine,in,,0,1,1,https://x.com/undefined/status/1795616872936988955,60096400,
1832616961932407114,Sun Sep 08 03:08:26 +0000 2024,0,@CommuterLine kenapa jadwal krl tangerang - duri tidak sesuai ya bbrp hari ini? Hari jumat jg kacau Ini kereta tangerang - duri 10.07 udh brgkt dr 10.03 why!??,1832616961932407114,,CommuterLine,in,,0,1,0,https://x.com/undefined/status/1832616961932407114,1676215033251110915,
1810265731181031666,Mon Jul 08 13:15:19 +0000 2024,0,@CommuterLine Balik ngampus capee eh malah bgini pas mau balik hari ini kacau abiezzz https://t.co/kAcaTVRCzD,1810301640567820426,https://pbs.twimg.com/ext_tw_video_thumb/1810301538478465025/pu/img/xVIUW3BngasL3YVY.jpg,CommuterLine,in,,0,0,0,https://x.com/undefined/status/1810301640567820426,1572966824454782978,
1805480980364541964,Wed Jul 17 11:25:21 +0000 2024,0,@CommuterLine Kereta barang lokomotif @KAI121 ntar kereta penumpang... Ga heran jadwal KRL kacau mulu...,1813535459102036471,,CommuterLine,in,,0,0,0,https://x.com/undefined/status/1813535459102036471,3329029736,
1805763195443069164,Wed Jun 26 00:59:36 +0000 2024,0,@CommuterLine Yang begini nih pagi2 bikin orang telat kereta juga datangnya lama. Mikir dong harusnya kalo perbaikan tuh malem jangan di jam sibuk begini. Orang2 didalem kereta udah kayak apaan tau ketiban karena maksain masuk semua. Transportasi umum terbaik malu2in!!,1805767837342220520,,CommuterLine,in,,0,0,0,https://x.com/undefined/status/1805767837342220520,586487742,
1784772142997152052,Mon Apr 29 02:46:40 +0000 2024,0,@CommuterLine @adhindalatifa Takut ketahuan jadwal nya kacau makannya server nya sengaja dibuat eror.. .,1784776284557734367,,CommuterLine,in,,0,0,0,https://x.com/undefined/status/1784776284557734367,849127808685154306,
1741742050859790656,Mon Jan 01 08:43:59 +0000 2024,1,@CommuterLine ngantri buat masuk stasiun bogor bagus si ini biar didalem gak ngebludak. Cuma tolong ini pengap bangey berada ditengah lautan manusia kalo ada kipas better sih. Ngeri tiba tiba ada yang sesek tts pingsan walaupun ini terbuka tapikan atasnya ditutup ya https://t.co/IRr32RPic7,1741742050859790656,https://pbs.twimg.com/media/GCvpKFjbcAAz13l.jpg,CommuterLine,in,,0,0,0,https://x.com/undefined/status/1741742050859790656,1248271519,
1836223412915913063,Wed Sep 18 03:41:14 +0000 2024,0,@CommuterLine Ngurus kehilangan buat bukti cctv harus seribet ini padahal saya sudah liat sendiri saat pintu krl tertutup. Dan jeda waktunya singkat saat kehilangan dan buat laporan karena harus buat laporan polisi dan menunggu antrian pemutaran cctv keburu kabur lah malingnya. Kacau. https://t.co/BW0FKwHgbG,1836249094463103096,https://pbs.twimg.com/media/GXuqz1zakAI7nE0.jpg,CommuterLine,in,,0,0,0,https://x.com/undefined/status/1836249094463103096,1100919550764187648,
1752298918547980665,Tue Jan 30 12:00:57 +0000 2024,0,@CommuterLine Kerjanya cepetan wooooiiiiii!!!!! Kacau ne di tinggal pak Jonan!!!,1752300866315645174,,CommuterLine,in,,0,0,0,https://x.com/undefined/status/1752300866315645174,1577824896947609601,
1795612757615890666,Wed May 29 01:16:18 +0000 2024,0,@CommuterLine hhmmm pantesan jd kacau nih pagi @CommuterLine,1795625179726680110,,CommuterLine,in,,0,0,0,https://x.com/undefined/status/1795625179726680110,1515975489718218754,
1752678922901491853,Wed Jan 31 17:52:51 +0000 2024,0,@CommuterLine @TfJakarta @perkeretaapian Gue liat2 nih kagak ada yg benerin itu eskalator disentuh pun kagak!,1752751812887855415,,CommuterLine,in,,0,0,0,https://x.com/undefined/status/1752751812887855415,1497959303709622273,
1810624301747577143,Tue Jul 09 10:37:27 +0000 2024,0,@CommuterLine @KAI121 teruntuk seluruh pegawai kai mohon dibikinin info gimana caranya naik turun kereta prameks maupun krl. Soalnya bener2 kacau banget klo turun dr prameks tuh banyak banget yang gak paham dan gak kasih jalan jadinya desek2an parah,1810624301747577143,,CommuterLine,in,,0,6,0,https://x.com/undefined/status/1810624301747577143,360616725,
1799110451466539110,Fri Jun 07 16:05:32 +0000 2024,0,@CommuterLine seriusan ini manggarai Bekasi next nya bisa sampe 40 menitan !!!! Kacau,1799110451466539110,,CommuterLine,in,,0,1,0,https://x.com/undefined/status/1799110451466539110,1773360525205757952,
1826414513232773127,Thu Aug 22 01:07:09 +0000 2024,1,@CommuterLine @deardikey Jadwal krl kok kacau penympukan d st duri dan tanah abang mohon d tinjut. Tks,1826425847135568137,,CommuterLine,in,,0,1,1,https://x.com/undefined/status/1826425847135568137,95812007,
1785910511495954860,Thu May 02 05:53:41 +0000 2024,0,@CommuterLine ini kenapa hari ini KRL ada keterlambatan 20menit an ya di jalur palur-jogja ?? Jam berangkat di 10.32 di jebres tujuan jogjakarta. Alasan terlambat apa? Bikin jadwal kacau aja hadehh.,1785910511495954860,,CommuterLine,in,,0,1,0,https://x.com/undefined/status/1785910511495954860,1131109357,
1794882680573805000,Mon May 27 03:59:12 +0000 2024,2,@CommuterLine Harusnya dari pimpinan @KAI121 bisa lebih gigih memperjuangkan penambahan gerbong utk KRL Jabodetabek krn yg ada skrg sangat kurang. Jangan menurut saja dgn omongan anggota DPR yg tdk tahu kondisi lapangan. Nunggu 2025 keburu chaos! Mungkin hanya pak Jonan yg bisa mmengatasi,1794941400636944391,,CommuterLine,in,,0,1,0,https://x.com/undefined/status/1794941400636944391,161677738,
1785305451506364577,Tue Apr 30 13:49:23 +0000 2024,0,@CommuterLine tolong itu gate bojong di buka lagi lah!! Gate gaperi itu udah gak manusiawi!! Becek jalan sempit rusak gx da trotoar khusus pjln kaki!! Blm lg chaos d pintu perlintasan!! https://t.co/RR7NQtaBIo,1785305451506364577,https://pbs.twimg.com/ext_tw_video_thumb/1785305431734390784/pu/img/d8v8Gk5rxHo7yfvS.jpg,CommuterLine,in,,0,1,0,https://x.com/undefined/status/1785305451506364577,199520582,
1815958657089298757,Wed Jul 24 03:54:17 +0000 2024,0,@CommuterLine min kacau bgt sih manajemen waktunya Ngerugiin org bgt kaya gini harusnya kereta ke Tanah Abang sampe di jam 10:47 tapi tadi malah telat karena ada perpindahan jalur dulu di st tanah Abang&amp;baru sampai di jam 10:52 Saya jadi gak kekejar kereta arah Cikarang woy,1815958657089298757,,CommuterLine,in,,0,1,0,https://x.com/undefined/status/1815958657089298757,1585234611772084224,
1871187712902087013,Mon Dec 23 13:34:50 +0000 2024,0,@CommuterLine min tadi di kalibata palang pintu udah diangkat dan sirine penandanya udh dimatikan padahal ada kereta ketiga dr arah pasar minggu baru.. banyak motor udah pada nyebrang di klakson kenceng banget br pd nyadar ada kereta lg.. untung ga kenapa napa itu.. ngeri,1871187712902087013,,CommuterLine,in,,0,1,0,https://x.com/undefined/status/1871187712902087013,879665881160101889,
1780739786728513901,Thu Apr 18 01:36:14 +0000 2024,0,@CommuterLine Kacau ni KAI kinerjanye..,1780772293427532254,,CommuterLine,in,,0,0,0,https://x.com/undefined/status/1780772293427532254,889476135959920640,
1787438213919051867,Mon May 06 11:14:32 +0000 2024,0,@CommuterLine Sbnrnya kan kalian hrsnya tau jam rawan itu jam berangkat dan pulang kerja knp di jam rawan malah ga ada penambahan kereta? Kalian udh bs prediksi dong kl lama akan jd penumpukan kl gt akhirnya chaos gbs diatur :),1787440807458508842,,CommuterLine,in,,0,1,0,https://x.com/undefined/status/1787440807458508842,1787009299912482816,
1793743712985682196,Fri May 24 00:44:49 +0000 2024,0,@CommuterLine Min tolong dong infonya ini kenapa jadwal kereta priok dibatalin gitu aja tanpa ada info kenapa ??? Dan kereta baru ada jam 8.13?? Kami yang kerja numpuk lho di priok ? Kacau pelayanannya,1793805314883727361,,CommuterLine,in,,0,0,0,https://x.com/undefined/status/1793805314883727361,1655421345407320064,
1845793387766796480,Mon Oct 14 23:40:51 +0000 2024,0,@CommuterLine Manggarai stasiun ter kacau sedunia,1845973072903606714,,CommuterLine,in,,0,0,1,https://x.com/undefined/status/1845973072903606714,1402639923702689793,
1786383401760833608,Fri May 03 13:12:47 +0000 2024,0,@CommuterLine mohon dikaji ulang mengenai jadwal kereta tiba di stasiun duri udh seminggu ini chaos gara2 kereta dateng bersamaan di setiap peron dan eskalator rusak https://t.co/buSLOzgd8g,1786383401760833608,https://pbs.twimg.com/media/GMqCO1gb0AAXczA.jpg,CommuterLine,in,,0,1,0,https://x.com/undefined/status/1786383401760833608,107687775,
1836729085931995447,Thu Sep 19 12:07:12 +0000 2024,0,@CommuterLine Iya saya tau tapi krl sebelumnya lebih cepet berangkatnya. Ga sesuai dengan jadwal :)) jadi saya udah persiapkan sesuai estimasi waktu pulang kerja juga jadi kacau min. Tolong perbaiki kembali kedepannya.,1836738813097636169,,CommuterLine,in,,0,0,0,https://x.com/undefined/status/1836738813097636169,1290586207068418048,
1754666868907085911,Tue Feb 06 00:42:36 +0000 2024,0,@CommuterLine tolong jafwalnya di update doang ya di aplikasi kacau dah jadwal ctanah abang cikarang gak seauai dengan si aplikasi tolong jadikan pwrhatian biar penumpang gak salah perkirakan waktu,1754666868907085911,,CommuterLine,in,,0,1,0,https://x.com/undefined/status/1754666868907085911,285061024,
1775466951697109053,Wed Apr 03 10:14:42 +0000 2024,0,@CommuterLine @KAI121 ini chaos banget parkiran mobil St. Rawa Buntu. Masa 2 menit 1 mobil mana ga ada petugas/orang yg kompeten yg bantuin biar cepet. Mana ujan deres ga ada jalan track pejalan kaki yang teduh dan safety buat naik ke atas.,1775466951697109053,,CommuterLine,in,,0,3,2,https://x.com/undefined/status/1775466951697109053,1177557751767040000,
1759616558438244615,Tue Feb 20 03:07:14 +0000 2024,0,@CommuterLine Kenapa tujuan cikarang itu dari jm 9 ke atas bisa 40 menit nunggu nya ya ? Ko bisa ya ga ada jadwal kacau banget giliran pagi penumpang lewat pst dari duri itu sedikit tiap 5 menit ada giliran sampe siang ga ada,1759776697703125023,,CommuterLine,in,,0,0,0,https://x.com/undefined/status/1759776697703125023,1193800369756758017,
1858883786207097313,Tue Nov 19 15:59:21 +0000 2024,1,@CommuterLine overheard td ada petugas yg bilang krn abis ada kejadian nyolong kabel bener ga min? hukum aja kalo bener mah. udh nyusahin banyak bgt org. parah kacau,1858902895091216853,,CommuterLine,in,,1,0,0,https://x.com/undefined/status/1858902895091216853,1322666848723165184,
1748520613243969710,Sat Jan 20 01:39:34 +0000 2024,1,@CommuterLine @KAI121 hari ini aplikasi KAI access kacau semua penumpang barcode ngga keluar alhasil disuruh cetak tiket. Cetak tiket sendiri di mesin ngga bisa harus cetak tiket di loket. Ditambah menit terakhir keberangkatan aplikasi ke log out sendiri. Parah!!! https://t.co/OVnueC6CJM,1748520613243969710,https://pbs.twimg.com/media/GEP-OcvbIAEktMx.jpg,CommuterLine,in,,0,1,0,https://x.com/undefined/status/1748520613243969710,457290370,
1827857276209869028,Mon Aug 26 00:54:46 +0000 2024,0,@CommuterLine @beatricrosiana Min @CommuterLine kenapa sih perbaikan persinyalan kok di jam jam rame gini emang ga ada preventive maintenance? Dalam seminggu ini kacau terus perjalanan relasi pondok ranji - tn abang,1827872281722548295,,CommuterLine,in,,0,1,0,https://x.com/undefined/status/1827872281722548295,93315801,
1786383401760833608,Sat May 04 10:24:12 +0000 2024,0,@CommuterLine Jadwal gapeka nya jelek tuh berarti masa setiap jam pulang kerja di stasiun duri peron 1 sama 2 nyampenya bareng terus ? Alhasil bentrok semua diatas mana penyebrangan peron cuma ada 2 akses lagi itu jg yg 1 rusak mulu. Enakan dulu yg dibawah juga dibuka jadi ga chaos,1786703365340303406,,CommuterLine,in,,0,0,0,https://x.com/undefined/status/1786703365340303406,107687775,
1847068309562470598,Fri Oct 18 01:13:01 +0000 2024,1,@CommuterLine owalah pantesan 5049 padet banget.. Kacau..,1847083428128473592,,CommuterLine,in,,0,0,0,https://x.com/undefined/status/1847083428128473592,63876975,
1864625240283992266,Thu Dec 05 11:06:20 +0000 2024,1,@CommuterLine Puantessaaannnn jam segini udah chaos aja di Sudirman,1864627361393856792,,CommuterLine,in,,0,0,0,https://x.com/undefined/status/1864627361393856792,1936381567,
1810265731181031666,Mon Jul 08 11:25:53 +0000 2024,0,@CommuterLine di jam rush hour balik kerja bgt? st tn abang kacau parahh hadehhh bw mbl salah naik umum jg salah,1810274098951623021,,CommuterLine,in,,0,0,1,https://x.com/undefined/status/1810274098951623021,1309583996,
1752578468431478818,Wed Jan 31 06:24:02 +0000 2024,0,@CommuterLine aduh min ini gmna kata nya ank perusahaan tapi duit konpensasi aja belom turun udh mah di putus kontrak eh konpensasi yg udh jdi hak saya malah belom turun juga. Eh denger dari kawan yg masih kerja ternyata gaji juga belum turun. Waduh kacau... Bilang tuh ke RMU,1752578468431478818,,CommuterLine,in,,0,1,0,https://x.com/undefined/status/1752578468431478818,1278201964187140096,
1765186112417681439,Wed Mar 06 01:22:19 +0000 2024,1,@CommuterLine Bener-bener kacau ya sekarang jadwal KRL Blue Line dari Bekasi/Cikarang via Manggarai nggak pernah on time makin parah telatnya.. Bagaimana ini masa sudah ganti tahun masih kacau begini? Apa nggak ada evaluasinya ya dari tahun lalu??,1765186112417681439,,CommuterLine,in,,0,1,0,https://x.com/undefined/status/1765186112417681439,862520274,
1810055657980391527,Mon Jul 08 00:53:22 +0000 2024,0,@CommuterLine Udh setengah jam lebih nunggu KRL di Stasiun Jatinegara tujuan Senen kok blum lewat2 min? Ga ada pemberitahuan lagi. Gila banget senin kacau semua.,1810114922812199000,,CommuterLine,in,,0,1,0,https://x.com/undefined/status/1810114922812199000,1155025294853414913,
1847207582903238973,Fri Oct 18 09:26:21 +0000 2024,0,@CommuterLine jadwal KRL Commuter Line untuk hari Minggu tgl 20 tepat pada pelantikan presiden tolong KRL Tujuan Akhir Parung panjang dan Serpong diperpanjang sampai tujuan akhir Tigaraksa dan kembali menjadi Tigaraksa-Tanah Abang biar Tanah Abang dan Palmerah tidak kacau @KAI121,1847207582903238973,,CommuterLine,in,,0,3,0,https://x.com/undefined/status/1847207582903238973,1362370508222652417,
1795793206933655602,Wed May 29 12:23:59 +0000 2024,0,@CommuterLine belum dikasih rangkaian kah sama pemerentah? Kacau lu. https://t.co/NUJGY0vfiu,1795793206933655602,https://pbs.twimg.com/media/GOvwZDVbAAAcF9b.jpg,CommuterLine,in,,0,1,0,https://x.com/undefined/status/1795793206933655602,96932909,
1769502693016690879,Sun Mar 17 23:14:52 +0000 2024,0,@CommuterLine min kereta rangkas-tanabang jadwalnya kenapa jd kacau? Yg dr Cilejit jam 6:15 kenapa jd mundur 6:21? Ga ada pemberitahuan apa2 lagi.,1769502693016690879,,CommuterLine,in,,0,1,0,https://x.com/undefined/status/1769502693016690879,1625765210,
1826769382661652877,Fri Aug 23 00:46:40 +0000 2024,0,@CommuterLine Makin kacau sob moda transportasi ini,1826783079438192691,,CommuterLine,in,,0,0,0,https://x.com/undefined/status/1826783079438192691,99442851,
1800124318271394060,Mon Jun 10 11:14:16 +0000 2024,0,@CommuterLine HAAAAAH KONTOL! KRL telat semua jadi chaos. Lagian lo disain stasiun manggarai kaya orang tolol gini dah. Gak mikirin pengguna. GOBLOK,1800124318271394060,,CommuterLine,in,,0,1,0,https://x.com/undefined/status/1800124318271394060,207417555,
1836432574367043806,Wed Sep 18 16:27:12 +0000 2024,1,@CommuterLine Jam segini malah gangguan. Kacau! Dampaknya kemana2. Arah Cikarang dari Jatinegara juga jadi kena delay,1836441856168857947,,CommuterLine,in,,0,0,0,https://x.com/undefined/status/1836441856168857947,102419898,
1765244734283424227,Wed Mar 06 08:08:46 +0000 2024,0,@CommuterLine Jalur hijau makin kacau,1765288400788296150,,CommuterLine,in,,0,0,0,https://x.com/undefined/status/1765288400788296150,1007954552,
1768411358503317963,Thu Mar 14 22:58:18 +0000 2024,0,@CommuterLine min ini kenapa kereta cikarang - kampung bandan kacau banget jadwal nya. Ada ngaret 20 menit ini. Jadi numpuk di stasiun,1768411358503317963,,CommuterLine,in,,0,0,0,https://x.com/undefined/status/1768411358503317963,1725665366012280832,
1752325871346843676,Tue Jan 30 16:42:21 +0000 2024,1,@CommuterLine bodoamat min saya udah dirumah! tolong dong KAI klo ada perbaikan kasih estimasi. rush hour gini penanganannya kacau! operator admin masinis minta maaf mulu. ga saya maapin ampe lebaran bodoamat! masalahnya jg ga dikasih tau kenapa ampe gangguan ckck miris beda bgt sama jepang,1752371683791675863,,CommuterLine,in,,0,1,1,https://x.com/undefined/status/1752371683791675863,1044012669676642304,
1793743712985682196,Thu May 23 23:05:24 +0000 2024,8,@CommuterLine Min banyak yang masuk kerja loh min. Kenapa jadwal kereta dikurangin? Kacau. Di Citayam jadwal 6:02 malah penuh banget kyk gini jadinya. Ternyata jadwalnya pada hilang. Habis jadwal 6:02 langsung ke 6:31.,1793780298452509076,,CommuterLine,in,,0,3,1,https://x.com/undefined/status/1793780298452509076,1974491276,
1842754373732253855,Sun Oct 06 02:57:38 +0000 2024,0,@CommuterLine @NfsGeonina Normalnya mamggarai ya chaos itu.,1842761102394003894,,CommuterLine,in,,0,0,0,https://x.com/undefined/status/1842761102394003894,1261469436847861761,
1813881452209000605,Thu Jul 18 10:20:13 +0000 2024,0,@CommuterLine kacau lagi anjirr di ps minggu lama banget padahal ga ada penumpang. Buang2 waktu anjir,1813881452209000605,,CommuterLine,in,,0,1,0,https://x.com/undefined/status/1813881452209000605,1326286881135366144,
1744896399186284733,Wed Jan 10 01:38:14 +0000 2024,0,@CommuterLine kenapa sih skrg line bogor jakarta jadi kacau semenjak perombakan jadwal malah ga efisien menurut saya penumpang ya ujung2nya juga bakal numpuk malah jadi berebutan terus waktu tempuh malah makin panjang,1744896399186284733,,CommuterLine,in,,0,1,0,https://x.com/undefined/status/1744896399186284733,141423746,
1774960629935436099,Tue Apr 02 00:42:46 +0000 2024,1,@CommuterLine ini kenapa bisa ya nggak ada KRL sama sekali dari jam 07.30-07.45 rute dari Bekasi - Manggarai? Sampai ada jeda waktu panjang banget 15 menit. Kalian kalau bikin jadwal yang benerlah! Sudah 2024 masih kacau aja jadwal kalian.. Kapan bener-bener mau diperbaiki ini??,1774960629935436099,,CommuterLine,in,,0,1,0,https://x.com/undefined/status/1774960629935436099,862520274,
1842524819835011287,Sat Oct 05 11:18:44 +0000 2024,0,@CommuterLine kacau bgt lu min engga ada antisipasi apa yaa,1842524819835011287,,CommuterLine,in,,0,1,0,https://x.com/undefined/status/1842524819835011287,476421608,
1793791579175674299,Fri May 24 02:43:15 +0000 2024,1,@CommuterLine @Bambank_L300 @KAI121 @perker @Kemenperin_RI nih bro chaos dilapangan gegara barbek tkdn2 ga bole masuk,1793835120153309376,,CommuterLine,in,,0,0,0,https://x.com/undefined/status/1793835120153309376,628128477,
1810118307439390887,Mon Jul 08 01:06:49 +0000 2024,0,@CommuterLine Ah kebiasaan kalian. Jadwal makin kacau KRL Blue Line di hari Senin. Luar biasa! Bikin orang berangkat ngantor telat semua! Kalau gaji di potong apa kalian mau tanggung jawab? Belum lagi keseringan ngetem kayak angkot bikin nggak sampe-sampe bikin makin telat semua,1810118307439390887,,CommuterLine,in,,0,0,0,https://x.com/undefined/status/1810118307439390887,862520274,
1762074561519218954,Mon Feb 26 12:06:32 +0000 2024,0,@CommuterLine @suckislife_ @perkeretaapian Ngeri tangganya ga kuat min. Itu banyak bgt manusia,1762086742939902347,,CommuterLine,in,,0,0,0,https://x.com/undefined/status/1762086742939902347,43239843,
1794622317261361162,Sun May 26 07:57:27 +0000 2024,0,@CommuterLine GAK BERLAKU BUAT SATU KA DOANG BEBBB KARENA SETIAP NAIK PRAMEKS YANG MENUJU JOGJA PASTI KEJADIAN KEK GINIII. PROBLEMNYA ADALAH ORG ORG YG MAU NAIK DARI STASIUN JOGJA TUH PADA RUSUH DAN GAK MAU MENDAHULUKAN PENUMPANG YG TURUN DAN JADILAH CHAOS SPERTI YG SAYA KOMPLAIN TDIII,1794638970061721665,,CommuterLine,in,,0,1,0,https://x.com/undefined/status/1794638970061721665,1490470983698108416,
1800336271635853589,Tue Jun 11 01:16:30 +0000 2024,1,@CommuterLine Blue Line kenapa kacau lagi jadwalnya pagi ini? Kalian sudah merugikan banyak penumpang akibat dari kalian yang nggak pernah konsisten dengan jadwal kalian.. nggak ada alasan kalau memang niat benahin jadwal kalian yang kacau ini. Mohon perhatiannya.,1800336271635853589,,CommuterLine,in,,0,1,0,https://x.com/undefined/status/1800336271635853589,862520274,
1826062182024626348,Wed Aug 21 01:02:05 +0000 2024,0,@CommuterLine Min koq makin kacau perjalanan krl tujuan Sudirman dr Bekasi sy di kranji sdh 15 menitan tp tak ada krl tujuan Sudirman. Sy cek jg pada st Jatinegara di C Access tdk ada pemberangkatan dr Bekasi. https://t.co/Qn6m5hplly,1826062182024626348,https://pbs.twimg.com/media/GVd532NaMAESacR.jpg,CommuterLine,in,,0,1,0,https://x.com/undefined/status/1826062182024626348,602478065,
1752361991467872304,Tue Jan 30 16:03:50 +0000 2024,1,@CommuterLine please bgt ini manusia yang buang sampah kasur springbed atau cuma ngejemur dijalur kereta yg bikin jalur green line malam ini kacau balau harus disanksi atau di kasih peringatan pokoknya diusut dihukum kacau sih ngerugiin banyak bgt ini.,1752361991467872304,,CommuterLine,in,,0,0,0,https://x.com/undefined/status/1752361991467872304,1650081223,
1822414525741904215,Sat Aug 10 23:27:36 +0000 2024,0,@CommuterLine buset dtg dr jam 6 tadi sampe skrg kereta ke manggarai ga muncul jg mana ga di infoin udh sampe mana nya diklender baru kacau,1822414525741904215,,CommuterLine,in,,0,1,0,https://x.com/undefined/status/1822414525741904215,1278240597707386880,
1815552214536184150,Tue Jul 23 02:20:19 +0000 2024,0,@CommuterLine @jpurwa01 Kacau lu min,1815572620861169828,,CommuterLine,in,,0,0,0,https://x.com/undefined/status/1815572620861169828,118054686,
1775734733420511447,Thu Apr 04 03:58:46 +0000 2024,0,@CommuterLine masa nunggu kereta dari Sudimara ke Tanah Abang lebih dari 20 menit jam segini kacau jadwalnya,1775734733420511447,,CommuterLine,in,,0,1,0,https://x.com/undefined/status/1775734733420511447,47069606,
1812840370860089652,Mon Jul 15 13:23:20 +0000 2024,0,@CommuterLine min tolong min peron 2 stasiun sudirman yang arah manggarai lantainya dibenerin lantainya ngeri banyak yang mau pecah2 gitu,1812840370860089652,,CommuterLine,in,,0,2,0,https://x.com/undefined/status/1812840370860089652,71208720,
1768439181611848025,Fri Mar 15 00:48:51 +0000 2024,3,@CommuterLine Mohon kebijakan dan evaluasinya yang bener untuk jadwal Bekasi-Manggarai masih sangat kurang! Jangan kalian buat jadwal Bekasi-Pasar Senen yang nggak guna itu sampai beruntun 2x ya!! Sudah masuk tahun baru masih kacau saja kalian bikin jadwal!! Parah!!,1768439181611848025,,CommuterLine,in,,0,1,0,https://x.com/undefined/status/1768439181611848025,862520274,
1752298918547980665,Tue Jan 30 13:26:06 +0000 2024,0,@CommuterLine Mitigasi kacau. Ijinin penumpang turun di tengah perlintasan bahaya. Mana petugas keamanan ga ada yg berjaga.,1752322296906477707,,CommuterLine,in,,0,1,1,https://x.com/undefined/status/1752322296906477707,248263764,
1797043453228171712,Sun Jun 02 06:24:30 +0000 2024,0,@CommuterLine jarak waktu setiap krl di manggarai sama tanah abang per 20 menit jadi lama bgt gini deh al hasil penumpang numpuk di peron huftt kacau,1797152293755945228,,CommuterLine,in,,0,0,0,https://x.com/undefined/status/1797152293755945228,1150294320479498240,
1872599369633120743,Fri Dec 27 12:40:03 +0000 2024,0,@CommuterLine Penanganan pasca insiden trouble ini payah dan kacau sekaliii,1872623479775965481,,CommuterLine,in,,0,0,0,https://x.com/undefined/status/1872623479775965481,2402673552,
1842368763611758810,Sat Oct 05 00:58:37 +0000 2024,18,@CommuterLine chaos bgt ya? sabtu padahal grgr semua mau ke monas. tp armadanya ga ga di tambahin layaknya sen-jum. sampe gerbong cewe aja di perbolehkan ada laki2 tuh gimana ya?!? https://t.co/TvYhVKCUDO,1842368763611758810,https://pbs.twimg.com/media/GZFonwIakAAuhPc.jpg,CommuterLine,in,,0,6,1,https://x.com/undefined/status/1842368763611758810,1486769540008534016,
1810994195588632846,Wed Jul 10 11:07:17 +0000 2024,0,@CommuterLine krl jogja solo kacau ada yang duduk di lantai ditegor dulu baru berdiri. Bayi ga dapet duduk https://t.co/HwtDV1qE2x,1810994195588632846,https://pbs.twimg.com/ext_tw_video_thumb/1810994014671491075/pu/img/HzeoKeyyT3bto5l4.jpg,CommuterLine,in,,0,0,0,https://x.com/undefined/status/1810994195588632846,71533443,
1743085991018295322,Fri Jan 05 01:44:19 +0000 2024,0,@CommuterLine Yang bener aja KRL Bogor - Jakarta Kota via Manggarai telat banget ini sampai jeda waktu 10 menit.. Kenapa ya?? Padahal load penumpang sangat tinggi yang transit di Manggarai.. baru awal tahun sudah kacau begini.. Mohon evaluasinya,1743085991018295322,,CommuterLine,in,,0,0,0,https://x.com/undefined/status/1743085991018295322,862520274,
1789591814108021194,Sun May 12 09:58:57 +0000 2024,0,@CommuterLine Kacau,1789596114670555383,,CommuterLine,in,,0,0,0,https://x.com/undefined/status/1789596114670555383,281373268,
1762297007446831309,Tue Feb 27 02:02:03 +0000 2024,0,@CommuterLine makin kacau aja si kereta ngaret mulu di duri numpuk kereta Manggarai blom dateng 1 pun yg dari tangerang 3 kali dateng coba itu stand makanan di ancurin tambah eskalator sama tangga.,1762297007446831309,,CommuterLine,in,,0,1,0,https://x.com/undefined/status/1762297007446831309,590751990,
1752298918547980665,Tue Jan 30 14:03:55 +0000 2024,0,@CommuterLine ngeri ini chaoticnya,1752331812050022511,,CommuterLine,in,,0,0,0,https://x.com/undefined/status/1752331812050022511,68575812,
1838018567901757796,Mon Sep 23 00:52:29 +0000 2024,0,@CommuterLine gila apa???? ini di jadwal kereta ke bekasi di 07.42 tiba tiba ganti jadi cikarang 07.50 sampe sekarang gaada!!!! KACAU,1838018567901757796,,CommuterLine,in,,0,1,0,https://x.com/undefined/status/1838018567901757796,1312423464624517120,
1752306172961648917,Tue Jan 30 12:22:02 +0000 2024,0,@CommuterLine koq bisa2nya kereta yg dr Kby duluan masuk Pd. Ranji? Kereta saya yg harusnya duluan sdh ketahan 30 menit ini. Kacau pengaturan kalian.,1752306172961648917,,CommuterLine,in,,0,0,0,https://x.com/undefined/status/1752306172961648917,1124580368,
1842008195440771422,Fri Oct 04 01:05:51 +0000 2024,1,@CommuterLine Kacau lagi kacau lagi kacau lagi jadwal Blue Line! Nggak pernah tepat waktu jadwal kalian! Jadinya nggak pernah tepat waktu juga tibanya! Selalu bikin rugi konsumen kalian! Seharusnya kalian minta maaf sama semua penumpang di gerbong satu-satu seperti di Jepang!,1842008195440771422,,CommuterLine,in,,0,1,0,https://x.com/undefined/status/1842008195440771422,862520274,
1761230158357471517,Sat Feb 24 03:22:46 +0000 2024,1,@CommuterLine ini mohon segera diperbaiki. Kalau tidak flow arus penumpang di St. Manggarai akan makin kacau! ,1761230158357471517,,CommuterLine,in,,0,1,0,https://x.com/undefined/status/1761230158357471517,4508606368,
1842437559437381690,Sat Oct 05 05:31:59 +0000 2024,0,@CommuterLine min manggarai di jam skrng masih ramai ga ya? Takut kaya tadi pagi chaos bgt,1842437559437381690,,CommuterLine,in,,0,1,0,https://x.com/undefined/status/1842437559437381690,988157187145908225,
1834434923870187973,Fri Sep 13 03:32:22 +0000 2024,0,@CommuterLine makin kacau aja jadwal krl lu. Hadeh. Mundur 11 menit dari bojong gede ke jakot jadi 10.33 padahal harusnya 10.22,1834434923870187973,,CommuterLine,in,,0,0,0,https://x.com/undefined/status/1834434923870187973,313093876,
1748156112803926030,Fri Jan 19 01:31:11 +0000 2024,0,@CommuterLine Nggak usah kalian buat tangga manual 2 Lajur kalau kalian hanya pakai 2 lajur itu cuma buat turun semua!!! Bikin pusing penumpang yang mau naik kalian!! Nyusahin penumpang yang mau naik transit!! System kalian kenapa kacau semua sih?,1748156112803926030,,CommuterLine,in,,0,0,0,https://x.com/undefined/status/1748156112803926030,862520274,
1787654173875650561,Tue May 07 01:22:22 +0000 2024,0,@CommuterLine demi Allah Bogor line chaos bgt hari ini,1787654173875650561,,CommuterLine,in,,0,0,0,https://x.com/undefined/status/1787654173875650561,1014862070347517959,
1763927980156575851,Sat Mar 02 15:14:07 +0000 2024,0,@CommuterLine Gila kacau ini Green Line ada aja masalahnya!!,1763945888588922994,,CommuterLine,in,,0,0,0,https://x.com/undefined/status/1763945888588922994,61411379,
1747794735245488329,Thu Jan 18 01:35:11 +0000 2024,1,@CommuterLine perasaan sejak peralihan jalur di stasiun manggarai makin kacau deh. Ketahan mulu kereta dari cawang-tebet masa ampe 15 menit. Berenti2 ampe 4 kali belom lagi mau masuk manggarai &amp; cikini ketahan lagi ,1747794735245488329,,CommuterLine,in,,0,0,0,https://x.com/undefined/status/1747794735245488329,62784305,
1752298918547980665,Wed Jan 31 06:07:50 +0000 2024,0,@CommuterLine Pondok ranji chaos,1752574390640975897,,CommuterLine,in,,0,0,0,https://x.com/undefined/status/1752574390640975897,1595623525662216192,
1798328247031390263,Wed Jun 05 12:17:20 +0000 2024,0,@CommuterLine Gk ngeri lagi sama Lu Gw dari jam 19:03 di manggarai gk ada kereta ini Adanya next kereta jam 19:33???? Maksudnya apa biar numpuk gitu orang orang???????? Ngaco https://t.co/MQETHXYklJ,1798328247031390263,https://pbs.twimg.com/media/GPTyAUyaUAAm5YY.jpg,CommuterLine,in,,0,3,0,https://x.com/undefined/status/1798328247031390263,1323899428491554818,
1811746391120863626,Fri Jul 12 12:56:14 +0000 2024,0,@CommuterLine kak mau tanya kira-kira peron stasiun gondangdia kapan ya ditinggiin? suka ngeri kalo naik kereta dari stasiun inj. ngeri jeblos ,1811746391120863626,,CommuterLine,in,,0,1,0,https://x.com/undefined/status/1811746391120863626,2937707713,
1831124201706791346,Wed Sep 04 00:16:44 +0000 2024,0,@CommuterLine @KAI121 ga paham lagi sama jadwal 4015 makin ke sini makin kacau. Tolong evaluasi jadwal ini karena lebih sering telatnya mulai dari stasiun keberangkatan hingga tiba di tujuan,1831124201706791346,,CommuterLine,in,,0,1,0,https://x.com/undefined/status/1831124201706791346,298575971,
1746660589769003086,Sun Jan 14 22:51:45 +0000 2024,0,@CommuterLine Iya telat 14 menitan. Sampe ketinggalan kereta Tangerang yg 6:13 di Duri. Asli pengatur jadwal lo kacau bgt,1746666438897918027,,CommuterLine,in,,0,0,0,https://x.com/undefined/status/1746666438897918027,262082248,
1794885626577420492,Mon May 27 00:17:35 +0000 2024,0,@CommuterLine ini jadwal KRL berantakan mampus sihhh buat jalur Jakarta Kota - Bogor. KRL dari arah Bogor ada tiap 10 MENIT? LIKE WTF PLS. Rush hour gini mustinya /5 menit gak sih?! Kacau!,1794885626577420492,,CommuterLine,in,,0,1,0,https://x.com/undefined/status/1794885626577420492,1751004628463063040,
1951268100504166709,Fri Aug 01 13:17:17 +0000 2025,0,@CommuterLine Bikin lah solusi evakuasi bawa ke stasiun terdekat biar orang bisa lanjut. Takut rugi ente?,1951271016543519200,,CommuterLine,in,,0,0,0,https://x.com/undefined/status/1951271016543519200,251488129,
1924994986283876402,Wed May 21 01:30:30 +0000 2025,0,@CommuterLine Min maaf sebelumnya kalau 06.38 dari Bogor itu otomatis nyampe di Depok jam 06.50an atau mungkin jam 07.00 Sedangkan di bawah jam tersebut tadi gaada krl yang 12 rangkai sama sekali Tolong lebih diperhatiin aja penumpangnya beneran tadi itu kalau collapse bahaya loh,1925001221569708492,,CommuterLine,in,,0,1,0,https://x.com/undefined/status/1925001221569708492,1214355869443358720,
1941648292200243453,Sun Jul 06 09:16:44 +0000 2025,0,@CommuterLine @mimimee92 Min itu celahnya kegedean kasian kalo adabocil bumil dan lansia better dibenerin deh itu celahnya bahaya banget,1941788395824628122,,CommuterLine,in,,0,0,0,https://x.com/undefined/status/1941788395824628122,1076387597788667905,
1921008961303507106,Sat May 10 01:06:41 +0000 2025,0,@CommuterLine tolong dong ini himbauan makan dan minum di kereta di puter lebih sering terutama pas weekend sabtu minggu penumpang bnyk bgt yg makan minum dlm rangkaian tp gak ada security. penumpang lain mau negur takut ribut. kejadian kereta dari duri-tangerang.,1921008961303507106,,CommuterLine,in,,0,1,0,https://x.com/undefined/status/1921008961303507106,909735027029635073,
1935032015902097845,Tue Jun 17 18:08:32 +0000 2025,0,@CommuterLine Udah aku refresh sampek ngantuk minnn masih sama kek gitu. Ini juga pake data seluler dari tadi. Ayo lah min takut ga kebagiannn,1935036855982113070,,CommuterLine,in,,0,1,0,https://x.com/undefined/status/1935036855982113070,2235563807,
1925139612823126389,Wed May 21 11:05:24 +0000 2025,0,@CommuterLine Sama ini min Eskalator nya berdecit sejak hari senin peron 2 st kebayoran eskalator naik. Serem soalnya Trs lift 2 di st kebayoran juga mati udh 3 hari https://t.co/hX3u6K1uhG,1925145898151293313,https://pbs.twimg.com/amplify_video_thumb/1925145834603319296/img/se7M4B93gO5HqJck.jpg,CommuterLine,in,,0,1,0,https://x.com/undefined/status/1925145898151293313,83326538,
1961252404760121506,Fri Aug 29 02:19:46 +0000 2025,0,@CommuterLine seharusnya kereta operasiin aja ga usah di berhetiin cmn gara demo emgnya bahaya ya?,1961252404760121506,,CommuterLine,in,,0,0,0,https://x.com/undefined/status/1961252404760121506,1662856934293401601,
1939611986582773825,Mon Jun 30 09:08:28 +0000 2025,0,@CommuterLine min ga ada kursi buat cewek yang menstruasi ya? kadang mau minta tukeran suka takut karna ga enak sama orang kadang mikir mereka lagi capek tapi kita suka gabisa nahan sakit nya ,1939611986582773825,,CommuterLine,in,,0,0,0,https://x.com/undefined/status/1939611986582773825,1415286776315277315,
1924379828737945654,Mon May 19 11:54:01 +0000 2025,38,@CommuterLine @dayequale MIN KATA GW LU HARUS BACA BACA DEH SBLM KASI PERATURAN KEK GINI JIR BAYANGIN KL TU ESKALATOE AMBLESS BAKAL BAHAYAIN BRP ORG https://t.co/91EaWfniqo,1924433358819672109,https://pbs.twimg.com/media/GrT17sbWAAA9hnW.jpg,CommuterLine,in,,4,7,1,https://x.com/undefined/status/1924433358819672109,1101438593640218624,
1947261813348851790,Tue Jul 22 07:53:29 +0000 2025,1,@CommuterLine @perkeretaapian Baik min terima kasih respomnya. Gimana nih @perkeretaapian untuk JPO dari st. Tambun ke arah kp. Kobak. Kalau hujan agak ngeri licin dan kalau sedang padat. Itu hanya cukup untuk 2 baris orang. Agak bahaya min @perkeretaapian,1947565648768602486,,CommuterLine,in,,0,0,0,https://x.com/undefined/status/1947565648768602486,1015669727123812352,
1941648292200243453,Sun Jul 06 10:44:28 +0000 2025,0,@CommuterLine @mimimee92 Mincom gap di lenteng agung bahaya banget loh. Peron yang jauh lebih rendah dari kereta dengan celah peron sekitar 30cm. Beneran bikin ciut nyali setiap naik turun di stasiun lenteng agung.,1941810474452189475,,CommuterLine,in,,0,0,0,https://x.com/undefined/status/1941810474452189475,1679771703910727680,
1935863905517289493,Fri Jun 20 00:54:56 +0000 2025,3,@CommuterLine mohon perawatan gerbong min agak rawan... Yk palur Jum'at pagi ini... https://t.co/wStgAY4Wn8,1935863905517289493,https://pbs.twimg.com/ext_tw_video_thumb/1935863886084812801/pu/img/gIda7RjhfFAq6HGD.jpg,CommuterLine,in,,0,1,1,https://x.com/undefined/status/1935863905517289493,1095948466293923840,
1946919235097395290,Sun Jul 20 13:04:52 +0000 2025,0,@CommuterLine boleh gak dibuat aturan kalo mau naik kereta jangan pake kostum hantu takut banget min mau pindah gerbong gabisa lewatinnya grgr bener-bener gaberani lewatinnya,1946919235097395290,,CommuterLine,in,,0,0,0,https://x.com/undefined/status/1946919235097395290,458267385,
1958156772080029886,Wed Aug 20 13:42:10 +0000 2025,1,@CommuterLine The Real Rebo Wekasan. Udh sejam di Duri. Itu petugas suruh keliling min jgn ngumpul cari tau takut ada lansia atau org sakit yg gak kuat dan butuh pertolongan terutama yg ketahan ditengah2 pintu ketutup jd no oksigen ,1958162646995435608,,CommuterLine,in,,0,1,0,https://x.com/undefined/status/1958162646995435608,1750870738607931392,
1938200052729843995,Thu Jun 26 11:37:57 +0000 2025,0,@CommuterLine masih gak ngerti kenapa lantai 2 st. Manggarai gak ada tenant jualan 1 pun. Air mineral kek roti kek. Takut laku kah?,1938200052729843995,,CommuterLine,in,,0,2,0,https://x.com/undefined/status/1938200052729843995,68695627,
1924379828737945654,Tue May 20 06:00:01 +0000 2025,2,@CommuterLine @dayequale bahaya min ,1924706657780850887,,CommuterLine,tr,,0,0,0,https://x.com/undefined/status/1924706657780850887,1783478480245833728,
1956870924265013434,Sun Aug 17 09:37:24 +0000 2025,0,@CommuterLine Cius? Tumben? Ga takut tekor? ,1957013884088246732,,CommuterLine,in,,0,2,0,https://x.com/undefined/status/1957013884088246732,1606916636837318660,
1935326029553508588,Wed Jun 18 13:29:17 +0000 2025,6,@CommuterLine min tolong ya itu pasangan saya lagi ngedrop di krl yg ketahan arah cikarang tolong takut pingsan ketahan hampir satu jam gtu,1935328969387294808,,CommuterLine,in,,0,2,0,https://x.com/undefined/status/1935328969387294808,1060856468625227776,
1941146038854914386,Fri Jul 04 14:44:15 +0000 2025,0,@CommuterLine Ini gk mau ada evaluasi akses penyebrangan Stasiun Duri? Mau nunggu ada korban meninggal dulu? Akses eskalator mati langsung lumpuh Suruh orang yang ada disini tonton video dari saya kalo masih takut dosa tolong beresin https://t.co/ebUDoCwCl0 https://t.co/JG4CM9yGei,1941146038854914386,https://pbs.twimg.com/ext_tw_video_thumb/1941145987914899456/pu/img/PMYpHVi5c3ObhbvP.jpg,CommuterLine,in,,1,1,0,https://x.com/undefined/status/1941146038854914386,67284748,
1942839739083833619,Wed Jul 09 06:54:24 +0000 2025,0,@CommuterLine @KAI121 error nih aplikasinya. Mau beli tiket pulang kerja jadi ga bisa. Takut keabisan kalo ntar karena ini masih musim libur,1942839739083833619,,CommuterLine,in,,0,2,0,https://x.com/undefined/status/1942839739083833619,221650628,
1919361662001222100,Mon May 05 12:00:54 +0000 2025,0,@CommuterLine @AsdoAr @KAI121 @perkeretaapian 6060 TELAT 16 MENIT KONDISI RANGKAIAN PADAT PARAH PT.KCI MEMBUKA PELUANG BAGI PELAKU KEJAHATAN DAN PELECEHAN SEKSUAL.,1919361662001222100,,CommuterLine,in,,0,1,0,https://x.com/undefined/status/1919361662001222100,798052439345668096,
1941752837962342563,Sun Jul 06 10:21:49 +0000 2025,0,@CommuterLine Min @CommuterLine stasiun Tebet underpass antar Peron nya bocor dan kbanjiran nanti titip benerin ya bahaya banged soalnya takud ada pnumpang gelundung. Semangad ,1941804772660756662,,CommuterLine,in,,0,1,0,https://x.com/undefined/status/1941804772660756662,70073019,
1952532982348267722,Tue Aug 05 01:03:43 +0000 2025,2,@CommuterLine Duh min moga segera selesai nii takut telatt mana kebelet pupp,1952535957816889436,,CommuterLine,in,,0,0,0,https://x.com/undefined/status/1952535957816889436,1560074363335897088,
1949971095521509629,Mon Jul 28 23:11:52 +0000 2025,0,@CommuterLine klo JPL masih tanggung jawab kai atau bukan ya? Soalnya palang tiba-tiba ke buka padahal 1 gerbong krl baru lewat takut kejadian yg udah udah mungkin bisa dicek takut ada error atau gmn,1949971095521509629,,CommuterLine,in,,0,1,0,https://x.com/undefined/status/1949971095521509629,1477644571446104065,
1956903242081648926,Sun Aug 17 02:17:45 +0000 2025,0,@CommuterLine hallo boleh tlg di cek ga ada anak kecil sendirian bawa tas dan Tab di gerbong perempuan blkg masinis. Beneran sendiri atau ada Ibunya. Takut ada yg jahatin saya mau tanya dia berdiri jauh dr saya. https://t.co/m2xBxjd4Eq,1956903242081648926,https://pbs.twimg.com/media/GyhRH5iaIAA2vQG.jpg,CommuterLine,in,,0,1,0,https://x.com/undefined/status/1956903242081648926,398599757,
1919385516971106422,Mon May 05 15:04:52 +0000 2025,0,@CommuterLine @ozaanmee Salah satu penyebab terjadinya pelecehan karena ada kesempatan dan peluang yg di buat oleh PT KCI sendiri dg jadwal perjalanan CL yg telat terus pasti st dan peron padat maka kejadian itu bisa terjadi andaikan jadwal CL ontime itu bisa dihindari.,1919407957999059281,,CommuterLine,in,,0,0,0,https://x.com/undefined/status/1919407957999059281,798052439345668096,
1944227815265800331,Sun Jul 13 04:06:12 +0000 2025,0,@CommuterLine Hallo selamat pagi Kai Commuterline saya kena pelecehan seksual di area stasiun. TOLONG untuk membuka dm dari saya terima kasih.,1944246959856054783,,CommuterLine,in,,0,0,0,https://x.com/undefined/status/1944246959856054783,779279914830737408,
1934639216472039896,Mon Jun 16 15:48:27 +0000 2025,0,@CommuterLine hallo minn aku mau tanya dong untuk kereta tujuan akhir tangerang keberangkatan terakhir dari stasiun Duri (2024) apakah akan menunggu kereta terakhir loop cikarang dengan tujuan akhir st angke (5199) tidak yaa? takut ditinggal lagi soalnya terimakasih,1934639216472039896,,CommuterLine,in,,0,2,0,https://x.com/undefined/status/1934639216472039896,633099063,
1944674732890304989,Mon Jul 14 09:30:37 +0000 2025,0,@CommuterLine Barangnya boleh kan min? Hehe... Takut nyangkut di tengah perjalanan,1944690990868291760,,CommuterLine,in,,0,1,0,https://x.com/undefined/status/1944690990868291760,1813674586179010560,
1924379828737945654,Mon May 19 23:22:50 +0000 2025,2,@CommuterLine @dayequale tapi bahaya tau min,1924606704005874024,,CommuterLine,in,,0,0,0,https://x.com/undefined/status/1924606704005874024,905718603864915968,
1926813940475896158,Mon May 26 01:33:36 +0000 2025,0,@CommuterLine KRL sudah banyak sekali kasus pelecehan seksual. Pagi 26 May ada seorang perempuan dilecehkan seksual oleh pria di krl bekasi - jatinegara. Respon petugas bagus mengeluarkan tersangka. Tetapi konsolasi untuk korban? Tersangka sebaiknya dipublish sehingga jera!,1926813940475896158,,CommuterLine,in,,0,1,0,https://x.com/undefined/status/1926813940475896158,1880760461114916864,
1925515642918285684,Thu May 22 11:34:38 +0000 2025,0,@CommuterLine malam min mau tanya di stasiun bogor apakah ada fasilitas tempat duduk/menginap untuk yang menunggu kereta? Kebetulan saya mau naik kereta pertama arah bogor-jkt dijam 4 pagi tp takut ketinggalan jd mau nunggu di stasiun min. Terimakasih sebelumnya,1925515642918285684,,CommuterLine,in,,0,1,0,https://x.com/undefined/status/1925515642918285684,1262728924905091072,
1924268109957054711,Mon May 19 00:57:23 +0000 2025,1,@CommuterLine eskalator turun di jalur 4 &amp; 5 stasiun bekasi tolong dicek ada 1 anak eskalator yg kalo diinjek turun takut bahaya,1924268109957054711,,CommuterLine,in,,0,0,0,https://x.com/undefined/status/1924268109957054711,799977990914326528,
1930167349954375744,Wed Jun 04 07:38:51 +0000 2025,0,@CommuterLine min tambahin jadwal KRL dong. Takut banget besok nonton timnas kehabisan kereta,1930167349954375744,,CommuterLine,in,,0,0,0,https://x.com/undefined/status/1930167349954375744,1356399199,
1960521312474161638,Wed Aug 27 01:54:40 +0000 2025,0,@CommuterLine halo min mau menyampaikan pengaduan dompet saya dicopet di stasiun krl duren kalibata jam 08.39. situasinya saat itu tas saya di belakang dan ketika saya masuk ke krl saya melihat tas saya agak terbuka dan dompet saya tidak ada. ada sejumlah uang dan--,1960521312474161638,,CommuterLine,in,,0,2,0,https://x.com/undefined/status/1960521312474161638,1304079032347107328,
1936446390378676611,Sat Jun 21 15:29:31 +0000 2025,0,@CommuterLine malam min mau tanya kereta sudirman - cikarang hari ini terakhir jam berapa yaaa dari sudirman nyaaa? aku takut ketinggalan,1936446390378676611,,CommuterLine,in,,0,1,0,https://x.com/undefined/status/1936446390378676611,1260915728489656320,
1955147297118916666,Tue Aug 12 15:18:54 +0000 2025,0,@CommuterLine @tanyakanrl Padahal itu para opang udah sampe digusurin sama polisi tapi gak ada yg takut ya sumpah pd batu banget.,1955287889132081456,,CommuterLine,in,,0,0,0,https://x.com/undefined/status/1955287889132081456,1142570899129847809,
1941089692268851598,Fri Jul 04 11:00:20 +0000 2025,0,@CommuterLine min saya ingin complain tolong sekali peron stasiun di jalur jkt-bogor salah satunya stasiun citayam itu tolong lebarin dan tinggikan peron nya karena celah peron nya itu sangat besar sangat bahaya kali kenapa hanya st pocin dan psm aja yg aman? Jadi plis tolong ya,1941089692268851598,,CommuterLine,in,,0,1,0,https://x.com/undefined/status/1941089692268851598,1273109647264808960,
1918188717929648291,Fri May 02 07:50:37 +0000 2025,0,@CommuterLine Kak tolong di perhatikan ya untuk celah peron dan tingginya karena celah nya sangat besar dan peron masih sedikit pendek di stasiun krl jakarta-bogor ini sangat bahaya apalagi buat ibu hamil lansia dan orang disabilitas. Pliss tinggikan peron nya atau tambah tangga besi.,1918211509446164979,,CommuterLine,in,,0,1,0,https://x.com/undefined/status/1918211509446164979,1273109647264808960,
1939440870559985715,Fri Jul 04 14:11:21 +0000 2025,1,@CommuterLine Menyelesaikan masalah dengan masalah...saat jam² pulang kantor diperon jalur 5 dan 6 jadi lautan manusia lebih serem dari stasiun Manggarai,1941137762260017497,,CommuterLine,in,,0,0,0,https://x.com/undefined/status/1941137762260017497,276989068,
1945142807905362035,Tue Jul 15 15:25:59 +0000 2025,0,@CommuterLine saya pengguna kereta commuter mohon agar pihak kci menaruh rambu k3 terutama di wilayah anak tangga . Karena sudah berebutan ada yang naik bahaya main hp di tangga naik maupun turun potensi bahaya di kereta commuter,1945142807905362035,,CommuterLine,in,,0,1,0,https://x.com/undefined/status/1945142807905362035,356737390,
1961189899505483968,Thu Aug 28 22:11:23 +0000 2025,0,@CommuterLine bisa pickup di stasiun tanah abang gaya? mau ngejar kereta set 7 pagi di PSE. berangkat dari stasiun pondok ranji btw kalo naik kereta sampe sentiong takut ga nyampe waktunya,1961189899505483968,,CommuterLine,in,,0,1,0,https://x.com/undefined/status/1961189899505483968,1068845023720927232,
1956870924265013434,Sun Aug 17 14:05:21 +0000 2025,0,@CommuterLine Kalo murah gini takut kereta jd lbh penuh wkwk,1957081319143260382,,CommuterLine,in,,0,0,0,https://x.com/undefined/status/1957081319143260382,2296025983,
1919555945505718346,Tue May 06 00:52:55 +0000 2025,0,@CommuterLine tolong ini ada pelecehan seksual dikereta saya 5055,1919555945505718346,,CommuterLine,in,,0,2,0,https://x.com/undefined/status/1919555945505718346,238561963,
1738509110843507023,Sat Dec 23 10:37:26 +0000 2023,0,@CommuterLine boleh minta tolong bantuannya karena kartu emoney yang sekaligus kartu pegawai sy terjatuh dan terselip dimesin pengecekan saldo emoney di stasiun cikini mohon bantuan untuk pengambilan kartu tersebut saya jg tlah lapor petugas setempat namun blm dapat dilaksanakan,1738509110843507023,,CommuterLine,in,,0,0,0,https://x.com/undefined/status/1738509110843507023,2276264126,
1715752019779350840,Sun Oct 22 07:24:39 +0000 2023,0,@CommuterLine @kegblgnunfaedh securitynya cemen berdua tpi takut yg kurus dari gestur spertinya temannya misahin tpi ga kyak yg kedua,1715992548051996899,,CommuterLine,in,,0,0,0,https://x.com/undefined/status/1715992548051996899,1202282293672345600,
1719247387708064084,Wed Nov 01 09:17:19 +0000 2023,9,@CommuterLine jadwal barunya nyusahin gap Antara satu dan lain makin jauh lebih enak jadwal Sebelumnya peningkatan kecepatan apanya krl udah standby jam 08.12 di DP jadwal berangkat jam 08.24 tapi tetep aja berangkatnya mundur jadi 08.29 malah makin telat. sucks!!! https://t.co/Pc8xEHGi1e,1719644780127547628,https://pbs.twimg.com/media/F91nz14bsAAjmuQ.jpg,CommuterLine,in,,0,1,0,https://x.com/undefined/status/1719644780127547628,41948564,
1715909592071495927,Sun Oct 22 06:50:19 +0000 2023,24,@CommuterLine @Cidkagenou12 @tanyakanrl Jangan cuman dilerai Min. Lain kali kalo yg kayak gitu lsg diturunkan aja biar kapok. Sama yg kayak bapak2 marah2 kapan hari itu. Harusnya petugasnya lebih tegas lagi untuk menurunkan penumpang yg bikin keributan demi kenyamanan penumpang lain.,1715983907223638470,,CommuterLine,in,,0,0,1,https://x.com/undefined/status/1715983907223638470,80040761,
1721694224662646823,Tue Nov 07 02:46:15 +0000 2023,0,@CommuterLine @jalur5_ petugasnya bakal gendong apa gmn,1721720692784431120,,CommuterLine,in,,0,0,0,https://x.com/undefined/status/1721720692784431120,1373428928,
1702496013607686386,Fri Sep 15 01:59:17 +0000 2023,0,@CommuterLine @KAI121 Kejadian udah seminggu yg lalu sy naik krl dari sudirman ke manggarai.. trus kejadian kembali ketika naik krl dari arah Jurang Mangu ke Maja.. Teman juga ada yg diperlakukan sama ketika naik Krl dari Solo-Jogja.. jd tolong bgt min untuk petugasnya yg di dlm krl bisa bantu ,1702502316442812664,,CommuterLine,in,,0,1,0,https://x.com/undefined/status/1702502316442812664,2507138515,
1738833112375886252,Sun Dec 24 08:04:54 +0000 2023,0,@CommuterLine petugasnya diam saja nih di dalam banyak yg bawa anak kecil tp gk dibantu carikan tempat duduk. https://t.co/KRqkwPVZJE,1738833112375886252,https://pbs.twimg.com/media/GCGTd21acAApY_R.jpg,CommuterLine,in,,0,2,0,https://x.com/undefined/status/1738833112375886252,1430420510358204416,
1714973082706927860,Thu Oct 19 11:53:40 +0000 2023,0,@CommuterLine KA 5132 Jur KPB - BEKASI. Gerbong belakang wanita terlihat ya ada yang bukan wanita disini. Ada securitynya sih cuman diem aja dia. emang kondisi gerbong depannya penuh bgt tp tetep aja jgn naik gerbong wanita dari awal https://t.co/rQNVfaCWcV,1714973082706927860,https://pbs.twimg.com/media/F8zNnJGbsAAxr3E.jpg,CommuterLine,in,,0,1,0,https://x.com/undefined/status/1714973082706927860,95215933,
1719982287927062713,Thu Nov 02 14:17:03 +0000 2023,1,@CommuterLine KA 1187B dulunya 1135 dan SF12 sejak 1 November diganti pake SF8 dan berangkatnya selalu 08.30 dari DP sementara jadwal berangkatnya 08.24 padahal udh standby dari jam 08.15 kenapa ngga bisa sesuai jadwal jalannya? udah 2x begini belom lagi di PSM sama MRI nya lama https://t.co/HSIebv73UO,1720082596359815315,https://pbs.twimg.com/media/F972AD_bQAAnmzl.jpg,CommuterLine,in,,0,1,0,https://x.com/undefined/status/1720082596359815315,41948564,
1715752019779350840,Sun Oct 22 14:39:05 +0000 2023,0,@CommuterLine @kegblgnunfaedh Coba min tolong kasih kuasa lebih ke security. Minimal bisa miting palak bapak itu lah kalo masih nyolot dorong aja pepet ke pintu sebelum dikeluarkan tentunya. Penyakit itu udh salah dinasehati nyolot masian.,1716101874192146634,,CommuterLine,in,,0,0,0,https://x.com/undefined/status/1716101874192146634,2335282844,
1700511935492690248,Sat Sep 09 14:57:04 +0000 2023,0,@CommuterLine Petugasnya namanya seno. Gue tandain ya lu seno heuh!,1700523724003512738,,CommuterLine,in,,0,0,0,https://x.com/undefined/status/1700523724003512738,238908677,
1716415815946584506,Mon Oct 23 11:26:34 +0000 2023,0,@CommuterLine min gk mau gt bikin peraturan ada dendanya/di keluarin dr stasiun? Banyak yg sering ngelanggar trs kurang tegas juga petugasnya,1716415815946584506,,CommuterLine,in,,0,1,0,https://x.com/undefined/status/1716415815946584506,81589163,
1704399214158221806,Wed Sep 20 07:36:53 +0000 2023,0,@CommuterLine sebagai Army seneng bgt td pas pulang di KRL disambut SM lagu Taehyung @BTS_twt apakah masinisnya seorang army jg? Semoga pelayanannya spesial bwt army ini bertahan lama ya bukan hanya untuk lagu bts² aja tp lagu yang membuat pengguna KRL merasa terhibur https://t.co/xs08FOr7dQ,1704399214158221806,https://pbs.twimg.com/ext_tw_video_thumb/1704399154989203456/pu/img/o6eFlSNNhlHVApHz.jpg,CommuterLine,in,,0,0,0,https://x.com/undefined/status/1704399214158221806,931198770,
1711245263501980049,Mon Oct 09 05:09:16 +0000 2023,3,@CommuterLine Makin bapuk aje nih pelayanannya! Kontol!,1711247434977079421,,CommuterLine,in,,0,0,0,https://x.com/undefined/status/1711247434977079421,1418583820211671043,
1700450077603746168,Sat Sep 09 10:13:20 +0000 2023,0,@CommuterLine Ok .. Tks dah saya bilang ke sekuriti yg baik hati,1700452318389674201,,CommuterLine,in,,0,0,0,https://x.com/undefined/status/1700452318389674201,1701975332,
1715738872280449119,Sun Oct 22 12:24:17 +0000 2023,0,@CommuterLine @Heraloebss Gosah dilerai di dalam kereta dong Min. Dikasih peringatan: dua2nya salah krn bikin keributan. Liat siapa yg patuh. Yg ga patuh amankan keluarin di stasiun terdekat. Gosah dibales2in omongannya. Nanti dibahas klo udah diturunin di ruangan security kalo perlu.,1716067952599195719,,CommuterLine,in,,0,0,1,https://x.com/undefined/status/1716067952599195719,65671754,
1709791274939961772,Thu Oct 05 04:43:00 +0000 2023,0,@CommuterLine Transportasi zolim. Orang dilempar-lempar dari peron 5 ke 7. Kereta menuju Tanah Abang gak jelas yang mana mau jalan duluan. Stasiun Bekasi ini bobroknya menahun ya.. Petugasnya kurang informatif. Satpamnya cenganges2 doang,1709791274939961772,,CommuterLine,in,,0,1,0,https://x.com/undefined/status/1709791274939961772,69226332,
1736543101072892332,Mon Dec 18 01:17:01 +0000 2023,2,@CommuterLine Kecewa banget sama krl hari ini. Gak ngotak ditahannya gak semua perusahaan toleransi dengan keterlambatan. Mau minta surat keterlambatan dari stasiun tujuan malah diomelin sama petugasnya karena saya inisitip ambil salah sendiri kenapa GAK jaga dan READY ditempat.,1736556136055410906,,CommuterLine,in,,0,1,0,https://x.com/undefined/status/1736556136055410906,895865144432934912,
1729850469223219347,Wed Nov 29 15:17:22 +0000 2023,0,@CommuterLine ciri-cirinya cuma inget cowo aja. soalnya beberapa kali direspon gaenak kayagitu sama petugas yg berbeda tp samasama di St. Tebet Pintu Barat. Detail waktu kejadian pas rush hour pagi hari sekitar jam 7-10 pas berangkat kerja. tolonglah ditegur biar sopan itu petugasnya ,1729882249095762007,,CommuterLine,in,,0,1,0,https://x.com/undefined/status/1729882249095762007,1395378495140687872,
1738508383496315055,Sat Dec 23 10:34:33 +0000 2023,1,@CommuterLine halo commuter boleh minta bantuannya karena kartu emoney yang sekaligus kartu pegawai sy terjatuh dimesin pengecekan saldo emoney di stasiun cikini mohon bantuan untuk pengambilan kartu tersebut saya juga sudah lapor petugas du stasiun cikini namun blm terlaksana,1738508383496315055,,CommuterLine,in,,0,1,0,https://x.com/undefined/status/1738508383496315055,2276264126,
1733655703506821574,Sun Dec 10 01:47:03 +0000 2023,0,@CommuterLine @KAI121 Gak membantu tp yaudhlh gjadi,1733664592470147189,,CommuterLine,in,,0,0,0,https://x.com/undefined/status/1733664592470147189,921643818994167808,
1715738872280449119,Sat Oct 28 21:48:51 +0000 2023,1,@CommuterLine @Heraloebss lebih tegas lah min. lembek bat securitynya padahal mereka punya wewenang buat seret keluar orang kek gitu loh,1718384358418153958,,CommuterLine,in,,0,0,0,https://x.com/undefined/status/1718384358418153958,821488980,
1715738872280449119,Sun Oct 22 08:55:16 +0000 2023,2,@CommuterLine @Heraloebss Security lo lembek min. Keluarin aja langsung kalo ada penumpang kaya gitu.,1716015351799116137,,CommuterLine,in,,0,0,2,https://x.com/undefined/status/1716015351799116137,831208394241347584,
1731464746501898515,Mon Dec 04 00:05:39 +0000 2023,0,@CommuterLine halo min tolong di st tanah abang itu petugasnya jaga di depan eskalator di jalur 2/3 soalnya disitu numpuk orang smua dan berdampak ke yang turun dari eskaloator. Saya ibu hamil jadi ikut kedorong dorong dari blkng.,1731464746501898515,,CommuterLine,in,,0,1,0,https://x.com/undefined/status/1731464746501898515,1602435599184510976,
1721317567535739354,Mon Nov 06 00:25:21 +0000 2023,0,@CommuterLine Berarti memang benar keretanya tiba terlalu cepat dan securitynya berbohong utk cari aman. Efeknya kereta selanjutnya yg kearah Priuk menjadi penuh Oh iya ini bukan 1st time lho ya.. Do what u say say what you do..,1721322845475840377,,CommuterLine,in,,0,1,0,https://x.com/undefined/status/1721322845475840377,1405766787313012740,
1709533750491820184,Wed Oct 04 11:39:42 +0000 2023,0,@CommuterLine sdh bbrp minggu ini eskalator yg naik ke lt 2 arah kota distasiun manggarai kok mati terus yaa .. Itu petugasnya gak ada yg mau benerin apa .. Tolong diperhatiin dunk trus dibenerin ..,1709533750491820184,,CommuterLine,in,,0,1,0,https://x.com/undefined/status/1709533750491820184,1107223134371905537,
1701443062415896977,Tue Sep 12 04:13:26 +0000 2023,3,@CommuterLine harusnya petugasnya kasi tau sblm cekin. jd ga nunggu lama tanpa kejelasan kyk gini,1701448912987734414,,CommuterLine,in,,0,0,0,https://x.com/undefined/status/1701448912987734414,1035422125056700416,
1732208529971536023,Wed Dec 06 01:21:11 +0000 2023,0,@commuterline kalian luar biasa jadwal 7.55 baru berangkat 8.08 emg keren banget deh pelayanannya,1732208529971536023,,CommuterLine,in,,0,2,0,https://x.com/undefined/status/1732208529971536023,220296545,
1703907905983135957,Mon Sep 18 23:20:52 +0000 2023,0,@CommuterLine Hallo min mnta tlong dong untuk Armada dari Priouk ke Kota agk lbih pagi jangan kbrngktan pertama jam 6.30 krna jujur bnyk juga anak skolh dan pegawai yang masuknya jam 6.30 jg ksian mrk pada pada tlat masuk skolahminimal jam 5.30 atau 06.00 gtu... Foto jam 6.15 https://t.co/CR68Fq2obK,1703911999414182072,https://pbs.twimg.com/media/F6WC7GTbwAA0_YP.jpg,CommuterLine,in,,0,1,0,https://x.com/undefined/status/1703911999414182072,255445945,
1709917311166190046,Thu Oct 05 13:03:50 +0000 2023,0,@CommuterLine Min gerbong 11 no kereta 1382A jurusan MRI-BGR Ac nya Panas. tolong infoin petugasnya ya.,1709917311166190046,,CommuterLine,in,,0,1,0,https://x.com/undefined/status/1709917311166190046,128582018,
1700055798590980250,Fri Sep 08 07:57:42 +0000 2023,0,@CommuterLine @KAI121 ini gimana ya kok aplikasi mendadak eror gini? Tadi mau cek tiket ternyata ke logout login lagi malah gabisa via email maupun nomor hp juga gabisa takut bgt gabisa pulang tp untung nya security nya mau bantu cek lewat komputer tolong gimana ini,1700055798590980250,,CommuterLine,in,,0,2,0,https://x.com/undefined/status/1700055798590980250,840716311705473025,
1715738872280449119,Sun Oct 22 08:07:11 +0000 2023,12,@CommuterLine @Heraloebss Ya seharusnya security kereta negur dgn tegas... beri efek jera gt kek itu dah arogan bgt dia ngajak ribut siapa siapa didalem gerbong. Jadi ga nyaman penumpang lainnya,1716003250204508548,,CommuterLine,in,,0,0,2,https://x.com/undefined/status/1716003250204508548,1588222179279179776,
1701377419868033373,Wed Sep 13 09:00:59 +0000 2023,0,@CommuterLine Wah oke min besok saya tanyakan lagi ke petugasnya. Biaya parkirnya sama dengan motor ga min ?,1701883662445478166,,CommuterLine,in,,0,0,0,https://x.com/undefined/status/1701883662445478166,3702059892,
1726944450256248857,Tue Nov 21 12:58:19 +0000 2023,0,@CommuterLine justru petugasnya gak ada ini aja suara speakernya gakjelas,1726948154497802448,,CommuterLine,in,,0,0,0,https://x.com/undefined/status/1726948154497802448,58691721,
1708719963933167724,Mon Oct 02 05:46:00 +0000 2023,0,@CommuterLine pls bgt tanah abang as a transit station yg byk bgt org mau ganti jalur kenapa minim bgt petugassss yg standby? dr orang yg kebingungan sampe ada ibu ibu yg gabisa clearly ngeliat &amp; hrs dibantu tp NONE OF SECURITY WAS THERE TO HELP in around 10-15 mins,1708719963933167724,,CommuterLine,in,,0,1,0,https://x.com/undefined/status/1708719963933167724,1466664765200031750,
1715752019779350840,Sun Oct 22 07:18:01 +0000 2023,49,@CommuterLine @kegblgnunfaedh Tlng petugasnya jangan dipecat atau gimana ya.. yg kek *tersangka gitu soalnya halal buat didepak..,1715990879058690500,,CommuterLine,in,,0,1,0,https://x.com/undefined/status/1715990879058690500,1130887266207801344,
1715752019779350840,Sun Oct 22 05:54:08 +0000 2023,0,@CommuterLine @kegblgnunfaedh Min saran saja. Lain kali dihimbau kepada petugasnya untuk lebih tegas tanpa ampun dan langsung tarik keluar kereta. Demi kenyamanan penumpang lain.,1715969766870122562,,CommuterLine,in,,0,0,0,https://x.com/undefined/status/1715969766870122562,78520477,
1715752019779350840,Mon Oct 23 12:25:47 +0000 2023,0,@CommuterLine @kegblgnunfaedh Sekuriti cuma berani nurunin ibuk2 yg bawa bocil nangis kenceng. Tp sama yg gempal pendek nggak berani.,1716430718312866034,,CommuterLine,in,,0,0,0,https://x.com/undefined/status/1716430718312866034,72207323,
1699208927605661894,Wed Sep 06 00:09:52 +0000 2023,0,@CommuterLine Jadi jadwal aslinya jam brp? bukan 06.49? kenapa jadwal yang tertera di aplikasi tidak aktual dan update? saya standby 06.40 namun sampai jam 07.00 tidak datang2,1699213288494801259,,CommuterLine,in,,0,0,0,https://x.com/undefined/status/1699213288494801259,302439264,
1703925052767654383,Tue Sep 19 00:12:44 +0000 2023,0,@CommuterLine halo min st tambun kapan rampungnya ya? Pintu timur sangat membantu banget nih kalau sudah dibuka. Jd orang yg dr timur ga perlu lewat underpass yg macetnya ga ada lawan. Thanks.,1703925052767654383,,CommuterLine,in,,0,1,0,https://x.com/undefined/status/1703925052767654383,146912663,
1722962366160355508,Sun Nov 12 03:10:56 +0000 2023,0,@CommuterLine @txtdrbekasi @PernebangRoket @KAI121 weh ini tuh udh diem bae kayaknya udh setahun lebih loh tulisan Sedang Dalam Perbaikan ge ora ada petugasnya pisan saban ari,1723538843419488685,,CommuterLine,in,,0,0,0,https://x.com/undefined/status/1723538843419488685,1542902319138115584,
1727489446323585053,Thu Nov 23 00:49:13 +0000 2023,0,@CommuterLine min mas cs nya gak enak suaranya. Ganti aja kayak orang desah. Baca pantun kayak mau baca apaan aja https://t.co/dxy0Wvc325,1727489446323585053,https://pbs.twimg.com/media/F_lGfaHbcAAfVZW.jpg,CommuterLine,in,,0,0,0,https://x.com/undefined/status/1727489446323585053,3501530773,
1719471688008544527,Tue Oct 31 21:49:31 +0000 2023,0,@CommuterLine perubahan jadwal tgl 1 nov 2023 kenapa hari ini harusnya berangkat jam 04:35 jalur 7 dari stasiun bogor jadi berangkat jam 04:43? Apa petugasnya belum bangun??? Jadwal ngaco begini sudah pasti akan ketinggalan krl cikarang,1719471688008544527,,CommuterLine,in,,0,0,0,https://x.com/undefined/status/1719471688008544527,1467873900658716674,
1715738872280449119,Mon Oct 23 02:20:07 +0000 2023,1,@CommuterLine @Heraloebss min di kereta itu sering ada peringatan bagi penumpang yang MEMBUAT KERIBUTAN akan kami TURUNKAN dan KELUARKAN dari area stasiun. Seharusnya penumpang itu digiring keluar apalg bikin ribut dgn sekuriti. Bagaimana mau nyaman jika petugas TIDAK TEGAS dgn aturannya sendiri?,1716278296500166679,,CommuterLine,in,,0,0,0,https://x.com/undefined/status/1716278296500166679,66629277,
1736501238437720133,Sun Dec 17 21:38:52 +0000 2023,0,@CommuterLine AC kereta Prameks setiap pagi yg kereta pertama dari Kutoarjo selalu mati dan baru dinyakan jam 5 pagi padahal kereta sudah standby dari jam 4.30... setengah jam kami kepanasan... Tolong dong improve menuju lebih baik,1736501238437720133,,CommuterLine,in,,0,1,0,https://x.com/undefined/status/1736501238437720133,1607033714495881219,
1727434475737698603,Thu Nov 23 01:38:55 +0000 2023,0,@CommuterLine Min kondisikan petugasnya dong kondektur juga masa customer dibiarkan berdiri sedangkan petugas duduk dengan santai untuk commuter line saya tau tiketnya murah tp kan prioritas tempat duduk customer kan buat customer. Huft,1727501951724933627,,CommuterLine,in,,0,1,0,https://x.com/undefined/status/1727501951724933627,1667753780023283712,
1722207416740458621,Wed Nov 08 11:24:12 +0000 2023,0,@CommuterLine terlalu template jawabanya gak membantu percuma !!!,1722213423646478465,,CommuterLine,in,,0,0,0,https://x.com/undefined/status/1722213423646478465,113657647,
1715738872280449119,Mon Oct 23 00:00:36 +0000 2023,0,@CommuterLine @Heraloebss SDM SEKURITI KRL LEMAH!,1716243184970551372,,CommuterLine,in,,0,0,0,https://x.com/undefined/status/1716243184970551372,407584702,
1721694224662646823,Tue Nov 07 02:32:15 +0000 2023,1,@CommuterLine @jalur5_ Opini. orang jalan dengan tongkat sudah kesulitan untuk dirinya sendiri petugas CL harus lebih siap membantu pengguna. Jangan disuruh nyari petugas yg ada.,1721717166775615998,,CommuterLine,in,,0,0,0,https://x.com/undefined/status/1721717166775615998,125007207,
1703969943337972122,Tue Sep 19 03:11:07 +0000 2023,0,@CommuterLine Minggu kmrn sy tap in di sta Sudirman lalu tap out di situ juga krn mau naik LRT. Yg men-tap out-kan petugasnya dan saat itu palangnya dlm kondisi sll terbuka (bukan buka nutup kyk biasanya). Tp saat kartu emoney nya mau sy pakai tap in LRT tnyata tdk bisa. -cont,1703969943337972122,,CommuterLine,in,,0,1,0,https://x.com/undefined/status/1703969943337972122,161677738,
1715644695639146958,Sat Oct 21 08:49:42 +0000 2023,0,@CommuterLine Saya lupa arah kemana ya tadi di stasiun Sudimara sekuriti jg foto2 jendela dibuka,1715651564093018130,,CommuterLine,in,,0,0,0,https://x.com/undefined/status/1715651564093018130,1645103468334690307,
1715855889624928502,Sun Oct 22 05:47:21 +0000 2023,20,@CommuterLine @txtdrjkt Lain kali biang ribut langsung turunin saja min. Itu jadi SOP nya security.,1715968059809452114,,CommuterLine,in,,0,0,0,https://x.com/undefined/status/1715968059809452114,1132706998305165312,
1715738872280449119,Sun Oct 22 10:35:21 +0000 2023,10,@CommuterLine @Heraloebss Security nya gak tegas. Guna nya security dsitu apaan dah..klo cm bales2an bcot mah smua org jg bisa..tuh org klo ternyta dia msh dendam sma yg ribut td trs balik kegerbong ternyta bawa sajam nusuk org tadi trs yg mau disalahin sypa? Uda pasti cuci tangan tuh satpam&amp;KAI nya..,1716040538842189931,,CommuterLine,in,,0,1,2,https://x.com/undefined/status/1716040538842189931,1590858629325856768,
1715752019779350840,Sun Oct 22 08:30:15 +0000 2023,44,@CommuterLine @kegblgnunfaedh Turunin lah ngapain dilerai doang. Security kok fungsinya cuma melerai. Ntar kalo bikin ulah lagi gimana?,1716009054731145248,,CommuterLine,in,,0,0,0,https://x.com/undefined/status/1716009054731145248,1369523551,
1727301965972124060,Wed Nov 22 12:24:15 +0000 2023,0,@CommuterLine min bisa ga sih iklan di dalem krl gausah kenceng2 volumenya? wkwkwk kadang gw kaget dan pusinggggg. Informasi dari CS nya malah ga kedengeran ketutup sama suara iklannya,1727301965972124060,,CommuterLine,in,,0,0,0,https://x.com/undefined/status/1727301965972124060,75992308,
1724254997691650482,Tue Nov 14 02:36:41 +0000 2023,0,@CommuterLine ini petugasnya kesiangqm apa gimana makanya semua jadwal beramtakan parah,1724254997691650482,,CommuterLine,in,,0,1,0,https://x.com/undefined/status/1724254997691650482,1576665846683815936,
1715738872280449119,Sun Oct 22 09:47:53 +0000 2023,0,@CommuterLine @Heraloebss Bikin SOP ngadepin kasus gini buat security,1716028591329423547,,CommuterLine,in,,0,0,0,https://x.com/undefined/status/1716028591329423547,50126213,
1703915315045019764,Tue Sep 19 02:01:26 +0000 2023,1,@CommuterLine Heh para staff commuter punya otak harusnya di pake kalau kereta yg lewat manggarai telat banget lo cari cara dengan batalin 1 atau 2 kereta yg lewat Senen kasih yg lewat manggarai kayak robot lo kerja semua gak pinter2 dari dulu,1703952405451383279,,CommuterLine,in,,0,0,0,https://x.com/undefined/status/1703952405451383279,150511809,
1721694224662646823,Wed Nov 08 13:09:49 +0000 2023,0,@CommuterLine @jalur5_ Klo kyk gini petugasnya bantu apa njir? Mau ngegendong? Kan yg dibutuhin mbaknya adl lift2 yg ga mati dan eskalator yg jalaaan fasilitas di stasiun gede kyk gtu ya dibenerin bukan terbengkalai mlu jir. Mls bgt bloon.,1722240002846003443,,CommuterLine,in,,0,0,0,https://x.com/undefined/status/1722240002846003443,268143801,
1722962366160355508,Fri Nov 10 15:56:37 +0000 2023,0,@CommuterLine @txtdrbekasi @PernebangRoket @KAI121 Kalo ada perbaikan harusnya petugasnya keliatan kan pak? Ini kok goib?,1723006757062971820,,CommuterLine,in,,0,0,0,https://x.com/undefined/status/1723006757062971820,1562826134,
1724246190076633191,Tue Nov 14 02:01:41 +0000 2023,0,@CommuterLine tolong disiapkan tangga tempat turun penumpang. Ini sangat berbahaya. Penumpang di gerbong ini harus lompat utk turun kereta. Bagaimana kalau org tua? Dibantu security bukan memecahkan masalah. Masih bahaya. Tlg perhatikan. @KAI121 @kemenhub151 @DPR_RI https://t.co/U3OouMqMDv,1724246190076633191,https://pbs.twimg.com/media/F-3AsQ4a0AAIRyN.jpg,CommuterLine,in,,0,1,0,https://x.com/undefined/status/1724246190076633191,2294204310,
1711721000092811543,Tue Oct 10 14:21:26 +0000 2023,0,@CommuterLine @azkamdn Waktu itu juga ada yg kesusahan bawa koper turun tangga petugasnya diem aja ga peka,1711748779039428640,,CommuterLine,in,,0,0,0,https://x.com/undefined/status/1711748779039428640,1576665846683815936,
1711217509821788277,Mon Oct 09 08:12:42 +0000 2023,0,@CommuterLine Baik min terimakasih banyak infonya. Sangat membantu timetable ini karena aplikasi Commuter C Access atau yang satunya tidak bisa diakses ,1711293595691688227,,CommuterLine,in,,0,0,0,https://x.com/undefined/status/1711293595691688227,560863930,
1717763569624957231,Fri Oct 27 04:53:22 +0000 2023,0,@CommuterLine Kasian penumpang pada marah marah. Kata security nya dr td brgkt dr bogor udah mati. KOK YA TETEP DI JALANKAN? pdhl mati-mati. Listrik nya pun juga mati2an tadi. Please be aware for safety passengers,1717766416525607178,,CommuterLine,in,,0,0,0,https://x.com/undefined/status/1717766416525607178,308344396,
1721135427300860384,Sun Nov 05 12:00:37 +0000 2023,0,@CommuterLine boleh tarok barang di depan pintu gini? Td security liat jg diem bae.. ganggu org mau turun naik https://t.co/R0Viwpgiyo,1721135427300860384,https://pbs.twimg.com/media/F-Kziu5bkAAVR1X.jpg,CommuterLine,in,,0,0,0,https://x.com/undefined/status/1721135427300860384,175349099,
1698660273140424731,Mon Sep 04 12:08:50 +0000 2023,0,@CommuterLine iya tolong juga security di peron 8 paling ujung yaa tadi ga ada semoga ga ada lagi yg ngevape distasiun,1698669444602777701,,CommuterLine,in,,0,0,0,https://x.com/undefined/status/1698669444602777701,1267820341285367809,
1721694224662646823,Tue Nov 07 02:21:49 +0000 2023,0,@CommuterLine @jalur5_ Eskalator itu membantu banget bagi yg pngguna lansian . Ibu hamil atau yg lagi sakit . . Semoga cepet di perbaiki Dan satu lagi kritik saya kpada yg sehat jngan males naik tangga . Itu mengurangi mantence perawatan eskalator . Dan naik tangga itu sehat !,1721714543892779283,,CommuterLine,in,,0,0,0,https://x.com/undefined/status/1721714543892779283,986461412569399296,
1710988138917892170,Sun Oct 08 13:00:56 +0000 2023,0,@CommuterLine Terima kasih infonya. Sangat membantu kl bisa lewat situ krn jarak lebih dekat dan lebih rata memudahkan kl bawa koper beroda,1711003743658139701,,CommuterLine,in,,0,0,0,https://x.com/undefined/status/1711003743658139701,160450815,
1725719679577264248,Sat Nov 18 03:36:48 +0000 2023,0,@CommuterLine rencana mau naik KRL ke cikarang dan nyambung kereta lokal ke karawang. Udah ngecek aplikasi berkali kali menyesuaikan jadwal krl. Tapi kok ga nyampe nyampeeee. Nanya security juga gaaa membantu. Gimana orang mau pake kendaraan umum kalo kualitasnyaa begini,1725719679577264248,,CommuterLine,in,,0,2,0,https://x.com/undefined/status/1725719679577264248,260053653,
1733482487773548703,Sat Dec 09 13:43:26 +0000 2023,0,@CommuterLine min petugasnya pada kemana ya orang² yg di duduk di kursi prioritas sebelah kanan berisik banget gak ada yang negur. Di KA 1382B kereta nomor 11 https://t.co/b3kHblkAFc,1733482487773548703,https://pbs.twimg.com/media/GA6Q22nbMAAxDUr.jpg,CommuterLine,in,,0,1,0,https://x.com/undefined/status/1733482487773548703,440505298,
1711721000092811543,Tue Oct 10 12:50:57 +0000 2023,0,@CommuterLine halah bokis petugas aja ngga ada yg standby deket tangga. kapan hari ada lansia kesusahan pas turun di tangga luar arah juanda aja cuma diliatin sama petugas.,1711726009542963458,,CommuterLine,in,,0,0,0,https://x.com/undefined/status/1711726009542963458,98525238,
1715752019779350840,Sun Oct 22 09:05:42 +0000 2023,25,@CommuterLine @kegblgnunfaedh Min @CommuterLine ke depannya tolong berikan kewenangan dan izin plus kewajiban kepada petugas security nya untuk bersikap KERAS kepada pengacau macem gitu. Toh nightstick udah ada tinggal pentung lalu seret ke pos security lanjut bungkus ke polisi.,1716017977118867538,,CommuterLine,in,,0,1,0,https://x.com/undefined/status/1716017977118867538,50299919,
1702496188220785033,Fri Sep 15 01:41:33 +0000 2023,27,@CommuterLine @JalurSerpong @jalur5_ Turun dari angkot di jembatan atas mana ada petugas yg standby. Petugas Commuter Line Nongkrong di warung sini ceritanya ? https://t.co/I0RtBxmHNS,1702497850343707129,https://pbs.twimg.com/media/F6B8wY6bAAAogXy.jpg,CommuterLine,in,,0,2,2,https://x.com/undefined/status/1702497850343707129,62485552,
1740738962304700917,Sat Dec 30 13:05:58 +0000 2023,0,@CommuterLine @PernebangRoket Min st bekasi kan buat tempat turun KAJJ klo bawa koper trun naik tangga manual lmyn loh min...eskalator turun membantu jg lo min buat lansia/ibu hamil/ibu bawa balita,1741083204046750085,,CommuterLine,in,,0,0,0,https://x.com/undefined/status/1741083204046750085,2594716357,
1709329537430159646,Wed Oct 04 02:57:38 +0000 2023,0,@CommuterLine berarti hanya untuk jam malam saja ya min? :( saran untuk beroperasi di jam kerja juga dong min sangat membantu buat yang jauh dan transit 2 kali,1709402369841299739,,CommuterLine,in,,0,0,0,https://x.com/undefined/status/1709402369841299739,1332315263417479170,
1726437003481547034,Mon Nov 20 03:07:11 +0000 2023,0,@CommuterLine gimana sih petugas yg jaga di gerbong tuh gak ada standby di umumin kl dapat pelecehan harus lapor lah sampe gue td ramein di gerbong aja kagak ada petugas njir sampe orangnya turun sendiri di stasiun Kebayoran itu gara gara diliatin segerbong dan saya bilang,1726437003481547034,,CommuterLine,in,,0,2,0,https://x.com/undefined/status/1726437003481547034,81317213,
1711710312347701377,Tue Oct 10 14:25:03 +0000 2023,0,@CommuterLine Setidaknya petugasnya disiapin depan lift min buat ngatur flow biar yg prioritas didahulukan petugas banyak tp cuman mandangin aja dari jauh ,1711749688716910667,,CommuterLine,in,,0,0,0,https://x.com/undefined/status/1711749688716910667,137205105,
1700848901719523576,Sun Sep 10 14:32:47 +0000 2023,0,@CommuterLine sip aman thanks min infonya sangat membantu selamat beristirahat,1700879999094649121,,CommuterLine,in,,0,0,0,https://x.com/undefined/status/1700879999094649121,1499518892078960640,
1733758718653993144,Sun Dec 10 08:01:04 +0000 2023,0,@CommuterLine petugas di st duri sama sekali ga membantu! sumpah najis bgt pas ditanya malah cuma angkat bahu doang. jelek bgt kerja lo,1733758718653993144,,CommuterLine,in,,0,1,0,https://x.com/undefined/status/1733758718653993144,2228314188,
1730714696926585094,Fri Dec 01 22:27:54 +0000 2023,0,@CommuterLine Tolong min petugas stay di gerbong wanita krn susah minta tolong u/ minta bntuan membantu mnurunkan ank balita trun krn sebab hamil atau gendong bayi. G enk minta tolong penumpang trs,1730715370435248158,,CommuterLine,in,,0,1,0,https://x.com/undefined/status/1730715370435248158,110655082,
1711910597909221399,Wed Oct 11 01:04:26 +0000 2023,0,@CommuterLine telah ditemukan bros jatuh di kereta ke 5. Tiba di THB jam 07.55 keberangkatan awal dari RKS. Sudah dititipkan ke security walka di peron 5. https://t.co/rdLWhiJEBd,1711910597909221399,https://pbs.twimg.com/media/F8HtnJQbwAAdVs2.jpg,CommuterLine,in,,0,1,0,https://x.com/undefined/status/1711910597909221399,1328593349452902400,
1707880868067623169,Wed Nov 22 15:58:19 +0000 2023,0,@CommuterLine @I32520975Ina Petugasnya klo 10 rangkaian ada brp? Klo 12 rangkaian ada brp?,1727355837981814791,,CommuterLine,in,,0,0,0,https://x.com/undefined/status/1727355837981814791,1405766787313012740,
1735469355507609871,Fri Dec 15 12:52:20 +0000 2023,0,@CommuterLine Kecewa istri saya disabilitas pakai kursi roda &amp; jalan blm stabil hari ini pukul 18:03 naik kereta komuter dr st kebayoran - st parung panjang tdk dibantu mencarikan kursi oleh security biasanya dicarikan. akhirnya berdiri di kereta krn minta bangku tidak ada yg memberi.,1735643956799734079,,CommuterLine,in,,0,1,0,https://x.com/undefined/status/1735643956799734079,1163028508966133760,
1715752019779350840,Sun Oct 22 10:01:55 +0000 2023,1,@CommuterLine @kegblgnunfaedh Langsung borgol aja min suruh turun. Bawa ke pos security. Membahayakan penumpang yg lain.,1716032124921528502,,CommuterLine,in,,0,0,0,https://x.com/undefined/status/1716032124921528502,2460202653,
1720395908347781347,Fri Nov 03 11:58:30 +0000 2023,0,@CommuterLine Apakah sampel video yang saya kirim tidak masuk dalam kategori mengganggu? Sudah 1 jam tidak ada petugas yang datang seharusnya petugas tidak hanya standby diantara gerbong wanita dan gerbong campur. Gerombolannya pun sudah turun tanpa ditegur dan diedukasi.,1720410117848600948,,CommuterLine,in,,0,0,0,https://x.com/undefined/status/1720410117848600948,1660506818957963265,
1720801230082195751,Mon Nov 06 13:50:51 +0000 2023,0,@CommuterLine Masa sih jeda udah 15 mnt msh antri msk manggarai dr sdrmn,1721525555923689676,,CommuterLine,in,,0,1,0,https://x.com/undefined/status/1721525555923689676,952766528,
1715752776649871678,Sat Oct 21 15:31:53 +0000 2023,0,@CommuterLine terimakasih Pak Security yang tanggap dan tegas...,1715752776649871678,,CommuterLine,in,,0,0,0,https://x.com/undefined/status/1715752776649871678,3893143585,
1731901704646590714,Fri Dec 08 12:21:51 +0000 2023,0,@CommuterLine Malam kak kak tolong dong ini di gerbong 7 tujuan bogor laki2 gendut tidur menganggu saya yg duduk disebelahnya. Tolong lah mas security bangunin atau gimana. Saya udah sikut2 dan coba bangunin tp ga bangun2. Skrg ada di tj barat,1733099569372697085,,CommuterLine,in,,0,1,0,https://x.com/undefined/status/1733099569372697085,615923342,
1701816020581933506,Wed Sep 13 11:34:34 +0000 2023,0,@CommuterLine Yaudah lu buka akses jalur bawah lah udah jelas stasiun kecil tangga sempit membuka peluang copet aja lu terus securitynya suruh antrian paling ujung lah gue dateng 2 kereta lebih awal ogah antri paling ujung kalo mau tahan dulu kereta yang masuk biar gak numpuk,1701922316073206118,,CommuterLine,in,,0,0,0,https://x.com/undefined/status/1701922316073206118,345303564,
1715752019779350840,Sun Oct 22 10:13:58 +0000 2023,0,@CommuterLine @kegblgnunfaedh Security suka gak tegas. Berkali2 kejadian serobot2 gini di Manggarai. Biasanya emak2. Tindakannya jangan cuma ngasih himbauan lah.,1716035158535745717,,CommuterLine,in,,0,0,0,https://x.com/undefined/status/1716035158535745717,96272242,
1717883412395200660,Fri Oct 27 12:38:16 +0000 2023,0,@CommuterLine boleh ditatar lagi ga security di Stasiun Klender yg bertugas malam ini org lg kesel saldo kepotong 2x (terjadi udah beberapa kali di stasiun yg sama) malah nadanya membentak dan galak. BGST!,1717883412395200660,,CommuterLine,in,,0,1,0,https://x.com/undefined/status/1717883412395200660,1259935332075581444,
1728322753424748685,Sat Nov 25 08:00:29 +0000 2023,0,@CommuterLine min mau nanya dong emang kalo keberatan bawa koper harus banget lewat underpass ya?? Sya kesel banget sama security lenteng agung hari ini. Iyasih dibukain gerbangnya supaya nyebrang rel tapi Jutek banget mukanya gaada ramah²nya. Fak kata gua teh,1728322753424748685,,CommuterLine,in,,0,1,0,https://x.com/undefined/status/1728322753424748685,1065006902,
1703537094390624267,Mon Sep 18 01:48:44 +0000 2023,0,@CommuterLine Saking beberapa kalinya ga inget jam pastinya. Yang pasti subuh sekitar jam 5an. Gak sekali dua kali. Gak tau deh apa karna cs yg cewe belum dateng karna belum masuk shiftnya,1703586822893486225,,CommuterLine,in,,0,1,0,https://x.com/undefined/status/1703586822893486225,1454472282672222212,
1734906480049160338,Thu Dec 14 11:21:55 +0000 2023,0,@CommuterLine Tapi saya sering lihat yg nyebrang kalo bawa speda lipat atau scooter d bolehin lewat sama satpamnya cntohnya foto d bwah ini. Harusnya kalo kaya gitu d tambah aj peruntukannya jadi (lansia ibu hamil disabilitas &amp; pembawa sepeda lipat / scooter). https://t.co/whZD6SEvKd,1735258815665483808,https://pbs.twimg.com/media/GBTgsFebAAAb8xs.jpg,CommuterLine,in,,0,0,0,https://x.com/undefined/status/1735258815665483808,109517665,
1736501238437720133,Wed Dec 27 02:30:32 +0000 2023,0,@CommuterLine Selalu seperti ini setiap pagi setiap hari KA 558 Prameks jurusan kta-yk ac baru dinyalakan jam 5 lebih padahal penumpang sudah standby stgh jam sebelumnya,1739836129057329309,,CommuterLine,in,,0,0,0,https://x.com/undefined/status/1739836129057329309,1607033714495881219,
1735469355507609871,Fri Dec 15 12:55:46 +0000 2023,0,@CommuterLine Hebatnya lagi orang² dikereta malah bilang ke istri (orang sakit kenapa kerja naik kereta kan nyusahin). Tolong security besok² carikan kursi. Saya sebagai suami yg tiap hari hanya bisa jemput di stasiun cuma bisa ngelus dada waktu istri barusan cerita.,1735644818804703261,,CommuterLine,in,,0,0,0,https://x.com/undefined/status/1735644818804703261,1163028508966133760,
1728176465597120581,Fri Nov 24 23:35:01 +0000 2023,3,@CommuterLine Halo Mau kasih saran nih di stasiun bekasi timur ada 2 exit. Imo kan kamu Petugas nya banyak nih.. standby dong 1 infoin ada ganguan atau lebih simple taruh aja signage. Orang² harus naik tangga dulu baru tau. Malah tukang² jualan sana yg aktif kasih tau ,1728195549386682843,,CommuterLine,in,,0,2,0,https://x.com/undefined/status/1728195549386682843,835138970,
1735899191950627231,Sat Dec 16 05:46:33 +0000 2023,0,@CommuterLine minta tolong dong min kasih tau petugasnya yang di stasiun kranji ketus sekali,1735899191950627231,,CommuterLine,in,,0,1,0,https://x.com/undefined/status/1735899191950627231,1669566967790047232,
1721694224662646823,Tue Nov 07 01:42:18 +0000 2023,51,@CommuterLine @jalur5_ Butuhnya lift sama eskalator yg proper min bukan petugas. Tp kalo petugasnya bisa berfungsi kayak lift/eskalator gapapa juga sih,1721704599072161836,,CommuterLine,in,,0,1,3,https://x.com/undefined/status/1721704599072161836,1339227941348118529,
1715738872280449119,Sun Oct 22 21:37:25 +0000 2023,0,@CommuterLine @Heraloebss Security lu cupu ngab mending Kerja sama ama Satpam BNI aja,1716207151407042724,,CommuterLine,in,,0,0,0,https://x.com/undefined/status/1716207151407042724,1554869091655360512,
1712245155951173688,Thu Oct 12 04:43:56 +0000 2023,0,@CommuterLine @catatananakedan Ayo jangan sampai kalah pelayanannya dibanding komuter negara tetangga. Nyaris sempurna itu prediksi waktunya mereka,1712328223802159536,,CommuterLine,in,,0,0,0,https://x.com/undefined/status/1712328223802159536,607579081,
1730622774232977574,Fri Dec 01 16:23:06 +0000 2023,0,@CommuterLine lah ga keburu dong ini aja masih di senen td petugasnya bilang masih bisa..,1730623566532825261,,CommuterLine,in,,0,0,0,https://x.com/undefined/status/1730623566532825261,1413424891181682693,
1735218824163811515,Thu Dec 14 08:56:10 +0000 2023,0,@CommuterLine Hanya beberapa kursi tidak memadai.. Lorong peron yg panas pengap dengan penumpang penuh.. Tidak ada kipas blower.. Jgn hanya petugasnya saja yg pake kipas,1735222136183382336,,CommuterLine,in,,0,0,0,https://x.com/undefined/status/1735222136183382336,930359456696713216,
1710999176950190406,Sun Oct 08 12:42:47 +0000 2023,0,@CommuterLine saya pesan makanan dari ±2 jam lalu ga dianter2 sampe skrg mau sampe ke stasiun tujuan. Sudah komplain di 121 dan nomer kondektur tidak direspon dengan baik. Gmn sih pelayanannya? ,1710999176950190406,,CommuterLine,in,,0,1,0,https://x.com/undefined/status/1710999176950190406,1335773683885907971,
1730900381767811577,Sat Dec 02 23:45:40 +0000 2023,0,@CommuterLine @txtdrjkt Lah ga da petugasnya? Mbok ya dikasih arahan lewat halo2,1731097331033055396,,CommuterLine,in,,0,0,0,https://x.com/undefined/status/1731097331033055396,2989376299,
1711403670192185418,Mon Oct 09 15:30:05 +0000 2023,0,@CommuterLine miiiin tolongin adek saya ketinggalan laptop di kereta arah bogor. Pokoknya naik yang dari gondangdia arah bogor di jam 21:09. Naik di gerbong cewek depan. Bentuk tas laptopnya. Sekarang adek saya udah ke arah bogor sih cuma tolong infoin petugasnya lagi https://t.co/QTdFAYxDmj,1711403670192185418,https://pbs.twimg.com/media/F8AgkG8asAA7_oY.jpg,CommuterLine,in,,0,0,0,https://x.com/undefined/status/1711403670192185418,1437499861,
1715752019779350840,Sun Oct 22 11:24:37 +0000 2023,48,@CommuterLine @kegblgnunfaedh Bisa ga SOP security saat tugas diberi camera untuk merekam semua kejadian. Jadi ada bukti bahwa memang penumpang yg bikin masalah ga nunggu video dari penumpang lain,1716052937276027245,,CommuterLine,in,,0,0,0,https://x.com/undefined/status/1716052937276027245,88628776,
1715738872280449119,Sat Oct 21 14:59:14 +0000 2023,0,@CommuterLine @Ki_Dewantoro_84 @Heraloebss Halah. Itu securitynya gak tegas.,1715744557340725497,,CommuterLine,in,,0,0,0,https://x.com/undefined/status/1715744557340725497,1270313206448189441,
1716050052345684154,Sun Oct 22 11:13:09 +0000 2023,0,@CommuterLine min saya kan parkir motor di Stasiun Kebayoran dimulai dari tgl 21/10/23 jam 17.21 sampai tgl 22/10/23 jam 17.40 kok bisa saya digetok harga Rp25.000 padahal harusnya kurang lebih 15-20rb aja. Ini petugasnya mark up terus ya? https://t.co/ZtiB0KUQ6f,1716050052345684154,https://pbs.twimg.com/media/F9Cia32aMAA1xFQ.jpg,CommuterLine,in,,0,1,0,https://x.com/undefined/status/1716050052345684154,1689072577824874496,
1715752019779350840,Mon Oct 23 04:16:47 +0000 2023,3,@CommuterLine @kegblgnunfaedh Securitynya agak ga tegas... Tapi jangan terus dipecat kasihan anak istrinya dia mencari nafkah buat keluarga cukup beri pengertian aja kalo besok ada penumpang yg rese lagi cukup tendang keluar pas kereta jalan tendang bokongnya...,1716307655688692222,,CommuterLine,in,,0,0,0,https://x.com/undefined/status/1716307655688692222,4473772692,
1706277331659366803,Mon Sep 25 12:12:28 +0000 2023,0,@CommuterLine Yah jauh petugasnya di ujung peron keburu mbak mbaknya ngilang makanya nanya langsung aja di mari biar banyak yg liat juga kirain mah boleh. Lain kali coba dikasih pengumuman atau sign larangannya diperbarui tambahin Dilarang merokok atau sejenisnya gitu,1706280507301093489,,CommuterLine,in,,0,0,0,https://x.com/undefined/status/1706280507301093489,1267593414381432832,
1733758718653993144,Sun Dec 10 08:03:49 +0000 2023,0,@CommuterLine bisa bisanya petugasnya ga informatif gini??? rugi waktu. ditanya malah angkat bahu serasa ngmg derita lo tolonglah.,1733759408654733374,,CommuterLine,in,,0,1,0,https://x.com/undefined/status/1733759408654733374,2228314188,
1705213889875697875,Fri Sep 22 13:34:07 +0000 2023,0,@CommuterLine min penting bgt boleh minta tolong gak ya aku ketinggalan kunci loker tempat kerja aku di musholla stasiun rajawali... boleh minta petugasnya amanin dulu gak yaa isinya lokernya laptop,1705213889875697875,,CommuterLine,in,,0,1,0,https://x.com/undefined/status/1705213889875697875,1133815732863504384,
1712074988331880594,Thu Oct 12 11:55:19 +0000 2023,0,@CommuterLine Terimakasi sudah bersedia membalas! Orng orng kayaknya ga akn peduli kalo ga kejadian wkwk jadi mungkin dr satpamnya kan banyan ya jd bisa di tugasin buat jaga di lift ini yg hari ini. Td jg ada yg blng satpamnya naik lift aja aku tunjukin gambar ini dia cuman ketawa https://t.co/SH7N5PDjKQ,1712436785538908615,https://pbs.twimg.com/media/F8PMLWbbUAAoxva.jpg,CommuterLine,in,,0,1,0,https://x.com/undefined/status/1712436785538908615,2561443237,
1702496188220785033,Fri Sep 15 02:21:36 +0000 2023,9,@CommuterLine @samuel_glenn @JalurSerpong @jalur5_ Asli ini saran bego dan g membantu sama sekali. D luar stasiun g pernah ad ceritanya petugas standby kecuali mereka lg isitrahat dan nyebat.... Apa emang mereka harus turun dl manggil petugas terus naik lagi k atas biar bisa didampingi waktu turun k stasiun??,1702507932531995101,,CommuterLine,in,,0,1,1,https://x.com/undefined/status/1702507932531995101,59363988,
1727223293504352477,Wed Nov 22 08:15:09 +0000 2023,0,@CommuterLine Tgl 21 11 2023 pukul keberangkatan jam 07 sudah mencoba minta tolong keorg sekitar laki di dlm kereta tapi respon nya malah nanti aja sama petugasnya kita juga udh sempet cari petugas di dlm kereta GK ada akhirnya coba lapor pas turun di Manggarai tapi pelaku malah mencoba kabur,1727239278651113765,,CommuterLine,in,,0,2,0,https://x.com/undefined/status/1727239278651113765,822091300346335233,
1715752019779350840,Sun Oct 22 18:30:42 +0000 2023,0,@CommuterLine @kegblgnunfaedh next securitynya bisa dipilih yg tinggi besar berisi model2 bodyguard gak gampang kedorong sana sini jdnya org mau macem2 mikir dua kali krn fisiknya lbh unggul dr para penumpang ,1716160163277832278,,CommuterLine,in,,0,0,0,https://x.com/undefined/status/1716160163277832278,1451210437127671811,
1736722183093878979,Mon Dec 18 13:24:23 +0000 2023,1,@CommuterLine Sebenarnya petugasnya jg kewalahan krn penumpang semrawut mau lewat situ semua. Ditambah jalanan sempit. Mohon dicarikan solusi min krn prioritas jd mengalah sm mereka. Dan jika ditegur mereka lebih galak ,1736739183757332777,,CommuterLine,in,,0,0,0,https://x.com/undefined/status/1736739183757332777,191748182,
1739980535387328665,Wed Dec 27 12:04:21 +0000 2023,0,@CommuterLine min tolong dong stasiun manggarai peron arah cikarang jalan samping tangga udah sempit kenapa mesti ditutup sebelah? Petugasnya nyolot banget lagi pake berantem sama penumpang. Masalahnya lagi rush hour ini jam pulang kerja penuh,1739980535387328665,,CommuterLine,in,,0,0,0,https://x.com/undefined/status/1739980535387328665,1401872330310049792,
1715738872280449119,Sun Oct 22 15:14:36 +0000 2023,0,@CommuterLine @Heraloebss Taaaaiii koootoook. Securitynya cupu beraninya sama orang yang kagak lawan doang. Lu punya aturan yg ribut di turunin. Kenapa itu kagak di turunin. Emang bener bener SAMPAH security di KRL cuma modal teriak teriak doang di bentak balik kuncup kayak belom di sunat.,1716110815252955628,,CommuterLine,in,,0,0,0,https://x.com/undefined/status/1716110815252955628,1261469436847861761,
1712993414252462436,Sat Oct 14 01:49:56 +0000 2023,0,@CommuterLine Makasi kk petugasnya uda negur tadi. Ibu²nya yg ditegur malah menggerutu katanya bayarnya sama pelayanan tidak baik pdhl petugas td negur baik². Hlah pdhl mereka yg ganggu kenyamanan penumpang lain. Mulai dr naik di kediri udah ruame banget.,1713009209225425024,,CommuterLine,in,,0,0,0,https://x.com/undefined/status/1713009209225425024,702685760,
1715752019779350840,Sun Oct 22 11:25:30 +0000 2023,1,@CommuterLine @kegblgnunfaedh harusnya suruh petugasnya dorong keluar kereta aja bikin ribet orang2 capek pulang kerja mau balik malah drama kyk bocil,1716053159645532413,,CommuterLine,in,,0,0,0,https://x.com/undefined/status/1716053159645532413,1561672580322701312,
1715298982162010243,Fri Oct 20 13:13:41 +0000 2023,0,@CommuterLine Min security distasiun sudimara tolonglah atur tuh arus penumpang in/outnya biar ga tabrakan mulu arusnya ini udah sering dpt curhatan banyak orang juga malah pd gerombol ngobrol securitynya. Biar penumpang ga asal serobot jalur in/outnya. Dri tahun ke tahun ga ada perbaikan.,1715355608386523261,,CommuterLine,in,,0,1,0,https://x.com/undefined/status/1715355608386523261,1593184697538195456,
1715860432467157285,Sun Oct 22 15:30:15 +0000 2023,1,@CommuterLine @Pai_C1 Dalam waktu berdekatan ada 2 penumpang buat ribut. Terus securitynya plongah plongoh kagak di paksa turun yang buat ribut. Tigas security apa? Cuma berani ke pwnumpang yang sopan doang? @CommuterLine sampah betul.,1716114754484490431,,CommuterLine,in,,0,0,0,https://x.com/undefined/status/1716114754484490431,1261469436847861761,
1703944823995294057,Tue Sep 19 01:31:18 +0000 2023,0,@CommuterLine stasiun tambun lagi kekurangan security kah?. Penyebrangan ke peron 4 gak ada yg jaga sama sekali. Cuma yg di ujung doang 1 org. Pas penumpang naik ke peron 4 securitynya ngamuk2 katanya jgn naik. Ada kereta langsung. Lah mana tau org gk ada yg jaga. Bahaya nih.,1703944823995294057,,CommuterLine,in,,0,1,0,https://x.com/undefined/status/1703944823995294057,98280447,
1728784559515246906,Sun Nov 26 15:20:36 +0000 2023,0,@CommuterLine Min kondisinya kereta tu penuh petugas tu juga sulit mau mobile. Kalau himbauannya disampaikan lewat speaker kaya ngingetin stasiun berikutnya mungkin cukup membantu. Sama kaya kalian ngingetin ga buang sampah dan bersandar di pintu kereta gitu,1728795900485492976,,CommuterLine,in,,0,0,0,https://x.com/undefined/status/1728795900485492976,1061263018837733377,
1740159929468822007,Wed Dec 27 23:57:12 +0000 2023,0,@CommuterLine tolong dong bilang ke satpamnya suruh standbye deket tangga. Barusan di st manggarai jalur 10 jkt kota jam 6.50. Satpamnya cuma main hp doang. Penumpang yg turun memakai tangga jalur naik dan turun. Orang yg mau naik ke jalur 10 hampir jatuh. Desek2an. Bahaya loh.,1740159929468822007,,CommuterLine,in,,0,1,0,https://x.com/undefined/status/1740159929468822007,98280447,
1715738872280449119,Sun Oct 22 05:48:05 +0000 2023,1,@CommuterLine @dantsus @Heraloebss aneh banget security 2 malah ngelerai bukannya bareng nyeret tu orang keluar. padahal jorokin aja keluar dan blacklist.,1715968244019065021,,CommuterLine,in,,0,1,0,https://x.com/undefined/status/1715968244019065021,275361224,
1706125025458499904,Mon Sep 25 01:54:38 +0000 2023,1,@CommuterLine INI KENAPA YA KRL BOGOR - JKT KOTA GA JALAN DARI TADI STUCK DI MANGGARAI??! KASIH PENJELASAN DONG PETUGASNYA PADA DIEM AJA!! KALO EMG GA BISA DILANJUT PERJALANANNYA TOLONG DIINFO INI MAKIN NUMPUK 2 KERETA JKT KOTA GA JALAN.,1706125025458499904,,CommuterLine,in,,0,1,2,https://x.com/undefined/status/1706125025458499904,1270777146860990464,
1721694224662646823,Tue Nov 07 03:23:44 +0000 2023,0,@CommuterLine @jalur5_ Butuh eskalator dikasih petugas maksudnya petugasnya gendong sampe atas gitu? PR banget!,1721730125518246026,,CommuterLine,in,,0,0,0,https://x.com/undefined/status/1721730125518246026,279541399,
1706972078799548716,Wed Sep 27 10:00:32 +0000 2023,0,@CommuterLine min barusan di st bekasi ada penumpang yg nanya ke security pak jalur ini arah tambun ya terus securitynya cm angguk kepalanya aja tnp liat wjah org yg tanya itu. Tlg tegur ya min seenggaknya jawab dengan kata iya dan lihat wajah orangnya yg nanya dong. Jd ksel,1706972078799548716,,CommuterLine,in,,0,1,0,https://x.com/undefined/status/1706972078799548716,1331577717452509184,
1703944823995294057,Tue Sep 19 05:31:32 +0000 2023,0,@CommuterLine Jam 8.30 Petugasnya ngomel2 bilang jangan ke peron 4 kalo belom disuruh. Pas akhirnya udah di bolehin ternyata masih ada kereta langsung lagi. Petugasnya panik nyuruh orang2 untuk minggir. Mau minggir gimana. Peron 4 sempit gitu.,1704005278914797607,,CommuterLine,in,,0,2,0,https://x.com/undefined/status/1704005278914797607,98280447,
1726115901387509764,Sun Nov 19 05:51:15 +0000 2023,0,@CommuterLine tolong dong ini securitynya mana deh di krl kp bandan - cikarang 5080. Ada penumpang cowo di KKW paling belakang. Udah gue panggilin ga denger2 petugasnya. Bolot banget,1726115901387509764,,CommuterLine,in,,0,0,0,https://x.com/undefined/status/1726115901387509764,1454472282672222212,
1705541537785143714,Sat Sep 23 11:16:04 +0000 2023,0,@CommuterLine ni satpam aneh bin ajaib ya orang suruh putar padahal kereta mau jalan sebentar lagi tolong dong dikondisikan satpamnya supaya lebih humanis... mau ngejar waktu malah jadi susah https://t.co/6dkfEvt8Gy,1705541537785143714,https://pbs.twimg.com/media/F6tM_A9aMAAo96W.jpg,CommuterLine,in,,0,1,0,https://x.com/undefined/status/1705541537785143714,1183014208998264833,
1717368871475388697,Thu Oct 26 02:33:40 +0000 2023,0,@CommuterLine hello gimana nih KAI petugasnya di stasiun tebet mempersulit ngasih surat keterlambatan? padahal di info akun official udah jelas ada keterlambatan kereta jalur hijau dan minta surat keterlambatan di stasiun tujuan. ini malah dibilang mba harusnya minta surat,1717368871475388697,,CommuterLine,in,,0,1,0,https://x.com/undefined/status/1717368871475388697,890444346452922369,
1698995969738821814,Tue Sep 05 09:46:19 +0000 2023,0,@CommuterLine petugasnya ga ada nih...di gerbong. ada yg asik lesehan sambil nonton film. https://t.co/tsZezyRVnp,1698995969738821814,https://pbs.twimg.com/media/F5QLxLOaAAAlgoj.jpg,CommuterLine,in,,0,1,0,https://x.com/undefined/status/1698995969738821814,85059702,
1715738872280449119,Mon Oct 23 03:12:42 +0000 2023,0,@CommuterLine @Heraloebss kalo aye nyang jadi satpamnya udah aye tampol tu.,1716291528287768975,,CommuterLine,in,,0,0,0,https://x.com/undefined/status/1716291528287768975,1716266621789171712,
1719316019586728291,Tue Oct 31 11:30:57 +0000 2023,0,@CommuterLine min kenapa ya tiap kali waktu shalat magrib air tempat wudhu stasiun Duri tuh selalu kecil bahkan sore ini sampai mati 10menitan. Petugasnya bilang perbaikan mesin berarti perbaikan terus ya huft. Tolong lah beli booster pump agar supaya air naik kenceng hzhzhz https://t.co/iWJrGkOu6p,1719316019586728291,https://pbs.twimg.com/media/F9w8zfXbYAAXI8N.jpg,CommuterLine,in,,0,2,0,https://x.com/undefined/status/1719316019586728291,998907100016201730,
1713920156697854015,Mon Oct 16 14:09:43 +0000 2023,0,@CommuterLine kapan sih perbaikan semua eskalator di stasiun Bekasi dilakukan? Pdhl sudah tau fasum penting kok diulur terus perbaikannya!! Stasiun Besar tetapi pelayanannya 0,1713920156697854015,,CommuterLine,in,,0,1,0,https://x.com/undefined/status/1713920156697854015,1010544388613607425,
1722962366160355508,Fri Nov 10 17:01:17 +0000 2023,0,@CommuterLine @txtdrbekasi @PernebangRoket @KAI121 coba di hari apa gitu datengin petugasnya tontonin rame2 kalo emang beneran dikerjain permasalahannya,1723023029796540527,,CommuterLine,in,,0,0,0,https://x.com/undefined/status/1723023029796540527,348338130,
1705953683207500105,Sun Sep 24 14:33:47 +0000 2023,0,@CommuterLine Suka banget pantun dr petugasnya di kereta 5152 tujuan St.Cikarang. Tetap semangat,1705953683207500105,,CommuterLine,in,,0,0,0,https://x.com/undefined/status/1705953683207500105,226914517,
1734778117561233838,Wed Dec 13 03:31:48 +0000 2023,0,@CommuterLine YTH Pejabat KAI Tolong sediakan kran air minum gratis di tiap Stasiun.Tingkatkan terus pelayanannya agar KAI ikut berkontribusi pd pengurangan konsumsi air kemasan plastik. https://t.co/heewjfCWaw,1734778117561233838,https://pbs.twimg.com/media/GBMrf7dbgAAshKg.jpg,CommuterLine,in,,0,1,0,https://x.com/undefined/status/1734778117561233838,2408608603,
1699451876838920257,Wed Sep 06 16:07:45 +0000 2023,0,@CommuterLine Kata petugasnya flazz gen 2 gabisa min jadi bingung saya,1699454347573440707,,CommuterLine,in,,0,1,0,https://x.com/undefined/status/1699454347573440707,1278182242276139014,
1706449295908749513,Mon Sep 25 23:23:11 +0000 2023,0,@CommuterLine min mau nanya. kartu saya kan suka error kalau mau tap karna kartunya udah agak lama. kata petugasnya minta diganti aja. nah apakah proses penggantian ke kartu baru itu berbayar? dan bagaimana saldo saya yang masih ada di kartu lama saya?,1706449295908749513,,CommuterLine,in,,0,1,0,https://x.com/undefined/status/1706449295908749513,1230777058306838528,
1721694224662646823,Tue Nov 07 10:22:19 +0000 2023,0,@CommuterLine @jalur5_ Emang gimana kira2 petugas akan membantu min? Digendong?,1721835463173107723,,CommuterLine,in,,0,0,0,https://x.com/undefined/status/1721835463173107723,246398684,
1719247387708064084,Tue Oct 31 07:09:02 +0000 2023,11,@CommuterLine tolong jangan hilangkan jadwal krl Cilebut - Manggarai itu membantu bgt soalnya mengurangi penumpukan dari Bogor,1719250108297126147,,CommuterLine,in,,0,1,0,https://x.com/undefined/status/1719250108297126147,380911041,
1708374312514916353,Sun Oct 01 06:52:30 +0000 2023,0,@CommuterLine Duh bener² ya gimana nih pelayanannya belum jam 13:40 tapi udah gak boleh masuk. Aneh alesannya jalannya jauh WHAT THE HELLLLLL,1708374312514916353,,CommuterLine,in,,0,0,0,https://x.com/undefined/status/1708374312514916353,2791754519,
1722007486860013726,Tue Nov 07 21:45:52 +0000 2023,0,@CommuterLine heran sama petugas di stasiun. Semalam sampai stasiun bgr Tap out karena mesin tapnya rusak Flaz saya terpotong 2x. Dilaporkan eee petugasnya mala menyalahkan bank penerbit kartu. Sebenarnya dia paham ngak kalau mesin distasiun bgr itu rusak. Aneh,1722007486860013726,,CommuterLine,in,,0,1,0,https://x.com/undefined/status/1722007486860013726,92696221,
1735467360696545472,Fri Dec 15 01:10:36 +0000 2023,0,@CommuterLine stasiun tangerang itu keren banget hari ini jumat ngadain senam pagi bersama pegawai st. Tangerang .. pokoknya ini program yg bagus supaya pegawai nya happy dan sehat dalam bekerja ,1735467360696545472,,CommuterLine,in,,0,0,0,https://x.com/undefined/status/1735467360696545472,1220538476002570240,
1722972888578617387,Fri Nov 10 13:42:02 +0000 2023,0,@CommuterLine Malam min saya menemukan HP dan sdh dikasih ke security atas nama UKI NURKHOLIS di KA 5582. Mohon dikembalikan ke yang punya,1722972888578617387,,CommuterLine,in,,0,1,0,https://x.com/undefined/status/1722972888578617387,162640535,
1721694224662646823,Tue Nov 07 03:15:05 +0000 2023,2,@CommuterLine @jalur5_ kayaknya bukan masalah petugasnya sih tapi lebih ke fasilitasnya di benerin atuh bisa bangun tapi ga bisa merawat tipikal bumn dan anak usahanya.. makin kesini makin kesana kalo jaman Jonan udah pada di mutasi ke antah berantah ,1721727948334698697,,CommuterLine,in,,0,1,0,https://x.com/undefined/status/1721727948334698697,53315705,
1720757428218888686,Sun Nov 05 05:42:49 +0000 2023,0,@CommuterLine @ShenRu013 @tvOneNews @BankBCA Respect Keren Banget Petugasnya Terimakasih banyak Orang2 Baik.. ️️️ https://t.co/lRk3w6z7e5,1721040351287537889,,CommuterLine,in,,0,1,0,https://x.com/undefined/status/1721040351287537889,1186531317539717120,
1730472053139276081,Fri Dec 01 08:29:56 +0000 2023,0,@CommuterLine Terimakasih infonya min sangat membantu,1730504489084592541,,CommuterLine,in,,0,1,0,https://x.com/undefined/status/1730504489084592541,445928236,
1702423598533853526,Thu Sep 14 20:46:30 +0000 2023,1,@CommuterLine Min tolong donk untuk di stasiun cikarang kenapa tidak ada akses jembatan menuju stasiun cikarang untuk warga di samping sekitar stasiun cikarang.. Karna itu kan sangat membantu buat saya dan penumpang yang lain yang dekat dengan stasiun cikarang mohon perhatiannya,1702423598533853526,,CommuterLine,in,,0,2,0,https://x.com/undefined/status/1702423598533853526,2466236953,
1702496188220785033,Fri Sep 15 02:42:24 +0000 2023,3,@CommuterLine @samuel_glenn @JalurSerpong @jalur5_ Suruh keluar petugasnya... nungguin penumpang... bantuin yg kesusahan.... masa suruh telp dulu ? Gak kepikiran orang tua atau difabel model penjelasan begini...,1702513167614857262,,CommuterLine,in,,0,1,0,https://x.com/undefined/status/1702513167614857262,494251871,
1720959011338752016,Sun Nov 05 00:19:36 +0000 2023,0,@CommuterLine min sop parkir di stasiun kek gimana ya? Sistem parkir di stasiun cikarang gajelas. Dateng jam 7 tapi dibilang sesuai sop buka nya jam 8. Padahal motor di depan disuruh masuk. Begitu mau masuk langsung ditutup. Petugasnya bilang sesuai sop buka nya jam 8.,1720959011338752016,,CommuterLine,in,,0,1,0,https://x.com/undefined/status/1720959011338752016,220266660,
1712245155951173688,Wed Oct 11 23:44:33 +0000 2023,162,@CommuterLine @catatananakedan evaluasi terus. membasuh secukupnya rumah ke rumah dong min sekali-kali,1712252880412196881,,CommuterLine,in,,3,2,15,https://x.com/undefined/status/1712252880412196881,824808080,
1791008601710244207,Thu May 16 10:29:37 +0000 2024,0,@CommuterLine Tolong diperketat pengawasan nya min takut disalah gunakan demi mendapatkan tempat duduk,1791053383908147608,,CommuterLine,in,,0,1,0,https://x.com/undefined/status/1791053383908147608,832248082498670592,
1816479693409030614,Thu Jul 25 14:24:42 +0000 2024,0,@CommuterLine mohon perhatikan kondisi parkir motor stasiun Bogor ya. berdebu sekali karena banyak lantai berlubang dan sering kali isi tangki bensin sisa 1/2 padahal baru pagi penuh pas pulang kerja sisa 1/2 tangki. apakah ada oknum/ pencurian bensin yang luput dari pengawasan,1816479693409030614,,CommuterLine,in,,0,1,0,https://x.com/undefined/status/1816479693409030614,1754859473989181440,
1792501892003799225,Mon May 20 11:51:13 +0000 2024,0,@CommuterLine mohon segera dieskalasi ya min. Tajam dan bahaya kalo kesundul.,1792523472117334171,,CommuterLine,in,,0,0,0,https://x.com/undefined/status/1792523472117334171,50561944,
1789658201023263067,Sun May 12 15:08:54 +0000 2024,0,@CommuterLine nomor KAnya lupa sih tapi tadi berangkat dri bgr tujuan jkt sekitar jam 21.05 WIB jalur 3. Sebenernya ga sekali sih liat ada serangga gitu min coba tolong dicek ya min karna ngaruh banget ke kenyamanan penumpang ditambah saya takut bet kecoa minn,1789674118042030553,,CommuterLine,in,,0,1,0,https://x.com/undefined/status/1789674118042030553,1153129645,
1813146056668160298,Tue Jul 16 09:38:01 +0000 2024,0,@CommuterLine @KAI121 min kenapa beli tiket krl di apk access ke cancel terus ya? Di riwayat transaksi uangnya di reveal tp saldo ga balik. Jadi takut kalo mau beli tiket lagi apalagi kalo KA jarak jauh.,1813146056668160298,,CommuterLine,in,,0,3,0,https://x.com/undefined/status/1813146056668160298,4452961219,
1793801819275272498,Fri May 24 00:30:55 +0000 2024,0,@CommuterLine tolong krl harus kah kaya gini ? Ini baru di depok loh orang udah marah marah gara2 dikurangin jadwal dgn alasan template. Ini tuh bahaya buat keselamatan selain itu dampak lain dr keputusan anda itu buat orang banyak ini dr pihak anda siap bertanggung jwb ga ? https://t.co/k91C56ONYl,1793801819275272498,https://pbs.twimg.com/ext_tw_video_thumb/1793801784261226496/pu/img/zSj7oJeQDE4ZGiJR.jpg,CommuterLine,in,,0,0,0,https://x.com/undefined/status/1793801819275272498,407504502,
1792392270886658427,Mon May 20 03:09:53 +0000 2024,0,@CommuterLine ada copet yang coba mau narik dompet pas turun di stasiun Sudirman. Kampret banget untung ngga ke ambil.,1792392270886658427,,CommuterLine,in,,0,1,0,https://x.com/undefined/status/1792392270886658427,1213298373773549569,
1826814366953734590,Fri Aug 23 03:10:58 +0000 2024,0,@CommuterLine Kalo besok masi KA 1190? Atau ini memang jadwal besok. Takut berubah lagi,1826819394137440565,,CommuterLine,in,,0,1,0,https://x.com/undefined/status/1826819394137440565,501907284,
1791342774375350741,Fri May 17 05:39:33 +0000 2024,0,@CommuterLine halo min mau nnya klo keberangkatan dri st Metland telaga murni ke St Manggarai trs ke St Cikini. Ada jam 4 pagi ga ya? soalnya mau utbk tapi takut ga keburu,1791342774375350741,,CommuterLine,in,,0,1,0,https://x.com/undefined/status/1791342774375350741,1406832635280728065,
1827709869614571943,Sun Aug 25 14:09:24 +0000 2024,0,@CommuterLine peron 2 stasiun tambun spt ini gak bahaya? sekalian aja 2 meter min https://t.co/VOAqVbiL5U,1827709869614571943,https://pbs.twimg.com/media/GV1UbiLbIAAb-sM.jpg,CommuterLine,in,,0,1,0,https://x.com/undefined/status/1827709869614571943,1144206292409389057,
1791148776532607231,Thu May 16 16:48:40 +0000 2024,0,@CommuterLine minn mau tanya nanti hari sabtu krl ke bogor sampai jam berapa yaa? takut ga bisa pulang dri konser keabisan kereta,1791148776532607231,,CommuterLine,in,,0,1,0,https://x.com/undefined/status/1791148776532607231,545723088,
1804112877298815276,Fri Jun 21 11:23:23 +0000 2024,0,@CommuterLine stasiun duri jalur 5 dibawah tangga manual bahaya ini jalan byk yg kesandung dan jatuh minim lampu penerangan lagi. https://t.co/CH84RxQ776,1804112877298815276,https://pbs.twimg.com/media/GQl_FttakAMSf_d.jpg,CommuterLine,in,,0,1,0,https://x.com/undefined/status/1804112877298815276,610110636,
1805480980364541964,Tue Jun 25 10:52:22 +0000 2024,0,@CommuterLine Ihhhh BNI City kenapa stasiunnya tuh serem ya,1805554622981095623,,CommuterLine,in,,0,0,0,https://x.com/undefined/status/1805554622981095623,1311955243458912256,
1802516530175050221,Mon Jun 17 02:44:37 +0000 2024,0,@CommuterLine @CommuterLine Mohon pertimbangkan untuk tidak menggunakan gambar buatan AI dalam postingannya. Saya lebih menghargai seni buatan tangan yang lebih kreatif dibandingkan dengan buatan AI yang merupakan hasil pencurian Seni buatan tangan orang lain Terima kasih. ,1802532774437605618,,CommuterLine,in,,0,0,0,https://x.com/undefined/status/1802532774437605618,1326109183243030528,
1818620497409851449,Wed Jul 31 12:11:29 +0000 2024,0,@CommuterLine min Kalau beli tiket krl dengan KaiPay harus barcode di stasiun keberangkatan dan stasiun tujuan ya? Soalnya jeda waktu kereta antarkota dan KRL 5menit takut ga terkejar kalau harus keluar stasiun buat taping,1818620497409851449,,CommuterLine,in,,0,1,0,https://x.com/undefined/status/1818620497409851449,302941243,
1800329746917859657,Fri Jun 21 00:07:55 +0000 2024,0,@CommuterLine Min...ga ada rencana buka pintu pejalan kaki sementara gt di St.Serpong? Pintu kecil yg ke arah perkampungan tuh melewati proyek pembangunan stasiun bahaya tau min. Kdang lg nge-las kadang ada truk2 besar belom lagi tkt tb2 ada benda2 proyek yg jatoh dr area pembangunan,1803942888889589985,,CommuterLine,in,,0,1,0,https://x.com/undefined/status/1803942888889589985,55225203,
1786386830956597420,Fri May 03 13:26:24 +0000 2024,0,@CommuterLine eskalator turun arah peron 2 di Stasiun Palmerah udh lama rusak gk ditindaklanjuti min? Bahaya loh kalau penumpang rame² turun di eskalator mati gini https://t.co/dL8aTNAadP,1786386830956597420,https://pbs.twimg.com/media/GMqFV4lbAAAnrkp.jpg,CommuterLine,in,,0,1,0,https://x.com/undefined/status/1786386830956597420,1500557637741867010,
1786862447103746237,Sat May 04 23:49:50 +0000 2024,0,@CommuterLine Muak banget di kereta denger pengumuman dikit2 hati2 pelecehan seksual dst. Emang penumpang KAI ini mayoritas barbar2 ya. Alay banget narasi speakernya. Ga ada yg lebih bikin nyaman dan aman apa. Pls deh kai,1786906108558504001,,CommuterLine,in,,0,0,0,https://x.com/undefined/status/1786906108558504001,1630718521104822272,
1795396686157926880,Tue May 28 10:08:21 +0000 2024,0,@CommuterLine peron jalur 3 Depok Baru kapan mau ditinggiin ya peronnya? Bahaya lho ini antara peron sama lantai kereta beda tingginya. https://t.co/BAa8Wd6ozB,1795396686157926880,https://pbs.twimg.com/media/GOqHwRhbgAEQyVl.jpg,CommuterLine,in,,0,1,0,https://x.com/undefined/status/1795396686157926880,50498794,
1791468904407335117,Fri May 17 14:00:45 +0000 2024,0,@CommuterLine min kok jalan rel di palang pintu stasiun serpong itu ga dibenerin ya? Soalnya bahaya untuk pengguna jalan yang mau nyebrang perlintasan.,1791468904407335117,,CommuterLine,in,,0,1,0,https://x.com/undefined/status/1791468904407335117,981205968057847808,
1775681883176894710,Thu Apr 04 08:02:53 +0000 2024,13,@CommuterLine @fitrahaslam_ @txtdrjkt Kalo perlu semua gerbong dijaga security biar gada kejadian ky gini. Kereta gerbongnya banyak penumpang padet security cm sedikit. Mau sampe kpn dpt laporan pelecehan seksual terus. Kita jadi merasa ga aman loh setiap naik KRL,1775796164878831642,,CommuterLine,in,,0,0,1,https://x.com/undefined/status/1775796164878831642,1466253280929935361,
1780561421014905169,Wed Apr 17 11:38:18 +0000 2024,2,@CommuterLine 18.35 ada bocil sama ibu' kayanya mereka abis makan ciki tapi cikinya tumpah trus diinjek' sm anak kecilny sedangkan ibunya diem aja ga ngelarang atau apa ngeselin banget. Kereta nambo 1518B semoga staff yg bersihin ini dibales kebaikan yg banyak banyak banyak bgt. https://t.co/0Ng2VlFPND,1780561421014905169,https://pbs.twimg.com/media/GLXTGzlbMAA33zA.jpg,CommuterLine,in,,0,2,0,https://x.com/undefined/status/1780561421014905169,1245943214634176513,
1747761191102099467,Wed Jan 17 23:21:54 +0000 2024,0,@CommuterLine kak tolong di gerbong 1 KA 4013 relasi Cikarang - Kp Bandan via PSE minta tolong petugasnya dateng ke sini buat negur orang yang ngobrol terus. Berisik kak ,1747761191102099467,,CommuterLine,in,,0,1,0,https://x.com/undefined/status/1747761191102099467,83090074,
1754975758165152011,Tue Feb 06 22:38:42 +0000 2024,0,@CommuterLine Penumoang sudah penuh diperon ke Bogor. Pelayanannya sekarang payah mengecewakan....nilai KRL -0.,1754998075696025787,,CommuterLine,in,,0,0,0,https://x.com/undefined/status/1754998075696025787,1069225855455453186,
1752744474441351506,Wed Jan 31 23:34:09 +0000 2024,2,@CommuterLine Mohon diadakan lagi KRL dari arah Jakarta Kota Tujuan Bogor keberangkatan jam 05.00 pagi. Dikarenakan banyak anak sekolah mahasiswa guru pegawai yg membutuhkan KRL dg jadwal tersebut. Dan diharapkan lebih dari 1 jadwal keberangkatan. Karena banyak yang masuk dinas jam 7 kurang,1752837704377909408,,CommuterLine,in,,1,2,1,https://x.com/undefined/status/1752837704377909408,406256984,
1773603750826926230,Fri Mar 29 08:30:56 +0000 2024,0,@CommuterLine Halah boro2 membantu. Tadi posisi udah di depan pintu KRL belum ketutup tapi dihalangi karena mereka udah mau jalan. Kalau belum ditutup hrsnya gak masalah nunggu 1-2 detik doank ,1773628898032386388,,CommuterLine,in,,0,1,0,https://x.com/undefined/status/1773628898032386388,1562651186,
1767088577597596053,Mon Mar 11 11:00:35 +0000 2024,22,@CommuterLine @2000hyunjinborn @perkeretaapian potong gaji nya pegawai mu. Gak becus pengadaannya. Pak @erickthohir nih ada yg payah dalam pengadaan eskalator tp masih bisa happy happy,1767143576042164231,,CommuterLine,in,,0,0,1,https://x.com/undefined/status/1767143576042164231,1210780507727745025,
1761912542522446280,Mon Feb 26 02:14:59 +0000 2024,0,@CommuterLine Semangat ya kak @CommuterLine Terima kasih atas semua kerja bersama pihak komuter. Mudah2an selalu diberikan kelancaran dalam pelayanannya. Mudah2an gangguan hari ini menjadi pelajaran untuk dapat meningkatkan pelayanannya. Sehat dan terus jaga keselamatan kerjanya.,1761937877888647673,,CommuterLine,in,,0,0,0,https://x.com/undefined/status/1761937877888647673,2911782450,
1761912542522446280,Mon Feb 26 00:55:06 +0000 2024,3,@CommuterLine Yaaaa masih belajar petugasnya semua.....penangan untuk.kena dampak kayaknya pasrah yaaaa......itu layanan indonesia tetap tidak akan maju.....yg bermaslah lainnya...lainnya harus ada second way biar tidak kena dampak terlalu panjang.........udah krl di pendekin bermaslah pula,1761917771431153682,,CommuterLine,in,,0,1,0,https://x.com/undefined/status/1761917771431153682,258717507,
1747780897754202152,Thu Jan 18 01:16:02 +0000 2024,7,@CommuterLine Krl line bogor - jkt hari ini delay dan telat banget. Beberapa kali berhenti di stasiun &amp; memakan waktu lama akibatnya banyak pegawai yg seharusnya masuk sebelum jam 8 pagi jadi telat termasuk saya. Tolong dong kasih announcement di media kita juga butuh justifikasi ke kantor,1747789912714481974,,CommuterLine,in,,0,4,0,https://x.com/undefined/status/1747789912714481974,77164948,
1778813724457148616,Fri Apr 12 15:53:35 +0000 2024,0,@CommuterLine min mau tanya. Saya beli tiket commuter line pake go transit dari stasiun sudirman ke tambun. Pas tap in QR code gak kebaca. Jadi di tap in pake kartu security nya. Nanti pas tap out nya gimana ya?,1778813724457148616,,CommuterLine,in,,0,1,0,https://x.com/undefined/status/1778813724457148616,376151308,
1743554899848392877,Sat Jan 06 09:43:48 +0000 2024,2,@CommuterLine Ini antara petugasnya makan gaji buta (jarang pemeliharaan) atau masalah urgensi penganggaran untuk persinyalan. Hujan rintik doang pdhal. Tujuannya 1 tapi udah 3x disuruh naik turun ganti kereta waktu tempuh meleset 30menit. Berasa naik armada liar dioper2 gini. @jalur5_,1743569042114539929,,CommuterLine,in,,0,0,0,https://x.com/undefined/status/1743569042114539929,3744851592,
1767849325978399118,Wed Mar 13 10:32:55 +0000 2024,0,@CommuterLine Makasih ya kak infonya tolong diperhatikan penumpang ibu hamil lansia dan disabilitas. Mohon diarahkan petugasnya untuk memantau yg hrs diprioritaskan,1767861391413928250,,CommuterLine,in,,0,0,0,https://x.com/undefined/status/1767861391413928250,1721003231768367104,
1754647599121121549,Mon Feb 05 23:55:38 +0000 2024,0,@CommuterLine Mohon jadi perhatian ya min untuk keselamatan penumpang. saya ingat betul wajah petugasnya. Tiap dia bertugas pasti tidak pernah naik semua eskalator. Jika masih berulang akan saya foto,1754655049039667274,,CommuterLine,in,,0,1,0,https://x.com/undefined/status/1754655049039667274,180685107,
1761048657774960744,Fri Feb 23 15:21:33 +0000 2024,0,@CommuterLine tolong dong kereta angke-cikarang ini ada orang berisik bgt di krl satpamnya diem aja -_- sumpah ganggu bgt,1761048657774960744,,CommuterLine,in,,0,1,0,https://x.com/undefined/status/1761048657774960744,929606332814000129,
1747792714203275626,Thu Jan 18 01:27:10 +0000 2024,0,@CommuterLine Kereta ngantuk masinis dr depok 7.20 samapi sawah besar hampir 90 menit... Makin buruk pelayanannya @kemenhub151,1747792714203275626,,CommuterLine,in,,0,0,0,https://x.com/undefined/status/1747792714203275626,1634859324144246785,
1755187889292677346,Wed Feb 07 11:35:10 +0000 2024,0,@CommuterLine gausah kesian ntar petugasnya kena SP.. bilangin aja supaya lebih rajin mondar mandir petugasnya jgn stay trus di 1 gerbong.. makasih,1755193481797193728,,CommuterLine,in,,0,1,0,https://x.com/undefined/status/1755193481797193728,1229679170,
1780753089387176096,Thu Apr 18 01:00:36 +0000 2024,1,@CommuterLine @CommuterLine fasilitas publik ko gini bgt pelayanannya... evaluasi timny dong bisa kali yg trus2an lalai dicopot.,1780763326097862692,,CommuterLine,in,,0,0,0,https://x.com/undefined/status/1780763326097862692,89191442,
1749572379037352235,Tue Jan 23 02:02:16 +0000 2024,0,@CommuterLine Andaikan lebih baik ada tempat lost and found untuk barang2 yg ketingalan jd yg menemukan bs menitipkan banyak kejadian diambil org tidak dikenal dan andaikan security yg menemukan malah di taroh ditempat yg sama lg... Tolong diperbaiki..,1749613487893168258,,CommuterLine,in,,0,1,0,https://x.com/undefined/status/1749613487893168258,218423406,
1752297835570008278,Tue Jan 30 11:48:54 +0000 2024,0,@CommuterLine halo ini kereta jalur hijau kenapa gangguan ya? CS ditelpon jawabnya kaga tau announcer gk kedengeran karena suara iklan KEKENCENGAN,1752297835570008278,,CommuterLine,in,,0,2,0,https://x.com/undefined/status/1752297835570008278,328889234,
1772546756221522340,Tue Mar 26 08:50:53 +0000 2024,0,@CommuterLine pelayanannya makin lama makin memuakkan. bikin sengsara penumpang. gue naik dr manggarai arah ke depok kereta ngetem lama bgt. mana gue didalem kereta penuh org mau keluar ganti kereta ga bisa ditinggal 2 rangkaian kereta yg dtg belakangan. ga jelas ini KAI taek,1772546756221522340,,CommuterLine,in,,0,1,0,https://x.com/undefined/status/1772546756221522340,926801537099227138,
1782353875980440019,Mon Apr 22 10:20:53 +0000 2024,1,@CommuterLine aplikasi krl access sampai saat ini masih belum bisa digunakan ya min padahal aplikasinya sangat membantu sekali untuk memantau posisi real krl,1782353875980440019,,CommuterLine,in,,0,2,1,https://x.com/undefined/status/1782353875980440019,107647961,
1752298918547980665,Tue Jan 30 13:17:12 +0000 2024,0,@CommuterLine Yook bisa yook bersabar semoga petugasnya bisa nanganin dengan baik gpp lah balik telat empet2an yg penting nyampe dengan selamat tooh ini juga diluar kendali kan bukan yg disengaja,1752320057433321698,,CommuterLine,in,,0,0,0,https://x.com/undefined/status/1752320057433321698,1468128939042238464,
1780399076418412794,Wed Apr 17 00:53:12 +0000 2024,0,@CommuterLine halo commuterline kok bisa sih info di sini gak valid?? Sebelumnya info krl ke bogor 12 gerbong ternyata yang sampe 8 gerbong. Saya langsunh lari lari dari ujung nyampe pas depan gerbong langsung ditutup. Petugasnya dengan gampang bilang ikut krl selanjutnya. https://t.co/qemRHiWo5I,1780399076418412794,https://pbs.twimg.com/media/GLU_hGKaEAAuAgi.jpg,CommuterLine,in,,0,1,0,https://x.com/undefined/status/1780399076418412794,1697548298859814912,
1771171484196802617,Fri Mar 22 13:59:10 +0000 2024,0,@CommuterLine sudah saya DM. mohon itu petugasnya kalau bisa jangan kebanyakan ngobrol sendiri. jadi saya nanyanya apa jawabnya apa,1771174786905079892,,CommuterLine,in,,0,0,0,https://x.com/undefined/status/1771174786905079892,1571530631980654593,
1756838800293273995,Mon Feb 12 02:10:28 +0000 2024,0,@CommuterLine security kl mau cariin duduk buat bumil jgn males cek dl kursi prioritas. jgn asal colek org duduk pas gw berdiri kursi prioritas isi bpk2. dr bogor bela2in naik yg brgkt belakangan biar duduk gw kerja 12j. perjalanan 2 5jam berat bw2 cooler bag bkn g empati tp scritynya males.,1756863308467179674,,CommuterLine,in,,0,1,0,https://x.com/undefined/status/1756863308467179674,578950566,
1768783201177395571,Fri Mar 15 23:46:40 +0000 2024,0,@CommuterLine Sy pnydg disabilitas yg rutin bersama cl kci. Mohon staff PS ditambah utk stasion2 besar/ramai. Ramah &amp; safety bagi semua hrs konkrit bukan motto sj,1768785922127233533,,CommuterLine,in,,0,1,0,https://x.com/undefined/status/1768785922127233533,1685837345457876992,
1765688929959973321,Thu Mar 07 10:55:05 +0000 2024,0,@CommuterLine petugas pakai baju putih rambut pendek banget kurus agak pendek jaga di deket tangga tengah jalur 11-12 stasiun Manggarai lantai 1 jam 17.40-17.45 bukan security tapi orang pakai seragam putih pakai id card tapi nama gak keliatan minimal minta maaf bukan jawab ketus,1765692642858508608,,CommuterLine,in,,0,1,0,https://x.com/undefined/status/1765692642858508608,117678778,
1766474449703051692,Sat Mar 09 14:41:42 +0000 2024,0,@CommuterLine petugasnya bisa ke gerbong 3 nomornya 204 - 82 K1 1 86 34 yg ke arah cikarang? Ini afa orang duduk di lantai. Sekarang keretanya masuk klender,1766474449703051692,,CommuterLine,in,,0,1,0,https://x.com/undefined/status/1766474449703051692,1376778679339020288,
1767173026943316314,Wed Mar 13 00:11:53 +0000 2024,0,@CommuterLine @TelorCapslocks Aplikasi C Access nggak bisa kah,1767705103228674370,,CommuterLine,in,,0,1,0,https://x.com/undefined/status/1767705103228674370,952766528,
1770600519113093473,Thu Mar 21 00:11:06 +0000 2024,0,@CommuterLine Iyaaa sudaah ketemu petugasnya,1770604008073503127,,CommuterLine,in,,0,0,0,https://x.com/undefined/status/1770604008073503127,171751937,
1784596434056262061,Sun Apr 28 14:52:00 +0000 2024,0,@CommuterLine tolong dicek berkala ya rangkaian nya. Ini puanas gerah. Kipas angin nya ga optimal membantu. Line ke Kampung Bandan via PSE dari Cikarang. Saat ini sedang berhenti di Cakung https://t.co/LuN2sZcDQP,1784596434056262061,https://pbs.twimg.com/ext_tw_video_thumb/1784596342184321024/pu/img/uAQW0BREVQ3-QhjQ.jpg,CommuterLine,in,,0,3,0,https://x.com/undefined/status/1784596434056262061,937145270659203072,
1751955891652587749,Tue Jan 30 05:30:15 +0000 2024,13,@CommuterLine @tanyakanrl tolong banget min banyakin lagi petugasnya dan seringin patroli standby di peak hour kawal bumil lansia waktu masuk kereta teriak kalo perlu biar satu gerbong denger! kasian kdg liat bumil/lansia minta2 kursi dah kek ngemis2 pake acara ditolak sm yg masih seger pula.,1752202544867328012,,CommuterLine,in,,0,0,0,https://x.com/undefined/status/1752202544867328012,379599138,
1779913640466161848,Tue Apr 16 01:05:53 +0000 2024,0,@CommuterLine krl tuj bogor jkt antri manggarai lma bgt,1780039877733794232,,CommuterLine,in,,0,0,0,https://x.com/undefined/status/1780039877733794232,952766528,
1765688929959973321,Thu Mar 07 11:08:37 +0000 2024,2,@CommuterLine jangan cuma galak sama security outsource tapi sama pegawai internal kalian juga kalau capek penumpang lebih capek juga lebih dirugikan cuma kami gak mau nambah problematik di stasiun yg problematik itu cc: @jalur5_ @AnkerTwiter @CurhatKRL,1765696049048621468,,CommuterLine,in,,0,0,2,https://x.com/undefined/status/1765696049048621468,117678778,
1778270133649342749,Thu Apr 11 06:16:35 +0000 2024,1,@CommuterLine Untuk Jurusan Depok - Jakarta kota rata2 seperti itu kalo dilibur lebaran kak dicek aja ya utk petugasnya berjaga digerbong dekat gerbong perempuan,1778306129304711388,,CommuterLine,in,,0,0,0,https://x.com/undefined/status/1778306129304711388,132903556,
1776251334318293469,Sat Apr 06 05:59:07 +0000 2024,16,@CommuterLine @Little_secret9 Petugasnya yg rajin ke gerbong gerbong dong bantu mengatur banyak juga petugas gak berani negur penumpang yg masih muda untuk berdiri padahal disitu ada lansia atau yg lebih butuh.,1776489796896280782,,CommuterLine,in,,0,0,0,https://x.com/undefined/status/1776489796896280782,1627825267220824065,
1760559642931839012,Thu Feb 22 08:01:59 +0000 2024,0,@CommuterLine @TriasVeny Dih trus kamu pikir fasilitas itu cukup buat transit ratusan orang bahkan lebih yg dipaksa transit gara gara kebijakan ente pantas security nya arogan dari atas nya begini #RekanCommuters,1760575649226612864,,CommuterLine,in,,0,0,0,https://x.com/undefined/status/1760575649226612864,144424650,
1747248439753334870,Tue Jan 16 13:24:25 +0000 2024,0,@CommuterLine mint tas saya ketinggalan di krl akhir serpong. Saya cek kembali ga ketemu kata petugasnya. Saya bisa cek cctv krl nya kah???,1747248439753334870,,CommuterLine,in,,0,1,0,https://x.com/undefined/status/1747248439753334870,228948489,
1756095676902207978,Fri Feb 09 23:20:10 +0000 2024,0,@CommuterLine Tolong security nya bisa bantu tertibkan penumpang yg model gini kasihan penumpang lain yg punya hak sama,1756095676902207978,,CommuterLine,in,,0,0,0,https://x.com/undefined/status/1756095676902207978,2242183578,
1750475304878133306,Thu Jan 25 11:09:20 +0000 2024,0,@CommuterLine Petugasnya ga di gerbong kak dan karna tidak ada yang mengalah satu kursi malah jadi empat orang,1750475938641711335,,CommuterLine,in,,0,0,0,https://x.com/undefined/status/1750475938641711335,40834599,
1742484913927184701,Wed Jan 03 12:09:58 +0000 2024,0,@CommuterLine Eskalator Palmerah kapan jadi ya. Lama sekali perbaikan nya. Apakah setelah KAI g mampu buat perencanaan inventory spare part. Kalo rusak baru beli. Atau karena pegawai KAI ga terlalu butuh eskalator jadi ga perlu cepat2 di perbaiki,1742518662224130474,,CommuterLine,in,,0,1,0,https://x.com/undefined/status/1742518662224130474,1604256913407238144,
1768593821414433063,Fri Mar 15 13:05:04 +0000 2024,0,@CommuterLine Titip barbuk dulu yah untuk perbaikan ke depannya. Saya gak ngerti tari lama nutup karena apa krn udah gak ada penumpang yg masuk juga di peron. Petugasnya juga pindah gerbong. Tks. https://t.co/FCWKT8iL4C,1768624458062021069,https://pbs.twimg.com/ext_tw_video_thumb/1768624397190041600/pu/img/R4lPAwyhDky5o4KI.jpg,CommuterLine,in,,0,0,0,https://x.com/undefined/status/1768624458062021069,54863201,
1780747685315924285,Thu Apr 18 00:08:44 +0000 2024,0,@CommuterLine @noonayoubine Lu lelet min ini krl makin burukk padahal kriteria calon pegawainya milih spek dewa. Krl arah jakarta kita keberamgkatan 6.50 dari depok waktunya jadi ga jelas letahan di pocin sama UI. ALASANNYA SAMA KETAHAN DI JALUR PADAHAL JALURNYA DOUBLE,1780750273063084329,,CommuterLine,in,,0,0,0,https://x.com/undefined/status/1780750273063084329,1326286881135366144,
1767662887387148616,Tue Mar 12 21:24:08 +0000 2024,0,@CommuterLine pagi min KA CL Blorasura relasi CU-SBI kok sering di gerbong 7 AC nya gak nyala saat berangkat dari CU. AC baru nyala saat kereta baru jalan itupun gak dingin. Mohon lebih diperhatikan SOP pelayanannya,1767662887387148616,,CommuterLine,in,,0,1,0,https://x.com/undefined/status/1767662887387148616,181986225,
1772413818150244575,Tue Mar 26 00:02:38 +0000 2024,1,@CommuterLine ini petugasnya ga mau coba ngatur antriannya supaya bener gitu? Udah berkali2 ini antrian melebar yg harusnya cm 4 baris jadi 6-7 Petugas nya malah cm diem2 bae bengong Lokasi peron 5-6 tanah abang https://t.co/uZaVyGYhM3,1772413818150244575,https://pbs.twimg.com/media/GJjg8-sa4AA1Ly4.jpg,CommuterLine,in,,0,0,0,https://x.com/undefined/status/1772413818150244575,48277452,
1751837704416096561,Mon Jan 29 05:20:30 +0000 2024,0,@CommuterLine briefing petugasnya yg bener sih. Ditanya jalur mana yg duluan jawab jalur 5 ternyata 7 duluan yg jalan. Elah.,1751837704416096561,,CommuterLine,in,,0,1,0,https://x.com/undefined/status/1751837704416096561,154226001,
1745649977458930045,Fri Jan 12 03:32:41 +0000 2024,0,@CommuterLine Keren ini sangat membantu sekali para commuter Yang ingin mengisi ulang tumbler nya #mantap https://t.co/n7SOrs9jQE,1745649977458930045,https://pbs.twimg.com/media/GDnLZiuakAAKWEP.jpg,CommuterLine,in,,0,0,0,https://x.com/undefined/status/1745649977458930045,1097006145305104389,
1768420603432669345,Thu Mar 14 23:35:02 +0000 2024,0,@CommuterLine tolong tegur petugasnya krl bogor pagi pemverangkatan dr cawang jam 5.58 saat didepok diinfokan yg diberangkatkan duluan kerera jalur 3 saya di krl jalur 4 lgs pindah ketika sudah pindah ke jalur 3 diinfokan yg duluan jalur 4 yg pertama saya naiki dr cawang ,1768420603432669345,,CommuterLine,in,,0,1,0,https://x.com/undefined/status/1768420603432669345,278040181,
1760089658967630136,Tue Feb 20 23:50:50 +0000 2024,0,@CommuterLine tolong diajarin petugasnya cara ngatur arus naik turun tangga penumpang. Udah berapa kali petugasnya gak becus. Diem aja. Orang hampir jatoh dari tangga. Kejadian st manggarai. Peron 9/10. Jam 6.46. Ngatur antrian eskalotor juga gk becus. Tunggu ada korban dulu kah.,1760089658967630136,,CommuterLine,in,,0,1,0,https://x.com/undefined/status/1760089658967630136,1585870316328607744,
1752298918547980665,Tue Jan 30 12:50:43 +0000 2024,2,@CommuterLine Dari kejadian ini udah jelas kalau KAI tidak punya SOP yang baik. Di saat darurat aja petugasnya gak tau harus ngapain. Kasih penjelasan aja kagak,1752313391719526708,,CommuterLine,in,,0,1,2,https://x.com/undefined/status/1752313391719526708,2950290643,
1761912542522446280,Mon Feb 26 12:10:43 +0000 2024,0,@CommuterLine Baik min terimakasih..atas respon nya meski tidak diketemukan... Tapi sekedar saran..andai yg petugas lapangan d stasiun sama cepat nya dgn mimin dlm respon n melayani .. blg akan d wa tapi sampe mlam ga ada kabar ..satu lagi boleh x min petugasnya d lebih ramah sedikit ..,1762087797434011894,,CommuterLine,in,,0,0,0,https://x.com/undefined/status/1762087797434011894,215207660,
1764966768810807530,Tue Mar 05 10:50:43 +0000 2024,0,@CommuterLine kak tlong dongg yg stasiun duri kalo bisa pak satpamnya lebih kerasin lagi untuk yang ngatur ditangga yang peron 1 dan 2. soalnya ini kondisi lagi penuh bgt jam segini ini malah yg mau naik naik pke tangga yg mau turun juga pdhl yg mau turun masih banyak diatas,1764966768810807530,,CommuterLine,in,,0,2,0,https://x.com/undefined/status/1764966768810807530,2839726250,
1750145476769558586,Wed Jan 24 13:16:12 +0000 2024,0,@CommuterLine Layar Jadwal kereta di stasiun Tanah Abang sudah lama rusak padahal ini sangat membantu penumpang utk mengetahui posisi kereta https://t.co/Lbo2r2E9GN,1750145476769558586,https://pbs.twimg.com/media/GEnEB-waEAA9nit.jpg,CommuterLine,in,,0,1,0,https://x.com/undefined/status/1750145476769558586,1097006145305104389,
1765330593485836611,Wed Mar 06 10:56:26 +0000 2024,0,@CommuterLine Min eskalatornya kapan betulnya ya? Ga capek disorakin terus sama warga kereta jalur bogor? Satpamnya juga teriak teriak terus mohon diedukasi (060224/17:55) https://t.co/w9uCKZCCYw,1765330593485836611,https://pbs.twimg.com/media/GH-2VokbUAAn7bE.jpg,CommuterLine,in,,0,1,0,https://x.com/undefined/status/1765330593485836611,1434363413442957313,
1765320672723796344,Wed Mar 06 11:49:50 +0000 2024,0,@CommuterLine duh min tolong ya petugas peron di tanah abang ini sering banget jutek kalo ditanya. tadi saya tanya baik2 padahal. KA 5571A SF12 bilangnya cuma sampe kp. bandan aja (soalnya biasanya SF10) jadi aja nunggu lagi lama banget :) petugasnya deket eskalator 2 orang sekitar jam 17.00,1765344031721300073,,CommuterLine,in,,0,1,0,https://x.com/undefined/status/1765344031721300073,224551992,
1772940000595714253,Wed Mar 27 10:53:30 +0000 2024,0,@CommuterLine tolong pihak kci kalau memang ada gerbong khusus pegawai KAI d tulisin di gerbongnya kalian sespesial itu ?,1772940000595714253,,CommuterLine,in,,0,1,0,https://x.com/undefined/status/1772940000595714253,198796720,
1749231826550554895,Mon Jan 22 00:45:41 +0000 2024,0,@CommuterLine pegawai stasiun lo ganti bot aja lah bikin telat mulu kayanya terkesan sering tahan kereta.,1749231826550554895,,CommuterLine,in,,0,0,0,https://x.com/undefined/status/1749231826550554895,1590854659836899329,
1747935735817404653,Fri Jan 19 01:57:49 +0000 2024,0,@CommuterLine @canasmajoris makasih banyak admin dan staff yg bantuin god bless you always ,1748162815163289648,,CommuterLine,in,,0,0,0,https://x.com/undefined/status/1748162815163289648,196451821,
1784809336742809812,Mon Apr 29 05:02:36 +0000 2024,0,@CommuterLine Terima kasih atas informasinya sangat membantu,1784810493150204191,,CommuterLine,in,,0,0,0,https://x.com/undefined/status/1784810493150204191,1200730674,
1742013804890976605,Tue Jan 02 02:43:50 +0000 2024,0,@CommuterLine halo admin adakah cs stasiun pasar senen yang bisa dihubungi? Barang saya ada yg tertinggal di toiletnya,1742013804890976605,,CommuterLine,in,,0,1,0,https://x.com/undefined/status/1742013804890976605,1224867455677296640,
1632072198155563008,Sat Mar 04 17:35:09 +0000 2023,0,@CommuterLine app kai lagi down kah? daritadi something went wrong kalo ga permintaan anda telah time out:) takut bgt kehabisa tiket,1632072198155563008,,CommuterLine,in,,0,1,0,https://x.com/undefined/status/1632072198155563008,1192040867105632256,
1613332420262256641,Thu Jan 12 00:39:29 +0000 2023,0,@CommuterLine Kira kira berapa lama min? Takut telat kerja ini :'),1613334818472988675,,CommuterLine,in,,0,1,0,https://x.com/undefined/status/1613334818472988675,713368885156663297,
1638882765843341312,Thu Mar 23 12:48:53 +0000 2023,0,@CommuterLine Tidak disarankan menggunakan high heels maupun sendal terbuka berbahaya. Selain rawan terinjak/ menginjak di jam2 padat juga memperlambat langkah naik turun tangga. Himbauannya sudah bagus min tp alas kaki ambasadornya kurang pas utk menggambarkan safety utk naik turun kereta.,1638885527071133699,,CommuterLine,in,,0,0,0,https://x.com/undefined/status/1638885527071133699,1377954808158593028,
1636724685550534657,Fri Mar 17 13:42:28 +0000 2023,0,@CommuterLine jalur 5 di stasiun bogor ini sungguh bahaya apalagi kalo banyak yg turun dr kereta dan banyak yg mau naik kereta di jalur itu lagi. Do something please. Masa harus ada korban jatuh dr peron dulu sih https://t.co/V9fMy2clIj,1636724685550534657,https://pbs.twimg.com/media/FrbQZ2NaIAAmdYC.jpg,CommuterLine,in,,0,2,0,https://x.com/undefined/status/1636724685550534657,87151872,
1624020602276421632,Fri Feb 10 12:20:59 +0000 2023,0,@CommuterLine serem banget stasiun tanah abang jadi numpuk noh hadehhh,1624020602276421632,,CommuterLine,in,,0,0,0,https://x.com/undefined/status/1624020602276421632,1321027710416662528,
1635792537968590848,Wed Mar 15 01:11:54 +0000 2023,0,@CommuterLine Ga kaget sih kalo angka pelecehan seksual dan angka kriminalitas makin ningkat di KRL karena kereta udah penuh masih terus di masukkin orang apalg yg sf8 dan sf10. Evaluasi yg lambat.,1635811024132804608,,CommuterLine,in,,0,0,0,https://x.com/undefined/status/1635811024132804608,1388319739,
1651054120080642048,Wed Apr 26 23:56:16 +0000 2023,0,@CommuterLine Gimana follow upnya? Udah dipecat belom si petugas? Ga usah koar2 lapor pelecehan kalo pegawai lu sendiri kek gini,1651374667511517184,,CommuterLine,in,,0,0,0,https://x.com/undefined/status/1651374667511517184,983995554253426688,
1634508891592732673,Sat Mar 11 12:28:05 +0000 2023,1,@CommuterLine Dan diberikan himbauan untuk tidak memakai sendal ber-hak jam2 tertentu kereta dan stasiun sangat padat rawan diinjak dan memperlambat gerakan. Juga yang naik turun tangga di stasiun untuk fokus sama langkah kaki di tangga saja ga usah mantengin hp padat sesak lambat.,1634531639664726016,,CommuterLine,in,,0,0,0,https://x.com/undefined/status/1634531639664726016,1377954808158593028,
1632960199165362176,Tue Mar 07 04:43:54 +0000 2023,0,@CommuterLine Min kalo ada yg garu garuk anunya sambil natap trus dia cium tangannya sendiri gmn ya min?kebetulan sy duduk di depan dia trus karena sy takut akhirnya sy pindah gerbong,1632965273153343490,,CommuterLine,in,,0,0,0,https://x.com/undefined/status/1632965273153343490,1168091498912501760,
1648110254994116610,Mon Apr 17 23:44:39 +0000 2023,5,@CommuterLine min serem banget ini lantai lift retak di stasion tanah abang peron arah jakarta. https://t.co/UZhL03jPHn,1648110254994116610,https://pbs.twimg.com/media/Ft9DiaRacAA1xm5.jpg,CommuterLine,in,,0,1,1,https://x.com/undefined/status/1648110254994116610,255997978,
1619565431462965249,Sun Jan 29 05:31:32 +0000 2023,0,@CommuterLine Mohon di perketat ya min penjagaan nya krna rawan bngt dsitu,1619568907798609924,,CommuterLine,in,,0,0,0,https://x.com/undefined/status/1619568907798609924,1513268637968187392,
1634425166255243264,Sat Mar 11 07:25:19 +0000 2023,14,@CommuterLine @yrcfsj Mau ngasih saran boleh? Kalau boleh bagi setengah-setengah. Semisal total gerbong 10 berarti 5 gerbong khusus wanita 5 gerbong untuk pria. Pokoknya bagi setengah² biar gk banyak kasus pelecehan seksual. Kalau cuma 2 gerbong khusus wanita menurut saya kurang,1634455446944894976,,CommuterLine,in,,0,9,1,https://x.com/undefined/status/1634455446944894976,1080031551792902146,
1614821247833235456,Mon Jan 16 08:27:33 +0000 2023,0,@CommuterLine @utaa69 Buatlah org merasa nyaman apalagi lansia kalau ga nyaman dgn org asingbyg mau nemenin bisa stress takut membuat ritme jantung ga normal jd yg hrs nemenin Petugas juga anaknya!,1614902162831847427,,CommuterLine,in,,0,0,0,https://x.com/undefined/status/1614902162831847427,1591264791041314818,
1638958254758952960,Fri Mar 24 14:43:51 +0000 2023,0,@CommuterLine @infojakarta gerbong khushs wanita hire petugas ceweklah.. kasihan masnya salah dikit malah dituntut pelecehan,1639276847597862915,,CommuterLine,in,,0,0,0,https://x.com/undefined/status/1639276847597862915,1153685558,
1640267422363181056,Mon Mar 27 11:48:48 +0000 2023,0,@CommuterLine Solusinya apa dong? Solusinya masyarakat stop naik KRL aja gt ya? Bahaya bgt ngebales2in twit komplen tp ga pake solusi,1640319958210191360,,CommuterLine,in,,0,1,0,https://x.com/undefined/status/1640319958210191360,766902173498118144,
1652085849247584256,Sat Apr 29 01:35:16 +0000 2023,1,@CommuterLine Min bgmn penyelesaian laporan palsu pelecehan yg menghancurkan karir &amp; nama baik petugas? Sekelas kalian seenaknya memecat berdasar laporan tanpa bukti &amp; saksi? Bgmn kalian melindungi petugas kalian dari tipudaya laporan palsu orang yg punya dendam pribadi? Usut &amp; tuntaskan!,1652124358637400064,,CommuterLine,in,,0,0,0,https://x.com/undefined/status/1652124358637400064,71137242,
1620413022949998593,Tue Jan 31 17:36:50 +0000 2023,2,@CommuterLine @_HarRam Itu di ujung doang min. Tapi seluruh peron itu masih terlalu ketinggian. Terkesan formalitas. Kalau mau semua min. Bahaya itu. Jangan hanya buat di foto doang trs di bongkar. Gw udah seneng dengernya gak taunya zonk.,1620476211553243136,,CommuterLine,in,,0,1,0,https://x.com/undefined/status/1620476211553243136,824255706773667841,
1651919466769555457,Fri Apr 28 12:01:06 +0000 2023,1,@CommuterLine crosscheck pegawaimu itu lagi yakali baru 1 thread tuduhan langsung pecat. Bukti pelecehan aja ga ada. Lu @anissca bajingan. Mampus lu kena thread lu sendiri.,1651919466769555457,,CommuterLine,in,,0,0,2,https://x.com/undefined/status/1651919466769555457,1559122041839976448,
1630109879842263041,Mon Feb 27 07:44:19 +0000 2023,0,@CommuterLine ga mau template maunya bukti. Masuk musim hujan masih di peron 4 tuh bahaya walaupun kadang dipindah ke peron 1 tapi tetep aja,1630111570939478016,,CommuterLine,in,,0,0,0,https://x.com/undefined/status/1630111570939478016,1267820341285367809,
1634505194934538247,Sat Mar 11 10:43:00 +0000 2023,1,@CommuterLine Alhamdullilah masih ada orang baik petugas kereta dikira saya hp saya ilang copet ternyata jatuh di kembalikan sama petugas kereta walka Reza di St jati negara allhamdullilah semoga sehat terus pak Reza yang udh kembalikan dan tlfon orang tua saya,1634505194934538247,,CommuterLine,in,,0,1,0,https://x.com/undefined/status/1634505194934538247,1616766578829438979,
1637239576938049536,Sat Mar 18 23:48:28 +0000 2023,0,@CommuterLine min ini ganggu banget g sih klo bawa seli ke krl... takut ganggu wakau ini bukan jam sibuk ,1637239576938049536,,CommuterLine,in,,0,1,0,https://x.com/undefined/status/1637239576938049536,1375685946797031434,
1634425166255243264,Sat Mar 11 13:56:00 +0000 2023,0,@CommuterLine @yrcfsj Tolong min dipercepat untuk tambah gerbong wanita.. soalnya temen yg pakai KRL bisa tiap bulan kena pelecehan.. bener2 ngeri.. tp ga punya pilihan lain selain naik KRL krna rumahnya jauh..,1634553764018532352,,CommuterLine,in,,0,0,0,https://x.com/undefined/status/1634553764018532352,69000570,
1649245705758982145,Fri Apr 21 02:56:32 +0000 2023,0,@CommuterLine halo min info dong KRL dari Kebayoran lama menuju Rangkasbitung padat merayap gak ya? Bawa bayi takut parungsing Terimakasih,1649245705758982145,,CommuterLine,in,,0,1,0,https://x.com/undefined/status/1649245705758982145,503911620,
1632260634141409280,Sun Mar 05 06:54:38 +0000 2023,0,@CommuterLine memberikan standar fasilitas yg LAYAK itu jangan nunggu keluhan dari masyarakat common sense aja itu keliatan bgt tinggi jaraknya. mbok ya disiapin tangga tambahan gue yg masih muda aja liatnya bahaya bgt kebayang ga yg turun dr situ ibu² hamil atau yg disabilitas?,1632273397991317504,,CommuterLine,in,,0,0,0,https://x.com/undefined/status/1632273397991317504,955438899995688961,
1643383374294441984,Wed Apr 05 03:22:05 +0000 2023,0,@CommuterLine Jadi gini loh min... di rush hour jangan pernah operasikan kereta 8 gerbong krn penumpang penuh sesak jadi makin sesak lalu ada kesempatanlah buat kejahatan spt copet dan pelecehan. Maka dari itu jgn pernah ada krl 8 gerbong di rush hour min.,1643453929475420161,,CommuterLine,in,,0,1,0,https://x.com/undefined/status/1643453929475420161,1161518814003105797,
1646391530113085440,Fri Apr 14 03:31:33 +0000 2023,0,@CommuterLine @MoonstarIight @tanyakanrl Saya kalo ada org kaya gitu takut sih naik krl Takut tiba2 ngamuk terus,1646717804111101953,,CommuterLine,in,,0,0,0,https://x.com/undefined/status/1646717804111101953,1479763645043134469,
1651185625788485632,Thu Apr 27 11:58:36 +0000 2023,5,@CommuterLine @Grumygust Coba pasang CCTV di tiap gerbong. Biar kalau ada aksi kekerasan atau pelecehan siapapun bisa melaporkan ke kalian.,1651556447417937922,,CommuterLine,in,,0,0,0,https://x.com/undefined/status/1651556447417937922,880457581138853888,
1634425166255243264,Sat Mar 11 06:41:59 +0000 2023,1,@CommuterLine @yrcfsj Pasti yg dirasain korban tuh takut mana sempat buat menghubungi petugas,1634444538365493249,,CommuterLine,in,,0,1,0,https://x.com/undefined/status/1634444538365493249,1486565009819799553,
1635408553270980615,Mon Mar 13 22:36:19 +0000 2023,0,@CommuterLine Ini ceritanya mau ngikutin yg kyk di jepang ya min? Tp bukannya gk boleh soalnya bahaya?,1635409480065359872,,CommuterLine,in,,0,0,0,https://x.com/undefined/status/1635409480065359872,1037597517607661569,
1620013008620769280,Mon Jan 30 10:56:14 +0000 2023,0,@CommuterLine petugas keamanan ini CERDAS jika jaga di ujung atas eskalator agar bisa 1.Nangkap copet yg beroperasi di eskalator naik; 2.Peringatkan penumpang di bagian kanan eskalator naik yg tidak mau jalan. https://t.co/Z7fvASPqWz,1620013008620769280,https://pbs.twimg.com/media/FntxPXmaUAYGi5X.jpg,CommuterLine,in,,0,0,0,https://x.com/undefined/status/1620013008620769280,1249467303017607169,
1631084270411476993,Thu Mar 02 00:09:28 +0000 2023,0,@CommuterLine ini stasiun mangga besar gamau di benerin? Tiap hujan banjir dan licin kalo buru2 pas turun kereta ke arah jalan rawan banget terpleset https://t.co/EH9ombmzsI,1631084270411476993,https://pbs.twimg.com/media/FqLGahqaQAA-97T.jpg,CommuterLine,in,,0,1,0,https://x.com/undefined/status/1631084270411476993,81303954,
1640329594090950656,Mon Mar 27 12:27:05 +0000 2023,0,@CommuterLine halo minta tolong dm saya dibalas dong sangat penting mengenai pelecehan seksual terima kasih.,1640329594090950656,,CommuterLine,in,,0,0,0,https://x.com/undefined/status/1640329594090950656,1245228729669844992,
1634425166255243264,Sat Mar 11 08:27:47 +0000 2023,0,@CommuterLine @yrcfsj Kalo uda takut panik shock gimana mau lapor min aneh-aneh miminnya nih,1634471165317222400,,CommuterLine,in,,0,0,0,https://x.com/undefined/status/1634471165317222400,1370006330413518852,
1646511876099162116,Thu Apr 13 13:53:16 +0000 2023,0,@CommuterLine ini masih berapa lama lagi yah perbaikan listriknya? Minimal majuin kek ke st. bni 46 ajahh biar gampang cari alternatif lain. Tanah abang serem klo naik ojek,1646511876099162116,,CommuterLine,in,,0,0,0,https://x.com/undefined/status/1646511876099162116,3159560982,
1623315214728065025,Wed Feb 08 23:00:20 +0000 2023,0,@CommuterLine @coklat_keju88 KAI minta maaf trs tanpa ada usaha pembenahan yg optimal... Tolong juga yg kasus prank segerombolan pemuda yg meneriaki salah satu penumpang dengan meneriaki copet diusut..kan ada CCTV....bahaya bgt.....kalau sampai org yg kena prank itu di hakimi masa gmn?,1623456727030194179,,CommuterLine,in,,0,1,0,https://x.com/undefined/status/1623456727030194179,1493499575017312256,
1618562970610696193,Thu Jan 26 11:15:56 +0000 2023,0,@CommuterLine Mau bilang kasar takut dosa. Bangke,1618568413710024704,,CommuterLine,in,,0,0,0,https://x.com/undefined/status/1618568413710024704,407543134,
1632871197754142720,Tue Mar 07 02:59:41 +0000 2023,0,@CommuterLine Kita sudah saling peduli kalian yg gak peduli. kejahatan kecopetan pelecehan kekerasan semua meningkat gara gara kalian ubah rute. #RekanCommuter,1632939044744347648,,CommuterLine,in,,0,0,0,https://x.com/undefined/status/1632939044744347648,144424650,
1609438711464464384,Sun Jan 01 06:37:45 +0000 2023,0,@CommuterLine min tolong dong keamanan di krl nya ditingkatin lagi. Kemaren ade saya hp nya dicopet di dalem KRL,1609438711464464384,,CommuterLine,in,,0,0,0,https://x.com/undefined/status/1609438711464464384,889141318290518018,
1646655634652409857,Fri Apr 14 01:11:23 +0000 2023,0,@CommuterLine Oh gitu.soalnya sy curiga krn kmrn sore ada yg pake pin ibu hamil tp ikut diri berdesakan sm sy pdhl ada kursi kosong. Tau sendiri rush hour sudirman arah kp.bandan rusuh. Di tanahabang jg rame. Dia berdiri dpn pintu. Ga ada takut kek org hamil pd umumnya.,1646682529913782273,,CommuterLine,in,,0,1,0,https://x.com/undefined/status/1646682529913782273,1256126067275730945,
1618095091092180992,Fri Jan 27 01:41:32 +0000 2023,1,@CommuterLine @tanyakanrl Min itu mah mestinya segera diperbaiki bukan sekedar jd evaluasi kedepannya karena bahaya. Masa iya masih dievaluasi aja. Nunggu ada yg celaka parah dulu?! ,1618786252307959809,,CommuterLine,in,,0,0,0,https://x.com/undefined/status/1618786252307959809,44561934,
1647014414871306241,Sat Apr 15 22:06:55 +0000 2023,0,@CommuterLine Tapi sudah disediakan kan min karena ada rencana perjalanan malam takut ternyata gak ada shuttle bus ny,1647360882907955200,,CommuterLine,in,,0,0,0,https://x.com/undefined/status/1647360882907955200,2391927942,
1643757112047333376,Wed Apr 05 23:37:56 +0000 2023,4,@CommuterLine Pagi2 kena prank. Biasa kereta tanah abang-angke jalur 6/7 tiba2 dateng dr jalur 4 mana nyebrangnya bahaya banget‍️ada yg senasib sama gue ga tadiiiiii? Wkwk https://t.co/nrOR5OnF0r,1643759908909883392,https://pbs.twimg.com/media/Fs_O6MTaIAEnQqq.jpg,CommuterLine,in,,0,3,0,https://x.com/undefined/status/1643759908909883392,233885360,
1618095091092180992,Wed Jan 25 06:06:13 +0000 2023,17,@CommuterLine @tanyakanrl tolong banget inimah KAI kasian mama saya kalo mau pergi2 naik kereta jadi takut pergi sendirian. Tiap mau naik harus mintol orang narik dia dari atas,1618128083701334017,,CommuterLine,in,,0,0,0,https://x.com/undefined/status/1618128083701334017,2311530452,
1651054120080642048,Wed Apr 26 11:37:00 +0000 2023,0,@CommuterLine @anissca Kalau gk dipecat terlalu sih... Tandanya mendukung pelecehan kalau sampai msh ads,1651188626913660928,,CommuterLine,in,,0,0,0,https://x.com/undefined/status/1651188626913660928,86683618,
1646835451532292096,Fri Apr 14 11:19:03 +0000 2023,1,@CommuterLine min kampung bandan kenapa gelap bgt ya ini tumben lampunya ga nyala? Agak bahaya nih min soalnya bagian tangga jg becek takut ada yg kepleset soalnya gelap-gelapan ginu https://t.co/7BDo6qhLG9,1646835451532292096,https://pbs.twimg.com/media/Ftq8HJracAMKhxh.jpg,CommuterLine,in,,2,1,0,https://x.com/undefined/status/1646835451532292096,1184675823086780416,
1611932591967604736,Sun Jan 08 03:47:32 +0000 2023,1,@CommuterLine min tolong dong pelaku pelecehan bermodus pura2 tidur nih barusan duduk sebelah saya gesek2 paha tangan udah sempet di tegur satpam di st bogor tp masih berkeliaran aja dia https://t.co/nopa39AeGg,1611932591967604736,https://pbs.twimg.com/media/Fl68JANacAE1d6u.jpg,CommuterLine,in,,0,3,0,https://x.com/undefined/status/1611932591967604736,92716668,
1634425166255243264,Sat Mar 11 09:07:44 +0000 2023,0,@CommuterLine @yrcfsj ayuk lah di tambahin aku jadi takut naik kereta ,1634481220192174081,,CommuterLine,in,,0,0,0,https://x.com/undefined/status/1634481220192174081,1341531934288015361,
1643057318752559105,Wed Apr 05 02:31:23 +0000 2023,0,@CommuterLine @ali_njajali Tp itu kan gak ada tmpt buat jlnnya? Ya buat apa dibuka kan bahaya gak sih,1643441171690295297,,CommuterLine,in,,0,0,0,https://x.com/undefined/status/1643441171690295297,1595988002735411200,
1645742663277383680,Tue Apr 11 11:30:12 +0000 2023,0,@CommuterLine Oke makasih min saya takut nya di Pasar Senen nya gabisa tap out kalo beli dari go transit,1645751097297092608,,CommuterLine,in,,0,1,0,https://x.com/undefined/status/1645751097297092608,1282529187601903616,
1617298590992584707,Sun Jan 22 23:10:06 +0000 2023,0,@CommuterLine nih min baca ya. Di st Manggarai sering bgt eskaltor mati tp tetep dipake bahkan dijam padat. Itu bahaya. Mohon diperhatikan lebih baik ditutup.,1617298590992584707,,CommuterLine,in,,0,1,0,https://x.com/undefined/status/1617298590992584707,283398605,
1610119791884537860,Wed Jan 04 02:01:36 +0000 2023,3,@CommuterLine @Midjan_La_2 Ya Allah serem bgt semoga ga pernah liat beginian di kereta ,1610456379839623171,,CommuterLine,in,,0,0,0,https://x.com/undefined/status/1610456379839623171,267739139,
1634315416549097473,Fri Mar 10 22:15:10 +0000 2023,1,@CommuterLine Cara mencegahnya adalah dengan menambah gerbong wanita jadi 4 gerbong. Dua gerbong depan dua gerbong belakang. Pada gerbong lelaki sediakan sediakan alarm siapapun yg lihat pelecehan bunyikan alarm dan ciduk pelaku.,1634316993900986368,,CommuterLine,in,,0,0,0,https://x.com/undefined/status/1634316993900986368,320062701,
1619759754569744384,Sun Jan 29 18:09:53 +0000 2023,0,@CommuterLine mohon ditindak ini pelaku perekaman diam diam di krl bogor arah jakartakota sekitar jam 11 di stasiun tj.barat tampaknya pelaku sudah terbiasa melakukan pelecehan seperti ini awalnya saya kira dia merekam laki laki di depannya setelah diperhatikan dia rekam- https://t.co/WNkERZZwUd,1619759754569744384,https://pbs.twimg.com/media/FnqK5vHakAAtHhY.jpg,CommuterLine,in,,0,2,4,https://x.com/undefined/status/1619759754569744384,1296348883354755072,
1624570381947518976,Sun Feb 12 00:45:36 +0000 2023,0,@CommuterLine min ini kondisi keretanya layak gak sih? Kita yang penumpang takut lho. Kereta arah jakarta kota sekarang posisi di stasiun gondangdia https://t.co/eFINs9SJqM,1624570381947518976,https://pbs.twimg.com/ext_tw_video_thumb/1624570280827027456/pu/img/l3wSiCYuRknoEwNg.jpg,CommuterLine,in,,0,2,0,https://x.com/undefined/status/1624570381947518976,518744662,
1651054120080642048,Thu Apr 27 04:46:20 +0000 2023,0,@CommuterLine @anissca Notabene dia sdh berdinas lebih dr satu tahun Bukan anak kmaren yg ga tau tanggung jwb kerja . Sampai ketika dia dipanggil ke HO juanda Diray sangat siap &amp; bersedia untuk di pertemukan langsung dng anda @anissca ? tapi anda takut bukan @anissca ?,1651447666382098432,,CommuterLine,in,,0,0,0,https://x.com/undefined/status/1651447666382098432,1651234656421806080,
1629357952804212736,Sat Feb 25 05:49:42 +0000 2023,0,@CommuterLine @KAI121 manggarai rembes dimana mana minn bahaya babget,1629357952804212736,,CommuterLine,in,,0,1,0,https://x.com/undefined/status/1629357952804212736,1375685946797031434,
1618913854226071555,Fri Jan 27 10:08:35 +0000 2023,0,@CommuterLine baru tau naik transit ke Matraman KRL jurusan Cikarang jam 4 sore nunggu lama ampe dah penuh ( mnrt saya ) -+ 5 mnt baru brangkat kalo terjadi pelecehan gimana lah wong udah penuh atau emang nunggu jalur gitu ...,1618913854226071555,,CommuterLine,in,,0,1,0,https://x.com/undefined/status/1618913854226071555,555663736,
1651054120080642048,Wed Apr 26 08:30:42 +0000 2023,1,@CommuterLine @anissca Gabisa gue damai untuk urusan pelecehan,1651141739711963141,,CommuterLine,in,,0,0,0,https://x.com/undefined/status/1651141739711963141,1487346632156876800,
1651791626971545601,Fri Apr 28 03:33:07 +0000 2023,0,@CommuterLine update untuk kasusnya DIRAY yg diberitahukan berbuat pelecehan seksual.. Ada bukti pasti Kereta nomor berapa waktu n ada bukti yg lain selain cuitan yg sdh dihapus n krn jika dilihat akun sdh private @BudiKaryaS @perkeretaapian @erickthohir @CurhatKRL,1651791626971545601,,CommuterLine,in,,0,2,0,https://x.com/undefined/status/1651791626971545601,1088521008,
1626000787221680130,Thu Feb 16 07:55:00 +0000 2023,80,@CommuterLine @enakdimulutkok @rizkidwika Harusnya jangan dipaksakan penghapusan kereta bogor - tanah abang kemaren biar gak terlalu bejubel di manggarai kek mau berangkat perang tiap pagi dan sore lagian disain stasiun manggarai gak ramah pengguna karena ada tiang gede n jalan kita harus menepi dan rawan jatuh ke rel.,1626127996318027776,,CommuterLine,in,,6,0,19,https://x.com/undefined/status/1626127996318027776,102942765,
1610652803642576897,Wed Jan 04 15:16:46 +0000 2023,0,@CommuterLine mohon bantuannya dr para petugas jg utk mengawasi crowded yg biasanya terjadi di jam sibuk ya. krn sindikat copet itu manfaatkan kesempatan di keramaian org yg berdesakan masuk gerbong. we appreciate ur service though. tp yg ini bisa diberi perhatian jg mungkin,1610656490322333705,,CommuterLine,in,,0,0,0,https://x.com/undefined/status/1610656490322333705,1083615637178441728,
1642111658087813120,Sat Apr 01 10:34:51 +0000 2023,0,@CommuterLine Min aku mau tanya kalau kita ada kebutuhan khusus misal kan baru dalam pemulihan pasca oprasi tapi tiap naik comuter ga pernah kebagian kursi karna bukan masuk karegori prioritas gimana ya soalnya takut tiba2 pingsan,1642113288128581633,,CommuterLine,in,,0,1,0,https://x.com/undefined/status/1642113288128581633,541623395,
1614750031344701440,Mon Jan 16 04:54:35 +0000 2023,0,@CommuterLine Tolong dari pendaftaran sampai dapet pin jangan nunggu sebulan kelamaan min.. Sedangkan trimester 1 lagi rawan-rawannya..,1614848568061472768,,CommuterLine,in,,0,1,0,https://x.com/undefined/status/1614848568061472768,349090533,
1610674882865664000,Wed Jan 04 16:42:15 +0000 2023,0,@CommuterLine Lalieur min ngecek jadwalnya. Gak naik dari st keberangkatan juga jadi takut kira2. Mending ini ini dijadikan bahan pengingat ke seluruh kru KRL hehe. Terima kasii,1610678001842393089,,CommuterLine,in,,0,0,0,https://x.com/undefined/status/1610678001842393089,1405425942445518848,
1628785526336786434,Thu Feb 23 21:22:18 +0000 2023,0,@CommuterLine Min mesin untuk beli kartu kereta kok blm beroperasi ya? Aku di lenteng agung takut ketinggalan kereta nh ke jogja.,1628867872591319040,,CommuterLine,in,,0,1,0,https://x.com/undefined/status/1628867872591319040,2839867110,
1634425166255243264,Sat Mar 11 13:40:43 +0000 2023,0,@CommuterLine @yrcfsj Gw malah pengen ketemu sama orang yang ngelecehin nah kalo misal dia ngelecehin gw mau gw taro kaki gw buat mukul kepala dia malah bukan takut tapi gedeg,1634549918336692225,,CommuterLine,in,,0,0,0,https://x.com/undefined/status/1634549918336692225,1252647370434637824,
1620957332745379841,Thu Feb 02 01:28:38 +0000 2023,0,@CommuterLine kondisi peron di Stasiun Manggarai bikin rawan kepleset min https://t.co/62tYysvmyD,1620957332745379841,https://pbs.twimg.com/media/Fn7MFcMacAIKJMd.jpg,CommuterLine,in,,0,1,0,https://x.com/undefined/status/1620957332745379841,268621956,
1649294138314215427,Fri Apr 21 06:37:17 +0000 2023,1,@CommuterLine Owh jadi ada kuota khusus untuk GoTransit ya? Jadi ga takut gabisa berangkat?,1649301258661171200,,CommuterLine,in,,0,2,0,https://x.com/undefined/status/1649301258661171200,102763431,
1616025019745980416,Thu Jan 19 10:57:28 +0000 2023,0,@CommuterLine Knp bisa??kn semua kereta sudah ada jadwal nya masing2..klo mau buat mgr stasiun transit ga bisa kreta telat2 bgni trus dong bahaya buat penumpang,1616027051882078208,,CommuterLine,in,,0,0,0,https://x.com/undefined/status/1616027051882078208,4339291694,
1651054120080642048,Wed Apr 26 05:23:45 +0000 2023,24,@CommuterLine @anissca Percuma yo min masang stiker anti pelecehan tapi karyawan sendiri g teredukasi,1651094692753453057,,CommuterLine,in,,0,1,0,https://x.com/undefined/status/1651094692753453057,727070084259139584,
1618095091092180992,Wed Jan 25 22:03:10 +0000 2023,0,@CommuterLine @tanyakanrl Aih gilaaa serem bgt loh ini mana banyak bgt kan yg turun di tebet,1618368907626295296,,CommuterLine,in,,0,0,0,https://x.com/undefined/status/1618368907626295296,541402637,
1621521958335832070,Fri Feb 03 15:14:08 +0000 2023,0,@CommuterLine No 12 13 yang saya lingkarin warna hitam ini berhadapan ga min? Apa nomor 11 12 yang warna merah? takut salah nih pokonya mau yang berhadapan min langsung kasih tau no nya https://t.co/9ZSZZoS2xY,1621527464882348035,https://pbs.twimg.com/media/FoDSoqwaEAA3LWk.jpg,CommuterLine,in,,0,1,0,https://x.com/undefined/status/1621527464882348035,1491763875636596737,
1650670676976766976,Tue Apr 25 01:23:51 +0000 2023,0,@CommuterLine Terimakasih ya min responnya kasian ini ibu2 yg jarang naik kereta jadi kebingungan mereka takut salah naik kereta ,1650671932604579841,,CommuterLine,in,,0,1,0,https://x.com/undefined/status/1650671932604579841,94047960,
2002176824340803850,Sat Dec 20 00:38:48 +0000 2025,0,@CommuterLine kai pesan tiket yg local tuh gabisa h-seminggu lebih ya? kaya sebulan sblmnya gitu. soalnya di app bs akses seminggu sblmnya aja takut kehabisan soalnya,2002176824340803850,,CommuterLine,in,,0,1,0,https://x.com/undefined/status/2002176824340803850,1455789280014389257,
1970975995437203795,Wed Sep 24 22:17:50 +0000 2025,0,@CommuterLine tadi liat KA1175 yg menuju Jkt tgl 25 Sep pagi. listrik di atap salah satu gerbongnya mengeluarkan api saat bergesekan dgn kabel. Bahaya ga ya?,1970975995437203795,,CommuterLine,in,,1,1,0,https://x.com/undefined/status/1970975995437203795,74052607,
1993946207157432590,Thu Nov 27 08:49:39 +0000 2025,2,@CommuterLine takut bgt next time gada lagi petugas baik yang mau nolong kita kalo ada kehilangan karna takut kena pemecatan,1993965430541554042,,CommuterLine,in,,0,0,0,https://x.com/undefined/status/1993965430541554042,1753627771606306816,
1993941506793853070,Thu Nov 27 07:14:35 +0000 2025,0,@CommuterLine @KAI121 kalian gampang banget deh mecat orang ga takut kena karma dunia akhirat?,1993941506793853070,,CommuterLine,in,,0,0,0,https://x.com/undefined/status/1993941506793853070,1421724033066749952,
1962684641724469736,Tue Sep 02 01:10:58 +0000 2025,0,@CommuterLine min tolonglah kondektur suaranya saat memberikan informasi diperjelas masa kayak orang berbisik artikulasi gak jelas. Jadi takut terlewat nih sudah sampai stasiun mana.,1962684641724469736,,CommuterLine,in,,0,1,0,https://x.com/undefined/status/1962684641724469736,361029030,
1993522985731604640,Thu Nov 27 07:22:56 +0000 2025,0,@CommuterLine Ga ah takut disalahin nanti dipecat perusahaan,1993943609218130037,,CommuterLine,in,,0,0,0,https://x.com/undefined/status/1993943609218130037,197979179,
1993522985731604640,Thu Nov 27 02:36:49 +0000 2025,0,@CommuterLine lu juga harusnya mempermudah buat cek cctv lah. gimana kalau case pelecehan seksual????,1993871605383192601,,CommuterLine,in,,0,0,0,https://x.com/undefined/status/1993871605383192601,1050071015030550528,
1993814269356593574,Thu Nov 27 04:22:23 +0000 2025,0,@CommuterLine LU SEMUA jangan pada takut main sosmed. jangan reaktif. tenang aja lu engga akan dirujak netizen tapi pastikan lu sudah melihat cctv mendengar dari dua sisi kalo cuma karena viral sentimen negative di medsos trs lgsg pecat ya kacau jalan pikiran lu semua.,1993898170045354379,,CommuterLine,in,,0,0,0,https://x.com/undefined/status/1993898170045354379,389496869,
1978554849479327803,Wed Oct 15 20:21:36 +0000 2025,0,@CommuterLine Gajadi panik. Kereta jam 3.40 tp masih gabisa appnya. Trus ini jadinya manual borading dari petugas min. Next time jgn gini lagi bikin takut gabisa pulang ,1978556889114787991,,CommuterLine,in,,0,0,0,https://x.com/undefined/status/1978556889114787991,956761150917455877,
1985018636730585545,Sun Nov 02 16:18:17 +0000 2025,0,@CommuterLine pliss mau tanya tadi ada kucing jatoh dari peron pas di stasiun tanah tinggi di sekitar jam 21.18-21.20 an. kucingnya warna putih dia gapapa kan ya? takut pas jatoh dia ke rell,1985018636730585545,,CommuterLine,in,,0,1,0,https://x.com/undefined/status/1985018636730585545,1820315665578008576,
1963411920008229127,Thu Sep 04 01:20:54 +0000 2025,0,@CommuterLine halo min sedikit masukan commuters tolong dihimbau melalui masinis utk brhati² barang yg bawa apalagi yg ditaro diatas rawan dicopet. Saya hampir kena copet ada yg ngincer tas laptop saya kepergok sama saya sendiri.,1963411920008229127,,CommuterLine,in,,0,0,0,https://x.com/undefined/status/1963411920008229127,1546895504327737344,
1972230276295397736,Sun Sep 28 11:59:17 +0000 2025,0,@CommuterLine Halo Min mau info untuk kereta tujuan cikarang di jam 18.57 hari Minggu 28 September bau toilet(pesing) Saya sampe pusing sama bau nya Mau pingsan tapi takut gada yg kuat angkat wkwk Terima kasih min,1972269881472291202,,CommuterLine,in,,0,0,0,https://x.com/undefined/status/1972269881472291202,1899797385037094912,
1993522985731604640,Wed Nov 26 22:25:33 +0000 2025,0,@CommuterLine Problem solving ga end to end bobrok amat dah demi takut viral wkwk,1993808372593049682,,CommuterLine,in,,0,0,0,https://x.com/undefined/status/1993808372593049682,1681459692739133442,
1987740982990037392,Wed Nov 12 03:36:39 +0000 2025,0,@CommuterLine Daripada bikin slogan stop pelecehan kenapa tidak di pisah saja gerbong pria dan wanita sebenarnya juga risih kaum pria ini desak desakan dengan wanita,1988450842769584293,,CommuterLine,in,,0,1,0,https://x.com/undefined/status/1988450842769584293,437164811,
1993814269356593574,Thu Nov 27 02:36:22 +0000 2025,0,@CommuterLine admin gak takut dipecat?,1993871491386294690,,CommuterLine,in,,0,0,0,https://x.com/undefined/status/1993871491386294690,1850142123351531520,
1993522985731604640,Thu Nov 27 00:53:03 +0000 2025,0,@CommuterLine Dear @CommuterLine @kaiwisata @KAI121 kalian ga takut sama sumpah serapah dan kutukan dari netizen yang geram? Ayo dong transparan instansi sehebat kalian masa gamau terbuka? Toh ini demi kebaikan kalian juga. ️,1993845489780085115,,CommuterLine,in,,0,0,0,https://x.com/undefined/status/1993845489780085115,1672805998460043267,
1993522985731604640,Thu Nov 27 05:07:06 +0000 2025,0,@CommuterLine HR lo suruh kerja yg bener ae dulu keputusan blunder karena takut viral kalo emang nggak salah mah tenang ae pasti bakal dibela salam ye buat bu sondang sama pak akbar,1993909422939361702,,CommuterLine,in,,0,0,0,https://x.com/undefined/status/1993909422939361702,901008842,
1971370601039474841,Fri Sep 26 03:15:09 +0000 2025,0,@CommuterLine Min tolong dong bilangin di stasiun kalideres jalur 2 dibuatin tempat tap in &amp; tap out repot harus nyebrang2 bahaya,1971413203554009327,,CommuterLine,in,,0,0,0,https://x.com/undefined/status/1971413203554009327,1943195189558054912,
2003416565971321089,Tue Dec 23 10:45:05 +0000 2025,0,@CommuterLine kak tolong dong jpo stasiun palmerah arah dari pasar palmerah udah parah itu bolongnya bahaya tolong di follow ke instansi terkait https://t.co/o9XZomphw8,2003416565971321089,https://pbs.twimg.com/ext_tw_video_thumb/2003416521088065536/pu/img/4kBSow2-QXnu4TMC.jpg,CommuterLine,in,,0,0,0,https://x.com/undefined/status/2003416565971321089,64665393,
1974075230676201673,Fri Oct 03 11:52:53 +0000 2025,2,@CommuterLine Iya kasian banget banyak prioritas yang ga dapet duduk dan kegencet pula Apalagi di stasiun cikarang lift yg harusnya buat prioritas. malah prioritas yg harus ngalah karna takut kegencet + didorong,1974080209268912611,,CommuterLine,in,,0,1,0,https://x.com/undefined/status/1974080209268912611,1123528612160794625,
2001430542953459957,Wed Dec 17 23:23:16 +0000 2025,1,@CommuterLine min di bekasi knp ak mw ujian tlong ak mw uts takut telat halo min,2001433039973568634,,CommuterLine,in,,0,1,0,https://x.com/undefined/status/2001433039973568634,1431500404487983104,
1994408866386460928,Fri Nov 28 15:55:12 +0000 2025,0,@CommuterLine Ga takut di tuntut lg min?,1994434913060425997,,CommuterLine,in,,0,0,0,https://x.com/undefined/status/1994434913060425997,1214558866748264448,
1993814269356593574,Thu Nov 27 01:19:05 +0000 2025,8,@CommuterLine Pastiin berhati-hati juga saat akan pecat pegawai. Bisa kali ah double check dulu bukan apa-apa main asal cut off pegawai. Kesalahan ada pada penumpang kok yang dirugikan malah pegawai? Kenapa takut tercoreng kah nama baiknya cuma krn thread dr cewek teledor macem si anita? ,1993852040569868790,,CommuterLine,in,,0,1,0,https://x.com/undefined/status/1993852040569868790,308919692,
1978270182821769444,Wed Oct 15 01:22:20 +0000 2025,0,@CommuterLine mash ada yg suka duduk di sambungan ternyata K1 125 04 sekarang udh pd turun min announcement nya harus di selipin lg menganggu bahaya juga kan https://t.co/VXVpjgrxB1,1978270182821769444,https://pbs.twimg.com/media/G3Q6PPkboAAgpdm.jpg,CommuterLine,in,,0,1,0,https://x.com/undefined/status/1978270182821769444,591896816,
1990898984915739045,Tue Nov 18 21:44:41 +0000 2025,0,@CommuterLine min kereta nomor 1619 arah parung - tanah anang gerbong pertama licin banget bahaya. masa habis di pel ga kering-kering? https://t.co/wUQSHYZVOC,1990898984915739045,https://pbs.twimg.com/media/G6EYDNtXcAENGYQ.jpg,CommuterLine,in,,0,1,0,https://x.com/undefined/status/1990898984915739045,373310866,
1985329950606643228,Mon Nov 03 12:55:20 +0000 2025,0,@CommuterLine tolong ya CS dari kereta commuter line keberangkatan dari cawang tujuan manggarai untuk jadwal jam setengah 8 CS nya yg perempuan tolong jangan langsung nutup pintu pas saat org mau naik !! kaki saya hampir kejepit karena sifat buru-buru CS yang bahayain penumpang,1985329950606643228,,CommuterLine,in,,0,2,0,https://x.com/undefined/status/1985329950606643228,1331101141757620225,
1981107713288646860,Thu Oct 23 00:59:50 +0000 2025,0,@CommuterLine @Uhe30350503 MANA ADAAAA NORMALLLL ITU LHOOOOO GANGGUANNNNN TAPI MIMIN TAK INFO APAPUNNN TAKUT DIGERUDUK KAHHH???,1981163622199152839,,CommuterLine,in,,0,1,0,https://x.com/undefined/status/1981163622199152839,51700631,
2004876714288312510,Sat Dec 27 13:07:00 +0000 2025,0,@CommuterLine Mau titip tas besar mint ga cukup kalo pop box takut abis lokernya. Makasih deh ya min,2004901830988529731,,CommuterLine,in,,0,0,0,https://x.com/undefined/status/2004901830988529731,1358547765756760066,
1991999305109119477,Fri Nov 21 22:50:50 +0000 2025,0,@CommuterLine Memang skrg pelecehan seksual berkurang digerbong campuran bagaimana di gerbong khusus wanita? Byk informasi sering terjadi kekerasan sesama jenis. Bahkan wanita lbh aman digerbong campuran dimana pria menghormati ibu2 hamil dan lansia. Fokus KAI hrs nya skrg digerbong wanita,1992002794589720857,,CommuterLine,in,,0,1,0,https://x.com/undefined/status/1992002794589720857,984328163210682368,
1993814269356593574,Wed Nov 26 23:03:18 +0000 2025,213,@CommuterLine Gak ah mending ikhlasin aj. Keteledoran kita juga. Ngapain lapor lapor nanti takut karyawan di pecat,1993817872540508296,,CommuterLine,in,,0,0,2,https://x.com/undefined/status/1993817872540508296,62453615,
1993522985731604640,Thu Nov 27 04:25:55 +0000 2025,0,@CommuterLine Kalian kok manajemennya bukan makin maju malah makin mundur sih? Memangnya kalian gabisa mengcross check terlebih dahulu? Jangan takut backup SDM kalian jika memang mereka tidak salah. Jangan malah mundurin reputasi kalian dong. Hire karyawan itu lagi kalian udh salah bgt.,1993899061221707802,,CommuterLine,in,,0,0,0,https://x.com/undefined/status/1993899061221707802,425813724,
1993522985731604640,Wed Nov 26 22:34:37 +0000 2025,0,@CommuterLine Ga ah. Takut kalau lapor nanti petugasnya yang dipecat,1993810653719740593,,CommuterLine,in,,0,0,0,https://x.com/undefined/status/1993810653719740593,1454843885327306764,
1993814269356593574,Thu Nov 27 02:53:38 +0000 2025,1,@CommuterLine POST AN LU DOANG SOK BIJAK! nentuin masa depan anak berpatokan takut viral. KOCAKKKKK,1993875835913425348,,CommuterLine,in,,0,0,0,https://x.com/undefined/status/1993875835913425348,1615972883423166464,
1988353893466861690,Wed Nov 12 00:15:29 +0000 2025,0,@CommuterLine Tolong dong petugas di Manggarai lebih peduli lagi jalur tangga utk naik dipake utk turun dan gak dikasih jalan buat yg naik malah di dorong penumpang yg akan naik ke peron . petugas cuma diem aja ini bahaya banget sampe di dorong kaya bgtu .,1988400219164385464,,CommuterLine,in,,0,0,0,https://x.com/undefined/status/1988400219164385464,1826018813277777921,
1993814269356593574,Thu Nov 27 02:02:53 +0000 2025,9,@CommuterLine semua pegawainya lagi waswas takut kena pecat karena kelalaian penumpang. cuk cuk.,1993863063116894304,,CommuterLine,in,,0,0,0,https://x.com/undefined/status/1993863063116894304,740238198,
1993946207157432590,Thu Nov 27 08:14:21 +0000 2025,1,@CommuterLine Aokwowkwok takut malu + di panggil lagii,1993956546104185334,,CommuterLine,in,,0,0,0,https://x.com/undefined/status/1993956546104185334,1656436980685881346,
1978648045555257542,Thu Oct 16 02:37:47 +0000 2025,0,@CommuterLine Iya ga masalah dg 8 rangkaian tp harusnya setelah jam sibuk min. Ngeri nyenggol orang aja tar di kira pelecehan lagi...,1978651555541991481,,CommuterLine,in,,0,1,0,https://x.com/undefined/status/1978651555541991481,1264922300886859776,
1993814198846185898,Fri Nov 28 04:33:17 +0000 2025,0,@CommuterLine Sering juga yang pacaran maunya duduk deketan kayak takut ilang tuh cowok. Pdhl cowoknya gak enak ada yang tua dan berdiri depan dia...ah memang serasa dunia milik berdua....ya sdhlah gak apa berdiri asal gak kena macet,1994263303301025972,,CommuterLine,in,,0,0,0,https://x.com/undefined/status/1994263303301025972,744603320,
1995505440642523447,Mon Dec 01 14:49:06 +0000 2025,0,@CommuterLine min tolong security di area taman stasiun tnh abang di perbanyak dong trs aktif muter bru aja temen hp saya dicopet saya dan tmen udh teriak2 mnta tolong untuk geledah tas tapi gak ada yg mau bantu bahkan pegawai busway jg gak mau nolongin karna bukan ranah dia,1995505440642523447,,CommuterLine,in,,0,2,0,https://x.com/undefined/status/1995505440642523447,370559375,
1994046506350072058,Thu Nov 27 14:11:49 +0000 2025,0,@CommuterLine Emang semudah itu KAI mecat karyawannya?? Pencurian oleh karyawan pun harus ada keputusan pengadilan duku tidak bisa pecat sepihak,1994046506350072058,,CommuterLine,in,,0,0,0,https://x.com/undefined/status/1994046506350072058,1405766787313012740,
1724246190076633191,Tue Nov 14 02:01:41 +0000 2023,0,@CommuterLine tolong disiapkan tangga tempat turun penumpang. Ini sangat berbahaya. Penumpang di gerbong ini harus lompat utk turun kereta. Bagaimana kalau org tua? Dibantu security bukan memecahkan masalah. Masih bahaya. Tlg perhatikan. @KAI121 @kemenhub151 @DPR_RI https://t.co/U3OouMqMDv,1724246190076633191,https://pbs.twimg.com/media/F-3AsQ4a0AAIRyN.jpg,CommuterLine,in,,0,1,0,https://x.com/undefined/status/1724246190076633191,2294204310,
1719158541813248442,Tue Oct 31 01:05:11 +0000 2023,0,@CommuterLine @jalur5_ bisa ngga ya bantu tegur ibu2 yg suka ngeluarin ikan asin pas mau sampe st duri? dia naik di gerbong ke tiga biasanya naik kereta yg sampe di duri jam 7:30-7:40an saya gatau dia naik dr st apa. saya gaberani foto krn takut melanggar privasi. -c,1719158541813248442,,CommuterLine,in,,0,1,0,https://x.com/undefined/status/1719158541813248442,1889166210,
1719341800392138895,Tue Oct 31 13:13:23 +0000 2023,0,@CommuterLine Lampu Jembatan penyebrangan st Palmerah arah Senayan pada mati. Gelap n cukup rawan bahaya mohon perhatian,1719341800392138895,,CommuterLine,in,,0,1,0,https://x.com/undefined/status/1719341800392138895,1464423978,
1730126663529447738,Thu Nov 30 11:12:51 +0000 2023,0,@CommuterLine Celah peron di stasiun Depok Baru bahaya https://t.co/zAtk0wkf00,1730183102847390184,https://pbs.twimg.com/media/GALYWlWbUAA52DG.jpg,CommuterLine,in,,0,1,0,https://x.com/undefined/status/1730183102847390184,1227494206102392844,
1738000949300629633,Fri Dec 22 00:58:11 +0000 2023,0,@CommuterLine min klo pelecehan seks di krl bisa kita laporin ke petugas bagaimana klo ada adegan mesra mesraan yg terlalu lebay di krl boleh gak kita laporin jg ke petugas soalnya mengganggu bgt risih dan eneq diliatnya ,1738000949300629633,,CommuterLine,in,,0,0,0,https://x.com/undefined/status/1738000949300629633,1190845641187966977,
1729438764278444132,Wed Nov 29 07:55:47 +0000 2023,0,@CommuterLine @berak_sekampung @perkeretaapian @jalur5 @KAI121 @txttransportasi @kabarpenumpang Itu tu pas pintu kereta lho Min. Penumpang yg turun kan ga lgsg liat juga. Trus mereka malah jd kejebak kedesak di situ. Rawan banget...,1729771120708960264,,CommuterLine,in,,0,0,0,https://x.com/undefined/status/1729771120708960264,1682034249724219394,
1715752019779350840,Sun Oct 22 09:28:35 +0000 2023,0,@CommuterLine @kegblgnunfaedh ga tegas mint bahaya tuh org mabok kok di bolehin masuk.,1716023736254750931,,CommuterLine,in,,0,0,0,https://x.com/undefined/status/1716023736254750931,1142784097808314369,
1741087568517820631,Sat Dec 30 13:23:18 +0000 2023,0,@CommuterLine Hi min mohon ya edukasi ke petugas commuter line di peron 5 stasiun kampung Bandan saya tanya baik-baik untuk lebih jelas takut salah naik kok malah jawab kalo saya bilang disini ya tunggu aja disini . Apakah memang seperti ini sdm pelayanan masyarakat? Thk https://t.co/htUuRyc28M,1741087568517820631,https://pbs.twimg.com/media/GCmV6XtbcAAf1o4.jpg,CommuterLine,in,,0,1,0,https://x.com/undefined/status/1741087568517820631,1196979176370126848,
1716768865198453018,Tue Oct 24 10:49:28 +0000 2023,0,@CommuterLine manggarai bocor atap lantai 1 nya padahal pembangunannya ngorbanin penumpang copet makin banyak ac kereta mati terakhir ada yg keguguran. Apa @KPK_RI @DPR_RI @andre_rosiade @Fahrihamzah gak nyium ada korupsi nih? #RekanCommuters,1716768865198453018,,CommuterLine,in,,0,1,0,https://x.com/undefined/status/1716768865198453018,144424650,
1702496013607686386,Fri Sep 15 01:44:30 +0000 2023,0,@CommuterLine @KAI121 Sudahlah min tp ttep aja malah dihujat bhkan bnyk kasus yg dibikin video tiktok krna mereka merasa kursinya direbut .. tolonglah min krna kita yg ibu hamil dan pnumpang prio yg lain tuh sering takut buat negur petugas juga kdang gak ada jd kita bingung mau gmna pdhl btuh,1702498596669780451,,CommuterLine,in,,0,1,0,https://x.com/undefined/status/1702498596669780451,2507138515,
1738026718638797088,Fri Dec 22 02:40:35 +0000 2023,0,@CommuterLine halo. kalau boleh usul iklan-iklan jangan dibuat sama dengan pengumuman formal agar tidak bingung dengan pengumuman yg sebenarnya. apalagi pakai sirine/alarm tanda bahaya. jangan sampai penumpang menjadi cuek dengan pemberitahuan2 penting di saat2 emergency,1738026718638797088,,CommuterLine,in,,0,1,0,https://x.com/undefined/status/1738026718638797088,953365402301714432,
1715586791766684056,Sat Oct 21 04:44:51 +0000 2023,0,@CommuterLine Stasiun Bogor akses Alun2 Kota Bogor. Berantakan sempit rawan copet. Kerjasama atuh sama Pemkot biar saling jaga aset.,1715589945195446450,,CommuterLine,in,,0,0,0,https://x.com/undefined/status/1715589945195446450,65671754,
1699745728791449767,Thu Sep 07 23:57:35 +0000 2023,0,@CommuterLine Ya ini salah satu bentuk kritik dari pelanggan. Ini rawan sekali kalo malam apa ga bisa barang semeter difasilitasi untuk pejalan kaki? Tolong dievaluasi segera. https://t.co/TWl3eartfN,1699934974198350099,https://pbs.twimg.com/media/F5dhxWYbsAAA24z.jpg,CommuterLine,in,,0,0,0,https://x.com/undefined/status/1699934974198350099,150508037,
1728323246368739788,Sat Nov 25 09:14:48 +0000 2023,0,@CommuterLine Takut telat nih min ngejar KA Lokal nya.. apa Bakal ditunggu?,1728341453569671412,,CommuterLine,in,,0,0,0,https://x.com/undefined/status/1728341453569671412,33128596,
1729438764278444132,Wed Nov 29 01:26:12 +0000 2023,0,@CommuterLine @berak_sekampung @perkeretaapian @jalur5 @KAI121 @txttransportasi @kabarpenumpang Udah tau itu bakalan bahaya kenapa dibikin kaya gitu maleeeeehhh. Emang lo pada aja salah desain.,1729673077225656328,,CommuterLine,in,,0,0,0,https://x.com/undefined/status/1729673077225656328,247716465,
1703933131777265802,Tue Sep 19 00:44:50 +0000 2023,0,@CommuterLine @annepurba @KAI121 apakah 4010 bisa menjadi 5529 ??? kl melihat reel seperti ini. Baru aja terjadi entah pelecehan atau copet di 5517 ini krn jadwal yg telat dan KCI buka kesempatan utk para pelakunya yg manfaatkan kepadatan KRL. https://t.co/abTp9H4pnN,1703933131777265802,https://pbs.twimg.com/media/F6WWEYZb0AA-RyB.jpg,CommuterLine,in,,0,1,0,https://x.com/undefined/status/1703933131777265802,798052439345668096,
1732286171387166999,Wed Dec 06 07:46:01 +0000 2023,0,@CommuterLine Sudah saatnya ada cctv di setiap gerbong banayj manfaatnya termasuk merekam jika ada pelecehan,1732305376593523038,,CommuterLine,in,,0,0,0,https://x.com/undefined/status/1732305376593523038,750301468939333632,
1710185801454379210,Fri Oct 06 07:28:05 +0000 2023,0,@CommuterLine @KAI121 tetep ngga bisa min takut keburu habis tiketnya,1710195206421942395,,CommuterLine,in,,1,1,0,https://x.com/undefined/status/1710195206421942395,1146753675349520385,
1726271400883962089,Sun Nov 19 18:12:12 +0000 2023,0,@CommuterLine min aplikasi kai access di ios bisa digunakan untuk membeli tiket dan tidak ada masalah atau bug kan min? saya ngeliat rating soalnya jdi takut utk beli tiket di kai access IOS :),1726302369305198664,,CommuterLine,in,,0,1,0,https://x.com/undefined/status/1726302369305198664,1720965710158196736,
1700055798590980250,Fri Sep 08 07:57:42 +0000 2023,0,@CommuterLine @KAI121 ini gimana ya kok aplikasi mendadak eror gini? Tadi mau cek tiket ternyata ke logout login lagi malah gabisa via email maupun nomor hp juga gabisa takut bgt gabisa pulang tp untung nya security nya mau bantu cek lewat komputer tolong gimana ini,1700055798590980250,,CommuterLine,in,,0,2,0,https://x.com/undefined/status/1700055798590980250,840716311705473025,
1865911526324113716,Mon Dec 09 01:35:08 +0000 2024,0,@CommuterLine KRL pemberangkatan awal &amp; Tujuan Akhir Stasiun Tigaraksa sangat efektif mengurangi kepadatan &amp; KRL Tigaraksa sangat membantu mengurangi beban perjalanan KRL Rangkasbitung sehingga perjalanan KRL Relasi TGS-THB (P.P) sangat dibutuhkan semua pengguna KRL Terima Kasih,1865933165145256062,,CommuterLine,in,,0,1,0,https://x.com/undefined/status/1865933165145256062,1362370508222652417,
1850761832837079309,Mon Oct 28 04:49:41 +0000 2024,0,@CommuterLine dear admin minta tolong dong di tmpt parkir baik motor atau mobil di stasiun cikarang. Ada petugas yang jaga / standby. Saya bawa motor mau parkirin. Susah banget buat minta tolong. Tidak ada orang satupun yang jaga atau standby. Saya harus angkat angkat kesusahan,1850761832837079309,,CommuterLine,in,,0,0,0,https://x.com/undefined/status/1850761832837079309,86660313,
1842364812686446650,Sat Oct 05 00:42:55 +0000 2024,0,@CommuterLine walahhh tim KAI tolong dong ditegasin lagi ini tgl 5 0ktober 2024 jam 7:40 dari st.bogor pas di st.Manggarai digerbong wanita (12) isinya banyak laki-laki. Petugas/satpamnya pada kemana nihhh????haduhh hari kerja sampe kaki jinjit juga tetep sesuai aturan,1842364812686446650,,CommuterLine,in,,0,1,0,https://x.com/undefined/status/1842364812686446650,1416407884577972224,
1836527665681174615,Wed Sep 18 22:08:11 +0000 2024,0,@CommuterLine tolong dong min kereta PRP-THB yg brangkat jam 05.25 kenapaa sekarang keretanya ga ada jalur 4. Orang2 udah numpukkkkk nungguin. Biasanya kereta standby dijalur 4 jd yg berangkat lebih pagi harus rebu,1836527665681174615,,CommuterLine,in,,0,1,0,https://x.com/undefined/status/1836527665681174615,516314845,
1866825085497249814,Wed Dec 11 12:39:18 +0000 2024,0,@CommuterLine min saya ada barang ketinggalan di kereta turun di stasiun bogor bisa bantu cek ga ya ???,1866825085497249814,,CommuterLine,in,,0,1,0,https://x.com/undefined/status/1866825085497249814,1821197030880112643,
1848217748708700278,Mon Oct 21 04:20:24 +0000 2024,0,@CommuterLine kmrn (26/9) dh tap out kartu dibantuin juga satpamnya &amp; saldo udh dikurang juga. tp pas pake tadi (20/10) tulisannya kadaluarsa . kata loket krl saldonya belum dikurangin/belum ditap out. pdhl di riwayat bni tapcash udh masuk purchase Rp8000 (26/9). ini kenapa? https://t.co/SFeHmqj5uq,1848217748708700278,https://pbs.twimg.com/media/GaYwPqtbEAIPW6Y.jpg,CommuterLine,in,,0,4,0,https://x.com/undefined/status/1848217748708700278,1187296791290507264,
1867161817929449559,Thu Dec 12 11:30:03 +0000 2024,0,@CommuterLine iya masalahnya penuh tadi. dibilang juga susah. kl ada petugasnya biasanya lebih nurut dibandingkan cuma lewat sound speaker,1867170044901564526,,CommuterLine,in,,0,0,0,https://x.com/undefined/status/1867170044901564526,1541419865541844992,
1836533845992386942,Wed Sep 18 22:32:44 +0000 2024,0,@CommuterLine hal terbodoh yg diliat pagi ini. Pas sampe distasiun bogor jam 5.28 (jalur 7) pagi ini ada kakek yang mau turun udah nunggu dipintu kereta. Tapi satpamnya bilang awas pak yanh naik dulu ini gak salah edukasi??? Kakeknya aja yang udah tau harusnya yang turun dulu.,1836533845992386942,,CommuterLine,in,,0,1,0,https://x.com/undefined/status/1836533845992386942,1248271519,
1848047462025777441,Sun Oct 20 17:03:44 +0000 2024,0,@CommuterLine saya sangat kecewa sekali dgn petugas satpam sore ini di kereta krl arah tanah abang dari Manggarai petugasnya sangat tidak informatif sehingga kami harus nanya 2x Tolong etika dan empatinya jangan bikin orang bingung jadi tersesat !!!,1848047462025777441,,CommuterLine,in,,0,1,0,https://x.com/undefined/status/1848047462025777441,1077894308731092999,
1869783420802600992,Thu Dec 19 23:30:13 +0000 2024,0,@CommuterLine Min tolong tegur petugas stasiun yang numpang krl di gerbong cewek padahal di cowok. Masak petugas melanggar sendiri aturan yang dibuat? Tolong tegas ya min bukan cuma buat customer tapi juga internal pegawai KRL.,1869887994012061864,,CommuterLine,in,,0,1,0,https://x.com/undefined/status/1869887994012061864,256437942,
1849771858792731075,Fri Oct 25 11:29:30 +0000 2024,0,@CommuterLine Dibelakang min gak ada petugasnya di gerbong berikutnya jg gak ada tp skrg ibu2 itu udah duduk dengan normal,1849775288663826852,,CommuterLine,in,,0,0,0,https://x.com/undefined/status/1849775288663826852,3159560982,
1864657120924451249,Thu Dec 05 13:04:35 +0000 2024,0,@CommuterLine min.. sy hilang jaket di stasiun manggarai.. jaket abu abu adidas.. hilang sekitar jam 18.10-18.30 mhn info jika security mengamankan jaket nya,1864657120924451249,,CommuterLine,in,,0,1,0,https://x.com/undefined/status/1864657120924451249,849127808685154306,
1829936731078181328,Tue Sep 03 01:26:23 +0000 2024,0,@CommuterLine Kakmin keberangkatan dari Bogor jam 04.10 udah gak ada ya? Tadi pagi sekuriti bilang udah gak ada lagi tapi pas saya cek C-Access masih ada.,1830779337869803836,,CommuterLine,in,,0,1,0,https://x.com/undefined/status/1830779337869803836,929311711,
1869558508968165454,Thu Dec 19 01:40:57 +0000 2024,0,@CommuterLine min stasiun Bekasi Tambun Cikarang ada CS nya ga? Mau urusin tarif reduksi,1869558508968165454,,CommuterLine,in,,0,1,0,https://x.com/undefined/status/1869558508968165454,1386639109523861508,
1864312782767968492,Wed Dec 04 23:29:45 +0000 2024,0,@CommuterLine @kopikapalnuklir masih kaga bisa eh jelek banget dah ganti aja dah pegawai nya sama yg kompeten,1864452058826584084,,CommuterLine,in,,0,0,0,https://x.com/undefined/status/1864452058826584084,1189462297,
1856494965909795135,Thu Nov 14 00:03:39 +0000 2024,0,@CommuterLine nah ini min di st tanah abang tuh kemarin ga di info sm announcer nya apakah smp bandan atau terus kebekasi/ckrg tanya security jg bingung semoga kedepannya diberikan kejelasan baik dr tulisan yg di krl/announcer/papan informasi di stasiun ,1856850443823190384,,CommuterLine,in,,0,1,0,https://x.com/undefined/status/1856850443823190384,420177369,
1830765843837255837,Wed Sep 04 04:22:47 +0000 2024,0,@CommuterLine alhamdulillah hari ini kondusif security gerbong depan (St tebet) pun sudah koordinasi menggunakan walkie talkie untuk proses penutupan pintu gerbong. Terima kasih bantuannya,1831186120052523284,,CommuterLine,in,,0,1,0,https://x.com/undefined/status/1831186120052523284,1795703667565514752,
1864544735349887057,Thu Dec 05 09:15:41 +0000 2024,1,@CommuterLine @sarddenly Wkwkw saat meminta bantuan petugasnya bgtu gimana dah min ahh,1864599516265222450,,CommuterLine,in,,0,0,0,https://x.com/undefined/status/1864599516265222450,546696403,
1865310497572294692,Sun Dec 08 00:53:26 +0000 2024,0,@CommuterLine Tadi malam 7 Des jam 23.30 ada ibu Hamil dilarang Security nyeberang rel di stasiun Sudimara harus dari kolong baru turun dari CL terakhir ke Rangkasbitung. Banyak yg marah lihat arogannya security sekarang.,1865560281151369296,,CommuterLine,in,,0,0,0,https://x.com/undefined/status/1865560281151369296,1818231783546408960,
1850681017344078306,Sun Oct 27 23:28:33 +0000 2024,0,@CommuterLine @KAI121 minta tolong terhadap security di stasiun depok lama. Utk peneguran yg sangat tidak ramah dan terlalu kasar smp pegang tangan emg saya mau maling ya. Tolong diperbaiki lagi menegur customer sangat tidak berkualitas terima kasih https://t.co/18E91KvzML,1850681017344078306,https://pbs.twimg.com/media/Ga7wkm7akAE4pF2.jpg,CommuterLine,in,,0,1,0,https://x.com/undefined/status/1850681017344078306,1660493101373493248,
1834396862306267546,Fri Sep 13 01:02:18 +0000 2024,0,@CommuterLine udah ketahan 30 menit baru infoin sekarang buset staff media sosialnya sangat ga becus kerja. pecat aja ga guna,1834397158952558876,,CommuterLine,in,,0,0,0,https://x.com/undefined/status/1834397158952558876,1822316965287129088,
1861367684761632770,Tue Nov 26 11:13:33 +0000 2024,0,@CommuterLine stasiun bekasi peron 7 security nya tolong diaturin jangan diem saja antrian 2 jalur nyelonong menjadi 3 jalur https://t.co/v8teFfDhwB,1861367684761632770,https://pbs.twimg.com/media/GdToBzYaoAETkuH.jpg,CommuterLine,in,,0,0,0,https://x.com/undefined/status/1861367684761632770,2548182888,
1869554680965304508,Thu Dec 19 01:25:45 +0000 2024,0,@CommuterLine @KAI121 @perkeretaapian WOI TAI 5049 TIBA SUDIRMAN DARI 08.09 JADI 08.25 TELAT 16 MENIT INI SUDAH SESUAI DG JADWAL GAPEKA??? JAWAB TAI. KEMARIN PAS BENER JAWABNYA NYOLOT BANGET @CommuterLine SKR @CommuterLine KG MAU JAWAB .,1869554680965304508,,CommuterLine,in,,0,0,0,https://x.com/undefined/status/1869554680965304508,798052439345668096,
1838553353477067195,Tue Sep 24 12:17:32 +0000 2024,0,@CommuterLine Min besok kereta pertama dr Bogor jam berapa yaa? Td lupa nanya sama petugasnya :((,1838553353477067195,,CommuterLine,in,,0,1,0,https://x.com/undefined/status/1838553353477067195,86475359,
1868123411891052797,Sun Dec 15 02:38:24 +0000 2024,0,@CommuterLine min minimal kalo blm bisa berangkatin kreta petugasnya ngasih tau biar gak buang waktu nunggu yg bahkan org gak tau itu bakal gak dateng tanjung priok - jakarta kota di peron 7 kampung bandan kita udh nunggu setengah jam yaa,1868123411891052797,,CommuterLine,in,,0,1,0,https://x.com/undefined/status/1868123411891052797,1099545822398541824,
1721830765519139157,Tue Dec 10 10:59:14 +0000 2024,0,@CommuterLine Selamat sore Kembali saya komentar terkait area lift (prioritas) bisa ditugaskan petugasnya 1 saja tiap ada kereta yg baru transit untuk jaga area lift krn banyak yg harusnya dipripritaskan tp diselak sm pengguna yg bukan prioritas..bisa diujicoba?,1866437515005354325,,CommuterLine,in,,0,2,0,https://x.com/undefined/status/1866437515005354325,125007207,
1869555747111293318,Thu Dec 19 01:29:59 +0000 2024,0,@CommuterLine @KAI121 @perkeretaapian KA 5049 DAN 5051 MASUK SUDIRMAN BERDEKATAN WAKTUNYA INI 5049 SUDAH SESUAI JADWAL ANJING ? APA 5051 YG KECEPATAN JING TINA SUDIRMAN. @CommuterLine KEMARIN PAS BENER NYOLOT JAWABNYA SKR KOK DIEM AJA PERINTAH ASDO YA ??,1869555747111293318,,CommuterLine,in,,0,0,0,https://x.com/undefined/status/1869555747111293318,798052439345668096,
1846359099648438528,Wed Oct 16 01:14:47 +0000 2024,0,@CommuterLine Min klo ada yg kehilangan smartband di kereta Rangkasbitung - Tanah abang dititip di security. Katanya di titip di bag. informasi St. Tanah Abang https://t.co/mjCMasEU1i,1846359099648438528,https://pbs.twimg.com/media/GZ-Vzeub0AAQDx7.jpg,CommuterLine,in,,0,1,0,https://x.com/undefined/status/1846359099648438528,69443259,
1862317766822490141,Fri Nov 29 02:08:50 +0000 2024,0,@CommuterLine kalo kereta landing st jgn di jeda iklan suara kenceng !!! Gatau kereta lanjut apa tidak!! Ama security jgn bau ketek!!,1862317766822490141,,CommuterLine,in,,0,1,0,https://x.com/undefined/status/1862317766822490141,494973404,
1864493130323775829,Thu Dec 05 02:12:57 +0000 2024,0,@CommuterLine evaluasi tuh kinerja satpam2nya di stasiun2 khususnya di Stasiun Duri. Ngga usah kebanyakan nanya ciri2 atau nama satpamnya lihat saja CCTV di stasiun kalian!!,1864493130323775829,,CommuterLine,in,,0,0,0,https://x.com/undefined/status/1864493130323775829,1648820763825418240,
1837397092215804078,Sat Sep 21 07:42:58 +0000 2024,0,@CommuterLine min maaf mau nanya kalo mau pengaduan terkait staff di stasiun kemana yah? Langsung ke Kepala Stasiun kah? Terimakasih ,1837397092215804078,,CommuterLine,in,,0,1,0,https://x.com/undefined/status/1837397092215804078,71248371,
1841104734289346891,Tue Oct 01 13:15:49 +0000 2024,0,@CommuterLine malam min minta tolong satpam2nya dikasih tau bahwa tangga itu untuk 2 jalur bukan untuk 1 jalur ya min karena kita semua mengejar kereta. tadi pagi di tanahabang satpamnya melarang penumpang yg transit dari kereta cikarang untuk lewat tangga sebelah ,1841104734289346891,,CommuterLine,in,,0,2,0,https://x.com/undefined/status/1841104734289346891,1379827251366088712,
1872598563282407572,Fri Dec 27 11:01:03 +0000 2024,0,@CommuterLine min ini kereta nambo ketahan di pasming lama banget sekalinya naik kereta gini amat pelayanannya. https://t.co/denFlOzGUF,1872598563282407572,https://pbs.twimg.com/media/GfzOdjnawAEl4eM.jpg,CommuterLine,in,,0,3,0,https://x.com/undefined/status/1872598563282407572,230611075,
1844591514011435517,Fri Oct 11 05:30:45 +0000 2024,1,@CommuterLine Mana petugasnya ngang ngong ngang pas ditanya bukannya kasih solusi. Yg ga biasa naik krl alamat nungguin ga jelas pdhl bisa dikasih opsi lain ke statsiun yg beroperasi. Sialan,1844611574268559829,,CommuterLine,in,,0,3,0,https://x.com/undefined/status/1844611574268559829,1814900241092780032,
1841247806054678634,Wed Oct 02 23:05:13 +0000 2024,0,@CommuterLine Oh bukan miin mksdnya yg standby dari stasiun Cisauk miin,1841615450461135143,,CommuterLine,in,,0,1,0,https://x.com/undefined/status/1841615450461135143,1400109328179163139,
1864580978259447981,Thu Dec 05 08:02:02 +0000 2024,0,@CommuterLine @KAI121 tolong ditindak lanjuti Pak laporan ini mengenai security anda.nuhun,1864580978259447981,,CommuterLine,in,,0,0,0,https://x.com/undefined/status/1864580978259447981,1718496135051087872,
1842590059650052150,Sat Oct 05 15:37:58 +0000 2024,0,@CommuterLine tolong dong petugasnya masa di gerbong cewe ada cowonya,1842590059650052150,,CommuterLine,in,,0,1,0,https://x.com/undefined/status/1842590059650052150,2837646679,
1872599369633120743,Fri Dec 27 12:25:04 +0000 2024,0,@CommuterLine Harus begini ditingkatkan layanannya gk lengah dgn pelayanan umum...ini sama aja merugikan orang byk Kalau untuk minta maaf itu gampang tapi harus lebih ditingkatkan pelayanannya. Pelayanan kai kurang memuaskan ini termasuk pelayanan kurang,1872619707523830095,,CommuterLine,in,,0,0,0,https://x.com/undefined/status/1872619707523830095,1671401075436564480,
1835676520716874160,Mon Sep 16 15:24:28 +0000 2024,0,@CommuterLine Halo min apakah bisa membantu saya? Ketinggalan topi GAP warna biru di Mushola St. Gondangdia ketika sholat magrib.,1835701292595114023,,CommuterLine,in,,0,1,0,https://x.com/undefined/status/1835701292595114023,1105904724,
1864834888714924341,Fri Dec 06 12:41:46 +0000 2024,0,@CommuterLine gak usah dicek min cuma mau nyampaiin kalau security Manggarai keren tetap tegas sama ketololan orang-orang tapi tetap humanis,1865013764086775998,,CommuterLine,in,,0,0,0,https://x.com/undefined/status/1865013764086775998,117678778,
1869543838710476810,Thu Dec 19 00:42:40 +0000 2024,0,@CommuterLine @KAI121 @perkeretaapian @kemenhub151 @KemenBUMN 5049 sudah telat skr ditahan disinyal masuk bekasi sudah 3 menit ditahan apa ini sudah sesuai jadwal @CommuterLine mana jawaban yg nyolot skr kok diem aja. 5049 sudah sesuai jadwal tidak ???,1869543838710476810,,CommuterLine,in,,0,0,0,https://x.com/undefined/status/1869543838710476810,798052439345668096,
1853018751329058952,Sun Nov 03 10:17:52 +0000 2024,0,@CommuterLine min ini di krl arah jakarta kota gerbong 5 ada ibu bawa balita sm ibu hamil tp gaada yg mau ngasih duduk petugasnya jg gaada di gerbong ini. minta tolong dibantu follow up ke petugasnya ya soalnya kasian ibunya turunnya jauh. skrg di depok tp gatau no rangkaiannya,1853018751329058952,,CommuterLine,in,,0,2,0,https://x.com/undefined/status/1853018751329058952,741104279424008192,
1830839045234254190,Tue Sep 03 05:23:38 +0000 2024,0,@CommuterLine ini pintu keluar masuk utara di stasiun bojong gede gak ada petugasnya apa yg jaga? Jadi susah mau minta tolong siapa . Ada petugas satpam datang bawa disabilitas baru di tolongin . Yg biasa jaga pake baju putihnya kok gapernah ada yaa . Tolong dong min,1830839045234254190,,CommuterLine,in,,0,1,0,https://x.com/undefined/status/1830839045234254190,1723708429536276480,
1872656632456622155,Fri Dec 27 14:51:48 +0000 2024,0,@CommuterLine @KAI121 Dari St Juanda ke St Depok 2 jam lebih berdiri seluruh petugas KAI tidak informatif memberitahukan gangguan yang terjadi mulai dari Masinis Security dll ternyata ada gangguan LAA (Listrik Aliran Atas) di Lenteng Agung kompensansi harusnya gratis tap out https://t.co/1AvalDXYri,1872656632456622155,https://pbs.twimg.com/media/Gf0DRoLbMAAZT9O.jpg,CommuterLine,in,,0,1,0,https://x.com/undefined/status/1872656632456622155,607782445,
1840574228833370515,Mon Sep 30 02:07:47 +0000 2024,0,@CommuterLine pelayanannya makin hari makin parah aja sering ketahan kipasnya panas bgt di rush hour. Sampe kantor lepek udah kaya org mandi.,1840574228833370515,,CommuterLine,in,,0,0,0,https://x.com/undefined/status/1840574228833370515,1139142107820544000,
1840572935347855859,Mon Sep 30 02:02:38 +0000 2024,0,@CommuterLine makin hari pelayanannya makin buruk aja kipasnya ga ada rasanya pelan bgt malah sampe kantor lepek bgt kek org mandi.,1840572935347855859,,CommuterLine,in,,0,1,0,https://x.com/undefined/status/1840572935347855859,1139142107820544000,
1843261445519335712,Mon Oct 07 12:05:49 +0000 2024,0,@CommuterLine KA 1992 Duri-Tangerang tidak ada pemberitahuan stasiun berikutnya atau tidak ada CS on train atau karena memang kendala fasilitas yang rusak?,1843261445519335712,,CommuterLine,in,,0,1,0,https://x.com/undefined/status/1843261445519335712,288121856,
1844088856423039123,Thu Oct 10 03:04:37 +0000 2024,0,@CommuterLine Stasiun Depok Baru banyak lansia yang kalau nyebrang lewat terowongan bawah tanah yang tangganya gak sedikit ditambah gak ada petugas yang standby dideket akses masuk terowongan,1844212411341078828,,CommuterLine,in,,0,1,0,https://x.com/undefined/status/1844212411341078828,258719403,
1869699590603345974,Thu Dec 19 11:01:34 +0000 2024,0,@CommuterLine mohon security menertibkan penumpang yang duduk di priority seats KRL. Jangan hanya lalu lalang ga jelas securitynya!,1869699590603345974,,CommuterLine,in,,0,1,0,https://x.com/undefined/status/1869699590603345974,1802180442717925376,
1843376045678047590,Fri Oct 11 02:16:46 +0000 2024,0,@CommuterLine @nunungahniar lah itu terus napa satpamnya nuntun Di tangga? apakah SOP untuk layanan bantuan lansia kurang tersampaikan dengan baik ke semua petugas wtau gimana nih?,1844562759373160830,,CommuterLine,in,,0,1,0,https://x.com/undefined/status/1844562759373160830,480362659,
1834571239484264748,Fri Sep 13 12:34:02 +0000 2024,0,@CommuterLine 1997A TNG-DURI ini drtd ada anak laki-laki bukan balita berisik di gerbong perempuan. security yang lewat dieeeem aja kalo anak gpp ya?,1834571239484264748,,CommuterLine,in,,0,1,0,https://x.com/undefined/status/1834571239484264748,229772756,
1849623731011985436,Fri Oct 25 01:27:16 +0000 2024,0,@CommuterLine Apakah bisa minta tolong tiap gerbong KRL Solo-Jogja tu dikasih nomor di dalam dan di luar rangkaian? Karena ada beberapa gerbong yang ga kebagian peron di stasiun tertentu. Ini akan membantu milih gerbong sebelum naik atau pindah gerbong sebelum turun kalo perlu.,1849623731011985436,,CommuterLine,in,,0,1,0,https://x.com/undefined/status/1849623731011985436,151350708,
1850185016711721059,Sat Oct 26 15:38:40 +0000 2024,0,@CommuterLine Maaf min gajadi hehehe. Kita udh dibantu sm pak satpamnya makasihh,1850200380925415472,,CommuterLine,in,,0,0,0,https://x.com/undefined/status/1850200380925415472,1127427740938846211,
1858338866987708480,Wed Nov 20 01:32:40 +0000 2024,0,@CommuterLine antri masuk manggarai dari tebet lama amat udah hampir 10 menit an ,1859047176573514254,,CommuterLine,in,,0,0,0,https://x.com/undefined/status/1859047176573514254,952766528,
1855046745069437388,Sat Nov 09 01:31:49 +0000 2024,0,@CommuterLine Tapi saya ga bisa naik kereta yang jam saya belii!!!! Gimana ini solusinyaaa!??? Satpamnya aneh banget masa kereta didepan mata ga dibolehin naik!!! Padahal kereta saya jam 8.27,1855060692828930484,,CommuterLine,in,,0,2,0,https://x.com/undefined/status/1855060692828930484,1710583803255894017,
1835579277758308437,Mon Sep 16 07:19:37 +0000 2024,0,@CommuterLine min ini kok satpamnya gaada ya? Di gerbong wanita ada bapak2 kalo bisa sih tiap gerbong wanita selalu standby security. Biar ga kaya begini https://t.co/mbLRuEt3Iu,1835579277758308437,https://pbs.twimg.com/media/GXlJnpYbgAAsW44.jpg,CommuterLine,in,,0,1,0,https://x.com/undefined/status/1835579277758308437,1460874465584181250,
1856838691706343812,Wed Nov 13 23:32:53 +0000 2024,0,@CommuterLine Green line telat lagi telat lagi. Dipikir green line tu isinya pengangguran ya min? Ga butuh kereta tepat waktu ya?????? Oh green line ni keretanya pengangguran gapapa telat mulu. Kalo Bekasi sama Bogor isinya pegawai jadi kudu on time. ,1856842703021175069,,CommuterLine,in,,0,3,0,https://x.com/undefined/status/1856842703021175069,154878109,
1843578150040768845,Tue Oct 08 15:40:17 +0000 2024,0,@CommuterLine @melindmelon Kalo punya karyawan tolong di bekali otak sama hati ya. Yaa di arahkan lah naik eskalator bangke bener pegawai @CommuterLine gaji doang gede otak dongo,1843677804891910351,,CommuterLine,in,,0,0,1,https://x.com/undefined/status/1843677804891910351,1261469436847861761,
1869894290421494144,Fri Dec 20 00:06:55 +0000 2024,0,@CommuterLine Tadi diinfo cs on train nya cuma tertahan kalo tertahan SOP nya cuma gitu aja? Ga disebut jelas alasannya apa? Better dijelasin deh drpd org nunggu udh pada sensi td org org. @CommuterLine,1869897232037912897,,CommuterLine,in,,0,1,0,https://x.com/undefined/status/1869897232037912897,1637817429744304128,
1858690475445907828,Mon Dec 16 01:01:14 +0000 2024,0,@CommuterLine jurusan sudirman kok jedanya kok lebih 10 menit,1868461348004536609,,CommuterLine,in,,0,0,1,https://x.com/undefined/status/1868461348004536609,952766528,
1844170399883591967,Thu Oct 10 01:13:04 +0000 2024,0,@CommuterLine Gatau min mungkin bisa dicek satu2 sm petugasnya nanti kedengeran pasti soalnya iklannya kenceng dan muter terus,1844184339665609133,,CommuterLine,in,,0,1,0,https://x.com/undefined/status/1844184339665609133,1064185183211900928,
1845629484386689217,Mon Oct 14 00:55:33 +0000 2024,0,@CommuterLine maaf kalau cupu dan gak berani negor sendiri tapi di kereta tangerang-duri pas di poris ada nenek-nenek naik di stasiun poris gerbong nomor 8 yang perempuan gak dikasih kursi sama sekitarnya petugasnya liat tapi malah pilih buat kabur ,1845629484386689217,,CommuterLine,in,,0,1,0,https://x.com/undefined/status/1845629484386689217,1386239491787034625,
1845989391384383533,Tue Oct 15 00:45:42 +0000 2024,1,@CommuterLine knp kereta bgr - jkt jadwal 7.20 baru brngkt 15 menit kemudian min? Knp CS on trainnya gk komunikatif gak ada pemberitahuan telat buat apa ada CS on train kalo gak komunikatif? Mana speaker kereta jelek bgt sember bagusnya klo buat iklan doang sampe polusi suara.,1845989391384383533,,CommuterLine,in,,0,0,0,https://x.com/undefined/status/1845989391384383533,967240399298244608,
1857893949584847284,Sat Nov 16 23:42:23 +0000 2024,0,@CommuterLine Selamat pagi kak admin KAI @CommuterLine mau mengucapkan terimakasih banyak buat bapak2 security kemaren ada 2 orang yang membantu saya memegang barang dan membantu naik ke KRL dan security di stasiun Bogor yang membantu saya turun krn saya punya sakit radang sendi,1857932255496384537,,CommuterLine,in,,0,1,0,https://x.com/undefined/status/1857932255496384537,1821547365712695296,
1858690475445907828,Mon Dec 16 01:01:28 +0000 2024,0,@CommuterLine manggarai sudirman,1868461408243081505,,CommuterLine,in,,0,0,0,https://x.com/undefined/status/1868461408243081505,952766528,
1868627465402466719,Mon Dec 16 12:01:19 +0000 2024,0,@CommuterLine tolong perhatiannya. Di sta tg barat di jalur tunggu ke bogor ada lampu gantung yg mo jatuh sdh goyang2. Waktu terlihat sy sdh mau masuk kereta jd ga sempet ngomong sm security nya. Takut jatuh kna org. Sekitar 20 m dr gerbang tap card dr tg barat ke kanan.,1868627465402466719,,CommuterLine,in,,0,1,0,https://x.com/undefined/status/1868627465402466719,1471236176,
1846136943140393363,Tue Oct 15 13:45:24 +0000 2024,1,@CommuterLine minta tolong id card pegawai saya jatuh sekitar krl duri-poris kalau ada yg menemukan dm aku,1846185609016365460,,CommuterLine,in,,0,2,0,https://x.com/undefined/status/1846185609016365460,1266351262070534144,
1852266493775614145,Fri Nov 01 08:28:40 +0000 2024,0,@CommuterLine @KAI121 kereta arjonegoro AC nya tidak kerasa sama sekali min mhon bisa ditingkatkan pelayanannya,1852266493775614145,,CommuterLine,in,,0,2,0,https://x.com/undefined/status/1852266493775614145,1661414350874365954,
1842167678959833113,Fri Oct 04 11:39:35 +0000 2024,0,@CommuterLine min itu tanah abang koordinasi staffnya di perbaiki dong. Turun kereta diarahin yang mau naik suruh ke eskalator sampe eskalator di blg khusus turun. Gmn dah,1842167678959833113,,CommuterLine,in,,0,0,0,https://x.com/undefined/status/1842167678959833113,1674933696,
1841747454485840045,Fri Oct 04 01:05:44 +0000 2024,0,@CommuterLine manggarai sudirman jlr 1 nggak jalan2 nunggu apa padahal jlr 2 udah dateng,1842008166986613096,,CommuterLine,in,,0,3,0,https://x.com/undefined/status/1842008166986613096,952766528,
1850157718520446988,Sat Oct 26 12:59:57 +0000 2024,0,@CommuterLine wahh terima kasih bnyak ya kak min informasinya detail. sangat membantu sekali kak min ,1850160436483948929,,CommuterLine,in,,0,1,0,https://x.com/undefined/status/1850160436483948929,617778852,
1834844215043670065,Sat Sep 14 06:38:45 +0000 2024,0,@CommuterLine kok fasilitasnya menurun sih? Masa dari Malkot hingga Tanggulangin gak ada announcement pemberhentian stasiun tolong diperbaiki dong fasilitas sama pegawainya. Untung aku sering naik coba kalau first time naik bisa salah turun stasiun‍ https://t.co/JgQYdOtQU9,1834844215043670065,https://pbs.twimg.com/media/GXatFwHa8AA6V2J.jpg,CommuterLine,in,,0,0,0,https://x.com/undefined/status/1834844215043670065,1794204003380944896,
1865685620955517179,Sun Dec 08 09:11:29 +0000 2024,0,@CommuterLine Dear CS KAI Commuter saya sudah melakukan pembatalan kereta bandara melalui https://t.co/QNu3LNhDFx tapi belum mendapatkan email konfirmasi. Apakah dapat dibantui dicek proses pembatalan ini?,1865685620955517179,,CommuterLine,in,,0,1,0,https://x.com/undefined/status/1865685620955517179,1345204804092477440,
1841262442657251814,Tue Oct 01 23:42:29 +0000 2024,0,@CommuterLine tolong dong petugas di tnh abang tuh jangan cuman berdiri doangg kasih tau penumpang yg naik eskalator sisi kanan tuh dipake buat jalan bukan diemmm aja petugasnya juga diem2 ajaaa gmna dah ngapain klo ada petugas klo ga diksih tau :))) https://t.co/CjwDR6Ig7r,1841262442657251814,https://pbs.twimg.com/media/GY16asWaIAAQOLF.jpg,CommuterLine,in,,0,1,0,https://x.com/undefined/status/1841262442657251814,1429791446345805829,
1832468686004953551,Sat Sep 07 17:19:15 +0000 2024,0,@CommuterLine parah bgt security stasiun kebayoran hp temen gue mati dan dia gabisa pesen go transit dan kondisinya itu udah kereta terakhir malah sempet-sempetnya sok galak dan ga bantuin apa-apa bok ya yaudah sih tap-in aja buat temen gue,1832468686004953551,,CommuterLine,in,,0,1,0,https://x.com/undefined/status/1832468686004953551,437347303,
1842909020937667053,Sun Oct 06 12:45:24 +0000 2024,0,@CommuterLine min sebenernya di area stasiun tuh boleh ngerokok ga si? soalnya tadi saya keganggu banget di stasiun jatinegara ada yg ngerokok di tempat security peron 5 sekitar jam 13.30 an,1842909020937667053,,CommuterLine,in,,0,2,0,https://x.com/undefined/status/1842909020937667053,272794939,
1838534061528174797,Tue Sep 24 11:00:53 +0000 2024,0,@CommuterLine tolong di briefing lagi satpamnya min kalau ngumumin jangan misinformasi bilangnya 12 gerbong taunya 10 gerbong kan jadi gak kebagian saya ngantrinya di gerbong 12. Sering banget kayak gini jadi trust issue sama satpamnya.,1838534061528174797,,CommuterLine,in,,0,1,0,https://x.com/undefined/status/1838534061528174797,130677707,
1845960084058493034,Mon Oct 14 23:06:08 +0000 2024,0,@CommuterLine Gabisa tap in di gate parkiran. ga ada petugas yg sigap. Walau sama mesin bisa ga masih ada yg standby. Ada sih petugas tp jauh dan bergerombol malah ngobrol jadi ga aware kalau ada pelanggan yg butuh bantuan,1845964336902426905,,CommuterLine,in,,0,1,0,https://x.com/undefined/status/1845964336902426905,137697549,
1831356808172392870,Wed Sep 04 15:41:02 +0000 2024,0,@CommuterLine kronologinya dikarenakan laki-laki tersebut adu mulut dengan security st manggarai yang menyebabkan kurang nyaman bagi costumer krl yang pada akhirnya sempat adu mulut dengan pengguna krl lainnya.,1831356808172392870,,CommuterLine,in,,0,2,0,https://x.com/undefined/status/1831356808172392870,1749239715805769728,
1854535276569448913,Thu Nov 07 17:19:00 +0000 2024,0,@CommuterLine Percuma saya bayar pajak dan ditambah bayar tiket yg mahal kalo pelayanannya masih di bawah standar. Paling tidak tepat waktu lah.,1854574284917932066,,CommuterLine,in,,0,0,0,https://x.com/undefined/status/1854574284917932066,38447137,
1850334842103414889,Sun Oct 27 05:04:25 +0000 2024,0,@CommuterLine @readingauinhere @KAI121 Yang begini sering lo masa nggak ada solusi selain minta maaf? Saya sendiri tiap jumat dan minggu standby di jam 00.00 dan selalu begini. Tolong lah jangan didiemin dan minta maaf mulu apalagi suruh kita clear cache lah instal ulang lah itu bukan solusi.,1850403156414677202,,CommuterLine,in,,0,0,0,https://x.com/undefined/status/1850403156414677202,137687006,
1862776578683580780,Sat Nov 30 08:40:05 +0000 2024,0,@CommuterLine nggak tau ini baru di bohong gede mau arah citayam dr bogor bau duren nya udah berkurang tp ttp aj bikin nggak nyaman security drtd ngumpul d situ tp cm lewat2 doang pdhl jelas kecium bau duren waktu mrk lewat tp nggak ada yg mau tegur https://t.co/a9ffFYy62h,1862778617392181441,https://pbs.twimg.com/media/GdnrRdubYAAoRFO.jpg,CommuterLine,in,,0,1,0,https://x.com/undefined/status/1862778617392181441,49873540,
1858873586548961361,Tue Nov 19 14:02:53 +0000 2024,2,@CommuterLine tolong ini dibilangin gak mau ngerti..dan petugasnya tidak terlihat apalagi menegur.. ini berbahaya.. dia stay diantara gerbong.. tolong ditertibkan.. yang begini banyak dan sering ditemukan.. @KemenBUMN @KAI121 @DitjenKA @kemenhub151 https://t.co/XdCkmOwbQQ,1858873586548961361,https://pbs.twimg.com/media/GcwLqyMbcAIHxx8.jpg,CommuterLine,in,,0,1,0,https://x.com/undefined/status/1858873586548961361,380962412,
1840069400474649027,Sat Sep 28 16:41:46 +0000 2024,0,@CommuterLine ini ada kucing di rel kereta antara peron 10-11.. security nya jauh jadi ga bisa panggilin https://t.co/TRibFOarkA,1840069400474649027,https://pbs.twimg.com/media/GYk9XEeasAIDzrV.jpg,CommuterLine,in,,0,1,0,https://x.com/undefined/status/1840069400474649027,210286248,
1839067552464646250,Wed Sep 25 23:25:23 +0000 2024,0,@CommuterLine Mksdnya biasanya udh standby dr jam 04.55 tp skr baru langsir jam 05.13 peronnya jd penuh sama penumpang yg mau naik jam 05.15,1839083810186735960,,CommuterLine,in,,0,1,0,https://x.com/undefined/status/1839083810186735960,58730952,
1833089482549301603,Mon Sep 09 10:49:54 +0000 2024,0,@CommuterLine @KAI121 Udah dicek kak dibantu sama petugasnya juga. Tapi masih begitu kak. Padahal aku tanya temenku dia bisa pake flazz buat naik krl,1833095481842700328,,CommuterLine,in,,0,5,0,https://x.com/undefined/status/1833095481842700328,1091290869813075969,
1663155502065545216,Mon May 29 12:09:06 +0000 2023,0,@CommuterLine halo. Eskalator di Tanah Abang peron 5/6 apakah sudah selesai diperbaiki? Karna sangat chaos tadi Senin pagi sampai ngantri 10 menit (total 15 menit cuma buat nyebrang ke peron 3). Terima kasih,1663155502065545216,,CommuterLine,in,,0,1,0,https://x.com/undefined/status/1663155502065545216,35711897,
1737630099128893885,Thu Dec 21 00:24:33 +0000 2023,0,@CommuterLine ini kenapa kereta jalannya lambat skali dan berhentinya lama skali ya? 1651 rangkas - tanahabang harusnya 07:25 sudah di kebayoran. 07:23 masih di jurangmangu. Gak ada pemberitahuan. Kacau lu,1737630099128893885,,CommuterLine,in,,0,1,1,https://x.com/undefined/status/1737630099128893885,67869916,
1736552661707870339,Mon Dec 18 01:03:12 +0000 2023,0,@CommuterLine KA1163B masinis atas nama pak catur gua tandain lu anjir sumpah keretanya gangguan+bawanya ugal2an ngerem mendadak bgt sampe gua jatoh ketiban orang banyak seisi kereta semua jatoh https://t.co/L5dz6LCI7u,1736552661707870339,https://pbs.twimg.com/media/GBl5cIJbUAA3LQe.jpg,CommuterLine,in,,0,0,0,https://x.com/undefined/status/1736552661707870339,2466172531,
1668580258831024129,Tue Jun 13 11:25:09 +0000 2023,4,@CommuterLine pelayanan kacau banget ini di stasiun sudirman ini orang antri di dalem gate diluar gate atas bawah stasiun sudirman!!!!! https://t.co/WFuhjJ7Mnp,1668580258831024129,https://pbs.twimg.com/ext_tw_video_thumb/1668580152383791104/pu/img/lS7R6oWqPMHwXmCu.jpg,CommuterLine,in,,3,3,5,https://x.com/undefined/status/1668580258831024129,83056619,
1643757112047333376,Wed Apr 05 23:45:12 +0000 2023,2,@CommuterLine Min tp ga diturunin di Jalur 4 juga gerbong cewe paling belakang kasian min mesti hati2 banget. Jalan sempit masih banyak tiang tiang. Ada yang bolong ditutupin triplek kalo keinjek orang yang grabak grubuk gimana https://t.co/iABh1jcmqt,1643761738750525440,https://pbs.twimg.com/media/Fs_QlOcaEAA6_By.jpg,CommuterLine,in,,0,2,1,https://x.com/undefined/status/1643761738750525440,71248371,
1653911640713342976,Wed May 03 23:57:17 +0000 2023,13,@CommuterLine kacau bgt jadwalnya!!! 5:20 dari Bogor ini 6:56 nyentuh Gambir aja belum!! Pagi2 udah bikin kesel aja ya KAJJ terus diprioritaskan lu kira yg naik KRL juga gak punya kepentingan?,1653911640713342976,,CommuterLine,in,,1,2,5,https://x.com/undefined/status/1653911640713342976,1446866824864227329,
1664558864619143170,Fri Jun 02 10:29:08 +0000 2023,1,@CommuterLine Ngeri banget klu senin msh kayak gini jadwal apa ga bakalan chaos itu pas jam plg kerja... Semua pd ga sesuai jadwal jalannya ️,1664579898814664705,,CommuterLine,in,,0,1,0,https://x.com/undefined/status/1664579898814664705,72212155,
1653988030125051906,Thu May 04 07:31:48 +0000 2023,0,@CommuterLine @keqing_turu Yaa masa ga ada solusi. Sangat merugikan user ini mah. Kacau,1654026022613032962,,CommuterLine,in,,0,0,0,https://x.com/undefined/status/1654026022613032962,211808584,
1710703659917647985,Sat Oct 07 17:42:09 +0000 2023,0,@CommuterLine @KAI121 Tolong lah jadi perbaikan min sbg pengguna setia KAI kok rasanya gak didengerin sm sekali ya sejak kalian ganti interface jd kacau gini lho jadwalnya yuk lah diperbaiki lagi,1710712127063994625,,CommuterLine,in,,0,1,0,https://x.com/undefined/status/1710712127063994625,202699854,
1701443062415896977,Tue Sep 12 04:55:10 +0000 2023,1,@CommuterLine kacau. meeting di Bandung pilih kereta biar gk delay malah begini jadi nya,1701459412903514499,,CommuterLine,in,,0,0,0,https://x.com/undefined/status/1701459412903514499,778169170877972480,
1653935534321053698,Thu May 04 01:32:14 +0000 2023,0,@CommuterLine kacau bgt krl hari ini ketahan lebih dari 30 menit naik kereta 6.45 jam 8.30 masih ketahan di gambir ini bakal tiap hari kayak gini?,1653935534321053698,,CommuterLine,in,,0,2,0,https://x.com/undefined/status/1653935534321053698,54102705,
1663595477722628096,Sat Jun 17 16:49:25 +0000 2023,0,@CommuterLine Tolong lah min di perbaiki lagi untuk jadwalnya biar ga kacau balau lagi min Terima kasih.,1670111415561252865,,CommuterLine,in,,0,1,0,https://x.com/undefined/status/1670111415561252865,1211106912437039104,
1660453724173762561,Mon May 22 01:13:12 +0000 2023,0,@CommuterLine kenapa bekasi-kp bandan makin kesini gerbong nya makin dikurangin dahh asli tiap hari makin kayak pepes ajaaamakin kesini bukan makin bener malah jd amburadul kacau bgt dah ah,1660453724173762561,,CommuterLine,in,,0,1,0,https://x.com/undefined/status/1660453724173762561,1362176484,
1662602525684699136,Sat May 27 23:59:14 +0000 2023,0,@CommuterLine Dgn kondisi model skrng rasanya ngeri bg para difabel terutama jam sibuk..kecuali penumpukan di Manggarai diurai dgn jadwal bekasi-jakarta kita via senen dibuka lagi dan Depok-jatinegara di adakan lagi..,1662609436744224768,,CommuterLine,in,,0,1,0,https://x.com/undefined/status/1662609436744224768,1232854098711580673,
1703925335514066990,Tue Sep 19 02:10:11 +0000 2023,0,@CommuterLine @raeyozin Ganti gak jadwal GAPEKA lo yang kampret ini semenjak lo ganti kereta kacau udh bertahun2 pake sebelumnya lo malah bikin kacau yg sekarang,1703954611038740486,,CommuterLine,in,,0,0,0,https://x.com/undefined/status/1703954611038740486,150511809,
1703917404508860805,Tue Sep 19 00:25:42 +0000 2023,0,@CommuterLine @nanayevol kacau ni telatnya sampe 30menit jadi evaluasi kedepan dong! jadi telat banget,1703928317022531836,,CommuterLine,in,,0,1,0,https://x.com/undefined/status/1703928317022531836,268253122,
1655367685377773569,Mon May 08 00:23:06 +0000 2023,1,@CommuterLine kacau deh KCI kereta gapernah Ontime selalu terlambat penempatan tujuan dan jamnya juga enggak terorganisir. orang harus nunggu 30-40 menit baru dapat kereta padahal Rush Hours,1655367685377773569,,CommuterLine,in,,0,1,0,https://x.com/undefined/status/1655367685377773569,797757606,
1666392950505603072,Wed Jun 07 10:33:34 +0000 2023,1,@CommuterLine kok jadi tambah kacau jadwal barunya. Sebelumnya semua jadwal tepat waktu skrg malah jadi molor dan ga sesuai jadwal. Kereta kemayoran-cikarang pake ngantri di senen sampai 20 menit. Sebelumnya ga pernah,1666392950505603072,,CommuterLine,in,,0,1,1,https://x.com/undefined/status/1666392950505603072,146434938,
1719247387708064084,Tue Oct 31 09:38:40 +0000 2023,0,@CommuterLine Wah malah jd pd maju. Kacau ,1719287763558891919,,CommuterLine,in,,0,0,0,https://x.com/undefined/status/1719287763558891919,37405752,
1720239105752347054,Fri Nov 03 00:38:57 +0000 2023,0,@CommuterLine ampas bener sistemnya kacau telat mulu!!!,1720239105752347054,,CommuterLine,in,,0,0,0,https://x.com/undefined/status/1720239105752347054,327447654,
1663595477722628096,Wed May 31 00:35:24 +0000 2023,1,@CommuterLine @CommuterLine Gada ngaruh apa apa penambahan krl malah kacau gini banyak yang batal ,1663705703423578114,,CommuterLine,in,,0,0,0,https://x.com/undefined/status/1663705703423578114,1602435599184510976,
1663595477722628096,Thu Jun 08 01:01:09 +0000 2023,0,@CommuterLine ahh jadwal baru malah kacau dari jam 7 pagi d tanah abang 3 kereta lewat cuma sampe angke.. yg lewat bandan ada stngh 8 udh gitu lama bgt masuk antrian k bandan ada kali 10 menit !! brgkt pagi biar ga telat terasa sia² !!!!,1666611285054861312,,CommuterLine,in,,0,1,0,https://x.com/undefined/status/1666611285054861312,862679502,
1609332531891142656,Tue Jan 03 12:53:27 +0000 2023,0,@CommuterLine Ini sudirman-manggarai lewat jam 18.00 nunggunya lama banget ampe setengah jam astagah mau naik tarif kok malah jadi kacau,1610258035691356163,,CommuterLine,in,,0,0,1,https://x.com/undefined/status/1610258035691356163,220364494,
1686914574874968069,Thu Aug 03 01:39:10 +0000 2023,0,@CommuterLine harusnya jam 8.09 dah sampe sudirman tapi baru sampe jam 8.36 di St sudirman. kacau !!!! https://t.co/QKzdFxwOSm,1686914574874968069,https://pbs.twimg.com/media/F2kf3KcbgAIBJqo.jpg,CommuterLine,in,,0,1,0,https://x.com/undefined/status/1686914574874968069,1481226610556936193,
1636521365758173184,Fri Mar 17 01:00:17 +0000 2023,4,@CommuterLine @tobiin @KAI121 publikasikan aja min biar yg parno covid ama yg ga pede mukanya jelek urus diri sendiri n ga rese ama yg butuh oksigen.,1636532877419749376,,CommuterLine,in,,0,5,2,https://x.com/undefined/status/1636532877419749376,259710952,
1631638424817127424,Fri Mar 03 12:51:29 +0000 2023,0,@CommuterLine manggarai gagal. Flow ny kacau. Tolong benahi plis ajg,1631638424817127424,,CommuterLine,in,,0,1,0,https://x.com/undefined/status/1631638424817127424,153659659,
1657290722264100865,Sat May 13 08:20:35 +0000 2023,1,@CommuterLine Kacau banget dari jam 2 di Bekasi jam segini baru di cakung,1657299789468536838,,CommuterLine,in,,0,2,0,https://x.com/undefined/status/1657299789468536838,1468181567134523399,
1663595477722628096,Wed Jun 21 01:31:12 +0000 2023,0,@CommuterLine Tolong dong dikaji ulang jadwal baru nya. Kacau bgt. Mau sampe kapan para penumpang jd ikan pindang gini?,1671329891978190849,,CommuterLine,in,,0,1,0,https://x.com/undefined/status/1671329891978190849,1269129421,
1666983638645493760,Fri Jun 09 01:40:45 +0000 2023,0,@CommuterLine dah buat jadwal baru kacau kereta di tahan mulu lagi jadwal ga ada yg on time. Bukan pelayanan makin bagus malah kacau https://t.co/Irt4BwPC8u,1666983638645493760,https://pbs.twimg.com/tweet_video_thumb/FyJQv_FaIAMJfFc.jpg,CommuterLine,in,,0,2,0,https://x.com/undefined/status/1666983638645493760,83056619,
1651348253445877761,Thu Apr 27 00:12:35 +0000 2023,0,@CommuterLine Kacau ah jam padet dah nyubuh telat aja gawe sueee,1651378772053233664,,CommuterLine,in,,0,0,0,https://x.com/undefined/status/1651378772053233664,598313145,
1627469359177404417,Tue Feb 21 19:49:38 +0000 2023,0,@CommuterLine @artonpower Kalo saya yg turun di situ sambil gendong balita ngeri kak mepeg bener. Tolong keluhan pelanggan direkap dan disampaikan ya kak ke atasannya,1628119776890617856,,CommuterLine,in,,0,0,0,https://x.com/undefined/status/1628119776890617856,200465034,
1657945405391527942,Mon May 15 04:01:46 +0000 2023,0,@CommuterLine Kacau saya cek sendiri ini memang D1/13579 ga ada di pdf jadwal. Tapi kenapa di KRL Access ada? Tolong lah ini kalo emang sadar ga ada ya delete kek di KRL Access https://t.co/RiM0Ii1YwQ,1657959431500623872,https://pbs.twimg.com/media/FwJBURmaAAEBc9c.jpg,CommuterLine,in,,0,1,0,https://x.com/undefined/status/1657959431500623872,159736173,
1727506817272750208,Thu Nov 23 01:58:15 +0000 2023,0,@CommuterLine pagi ini Jalur Serpong ke Tanah Abang kacau banget. Cek jadwal ada yang 8.51 ini udah lewat 7 menit masih ga muncul juga buset,1727506817272750208,,CommuterLine,in,,0,1,1,https://x.com/undefined/status/1727506817272750208,226465727,
1648144369365684225,Tue Apr 18 02:00:13 +0000 2023,4,@CommuterLine ini di manggarai gak ada peronnya tapi kok kebuka deh pintu sebelahnya? Perasaan dulu ngga gini aga ngeri loh https://t.co/vgWzK634PG,1648144369365684225,https://pbs.twimg.com/ext_tw_video_thumb/1648144278286368768/pu/img/lZqrBt0PW2k6gc29.jpg,CommuterLine,in,,0,2,1,https://x.com/undefined/status/1648144369365684225,44549102,
1701377448695525753,Mon Sep 11 23:29:28 +0000 2023,0,@CommuterLine Kereta nambo skrg cuma 8 gerbong ac ga nyala .. kacau lu,1701377448695525753,,CommuterLine,in,,0,1,0,https://x.com/undefined/status/1701377448695525753,244492726,
1668220873491484672,Thu Jun 15 00:15:03 +0000 2023,0,@CommuterLine Saya sebagai penumpang setelah adanya transit dinmanggarai kacau dorong dorongan saya rasa kalo blm aa insiden dorongan KAI blm ada reaksi ..mending diadakan Jalaur dari Bogor ke tanabang ..karena saya yakin penumpang dari Bogor lebih padat,1669136401223544832,,CommuterLine,in,,0,1,0,https://x.com/undefined/status/1669136401223544832,1632906974793973762,
1666960815864569857,Fri Jun 09 00:31:50 +0000 2023,1,@CommuterLine Gapeka 2023 jadwal jd kacau min banyak telatnya. KA prp-thb. Revisi aja,1666966296389636098,,CommuterLine,in,,0,1,0,https://x.com/undefined/status/1666966296389636098,73320695,
1719536958127694153,Wed Nov 01 02:08:52 +0000 2023,0,@CommuterLine kebiasaan bgt tiap pagi dari Cikarang - Angke selalu ngetem ±30 menit di Bekasi Timur. Tolong diperbaiki dong min jadwalnya. Waktu kedatangan keretanya telat eh di jalan juga parah bgt. Kacau deh,1719536958127694153,,CommuterLine,in,,0,1,0,https://x.com/undefined/status/1719536958127694153,1336613124707766272,
1633628033230974976,Thu Mar 09 00:45:49 +0000 2023,0,@CommuterLine kacau banget sumpahh berasa di prank mulu jirr ,1633630132865998848,,CommuterLine,in,,0,0,0,https://x.com/undefined/status/1633630132865998848,64356187,
1672145930861301760,Fri Jun 23 09:14:33 +0000 2023,0,@CommuterLine Ya ampun ini keretanya kok sendat2 ya kak jadi parno ,1672171274167275520,,CommuterLine,in,,0,0,0,https://x.com/undefined/status/1672171274167275520,145644178,
1671035973831135234,Tue Jul 04 11:12:17 +0000 2023,0,@CommuterLine Kacau benar...ngetem lagi di rajawali.... Sprtinya jadwal kajj @KAI121 yg berantakan sampai membuat KRL di rush hour ngetem lama.,1676187169264910336,,CommuterLine,in,,0,0,0,https://x.com/undefined/status/1676187169264910336,3329029736,
1663595477722628096,Fri Jun 02 09:03:05 +0000 2023,0,@CommuterLine Informasinya baik sih min detail banget yang PDF cuman kalau boleh nih min masukan buat TIM nya. kalau gak cukup dibagi 2 aja ukurannya sampe kecil kecil banget ini aku ngeprint masih enggak kelihatan jelas kacau deh.,1664558241035210752,,CommuterLine,in,,0,1,0,https://x.com/undefined/status/1664558241035210752,797757606,
1683656326646497281,Tue Jul 25 01:58:12 +0000 2023,0,@CommuterLine Wah kacau sih,1683657875175149568,,CommuterLine,in,,0,0,0,https://x.com/undefined/status/1683657875175149568,147109423,
1635069962816733184,Mon Mar 13 00:24:01 +0000 2023,0,@CommuterLine kacau ,1635074196144553992,,CommuterLine,in,,0,0,0,https://x.com/undefined/status/1635074196144553992,577045245,
1664448346529079296,Fri Jun 02 01:46:24 +0000 2023,0,@CommuterLine kacau kacauuu ketahan teruss cawang-tebet skrg tebet-manggara. Hadehhhhh lihat jadwal malah gitu gimana siii https://t.co/B3hrl5fHme,1664448346529079296,https://pbs.twimg.com/media/FxlO72hacAEbMcA.jpg,CommuterLine,in,,0,0,0,https://x.com/undefined/status/1664448346529079296,310799457,
1634425166255243264,Sat Mar 11 13:56:00 +0000 2023,0,@CommuterLine @yrcfsj Tolong min dipercepat untuk tambah gerbong wanita.. soalnya temen yg pakai KRL bisa tiap bulan kena pelecehan.. bener2 ngeri.. tp ga punya pilihan lain selain naik KRL krna rumahnya jauh..,1634553764018532352,,CommuterLine,in,,0,0,0,https://x.com/undefined/status/1634553764018532352,69000570,
1666061698078498816,Tue Jun 06 12:37:17 +0000 2023,0,@CommuterLine sejak perubahan jadwal. Krl bekasi kemayoran maupun sebaliknya kacau bgt. Ga sesuai sama di jadwal aplikasi. Terlalu mengecewakan. Mau heran tp udh terbiasa kecewa sama jadwalnya,1666061698078498816,,CommuterLine,in,,0,1,0,https://x.com/undefined/status/1666061698078498816,1576665846683815936,
1656237831143198721,Wed May 10 10:00:45 +0000 2023,0,@CommuterLine kenapa sekarang kereta jadi tambah kacau jadwal tiap hari beda2. Jam ngaret2. Kereta 8 gerbong semua. Jarak antar kereta bisa 10-15 menit di jam pulang kantor. Aplikasi/papan jadwal sama kenyataan ga sesuai. Dan ini di jam pulang kantor. Orang numpuk di St. Cawang,1656237831143198721,,CommuterLine,in,,0,1,0,https://x.com/undefined/status/1656237831143198721,82091722,
1666998483101044737,Fri Jun 09 02:39:44 +0000 2023,0,@CommuterLine sy pengguna harian dr stasiun bekasi jadwal baru sungguh kacau jadwal di aplikasi tdk terbukti di kenyataan. Jadwal berendeng arah manggarai dr cikarang tp yg dr bekasi nunggu setengah jam lebih br dtg dan berangkatnya telat pula sedih pisan kaum komuter ini ,1666998483101044737,,CommuterLine,in,,0,1,0,https://x.com/undefined/status/1666998483101044737,117609068,
1663595477722628096,Sun Jun 04 12:54:45 +0000 2023,4,@CommuterLine Bisa bisa nya kereta boo - Jakk sampai manggarai balik lagi ke Boo. Pindah jalur lagi kan di mri. kacau gapeka terbaru. Semoga yang bikin gapeka hidup nya sulit lahir batin. Sekian trims,1665341320314122240,,CommuterLine,in,,0,1,1,https://x.com/undefined/status/1665341320314122240,1894387064,
1666795944065761280,Thu Jun 08 14:54:13 +0000 2023,0,@CommuterLine jadwalnya itu lho kacau.. ga ramah banget.. mending di balikin aja lah seperti sebelumnya coba yang bikin jadwal tuh ya riset dulu terjun langsung ke lapangan.. kondisi lapangan gimana tau jam jam chaos sama kepadatan masing² stasiun,1666820932743352321,,CommuterLine,in,,0,0,0,https://x.com/undefined/status/1666820932743352321,825380604522885120,
1684721618126598144,Fri Jul 28 00:25:09 +0000 2023,0,@CommuterLine kacau banget jadwal 4017 kampung bandan via pasar senen. Udah beberapa hari lho ini dibenahin dong harusnya 07.14 jadi 07.30. Ckckck Eskalator st klender baru sudah dikomplain juga gaada perubahan belum ditangani juga. Kacau bangett,1684721618126598144,,CommuterLine,in,,0,2,0,https://x.com/undefined/status/1684721618126598144,1488731480171814921,
1663595477722628096,Wed Jun 14 14:09:43 +0000 2023,0,@CommuterLine Jadwal baru lu gak jelas bro. Gak sesuai sama jadwal. Bikin kacau waktu perjalanan orang ‍,1668984061249896448,,CommuterLine,in,,0,1,0,https://x.com/undefined/status/1668984061249896448,561204109,
1679066078864105472,Wed Jul 12 09:52:03 +0000 2023,2,@CommuterLine Rush hour sore di Sudirman arah Manggarai enggak ada kereta. Makin sini kerja kalian makin kacau. https://t.co/ahsb4fEBMN,1679066078864105472,https://pbs.twimg.com/media/F009sgtaMAAO7L5.jpg,CommuterLine,in,,0,2,1,https://x.com/undefined/status/1679066078864105472,96272242,
1643818309761253376,Thu Apr 06 03:30:00 +0000 2023,0,@CommuterLine pagi ini chaos Pak @andre_rosiade Yang Mulia.,1643818309761253376,,CommuterLine,in,,0,0,0,https://x.com/undefined/status/1643818309761253376,52099964,
1724574231789514974,Wed Nov 15 00:18:10 +0000 2023,0,@CommuterLine @RezaRatm @KAI121 @perkeretaapian Beberapa bulan lalu aman min. Jdwl kereta kalaupun ada keterlambatan ga sampe lebih dari 15 menit walau dr Bekasi Timur ke Bekasi ada perlintasan sebidang. Sekarang setiap hari jadwal kacau telat di atas 15 menit. Selalu mendahulukan KAJJ. Kapan diperbaiki min jdwlnya?,1724582529733480734,,CommuterLine,in,,0,0,0,https://x.com/undefined/status/1724582529733480734,97839763,
1665680432182984704,Mon Jun 05 11:22:16 +0000 2023,1,@CommuterLine pergi sm pulang sama aja.. Sama2 chaos!!! https://t.co/hPhwT82wJN,1665680432182984704,https://pbs.twimg.com/ext_tw_video_thumb/1665680405088067585/pu/img/ii-Dvfi2TRLFBDzP.jpg,CommuterLine,in,,0,1,2,https://x.com/undefined/status/1665680432182984704,199520582,
1732219626074091596,Wed Dec 06 02:05:16 +0000 2023,0,@CommuterLine min dr Rawabuaya kereta yang 8:11 kok ga dateng ? Malah dateng yang 8:27. FYI di Duri jd chaos bgt membludak min. Sama saran dong Duri kan stasiun Transit yg lumayan gede ya kenapa Eskalator naik dan turun masing2 cuman 1 min ? Tolong di tambah lg eskalatornya ,1732219626074091596,,CommuterLine,in,,0,1,0,https://x.com/undefined/status/1732219626074091596,866132053,
1731662512545038625,Mon Dec 04 13:11:30 +0000 2023,0,@CommuterLine akhirnya video laporanku ttg pohon dipo yg terlalu rindang lgsg direspon dg baik dan cepat lapor tgl 26/11 besoknya tgl 27/11 lgsg diTL ditebang2in pohonnya dg 6 petugas langsung walopun sayang sih sampah dedaunannya masih ditinggal ngeri banyak hewan melata https://t.co/jNvTj7Skco,1731662512545038625,https://pbs.twimg.com/ext_tw_video_thumb/1731662393581944832/pu/img/RhTSZIqs-0bB3DOL.jpg,CommuterLine,in,,0,0,0,https://x.com/undefined/status/1731662512545038625,96264330,
1716764935588606331,Tue Oct 24 10:33:51 +0000 2023,0,@CommuterLine kalau bikin Gapeka yg bener aja dong! Masa dijam rush hour Jakarta - Bogor Selisih kereta hampir 10 menit dan cuman 8 Rangkaian. KACAU!,1716764935588606331,,CommuterLine,in,,0,1,0,https://x.com/undefined/status/1716764935588606331,415253381,
1663595477722628096,Wed Jun 14 11:09:24 +0000 2023,0,@CommuterLine Kacau jadwalmu nyet !!!,1668938682785738753,,CommuterLine,in,,0,0,0,https://x.com/undefined/status/1668938682785738753,3329029736,
1644149853939974146,Fri Apr 07 02:26:48 +0000 2023,0,@CommuterLine Belum chaos ini mah masih 87juta dari 273.8juta penduduk Indonesia ayo maksimalkan sampai keluar² gerbong jadi manusia penyet ,1644164793069375488,,CommuterLine,in,,0,0,0,https://x.com/undefined/status/1644164793069375488,353529152,
1668580781021868033,Tue Jun 13 11:29:30 +0000 2023,0,@CommuterLine Boong ah masa jalur Kp Bandan-Bekasi yg chaos. Sudirman full ini,1668581356643962881,,CommuterLine,in,,0,0,0,https://x.com/undefined/status/1668581356643962881,83116278,
1665663212249927680,Mon Jun 05 11:45:17 +0000 2023,0,@CommuterLine Makin kacau st manggari penuh,1665686225850880000,,CommuterLine,in,,0,0,0,https://x.com/undefined/status/1665686225850880000,55499992,
1728176465597120581,Sat Nov 25 01:20:20 +0000 2023,0,@CommuterLine @farrrawaayy Kacau amat! Orang mau kerja gak bisa!,1728222050282811688,,CommuterLine,in,,0,0,0,https://x.com/undefined/status/1728222050282811688,1144206292409389057,
1663595477722628096,Fri Jun 09 11:45:31 +0000 2023,0,@CommuterLine jadwal baru kok malah kacau nih. keretanya gak nambah rute nambah panjang ya. bikin sengsara aja min. https://t.co/Gu6yBEV5Lq,1667135833697325056,https://pbs.twimg.com/media/FyLbL5MaYAELYiM.jpg,CommuterLine,in,,0,2,0,https://x.com/undefined/status/1667135833697325056,106019637,
1626009177935200258,Thu Feb 16 00:02:52 +0000 2023,0,@CommuterLine tolong banget dipertimbangin masukan ini: untuk stasiun rawabuntu TOLONG BANGET mobil diharuskan untuk masuk ke parkiran spt shrusnya jgn lewat bawah kolong jembatan krna ada 1 mobil aja lewat kolong jembatan 1 jalan jd KACAU KASIAN YG JALAN KAKI SAMA NAIK MOTOR,1626009177935200258,,CommuterLine,in,,0,0,0,https://x.com/undefined/status/1626009177935200258,1578191546541015040,
1632723606815002627,Mon Mar 06 12:43:37 +0000 2023,0,@CommuterLine kereta dari tanah abang ke duri yg jam 18.30 kacau bener penumpang masih ada yg turun tapi pintu udh di tutup penumpang lg pada naik tapi udh di tutup untung ga kejepit pintu. Gada monitor buat mantau pintu kah?,1632723606815002627,,CommuterLine,in,,0,1,0,https://x.com/undefined/status/1632723606815002627,2396221207,
1678567913480126464,Tue Jul 11 00:52:31 +0000 2023,0,@CommuterLine padahal udah sering naik media konsumen soal jadwal kereta yg kacau begini tapi gapernah diberesin deh heran,1678567913480126464,,CommuterLine,in,,0,0,0,https://x.com/undefined/status/1678567913480126464,459999528,
1722013012272308622,Wed Nov 08 06:24:02 +0000 2023,0,@CommuterLine @permenkar Ngeri ini klo bapaknya sampe turun tangan min...,1722137884705329504,,CommuterLine,in,,0,1,0,https://x.com/undefined/status/1722137884705329504,67929049,
1719887111594352901,Thu Nov 02 01:20:16 +0000 2023,0,@CommuterLine rute ckr-kp bandan perkiraan kapan kembali normal? Beberapa hari ini jadwal kereta kacau banget sih sekali ada kereta ramenya udah kaya ikan sarden anjir,1719887111594352901,,CommuterLine,in,,0,1,0,https://x.com/undefined/status/1719887111594352901,1130965628,
1676008991233818624,Mon Jul 03 23:24:16 +0000 2023,1,@CommuterLine min jadwal perjalanan krl dari stasiun bekasi semenjak gapeka terbaru masih kacau ya. Kok 6.16 aja baru jalan 6.22 yg 6.24 baru datang jam 6.22,1676008991233818624,,CommuterLine,in,,0,1,1,https://x.com/undefined/status/1676008991233818624,118615677,
1647749864007274496,Sun Apr 16 23:52:35 +0000 2023,1,@CommuterLine kok bisa-bisanya kereta mogok saat rush hour? Ini penumpang yg naik 06.40 harus chaos pindah kereta. Akhirnya 06.40 perjalanan dibatalkan lucu nih lama-lama KRL ,1647749864007274496,,CommuterLine,in,,0,2,1,https://x.com/undefined/status/1647749864007274496,385841278,
1644149853939974146,Fri Apr 07 01:37:54 +0000 2023,2,@CommuterLine 3 bulan pertama udh 68 juta...padahal blm lebaran Kalo lebaran bakal berapa tuh? Apakah kita akan chaos?,1644152486264209408,,CommuterLine,in,,0,1,0,https://x.com/undefined/status/1644152486264209408,384421199,
1679073975031443457,Wed Jul 12 10:23:25 +0000 2023,1,@CommuterLine hallo apakah ini yang dinamakan kenyamanan? Tolong lah masa pelayanannya seperti ini. Kacau loc. St Sudirman 17.23 WIB https://t.co/6GHlpOJe8W,1679073975031443457,https://pbs.twimg.com/media/F01E342akAUhkfS.jpg,CommuterLine,in,,1,0,2,https://x.com/undefined/status/1679073975031443457,825380604522885120,
1723919223628702176,Mon Nov 13 04:25:08 +0000 2023,0,@CommuterLine Hari senin udah kacau,1723919901688054234,,CommuterLine,in,,0,0,0,https://x.com/undefined/status/1723919901688054234,1209187218725564417,
1699972261799969150,Fri Sep 08 03:20:17 +0000 2023,6,@CommuterLine Yang jadi masalah tangga nya sangat curam. Tidak ada pegangan yang proper. Belum lagi traffic manusia di halte kaca atas berhimpitan dengan lautan pedagang dan mobil yg menjemput penumpang. Benar2 chaos di rawa buntu. Apalagi di rush hour. Tolong bisa di evaluasi dampak nya,1699985983884972486,,CommuterLine,in,,0,2,0,https://x.com/undefined/status/1699985983884972486,62485552,
1620892240167206912,Wed Feb 01 22:40:27 +0000 2023,0,@CommuterLine Oh iya bisa Jossssss Makasih Mimin gak parno ketinggalan lagi ,1620915007008694273,,CommuterLine,in,,0,1,0,https://x.com/undefined/status/1620915007008694273,1863872838,
1618211976215420928,Thu Jan 26 11:12:43 +0000 2023,2,@CommuterLine @ozzan @KAI121 @CurhatKRL @krlmania suatu saat karena gerakan aliran dinamis yg acak bisa terjadi kekacauan (chaos) saat itu resiko insiden tidak terhindarkan. klu ini masih berlanjut tanpa kawalan insiden berujung kecelakaan bisa terjadi!,1618567606356828164,,CommuterLine,in,,0,0,0,https://x.com/undefined/status/1618567606356828164,136341278,
1695036070474535084,Fri Aug 25 12:18:33 +0000 2023,1,@CommuterLine @cpamungkas @jalur_cikarang @jalur5_ @jalurbekasi Sdh 2hari ini jadwal kecikarang kacau... Penumpang padat dan kereta lama... Kenapa ya @CommuterLine,1695048011917963642,,CommuterLine,in,,0,0,0,https://x.com/undefined/status/1695048011917963642,72212155,
1737803107328053605,Thu Dec 21 11:52:02 +0000 2023,0,@commuterline crowd control lu jelek anjir di jalur 3-4 access mau keatas chaos pada numpuk susah jalan,1737803107328053605,,CommuterLine,in,,0,0,1,https://x.com/undefined/status/1737803107328053605,1001499864,
1613707563476062210,Fri Jan 13 01:20:39 +0000 2023,0,@CommuterLine tolong di tatar security di peron atas stasiun Manggarai penumpang turun dari bogor mereka malah cuma ngeliatin aja nongkrong sambil nyender ngeliat penumpang bejubel turun tangga bukan nya menguraikan penumpang.. Mereka cma mau liat penumpang cw2 turun x.. Kacau!,1613707563476062210,,CommuterLine,in,,0,1,0,https://x.com/undefined/status/1613707563476062210,85516075,
1714440756168175763,Wed Oct 18 00:38:23 +0000 2023,0,@CommuterLine baru sampe di matraman jam 7.23 tiap hari ngaret keterlaluaann kacau https://t.co/ilQTTgtXRs,1714440756168175763,https://pbs.twimg.com/media/F8rqxzubMAAwmwr.jpg,CommuterLine,in,,0,1,0,https://x.com/undefined/status/1714440756168175763,1481226610556936193,
1664930451717251079,Sat Jun 03 09:42:07 +0000 2023,0,@CommuterLine LAPOR min kayaknya agak kacau ni jadwal terutama cikarang antrian kendaraan panjang krn nungguin kereta lewat terus mohon solusi segera. Trims,1664930451717251079,,CommuterLine,in,,0,0,0,https://x.com/undefined/status/1664930451717251079,1151122518335315968,
1665493510651547648,Mon Jun 05 05:08:02 +0000 2023,0,@CommuterLine balikin ajaaa min ke jadwal awal jd chaos bgt apalagi pagi2 tadi,1665586254388559872,,CommuterLine,in,,0,0,0,https://x.com/undefined/status/1665586254388559872,2395793942,
1719702993925554671,Wed Nov 01 13:08:38 +0000 2023,0,@CommuterLine kak besok kira2 rute cikarang line via pasar senen bakal ngaret kaya' hari ini gak? kacau banget hari ini ngaret &gt; 20 menit.,1719702993925554671,,CommuterLine,in,,0,0,0,https://x.com/undefined/status/1719702993925554671,1346785398077288448,
1653930358461837312,Thu May 04 01:20:56 +0000 2023,0,@CommuterLine @bebanyusahin Uda lama banget kalibata manggarai aja 20 menit lebih kacau woi,1653932688586469376,,CommuterLine,in,,0,0,0,https://x.com/undefined/status/1653932688586469376,41068988,
1631820241394348035,Sat Mar 04 00:53:57 +0000 2023,0,@CommuterLine cek dm.,1631820241394348035,,CommuterLine,tr,,0,1,0,https://x.com/undefined/status/1631820241394348035,1234026462,
1646510548237062146,Thu Apr 13 14:52:38 +0000 2023,0,@CommuterLine Oy gua mau balik ke bogor ini masih Di Bekasi. Mau nyampe jam brp? Kacau lu udh sejam ga jalan2 ini kereta,1646526815882854403,,CommuterLine,in,,0,1,0,https://x.com/undefined/status/1646526815882854403,979338819878072320,
1721362268448080173,Mon Nov 06 03:02:00 +0000 2023,0,@CommuterLine hello ini jadwal bogor-jakarta kota kacau banget sih?? Penumpang numpuk gini https://t.co/naOy59tiTt,1721362268448080173,https://pbs.twimg.com/media/F-OB2dPaoAASE8l.jpg,CommuterLine,in,,0,0,0,https://x.com/undefined/status/1721362268448080173,55518203,
1664080136206155776,Thu Jun 01 01:23:16 +0000 2023,1,@CommuterLine hari pertama jadwal baru masih kacau belum siap apa gimana jam 8.22 di stasiun gubeng masih dhoho yg berangkat penataran harusnya berangkat jam 8.23 ntah ntar telat jd jam berapa ‍️,1664080136206155776,,CommuterLine,in,,0,1,0,https://x.com/undefined/status/1664080136206155776,137687006,
1640642699954126850,Tue Mar 28 09:11:15 +0000 2023,0,@CommuterLine min sekali2 mungkin perlu pengecekan/maintain untuk media tv nya juga.. contohnya 204.183(3) udah robek bagian tumpuannya ngeri sewaktu2 jatuh-menimpa penumpang di bawahnya. Tiap kali lewat guncangan agak gimana gitu. https://t.co/Nj8IupxQo7,1640642699954126850,https://pbs.twimg.com/ext_tw_video_thumb/1640642527958286336/pu/img/FZ0yrjVgaQ6UrGU4.jpg,CommuterLine,in,,0,2,0,https://x.com/undefined/status/1640642699954126850,22600278,
1725886823585738994,Sun Nov 19 07:56:26 +0000 2023,0,@CommuterLine @PernebangRoket semangat min ayo dipepet trus min,1726147406583185776,,CommuterLine,in,,0,0,0,https://x.com/undefined/status/1726147406583185776,2658959024,
1618211976215420928,Fri Jan 27 03:51:52 +0000 2023,0,@CommuterLine @ozzan @KAI121 @CurhatKRL @krlmania kacau nih @jokowi @kemenhub151 @DKIJakarta @detikcom @kompascom @temponewsroom,1618819050184011776,,CommuterLine,in,,0,0,0,https://x.com/undefined/status/1618819050184011776,1559181796918853633,
1663595477722628096,Sat Jun 17 16:14:38 +0000 2023,0,@CommuterLine Min tolong lah bikin jdwal jangan kacau balau bgini mau sampai kapan jadwal kagak benar bgini dah? Di jadwal berangkat jam segini kenyataannya ga jam segtu kudu tunggu ampe 20 menitan keretanya baru nympe jdi klau d tnyain smpe d stsiun tjuan itu bingung trs kasih tauny gmna.,1670102663130923011,,CommuterLine,in,,0,2,0,https://x.com/undefined/status/1670102663130923011,1211106912437039104,
1663595477722628096,Wed Jun 21 10:31:34 +0000 2023,0,@CommuterLine Jadwal mu kacau .. di tahan terus kereta di manggarai.. ga bener,1671465878142201856,,CommuterLine,in,,0,1,0,https://x.com/undefined/status/1671465878142201856,4339291694,
1732201160210317722,Wed Dec 06 00:51:53 +0000 2023,0,@CommuterLine aahh kena prank annoucer di st bogor jadwal nya kacau,1732201160210317722,,CommuterLine,in,,0,1,0,https://x.com/undefined/status/1732201160210317722,601463164,
1635311502260592641,Mon Mar 13 21:24:46 +0000 2023,0,@CommuterLine @elsunandar Minta diperhatikan juga @CommuterLine di stasiun kampung Bandan yg di atas peronnya rendah banget jadi kalo naik kereta jurusan kota yg Priok mau turun di stasiun kampung Bandan harus lompat.. ngeri utk penumpang orang tua,1635391475436617728,,CommuterLine,in,,0,1,0,https://x.com/undefined/status/1635391475436617728,246824123,
1734177840000852222,Mon Dec 11 11:57:27 +0000 2023,0,@CommuterLine Iya berangkat sesuai jadwal tapi diberangkatkan kosong. PPKAnya gabisa liat ada kereta baru masuk peron 1? Ga bisa liat 5577A penuhnya bukan main? Bisa dong tahan kereta tunggu transitan. Sekarang peron 5 Duri overload sampe tangga atas. Ricuh.,1734180591195885888,,CommuterLine,in,,0,1,0,https://x.com/undefined/status/1734180591195885888,2777438281,
1660423688385335296,Sun May 21 23:37:40 +0000 2023,5,@CommuterLine Terimakasih atas keterlambatannya. Kita ga chaos koq. Cuma keteken sana sini. @jalur5_ https://t.co/BWl0kskPTA,1660429685157933059,https://pbs.twimg.com/media/FwsH_WQaQAI14La.jpg,CommuterLine,in,,0,0,1,https://x.com/undefined/status/1660429685157933059,97810286,
1681519602973691904,Wed Jul 19 23:20:15 +0000 2023,0,@CommuterLine @KAI121 Yg paling sering pemberangkatan 6.20-7.20 paling kacau informasi led diperon atas pun gk bisa diandalkan,1681806183483711490,,CommuterLine,in,,0,1,0,https://x.com/undefined/status/1681806183483711490,1382085961312391170,
1701940354617078208,Wed Sep 13 12:46:15 +0000 2023,0,@CommuterLine kenapa kalau dr stasiun kemayoran ke arah tanah abang keretanya g jelas ya jadwalnya dari jam 19.00 sampai 19.46 belom ada keretanya.. kacau,1701940354617078208,,CommuterLine,in,,0,1,0,https://x.com/undefined/status/1701940354617078208,54532985,
1722051830488981934,Wed Nov 08 00:49:08 +0000 2023,0,@CommuterLine Barusan direvisi sama Announcernya aduhhh lain kali jangan begini lagi dong min bikin ricuh tau gak! Bisa kasih penjelasan gak min kenapa begini?,1722053605778190800,,CommuterLine,in,,0,0,0,https://x.com/undefined/status/1722053605778190800,324253570,
1665663212249927680,Mon Jun 05 11:46:51 +0000 2023,0,@CommuterLine Kacau min Gapeka 2023 nya dimanggarai numpuk penumpang,1665686620379684866,,CommuterLine,in,,0,0,2,https://x.com/undefined/status/1665686620379684866,3257548008,
1736537775376326678,Mon Dec 18 01:06:59 +0000 2023,0,@CommuterLine @leesvji Hari ini kacau bener ya tujuan jakot. Tiap mau masuk stasiun lelet bener. Jawabannya jg ga jelas gara2 apa. Hari biasanya ga gini dah,1736553613139607667,,CommuterLine,in,,0,0,0,https://x.com/undefined/status/1736553613139607667,220634110,
1651390560895381504,Thu Apr 27 00:59:25 +0000 2023,0,@CommuterLine ini kereta ada kerusakan jalur solusinya emang jadi gonta ganti kereta ya? Bukannya semakin kacau untuk penumpang?,1651390560895381504,,CommuterLine,in,,0,0,0,https://x.com/undefined/status/1651390560895381504,90997107,
1650358650341560322,Mon Apr 24 04:38:59 +0000 2023,0,@CommuterLine kok jdwlnya kacau sih biasa 11.40 ada didepok baru ini gak ada. masa baru ada jam 12.01,1650358650341560322,,CommuterLine,in,,0,2,0,https://x.com/undefined/status/1650358650341560322,128790041,
1669626501355151360,Fri Jun 16 08:42:32 +0000 2023,0,@CommuterLine ga ngerti lagi ni jadwal krl molor mulu ampe 15 menit lebih cokkk semenjak jadwal baru lo semakin kacau gws deh,1669626501355151360,,CommuterLine,in,,0,0,0,https://x.com/undefined/status/1669626501355151360,951344700,
1666757086905249792,Thu Jun 08 10:40:31 +0000 2023,0,@CommuterLine GAPEKA baru bukannya makin bener malah makin kacau. Sekarang numpuk di Sudirman efek telat semua arah Bekasi &amp; Cikarang. https://t.co/myt6ZgKjoL,1666757086905249792,https://pbs.twimg.com/media/FyGCuyNacAMXZTX.jpg,CommuterLine,in,,0,0,0,https://x.com/undefined/status/1666757086905249792,412882911,
1717700599322759624,Fri Oct 27 00:31:50 +0000 2023,0,@CommuterLine ini jdwl krl dr cikarang di bekasi timur (5517) sy dtg ke stasiun bekasi timur jam 7.00 tp kereta br dtga jam 7.29. Telat 24 menit. Ini gmn ya upaya @CommuterLine benerin jdwl ? Udah bbrp hr jdwl kereta di jam 6 - 7 pagi kacau sdgkan ini byk org berangkat kerja https://t.co/o5RvlC4BNP,1717700599322759624,https://pbs.twimg.com/media/F9Z_ln7b0AAt3zw.jpg,CommuterLine,in,,0,1,0,https://x.com/undefined/status/1717700599322759624,97839763,
1653930595599388672,Thu May 04 01:12:37 +0000 2023,0,@CommuterLine kereta 06:15 dari bogor ngapa dah ditahan mulu ayolah kacau telat sejam,1653930595599388672,,CommuterLine,in,,0,0,0,https://x.com/undefined/status/1653930595599388672,1896966368,
1684499176330235905,Thu Jul 27 09:41:14 +0000 2023,0,@CommuterLine @infoDISHUB @jokowi @IgnasiusJonan PT. KAI bikin jadwal kereta janjinya tiap 5 menit ada kereta pas jam pulang kerja JKT-BGR nyatanya bisa 10- 15 menit teori doang bikin Jadwal jam 16.00 mulai. KACAU....,1684499176330235905,,CommuterLine,in,,1,1,0,https://x.com/undefined/status/1684499176330235905,195358859,
1729907272581890386,Wed Nov 29 22:04:39 +0000 2023,2,@CommuterLine Tolong ini ngeliat lansia di peron ini kasian ngeri jatuh. Tolong agar stasiun TAMBUN bisa aman naik turun penumpang. Udah masuk musim hujan. Disayangkan kemarin saat kemarau tidak ada aktifitas terkait pemindahan peron. Tolong ya @CommuterLine agar secepatnya bisa terlaksana. https://t.co/D4T5gVdOqx,1729984746372186333,https://pbs.twimg.com/media/GAIj8vfaIAA04t3.jpg,CommuterLine,in,,0,0,0,https://x.com/undefined/status/1729984746372186333,973242698814517249,
1722723631476920683,Thu Nov 09 23:55:45 +0000 2023,0,@CommuterLine Berantakan bgt si jadwal krl dr cikarang sm bekasi benerin kek evaluasi berkala on time performance nya kacau bgt,1722764945727819963,,CommuterLine,in,,0,1,0,https://x.com/undefined/status/1722764945727819963,391844618,
1719519624918913425,Wed Nov 01 01:00:00 +0000 2023,0,@commuterline jancuk ngaret lagi keretanya jadwal kaga ada yg bener kacau sistemnya!!!,1719519624918913425,,CommuterLine,in,,0,0,0,https://x.com/undefined/status/1719519624918913425,327447654,
1725732382450536651,Sat Nov 18 04:27:17 +0000 2023,0,@CommuterLine ini gmn kok jadwal di aplikasi kacau g sesuai dg actual? Dr jam 11:00 sampe skrg g ada kereta jur KO BANDAN yg lewat! https://t.co/9VrnMWLibp,1725732382450536651,https://pbs.twimg.com/media/F_MIcy1bwAAatsc.jpg,CommuterLine,in,,0,2,0,https://x.com/undefined/status/1725732382450536651,2224315512,
1667119618539028481,Fri Jun 09 11:21:49 +0000 2023,0,@CommuterLine @costlyendeavor Jalur kereta arah bekasi/cikarang dari sudirman karet tnh abang kacau beberapa hari ini. Di jam sibuk masih bisa bisa nya jeda 15-20 menit. Kereta feeder nya gaada. Saya udh nunggu 20 menit baru ada 1 kereta lewat itu pun penuh gabisa masuk karena jeda nya yang sangat lama,1667129871766814720,,CommuterLine,in,,0,2,1,https://x.com/undefined/status/1667129871766814720,76942184,
1720031796107329883,Thu Nov 02 10:55:11 +0000 2023,0,@CommuterLine min kereta ke Bekasi dr Sudirman avail jam berapa? Lagi kacau ya jadwalnya?,1720031796107329883,,CommuterLine,in,,0,2,0,https://x.com/undefined/status/1720031796107329883,868104718211457024,
1717784983878996033,Fri Oct 27 06:09:16 +0000 2023,0,@CommuterLine Kacau lu ada2 aja teruuuuss,1717785516245176362,,CommuterLine,in,,0,0,0,https://x.com/undefined/status/1717785516245176362,117093556,
1735104666667794702,Thu Dec 14 01:09:23 +0000 2023,0,@CommuterLine kacau bgt biasanya jam segini udh dpet krl kp bandan via pasar senen dari bekasi sekrng malah belom ada info apa-apa️,1735104666667794702,,CommuterLine,in,,0,1,0,https://x.com/undefined/status/1735104666667794702,532931434,
1631449793565425664,Fri Mar 03 00:21:56 +0000 2023,1,@CommuterLine kata saya hari ini KRL kacau bgt si pak. Delay nya ga nanggung nanggung pondok cina Manggarai 60 menit lebih. Mana ga ada pemberitahuan.,1631449793565425664,,CommuterLine,in,,0,1,0,https://x.com/undefined/status/1631449793565425664,3501530773,
1657290722264100865,Sat May 13 07:50:19 +0000 2023,5,@CommuterLine Ini di stasiun Cakung ditahan lama banget hampir 20 menit tiba-tiba ada pemberitahuan. Penumpang di jalur 4 cikarang-angke pada pindah ke jalur 1 karena kereta berangkat duluan. Chaos banget ini suasananya ‍ https://t.co/x6AEO36yMc,1657292170192371712,https://pbs.twimg.com/media/Fv_iaLaacAE5FBJ.jpg,CommuterLine,in,,0,1,1,https://x.com/undefined/status/1657292170192371712,64658887,
1632515439753576450,Sun Mar 05 23:19:17 +0000 2023,0,@CommuterLine @alkhabiru10 Min jalur 3 juga TELAT nih..!!! Kacau nih mana hari Senin penumpang numpuk ,1632521190349869057,,CommuterLine,in,,0,0,0,https://x.com/undefined/status/1632521190349869057,145105148,
1626393875060527104,Fri Feb 17 01:31:31 +0000 2023,1,@CommuterLine hari ini kacau amat ya jadwal lo ,1626393875060527104,,CommuterLine,in,,0,1,1,https://x.com/undefined/status/1626393875060527104,60835824,
1625654883633463296,Wed Feb 15 01:56:10 +0000 2023,3,@CommuterLine @Chachazzs Pake data O-D yang update jangan pake data tahun 2010. Jelas2 demand BOO-TNB tinggi by malah ditransitin. Chaos ga tu,1625675304705601536,,CommuterLine,in,,0,0,0,https://x.com/undefined/status/1625675304705601536,58730838,
1668060265177550848,Mon Jun 12 00:58:52 +0000 2023,0,@CommuterLine pagi min setelah saya amati KRL Bogor yg hanya sampai Stasiun Manggarai ini hanya bikin chaos untuk pnp yg tujuan Jakarta kota. Makasi https://t.co/cujsCqNO6O,1668060265177550848,https://pbs.twimg.com/media/FyYj-BnaAAAtE9P.jpg,CommuterLine,in,,1,1,0,https://x.com/undefined/status/1668060265177550848,69217512,
1653199323382038528,Wed May 03 00:53:21 +0000 2023,1,@CommuterLine Duh anjing nih krl udah dari kemarin absen kacau gara gara gabisa ngatur petak doang kontol,1653563361643343872,,CommuterLine,in,,0,0,0,https://x.com/undefined/status/1653563361643343872,174212561,
1703943663724982716,Tue Sep 19 01:26:41 +0000 2023,0,@CommuterLine ini krl arah manggarai dri jam 8 gal ada seharus nya udah ada 2 kereta ini jdi numpuk bgt di stasiun bekasi gak ada pengumuman apa2 klo telat. Kacau,1703943663724982716,,CommuterLine,in,,0,1,0,https://x.com/undefined/status/1703943663724982716,159472231,
1618095091092180992,Wed Jan 25 12:05:18 +0000 2023,34,@CommuterLine @tanyakanrl Tinggiin peronnya lu ga tau min gmn rasanya klo bumil mau naik n turun kereta dr situ???? Ngeri jatoh tau w pas hamil dlu klo mau turun hrs pegangan sama pinggiran pintu dlu. Tidak ramah lansia bumil dan disabilitas bintang 1!,1618218451067363330,,CommuterLine,in,,0,0,6,https://x.com/undefined/status/1618218451067363330,79116921,
1703944823995294057,Tue Sep 19 11:27:07 +0000 2023,0,@CommuterLine Jam 8.35. Awalnya di suruh naik lagi ke peron 3. Katanya tunggu sampe ada pengumuman baru boleh. Pas udah di bolehin eeh ternyata masih ada kereta langsung lagi. Mereka panik langsung suruh orang2 minggir. Bisa liat di videonya berapa deket jarak peron sama keretanya. Ngeri. https://t.co/1w2UYlmwGB,1704094767083348290,https://pbs.twimg.com/ext_tw_video_thumb/1704094657469353984/pu/img/bYpBirJl9YcekkTG.jpg,CommuterLine,in,,0,1,0,https://x.com/undefined/status/1704094767083348290,98280447,
1730900381767811577,Sat Dec 02 19:36:08 +0000 2023,0,@CommuterLine @txtdrjkt Hadeuh min gmn sih makin kesini makin kacau balau aja jadwal kereta nya ,1731034534416966095,,CommuterLine,in,,0,0,0,https://x.com/undefined/status/1731034534416966095,114210119,
1713705177851867607,Sun Oct 15 23:55:28 +0000 2023,0,@CommuterLine cerdas Siap-siap chaos di stasiun Manggarai,1713705177851867607,,CommuterLine,in,,0,1,0,https://x.com/undefined/status/1713705177851867607,69217512,
1728176465597120581,Sat Nov 25 01:33:16 +0000 2023,1,@CommuterLine Kacau KRL dari 7.45 berhenti mau masuk manggarai dari arah tanah abang samapi saat ini. Sudah setengah jam berhenti ini. Tertahan masuk Manggarai.,1728225304110682339,,CommuterLine,in,,1,1,0,https://x.com/undefined/status/1728225304110682339,262786095,
1732714767675212133,Thu Dec 07 11:19:02 +0000 2023,0,@CommuterLine @Rifaartantip Rusuh udh d Manggarai sampe Sudirman gak ke tampung. Sampe Tanah Abang Chaos ,1732721372638638487,,CommuterLine,in,,0,0,0,https://x.com/undefined/status/1732721372638638487,61411379,
1707774367458021431,Fri Sep 29 15:36:05 +0000 2023,0,@CommuterLine @SebutSiti @Metoday___ KA 5592 tertahan sinyal masuk stasiun bekasi dari kranji ini masih stuck juga. kenapa deh jadwal krl bekasi-cikarang kacau banget malem ini?,1707781297677156703,,CommuterLine,in,,0,2,1,https://x.com/undefined/status/1707781297677156703,440524838,
1719135060115550232,Mon Oct 30 23:31:52 +0000 2023,0,@CommuterLine kacau kacau jadwal krl bekasi pagi-pagi ancuuur klo telat ya bilang telat jgn diem aja!!,1719135060115550232,,CommuterLine,in,,0,1,0,https://x.com/undefined/status/1719135060115550232,2237087924,
1665493510651547648,Mon Jun 05 05:17:20 +0000 2023,2,@CommuterLine Plis min balikin krl yg jam 6 ini chaos bgt stasiun bekasi tadi pagi https://t.co/5aiq8gt9E3,1665588592180117504,https://pbs.twimg.com/media/Fx1b_jraAAE7bml.jpg,CommuterLine,in,,0,4,1,https://x.com/undefined/status/1665588592180117504,1154002594198540289,
1667124658821554176,Fri Jun 09 11:01:06 +0000 2023,0,@CommuterLine jadwal kereta tujuan bekasi dr tanah abang kacau bgt ya? Dari kemaren berubah2 mulu deh,1667124658821554176,,CommuterLine,in,,0,0,0,https://x.com/undefined/status/1667124658821554176,433148402,
1699808647931678845,Thu Sep 07 15:35:37 +0000 2023,1,@CommuterLine min apk nya tolong dong diperbaiki kek semula ini kacau banget dari tadi cuman muter gajelas astagahh,1699808647931678845,,CommuterLine,in,,0,1,0,https://x.com/undefined/status/1699808647931678845,1209170037640028161,
1673714642299019273,Wed Jun 28 04:55:02 +0000 2023,0,@CommuterLine Semoga berlanjut agak ngeri liatnya apalagi ibu hamil orang tua dan anak anak kalau mau naik. https://t.co/Lz4q4N7OhR,1673917901546618880,https://pbs.twimg.com/ext_tw_video_thumb/1673917679068127232/pu/img/nVSj94NkOI_RKL00.jpg,CommuterLine,in,,1,1,0,https://x.com/undefined/status/1673917901546618880,106949955,
1640645105261637632,Tue Mar 28 09:48:42 +0000 2023,0,@CommuterLine @sridhifa Minta sama yth bpk @andre_rosiade biar de pe er ga nolak impor krl bekas selama inka blm menyelesaikan pesanan. Dan perlu ditekankan lg kereta komuter chaos setiap hari kerja pd jam sibuk bukan cm selama natal tahun baru atau lebaran spt kata ibu @Evitanursanty.,1640652122906828800,,CommuterLine,in,,0,1,0,https://x.com/undefined/status/1640652122906828800,716160799,
1706859699679997976,Wed Sep 27 02:33:58 +0000 2023,0,@CommuterLine kenapa ya ga bisa stick to jadwal selalu telat. Ga bisa ada perubahan ya masa uda bertahun2 kaya gitu terus. Penumpang numpuk nanti di stasiun transit chaos. Mana eskalator di stasiun sering rusak. Kl rusak perbaikannya lama.,1706859699679997976,,CommuterLine,in,,0,1,0,https://x.com/undefined/status/1706859699679997976,74103298,
1661891025173106688,Fri May 26 01:44:48 +0000 2023,0,@CommuterLine @__eival__ Udah seminggu ini jadwal dari Serpong ke Tn Abang kacau!!!Penumpang numpuk di https://t.co/EtlmujS7NV saya sampe KA keempat baru keangkut.Gak bisa masuk penuh sesak!!!,1661911227067674626,,CommuterLine,in,,0,2,0,https://x.com/undefined/status/1661911227067674626,292108359,
1728227400348246216,Sat Nov 25 01:53:17 +0000 2023,0,@CommuterLine Mau ke duri min via manggarai udah dari tadi keretanya blm ada juga. Kacau,1728230344393130121,,CommuterLine,in,,0,1,0,https://x.com/undefined/status/1728230344393130121,158615679,
1677929504046714880,Sun Jul 09 06:35:42 +0000 2023,0,@CommuterLine admin kereta krl ini dilengkapi cctv luar ga sih? Barusan kayak ada suara semacam tembakan arah ke gerbong2nya. Buat identifikasi pelaku2 vandalisme. Masih ingetkan kejadian maret 2022 proyektil (senapan angin) tembus ke kaca? Jd ngeri.,1677929504046714880,,CommuterLine,in,,0,2,0,https://x.com/undefined/status/1677929504046714880,228948489,
1812651021774238000,Mon Jul 15 01:22:30 +0000 2024,0,@CommuterLine 15 july 07:45 peron 3 stasiun cakung kasian korbannya ngejar pelaku ke perlintasan kereta kan bahaya security ilang semua itu gak tau deh pelaku udh ke tangkep atau gimana,1812658968592085359,,CommuterLine,in,,0,3,0,https://x.com/undefined/status/1812658968592085359,1099545822398541824,
1804112438260044101,Fri Jun 21 12:43:31 +0000 2024,0,@CommuterLine Udah dibersihin sih min sama petugasnya yg naik dari stasiun Bojong Gede,1804133045647348088,,CommuterLine,in,,0,0,0,https://x.com/undefined/status/1804133045647348088,150742154,
1806811943011008972,Fri Jun 28 22:41:58 +0000 2024,0,@CommuterLine Terima kasih sdh pernah dibantu menemukan ijasah asli dll yg ketinggalan di bagasi atas krl gercep sat set petugasnya.,1806820365303431282,,CommuterLine,in,,0,1,0,https://x.com/undefined/status/1806820365303431282,96100883,
1793791579175674299,Fri May 24 05:46:43 +0000 2024,1,@CommuterLine @Bambank_L300 @KAI121 @perker Bloon masinisnya CS di kereta ngga ada yg minta maap. Gda staff lapangan lo yg minta maap karena kereta lo telat. Waaaaak marah aing.,1793881291232079886,,CommuterLine,in,,0,1,1,https://x.com/undefined/status/1793881291232079886,115856010,
1794882680573805000,Mon May 27 01:31:10 +0000 2024,0,@CommuterLine @lihubonna Min mon maap bukan mau sengaja kritik. Tapi jujur tiap hari pelayanannya menurun jadwal kedatangan kereta yang gak realtime padahal di aplikasi dikasih tau jam segitu rangkaian gerbong yang makin sedikit dll. Semoga jadi bahan evalusi kalian ya.,1794904146430365835,,CommuterLine,in,,0,1,0,https://x.com/undefined/status/1794904146430365835,895865144432934912,
1787799288673935527,Tue May 07 10:59:00 +0000 2024,0,@CommuterLine min ini ada gangguan kak krl jkt kota-bogor? Ga ada diinfo apa apa sama petugasnya.,1787799288673935527,,CommuterLine,in,,0,1,0,https://x.com/undefined/status/1787799288673935527,930892936824332289,
1788921747947102251,Fri May 10 13:34:39 +0000 2024,0,@CommuterLine @ryoewahyu Terimakasiii min sngat membantu,1788925621143584964,,CommuterLine,in,,0,1,0,https://x.com/undefined/status/1788925621143584964,704971734,
1788955309953978828,Fri May 10 15:55:26 +0000 2024,0,@CommuterLine @awalhd01 Kok ga ada yg kasih duduk sih?? Petugasnya kemane?,1788961052165882054,,CommuterLine,in,,0,0,0,https://x.com/undefined/status/1788961052165882054,111574613,
1808303192872214916,Wed Jul 03 00:54:12 +0000 2024,0,@CommuterLine tolong dong kalo jam sibuk pagi/sore untuk gerbong keretanya jangan hanya 10 terutama yg jurusan cikarang-kampung bandan via Manggarai. Semua yg didalem jd pepes kalo udah tau gak bisa masuk lagi harusnya security tiap peron stasiun ngebatasin ya. Thx,1808303192872214916,,CommuterLine,in,,0,1,0,https://x.com/undefined/status/1808303192872214916,79937847,
1810484232357372326,Tue Jul 09 01:20:52 +0000 2024,1,@CommuterLine kak tolong banget dong opang2 yang mangkal di depan stasiun itu diberesin ditertibin jangan berderet parkir di depan stasiun Rajawali mana nyolot banget lagi. Kalo perlu ganti aja sama wilayah ojek online.,1810484232357372326,,CommuterLine,in,,0,1,0,https://x.com/undefined/status/1810484232357372326,83090074,
1791797761534501074,Sat May 18 12:14:11 +0000 2024,0,@CommuterLine Waduuuh saya gak tau nomor KA nya min. Intinya banyak kejadian seperti tadi juga setiap saya naik commuterline bukan hanya di KA yang tadi. Setiap saya menggunakan commuterline itu hampir gak pernah lihat ada petugas security yg swiping,1791804474555781302,,CommuterLine,in,,0,1,0,https://x.com/undefined/status/1791804474555781302,99670518,
1788172498888233423,Wed May 08 13:15:28 +0000 2024,0,@CommuterLine @KAI121 KA nomor 1756 saya naik dari stasiun tanah abang pukul 16 40. ciri-ciri petugasnya tinggi badannya berisi kulitnya sawo matang dan masih muda. namun saya tidak sempat foto min karena sudah kesal namun respon dari satpamnya hanya tertawa saja dan tidak meminta maaf. https://t.co/bGgaJTSeX4,1788196016501723177,https://pbs.twimg.com/media/GNDyzNFasAEuKjR.jpg,CommuterLine,in,,1,6,0,https://x.com/undefined/status/1788196016501723177,1284717549456781313,
1809233320817160566,Fri Jul 05 14:30:12 +0000 2024,0,@CommuterLine satpamnya sesat banget jir di tanah abang gue keretanya beneran ke cikarang apa ga jawabnya cikarang mba taunya ke Duri :') duhh elah,1809233320817160566,,CommuterLine,in,,0,1,0,https://x.com/undefined/status/1809233320817160566,1136568498375630849,
1808834740096750023,Thu Jul 04 12:06:23 +0000 2024,0,@CommuterLine di St. Palmerah jam segini sudah tdk ada CS nya? Saya mau komplain sama siapa ya? https://t.co/ydIVskb3N0,1808834740096750023,https://pbs.twimg.com/media/GRpFkLYakAA5NGf.jpg,CommuterLine,in,,0,1,0,https://x.com/undefined/status/1808834740096750023,1124580368,
1785931651849281932,Thu May 02 10:56:16 +0000 2024,0,@CommuterLine Min minta bantuan barang bawaan saya Jacket jatuh disekitaran Stasiun Purwosari Solo dan atau di KRL Palur - Yogyakarta keberangkatan dari Palur jam 17.05. Saya naik KRL dari Palur turun di Stasiun Purwosari jam 17.20. Saya sudah check di Stasiun Purwosari dan tanya security,1785986659567407522,,CommuterLine,in,,0,1,0,https://x.com/undefined/status/1785986659567407522,67906387,
1788138628180578665,Wed May 08 11:19:57 +0000 2024,0,@CommuterLine Halo KCL! Sore ini di KCL Jurangmangu- TnAbang security anda bernama Pak Aep sgt sigap membantu seorang ibu yg sdg kesulitan menenangkan bayi. Dr awal naik kereta si bayi menangis terus &amp; si ibu ckup keteteran. Krn Pak Aep lembut dan sabar bgt si bayi sampai... https://t.co/txlJwfo9ui,1788166947311685747,https://pbs.twimg.com/media/GNDYWiXbcAAmbJS.jpg,CommuterLine,in,,0,1,0,https://x.com/undefined/status/1788166947311685747,571954596,
1823132671654195311,Mon Aug 12 23:01:15 +0000 2024,0,@CommuterLine min pagi ini saya naik krl Cikarang-Kampungbandan (K118831) gerbong kedua dari akhir tapi speaker sepertinya error putus2 jadi ga jelas pengumuman sari cs. Tolong bisa dicek dan diperbaiki ya. Terima kasih.,1823132671654195311,,CommuterLine,in,,0,1,0,https://x.com/undefined/status/1823132671654195311,1300802213359435777,
1794675289982988615,Mon May 27 00:11:33 +0000 2024,1,@CommuterLine Tiap hari Ade aje...ini kenapa commuterline...??? Makin hari pelayanannya makin menurun .. https://t.co/Mtb9tX8Cy3,1794884106687557977,https://pbs.twimg.com/ext_tw_video_thumb/1794884067001085952/pu/img/gDRLkK7DhD1MMlrP.jpg,CommuterLine,in,,0,2,1,https://x.com/undefined/status/1794884106687557977,1438397967115821060,
1814108713613132186,Fri Jul 19 07:04:13 +0000 2024,0,@CommuterLine min kok security di st bekasi tadi 2 orang bilang transit dulu di manggarai naik yang ke st angke. yang bener yang mana ya? beneran bisa tanpa transit?,1814194517308039645,,CommuterLine,in,,0,1,0,https://x.com/undefined/status/1814194517308039645,489291629,
1827025394077462799,Fri Aug 23 16:49:33 +0000 2024,0,@CommuterLine min tolong kalau malam security yang siaga di peron diperbanyak. Barusan banget naik di lenteng diikutin orang nggak jelas pake hoodie kupluk warna item. Saya langsung jalan cepet ke peron depan tempat gerbong wanita karena di peron tengah nggak ada yang jaga,1827025394077462799,,CommuterLine,in,,0,1,0,https://x.com/undefined/status/1827025394077462799,246691115,
1822585529470169379,Sun Aug 11 11:07:14 +0000 2024,1,@CommuterLine okee makasih banyak miin sangat membantu otw download min ,1822590593559941253,,CommuterLine,in,,0,0,0,https://x.com/undefined/status/1822590593559941253,1517865631781367810,
1795612757615890666,Wed May 29 01:24:53 +0000 2024,0,@CommuterLine AH TADI SAYA DARI PASAR SENEN BAWA2 KOPER SAMA BEBERAPA TAS DAN SAYA DI INJEK2 SAMPE MEPET KE TIANG TAPI MEREKQ SEMUA GA ADA YANG AWARE DAN SECURITY HANYA DIAM. POOR!,1795627340430741599,,CommuterLine,in,,0,0,0,https://x.com/undefined/status/1795627340430741599,1385979570839384067,
1803220225095245839,Wed Jun 19 02:24:16 +0000 2024,0,@CommuterLine @nuovie Mmg petugas security KCI tidak ada yg ramah dan sok jago semua gayanya. Hanya beberapa saja yg ramah selebihnya belagu. Gaya bicaranya sok tegas apa tidak di brief soal pelayanan yg baik harus bagaimana ???,1803252429460537506,,CommuterLine,in,,0,0,0,https://x.com/undefined/status/1803252429460537506,798052439345668096,
1810624301747577143,Tue Jul 09 10:37:27 +0000 2024,0,@CommuterLine @KAI121 teruntuk seluruh pegawai kai mohon dibikinin info gimana caranya naik turun kereta prameks maupun krl. Soalnya bener2 kacau banget klo turun dr prameks tuh banyak banget yang gak paham dan gak kasih jalan jadinya desek2an parah,1810624301747577143,,CommuterLine,in,,0,6,0,https://x.com/undefined/status/1810624301747577143,360616725,
1787735477933818339,Tue May 07 06:45:27 +0000 2024,0,@CommuterLine kenapa pelayanannya utk waktu setiap arah itu berbeda ya?,1787735477933818339,,CommuterLine,in,,0,0,0,https://x.com/undefined/status/1787735477933818339,1536357507865538561,
1798358198514237636,Wed Jun 05 14:16:21 +0000 2024,0,@CommuterLine Min tolong sosialisasi lagi sama security jangan hanya pasif. Tolong lebih responsif ditempat yg ramai. Kyk tadi di sudimara malah nongkrong di peron ke tn abang yg sepi. Peron ramai mlh kosong. Jadinya pada ga teratur. Ga pada mau kasih jalan utk yg turun!,1798358198514237636,,CommuterLine,in,,0,1,0,https://x.com/undefined/status/1798358198514237636,1598913459072049152,
1827307192900579573,Sat Aug 24 12:41:21 +0000 2024,1,@CommuterLine Seharusnya di informasikan bila ada gangguan.jadi bisa beralih ke akomodasi laen nya.ini saya udah nunggu hampir 1jam ga ada info. Nanya sama security kenapa baru di jawab ada gangguan.parah banget stasiun bandan ini,1827325322595033301,,CommuterLine,in,,0,0,0,https://x.com/undefined/status/1827325322595033301,1763899111680753664,
1789213664219902127,Sun May 12 00:23:18 +0000 2024,0,@CommuterLine @guarquill Disetiap pekerjaan itu ada SOP nya min di setiap kereta ada kondektur masini teknisi petugas house keeping dan Security tentunya ada daily report nggak bener ente tulis minta bantuan customer kalau fasilitasnya nggak berjalan berarti ada preventif maintenance yg mandek,1789451247080411594,,CommuterLine,in,,0,0,0,https://x.com/undefined/status/1789451247080411594,1353631204650573824,
1788042778582344009,Wed May 08 05:16:59 +0000 2024,0,@CommuterLine @KAI121 oke sampaikan suruh evaluasi ya itu satpam satpam stasiun pondok ranji. bikin aturan udah nyata2 ditempel di pagar kecil malah dilanggar. saya lupa foto satpamnya yg mana but thanks gercepnya min,1788075603134156836,,CommuterLine,in,,0,0,0,https://x.com/undefined/status/1788075603134156836,1629352952103309312,
1792596768409919875,Mon May 20 16:42:29 +0000 2024,0,@CommuterLine tolong perbaiki sistem pelaporan kehilangan barang. Aneh ada barang ketinggalan sama petugasnya suruh nunggu laporan di stasiun tujuan.,1792596768409919875,,CommuterLine,in,,0,1,0,https://x.com/undefined/status/1792596768409919875,68399281,
1799932650796581166,Mon Jun 10 22:45:08 +0000 2024,0,@CommuterLine sebenernya garis kuningnya yg mana ya? bukannya garis kuning yg lebih tipis (yg lebih mendekati tepian peron) ya batas berdiri itu? klo yg lebih tebal itu jalur untuk membantu tunanetra kan ya?,1800298180246229190,,CommuterLine,in,,0,0,0,https://x.com/undefined/status/1800298180246229190,56457234,
1813004613588775004,Tue Jul 16 13:34:51 +0000 2024,0,@CommuterLine Petugas security di dalam satu rangkaian juga sedikit sekarang ya. Kalau sedikit begitu apa bisa petugas-petugas itu meng-handle gerbong-gerbong. Mestinya bukan baiknya satu gerbong satu petugas. Sebenarnya satu rangkaian sekarang berapa petugas jaga ya,1813205660387189121,,CommuterLine,in,,0,0,0,https://x.com/undefined/status/1813205660387189121,814837669,
1798139228578345184,Wed Jun 05 00:28:28 +0000 2024,0,@CommuterLine @crystatjahjono Dioptimalisasi gimana? Gak pernah optimal. Cobain luuuu staff KAI naik kereta 8 gerbong! Udah mana rame kadang ada AC yg rusak! Minta maaf lo bisanya!,1798149854750998802,,CommuterLine,in,,0,2,0,https://x.com/undefined/status/1798149854750998802,84973779,
1797409609411682487,Sun Jun 02 23:26:59 +0000 2024,0,@CommuterLine sskarang di peron boleh ngerokok ya sambil nunggu krl. Satpamnya dilambai2 dipanggil2 juga gak nengok2.,1797409609411682487,,CommuterLine,in,,0,1,0,https://x.com/undefined/status/1797409609411682487,1048424884215271424,
1824671926549352933,Sat Aug 17 04:57:42 +0000 2024,0,@CommuterLine di KA 1220B KRL Seri 205 Rangkaian DP101 tadi ada penumpang yang ketinggalan Botol susu anaknya saat turun di stasiun Tanjung Barat Botol susu sudah diambil security dan saat ini botolnya ada di petugas di stasiun Lenteng Agung.,1824671926549352933,,CommuterLine,in,,0,1,0,https://x.com/undefined/status/1824671926549352933,1326109183243030528,
1796567831674560953,Fri May 31 15:42:04 +0000 2024,0,@CommuterLine min tolong tambahan security di krl duri-tangerang sekarang. ky ada 2 gerombolan bocah sma setengah mabok ean keliatan hampir berantem di gerbong no 5.,1796567831674560953,,CommuterLine,in,,0,1,0,https://x.com/undefined/status/1796567831674560953,151479548,
1823870352814133559,Thu Aug 15 00:22:29 +0000 2024,1,@CommuterLine At least sampaikan permintaan maaf lewat CS kereta dong. Orang udah rapi2 berangkat kerja/kuliah atau apapun urusan mereka jadi kebasahan tuh jaketnya kerudungnya rambutnya. Tadi juga saya sampai kena mata tau.,1823877889080877251,,CommuterLine,in,,0,0,0,https://x.com/undefined/status/1823877889080877251,908187764,
1794882680573805000,Tue May 28 08:15:07 +0000 2024,0,@CommuterLine Min justru tidak ada himbauan dari petugas dilapangan baika di stasiun ataupun di dalam gerbong (o/ Security). Himbauan ini pernah dilakukan saat covid-19 sdh berangsur hilang dengan ada pembatasan penumpang ke peron jika kondisi penumpang banyak atau gerbong kereta kurang.,1795368190153023846,,CommuterLine,in,,0,0,0,https://x.com/undefined/status/1795368190153023846,1036748238215233536,
1790006034611798275,Mon May 13 13:26:04 +0000 2024,0,@CommuterLine Ka tlong petugasnya udh saya mjnta tlong dari awal tp ga direspon dengan baik,1790010626980417579,,CommuterLine,in,,0,1,0,https://x.com/undefined/status/1790010626980417579,1173379321,
1798148699367104862,Wed Jun 05 01:02:03 +0000 2024,0,@CommuterLine gimana kagak benci broo loe ngelayani pelanggan semaunya aja rangkaian dikurang kurangi jadwal juga klo gua sich biar kalian pada sadar aja.... management loe tu biar melek mereka bukan raja pelanggan adalah raja seandainya bapak J... balik gua berharap manajemen bubar,1798158308744016109,,CommuterLine,in,,0,1,0,https://x.com/undefined/status/1798158308744016109,952766528,
1797786652338753905,Tue Jun 04 00:25:13 +0000 2024,0,@CommuterLine salam buat cipung CS KRL Palur-yk jam 6.08 ngoceh pantun mulu...,1797786652338753905,,CommuterLine,in,,0,0,0,https://x.com/undefined/status/1797786652338753905,845530625855516673,
1808479860131831931,Wed Jul 03 12:36:13 +0000 2024,0,@CommuterLine tolong lagi2 petugas keamanan stasiun sudimara. Sangat tidak tanggap dalam tugasnya. Bapaknya jg terlihat tua. Sepertinya sudah tidak mampu lagi. Saya panggil karena pintunya bermasalah hanya melihat ke saya dan diam saja. Ga ada niat utk membantu.,1808479860131831931,,CommuterLine,in,,0,1,0,https://x.com/undefined/status/1808479860131831931,1598913459072049152,
1824280267751887179,Fri Aug 16 03:01:23 +0000 2024,0,@CommuterLine min. Lift prioritas manggarai mending ada petugasnya deh. Barusan didorong bapak2 sampe mau jatuh padahal posisi lagi hamil. Trs dia yg segar bugar nyuruh ibu bawa anak keluar lift karena overload. Kenapa ga dia aja yg keluar,1824280267751887179,,CommuterLine,in,,0,0,0,https://x.com/undefined/status/1824280267751887179,1244257448602374147,
1795612757615890666,Wed May 29 00:43:18 +0000 2024,4,@CommuterLine Bikin chaos pagi-pagi! Tolong dulu diperbaiki pelayanannya. Kami disuruh turun di tebet trus naik kereta selanjutnya kebayang kan serame apa itu di kereta. Pas turun di manggarai pada berantem woi https://t.co/3hQJ5VfyGS,1795616872936988955,https://pbs.twimg.com/media/GOtQBVobMAED1x7.jpg,CommuterLine,in,,0,1,1,https://x.com/undefined/status/1795616872936988955,60096400,
1800716209190781002,Wed Jun 12 02:31:31 +0000 2024,0,@CommuterLine Maksudnya peron 5-6 ya... Giliran ditanya ke securitynya bilangnya krna banyak dr rangkas. Tapi percuma eskalatornya jarang yg naikin lebih banyak lewat tangga. Dan kita yg mau turun ke peron 5-6 super kehambat.,1800717539548463150,,CommuterLine,in,,0,0,0,https://x.com/undefined/status/1800717539548463150,271834475,
1826034580299911467,Wed Aug 21 00:27:12 +0000 2024,0,@CommuterLine Tolong dong satpamnya lebih gercep dan tanggap pengalaman sebelumnya juga pas saya hamil pulang kerja padahal pake pin hamil satpamnya malah ngeliatin aja ga bantuin nyariin tempat duduk krn kursi prioritasnya waktu itu sudah penuh. Masa harus minta tolong dulu,1826053402595569738,,CommuterLine,in,,0,1,0,https://x.com/undefined/status/1826053402595569738,370133661,
1812491010779545746,Sun Jul 14 14:15:06 +0000 2024,0,@CommuterLine Sepertinya perlu dijelaskan kepada seluruh security perihal orang prioritas yang diberikan tempat duduk dalam kereta karena saya memiliki hak yang sama dengan seluruh pengguna lainnya dan tidak perlu memberikan duduk kepada orang yang jelas bukan prioritas.,1812491010779545746,,CommuterLine,in,,0,0,0,https://x.com/undefined/status/1812491010779545746,228384895,
1801017174355743152,Thu Jun 13 00:18:37 +0000 2024,0,@CommuterLine mksdnya apa informasi rangkaian blank tujuan kota,1801046481165484443,,CommuterLine,in,,0,1,0,https://x.com/undefined/status/1801046481165484443,952766528,
1815914968815944171,Wed Jul 24 01:00:41 +0000 2024,0,@CommuterLine pagi min saya tadi naik krl ke arah jakarta kota dengan pemberangkatan 06:49 dari Bogor dan turun di Tebet. Bekal saya tertinggal diatas rak bagasi. Boleh minta tolong min petugasnya nanti simpan barang tsb di Tebet biar sore nanti bisa saya ambil? Terimakasih,1815914968815944171,,CommuterLine,in,,0,1,0,https://x.com/undefined/status/1815914968815944171,1338889758190145537,
1828183761806336099,Mon Aug 26 21:32:29 +0000 2024,0,@CommuterLine min kereta Depok standby di Depok lama jam brp aja deh?,1828183761806336099,,CommuterLine,in,,0,1,0,https://x.com/undefined/status/1828183761806336099,1814138502654926848,
1823499801205596319,Tue Aug 13 23:51:29 +0000 2024,0,@CommuterLine Baik mohon bantuannya untuk ditegur agar tidak ada lagi kejadian serupa. Sangat disayangkan kejadian ini juga dapat merusak nama baik KAI dan @PT_Transjakarta yang sebelumnya saya kenal pelayanannya sangat ramah karena ada di lingkungan KAI dan Transjakarta.,1823507698635391120,,CommuterLine,in,,0,0,0,https://x.com/undefined/status/1823507698635391120,1738198299184934912,
1820259813097648367,Mon Aug 05 02:22:44 +0000 2024,0,@CommuterLine kasian pnp-nya min mana gerak security di UP terbilang lambat untuk pertolongan pertama bisa gak sih petugas di stasiun dikasih HT yg terhubung ke kabin depan/belakang biar bisa BLB kalau ada insiden(?) @jalur5_ @AnkerTwiter @CurhatKRL,1820284270973464679,,CommuterLine,in,,0,1,0,https://x.com/undefined/status/1820284270973464679,117678778,
1800695101100040298,Wed Jun 12 01:02:22 +0000 2024,0,@CommuterLine pagi ini dari duri ke rawa buaya ada mba2 duduk deprok depan pintu keluar masuk di gerbong 1 Posisinya saya lagi hamil mau cari security dengan kereta yg lumayan sesak juga susah yah Ini gmana ada mba2 ngedeprok minmba2 di kanan kirinya terlihat sekali gak nyaman,1800695101100040298,,CommuterLine,in,,0,1,0,https://x.com/undefined/status/1800695101100040298,110994291,
1811327114303668273,Thu Jul 11 09:10:11 +0000 2024,0,@CommuterLine emang anak co bs duduk di gerbong perempuan ya? Mana anaknya udah kayk smp gt. Ini kok security nya ga tegas ya. KRL tujuan tangerang-duri bs kyk ginj,1811327114303668273,,CommuterLine,in,,0,1,0,https://x.com/undefined/status/1811327114303668273,67308970,
1793982913996009817,Fri May 24 13:55:17 +0000 2024,0,@CommuterLine KRL 12 gerbong pada kemana ya ? Aneh dah jam 6- 7 pagi malahh banyak 8 gerbong Prasaan Gaji pegawai KRL udh dinaikin pak ignatius Kok pelayanannya jadi bobbrok,1794004245760679941,,CommuterLine,in,,0,0,0,https://x.com/undefined/status/1794004245760679941,1793470189012660224,
1812120042282385537,Sat Jul 13 13:41:00 +0000 2024,0,@CommuterLine min kemarin aku bayar KRL pake KAI accses tapi ga bisa kata petugasnya tapi aku udah bayar ga kelihatan tanda barcode tapi uangnya tetep di ambill mohon pertanggung jawabannya min,1812120042282385537,,CommuterLine,in,,0,1,0,https://x.com/undefined/status/1812120042282385537,1514156493763145729,
1818615680440144281,Wed Jul 31 11:57:38 +0000 2024,0,@CommuterLine Semoga ini membantu min https://t.co/3AKvYFjCSc,1818617010592567583,https://pbs.twimg.com/media/GT0GhDPaYAAK4lB.jpg,CommuterLine,in,,0,1,0,https://x.com/undefined/status/1818617010592567583,1223536766,
1793743712985682196,Fri May 24 00:44:49 +0000 2024,0,@CommuterLine Min tolong dong infonya ini kenapa jadwal kereta priok dibatalin gitu aja tanpa ada info kenapa ??? Dan kereta baru ada jam 8.13?? Kami yang kerja numpuk lho di priok ? Kacau pelayanannya,1793805314883727361,,CommuterLine,in,,0,0,0,https://x.com/undefined/status/1793805314883727361,1655421345407320064,
1790717249906724918,Thu May 16 14:53:56 +0000 2024,0,@CommuterLine Maaf Min.. br reply. Kreta yg saya naik kemarin malam commuterline tujuan Cikarang. Gerbongnya yg bangku isi 3. Dan ada tiang di tengah². Klo rangkaian kretanya ga detil ingat. Tp ke depan smoga ada pengecekan berkala. Kan tiap bbrp gerbong ada securitynya. Nah mreka bs bantu cek,1791119900444143760,,CommuterLine,in,,0,1,0,https://x.com/undefined/status/1791119900444143760,58795296,
1798144880918839383,Wed Jun 05 00:08:42 +0000 2024,0,@CommuterLine Min sekedar saran utk petugas yg standby d peron 1 dan 2 st. Manggarai. Mohon utk memberikan arahan yg jelas ttg krta mana yg dberangkatkan duluan d jalur tsb. Bbrpa ksmptn slh info sehingga menyebabkan gesekan antar penumpang d persilangan peron. Trims,1798144880918839383,,CommuterLine,in,,0,0,0,https://x.com/undefined/status/1798144880918839383,1391797976616423425,
1795611806163206233,Wed May 29 00:23:10 +0000 2024,0,@CommuterLine ini ke arah jakarta kota udah STENGAH JAM ga dateng dateng. Gaada info juga tadi sama petugasnya kenapa telat. Mau reimburse ongkos gue gak kalo naik gojek? ,1795611806163206233,,CommuterLine,in,,0,0,0,https://x.com/undefined/status/1795611806163206233,1375440028856315917,
1787884808758247509,Tue May 07 19:58:57 +0000 2024,0,@CommuterLine Min saya jatuh suka sama2 mas² KAI di tanah abang yang sedang membantu orang untuk cari tempat duduk saya juga sempat senyum2an tetapi sekarang saya ingin kenalll sama mas nya namanya siapa ig nya apa ,1787935172161323299,,CommuterLine,in,,0,0,0,https://x.com/undefined/status/1787935172161323299,1666399881102249986,
1811634483168444732,Fri Jul 12 05:31:33 +0000 2024,0,@CommuterLine ini ada air minum penumpang tumpah di rangakain 5087 gerbong wanita paling depan. Jadi lantainya becek. Tolong di kondisikan petugasnya,1811634483168444732,,CommuterLine,in,,0,1,0,https://x.com/undefined/status/1811634483168444732,394000022,
1807767351011787082,Mon Jul 01 13:24:57 +0000 2024,0,@CommuterLine Sekedar info Penumpang laki2 duduk di gerbong wanita tapi tidak ada teguran dari security Jurusan kp bandan - manggarai - cikarang tiba di cikarang jam 20:25 Thanks. https://t.co/nUbUEkkdVO,1807767351011787082,https://pbs.twimg.com/media/GRZ60a3aQAAdaz7.jpg,CommuterLine,in,,0,0,0,https://x.com/undefined/status/1807767351011787082,1600466481242083329,
1801017634147983449,Fri Jun 14 01:12:14 +0000 2024,0,@CommuterLine ini krl manggarai sudirman udh pnh nungguin apa lagi nggak jalan2,1801422360882647489,,CommuterLine,in,,0,0,0,https://x.com/undefined/status/1801422360882647489,952766528,
1813084994883231979,Tue Jul 16 12:19:44 +0000 2024,0,@CommuterLine Pernah ketinggalan tas tangan yg isinya power bank charger dompet kartu dan beberapa pernik lainnya trip dari sta. Malang ke sta. Jogja. Alhamdulillah setelah telp CS dan datang ke sta Jogja lgsg dibantu koordinasi dan ketemu utuh semuanya. Thanks @KAI121,1813186754998124910,,CommuterLine,in,,0,1,0,https://x.com/undefined/status/1813186754998124910,1509448125139677184,
1809503376071356444,Sat Jul 06 08:26:55 +0000 2024,0,@CommuterLine Ini yang di stasiun Kebayoran standby ke arah Rangkas belum bisa jalan jadi kedua arahnya tidak bisa di lalui kah,1809504286965133635,,CommuterLine,in,,0,0,0,https://x.com/undefined/status/1809504286965133635,132753793,
1791076699591057431,Thu May 16 12:02:16 +0000 2024,0,@CommuterLine tolong dong di st Kalibata dsediakan toilet disisi arah Bogor masa ke toilet doang kudu lewat underpass.. mana jauh banget klo ga didengerin parah sih semoga petugasnya pada ga sembelit. satpamnya tuh ajarin supaya konsisten klo kerja. so keras tp inkonsisten ,1791076699591057431,,CommuterLine,in,,0,1,0,https://x.com/undefined/status/1791076699591057431,319230968,
1798883391913275897,Fri Jun 07 01:03:16 +0000 2024,0,@CommuterLine Mohon dibantu tata dan arahkan dong. Pedagang sama tukang ojek pangkalan yang bikin penumpang susah jalan masuk dan keluar di stasiun CAKUNG. Banyak yang duduk2 ditangga deket jalan. Kasih petugas 1 standby buat tegur yg duduk2 dan pedagang,1798883391913275897,,CommuterLine,in,,0,0,0,https://x.com/undefined/status/1798883391913275897,96688409,
1810265731181031666,Mon Jul 08 11:26:29 +0000 2024,5,@CommuterLine Always ya hahah klo gak trouble begini bukan KAI Commuter Line trouble di jam2 prime time saat orang pergi dan pulang kerja. Mungkin mumpung jam kerja juga jd pegawainya masih ada belum pulang. Ya harap maklum Indonesia.,1810274252148691438,,CommuterLine,in,,0,0,0,https://x.com/undefined/status/1810274252148691438,1500386993993240584,
1794882680573805000,Mon May 27 00:42:06 +0000 2024,0,@CommuterLine Hoi Admin diem aja loe bilang boss loe pelayanan makin ancur aja kurang gajinya keluar aja jadi pengusaha bukan mainin pelayanan publik.,1794891796990026013,,CommuterLine,in,,0,1,0,https://x.com/undefined/status/1794891796990026013,952766528,
1795062666383266178,Mon May 27 12:01:04 +0000 2024,0,@CommuterLine hari ini di st Depok saya ingin melintas lewat penyebrangan (bkn tgga) karena kaki saya sakit. Namun saya diteriaki yg muda pakai tangga dan dihadang tidak boleh nyebrang langsung. Security tidak memaklumi keadaan saya hanya karena saya muda . Mohon lebih bijak,1795062666383266178,,CommuterLine,in,,0,1,0,https://x.com/undefined/status/1795062666383266178,1214813521537425408,
1795609819568861372,Wed May 29 00:15:16 +0000 2024,0,@CommuterLine lainkalo kalo mau perbaikkan jalur dan gangguan tuh jangan rush hour lah suruh pegawai lu cek jalur rel pagipagi atau malamnya,1795609819568861372,,CommuterLine,in,,0,1,0,https://x.com/undefined/status/1795609819568861372,1497549825893896199,
1810055657980391527,Sun Jul 07 23:52:25 +0000 2024,2,@CommuterLine Go Transit error noh kaga bisa scan di gate. Minimal bikin pemberitahuan lah udeh beli tiket kaga bisa discan giliran complain ke cs tiket malah melotot. Tolol,1810099582174675144,,CommuterLine,in,,0,2,1,https://x.com/undefined/status/1810099582174675144,1957857236,
1797944310262075542,Tue Jun 04 10:59:15 +0000 2024,0,@CommuterLine Sudah di ingatkan namun penumpangnya bebal dan tidak mempedulikan teguran dari penumpang lain yang melihat. Perlu ada satu petugas yg seharusnya standby disini.,1797946208981594316,,CommuterLine,in,,0,0,0,https://x.com/undefined/status/1797946208981594316,846665239,
1793803628169605554,Fri May 24 00:38:06 +0000 2024,1,@CommuterLine pegawai negri enak pd cuti dirumah kita swasta yg harus kerja apa harus diperlakukan begini min? https://t.co/nNaZWpMyrl,1793803628169605554,https://pbs.twimg.com/media/GOTe4pjaEAALFDb.jpg,CommuterLine,in,,0,0,0,https://x.com/undefined/status/1793803628169605554,4302302232,
1793743712985682196,Thu May 23 23:36:18 +0000 2024,1,@CommuterLine Apa apaan deh keberangkatan dari bogor bisanya 06.25 kenapa jadi 06.40 sih? Bikin orang telat kerja. Gak semuanya libuuur yaa tolong!! Pikirin juga pegawai swasta yang tetep masuk kerja,1793788075476398560,,CommuterLine,in,,0,0,0,https://x.com/undefined/status/1793788075476398560,1606319099180888064,
1803197280847294661,Tue Jun 18 23:51:11 +0000 2024,0,@CommuterLine Sampe turun kaga ada tuh dikecilin. Makasih ya udah bikin telinga berdenging. Keren banget emang pelayanannya commuterline,1803213904715325836,,CommuterLine,in,,0,0,0,https://x.com/undefined/status/1803213904715325836,1598720998656049152,
1790487299828154564,Wed May 15 02:34:09 +0000 2024,0,@CommuterLine Tolong lah itu satpam2 yg muter2 dalam gerbong itu dilatih lagi biar ada empati dikit sering bgt liat nenek2 gak dapet duduk di prioritas dan berdiri tapi satpamnya malah cuek aja jalan terus tanpa nanya tu nenek turun dimana atau nyariin tempat duduk,1790571338857599041,,CommuterLine,in,,0,1,0,https://x.com/undefined/status/1790571338857599041,77473459,
1792882669552070677,Tue May 21 11:38:33 +0000 2024,0,@CommuterLine memang commuter line supas (457) bisa dibooking buat rombongan? Kok sama kondektur ferry saya dilarang masuk gerbong 5. baru tau Supas yang tanpa tempat duduk bisa dibooking. Aneh banget kalau penataran sama dhoho okelah. Tak tanya mana aturannya malah nyolot,1792882669552070677,,CommuterLine,in,,0,1,0,https://x.com/undefined/status/1792882669552070677,1482179142519234564,
1993946207157432590,Fri Nov 28 06:26:12 +0000 2025,0,@CommuterLine satu lagi.. Tolong di trainee dengan benar itu security pada ga bisa kerja kok lolos jadi security.. Security kan petugas.. Harus tegas.. Bukan galak ya.. Tapi tegas.. Sering banget gue liat di gate prioritas buat nyebrang di stasiun sudimara.. Securitynya ga bisa kerja.. Ga adil,1994291717231792578,,CommuterLine,in,,0,0,0,https://x.com/undefined/status/1994291717231792578,1594281059424030721,
1995505440642523447,Mon Dec 01 14:49:06 +0000 2025,0,@CommuterLine min tolong security di area taman stasiun tnh abang di perbanyak dong trs aktif muter bru aja temen hp saya dicopet saya dan tmen udh teriak2 mnta tolong untuk geledah tas tapi gak ada yg mau bantu bahkan pegawai busway jg gak mau nolongin karna bukan ranah dia,1995505440642523447,,CommuterLine,in,,0,2,0,https://x.com/undefined/status/1995505440642523447,370559375,
1981172832802582994,Thu Oct 23 01:36:26 +0000 2025,0,@CommuterLine halo kak maaf mau tanya kalau staff yg ada di gate mmng bebas main hp atau gmn ya min? Soalnya disalah satu stasiun yg rame bgt petugasnya selalu berdiri doang dan main hp di gate yg lg rame dan padat2nya smpai kdg hrs dipanggil dulu utk bantu org : ),1981172832802582994,,CommuterLine,in,,0,2,0,https://x.com/undefined/status/1981172832802582994,1522842883937644544,
1993522985731604640,Thu Nov 27 02:13:46 +0000 2025,1,@CommuterLine apaan banget cara nyikapin kasusnya begini terus gimana ngasih ke petugas klo petugasnya dipecat pdhl blm kebukti salah. lama lama males naik kai klo nyusahin rakyat juga,1993865805726171557,,CommuterLine,in,,0,0,0,https://x.com/undefined/status/1993865805726171557,1061583521708294149,
1993522985731604640,Thu Nov 27 03:29:53 +0000 2025,0,@CommuterLine Lah petugasnya udah kerjanya bener sesuai SOP beneran diamanin tuh barang. Tapi tetep aja dipecat. Gimana ceritanya tuh?,1993884959141171378,,CommuterLine,in,,0,0,0,https://x.com/undefined/status/1993884959141171378,4805294256,
1976661190433779744,Fri Oct 10 14:48:47 +0000 2025,0,@CommuterLine min gmn ni dari stasiun manggarai segerombol laki masuk semua ke gerbong perempuan udah diusir baik-baik malah sampe stasiun ps minggu ngga pindah alesannya gerbong sebelah penuh padahal gerbonh campur bagian tengah msh lowong. Petugasnya jg lambat nanganinnya https://t.co/acDuF5jCSg,1976661190433779744,https://pbs.twimg.com/media/G26CISBbAAA19KG.jpg,CommuterLine,in,,0,1,0,https://x.com/undefined/status/1976661190433779744,1053827208270143488,
1993814269356593574,Wed Nov 26 23:16:36 +0000 2025,25,@CommuterLine Kemana tuh Bu Sondang COH ? Suruh pekerjakan lagi pegawainya yang dipecat gara tumblr tuku 300an doang yang jelas kelalaian si anita sendiri.,1993821219658039618,,CommuterLine,in,,0,0,0,https://x.com/undefined/status/1993821219658039618,1364164634,
1993814269356593574,Thu Nov 27 07:22:50 +0000 2025,0,@CommuterLine BALIKIN PETUGASNYA WOIII yang ilang barang kok mecat orang seenak dijat,1993943583951634552,,CommuterLine,in,,0,0,0,https://x.com/undefined/status/1993943583951634552,1637303016,
2003248047065903178,Mon Dec 22 23:48:52 +0000 2025,3,@CommuterLine bulan ini trouble terus dah evaluasi yak @CommuterLine perusahaan monopoli masa culun gini sih pelayanannya ckck,2003251423442878564,,CommuterLine,in,,0,0,1,https://x.com/undefined/status/2003251423442878564,448881391,
1993784889108517004,Wed Nov 26 22:49:28 +0000 2025,2,@CommuterLine Tor monitor ketua tumbler tuku raib ketua pegawainya dipecat ketua tumbler receh ketua doi lalai ndiri kok pegawai disalahi...,1993814389754155139,,CommuterLine,in,,0,0,0,https://x.com/undefined/status/1993814389754155139,1176367665633300480,
1972969466490429615,Tue Sep 30 10:37:46 +0000 2025,0,@CommuterLine Tolong pelayanannya @CommuterLine @KAI121,1972974142208299336,,CommuterLine,in,,0,1,0,https://x.com/undefined/status/1972974142208299336,951119588934090752,
1988184657608011781,Tue Nov 11 09:58:55 +0000 2025,0,@CommuterLine bingung bgt ini di stasiun jatinegara pintu keluar kalo judulnya emang buat keluar ditegasin dong securitynya biar orang ga masuk darisitu https://t.co/kSqrKi7Oce,1988184657608011781,https://pbs.twimg.com/media/G5dzXumbIAAWgLO.jpg,CommuterLine,in,,0,1,1,https://x.com/undefined/status/1988184657608011781,161971946,
2000745086116651039,Tue Dec 16 01:49:35 +0000 2025,0,@CommuterLine kapan ya mau diatur itu orang2 yang nunggu kereta di depan akses naik turun tangga peron 1 &amp; 2 stasiun duri? Minimal kalo belum bisa menyediakan banyak akses tangga tuh effort dikit petugasnya buat atur flow di depan tangga,2000745086116651039,,CommuterLine,in,,0,1,0,https://x.com/undefined/status/2000745086116651039,288121856,
1993522985731604640,Thu Nov 27 02:18:58 +0000 2025,4,@CommuterLine Ga ah malas membantu biarin mending ilang aja. Daripada nemuin barang terus diserahin ke petugas eh ternyata malah disangka ga tgg jawab petugasnya. Lagi pula kehilangan tgg jawab pnp. Manajemen sdm jelek,1993867112188924043,,CommuterLine,in,,0,0,0,https://x.com/undefined/status/1993867112188924043,194907634,
2005766538390036822,Mon Dec 29 22:23:02 +0000 2025,0,@CommuterLine min tolong ya itu di cek barusan pegawai yg berdinas di st. Cikarang sekitaran jam 05:15-05:18 bergeromol di jalur 1. Di-sign tertulis next train jam 05:33 10SF. Seharusnya ada jam 05:19 12SF pake rangkaian baru YG BIASA GW NAIKIN SETIAP HARI. Gw tanya (1)..,2005766538390036822,,CommuterLine,in,,0,1,0,https://x.com/undefined/status/2005766538390036822,564450110,
1993814269356593574,Thu Nov 27 03:15:57 +0000 2025,2,@CommuterLine Keteledoran orang lain jadi tanggung jawab pekerja tuh gimana ceritanya. Mana sampe di pecat kayaknya berlebihan. Pentingnya liat kronologi 2 sisi dan sebagai sebuah instansi mejadi payung hukum bagi pegawainya. Such a sad tragedy that you fired him cuma karena viral,1993881450593308891,,CommuterLine,in,,0,0,0,https://x.com/undefined/status/1993881450593308891,162409133,
1967395013257777553,Wed Sep 17 02:08:10 +0000 2025,0,@CommuterLine Saya hari ini tanya ke satpam KCI yang bertugas di Stasiun Serpong ada berapa kereta yang waktu keberangkatan awal dari Stasiun Serpong? jam berapa aja? Satpamnya menjawab hanya ada jam 6:12 &amp; 7:12 wah padahal kereta yang ke Rangkas bitung lebih dari dua kali dengan penumpang,1968134857554530330,,CommuterLine,in,,0,2,0,https://x.com/undefined/status/1968134857554530330,96077286,
1993522985731604640,Thu Nov 27 01:13:55 +0000 2025,2,@CommuterLine Kalo kataku min drpd mecat pegawainya mending mbak2 yg ketinggalan tumbler itu diblacklist aja. Bayangin berapa barang lagi yg bakal dia tinggal di gerbong dan berapa staff lg yg bakal kalian pecat. Mana greenline pula,1993850740037833165,,CommuterLine,in,,0,0,0,https://x.com/undefined/status/1993850740037833165,36291568,
1977695653728825696,Fri Oct 17 11:55:45 +0000 2025,0,@CommuterLine @HerawanBoma Sepertinya ada pengurangan petugas walka soalnya berapa kali naik KRL dari tanah Abang sampai Daru ga pernah lihat petugasnya keliling seperti biasa sekarang jadi banyak penumpang duduk dilantai juga.,1979154360710951298,,CommuterLine,in,,0,0,0,https://x.com/undefined/status/1979154360710951298,1579735380664135680,
1973511249754464312,Thu Oct 02 01:27:15 +0000 2025,0,@CommuterLine Min sekarang dpn tempat tap in stasiun tebet ada yang berantem tolong securitynya dipanggil takutt,1973560378446717286,,CommuterLine,in,,0,1,0,https://x.com/undefined/status/1973560378446717286,1136518937166864390,
1976660604934103047,Fri Oct 10 14:46:27 +0000 2025,0,@CommuterLine min gmn ni dari stasiun manggarai segerombol laki masuk semua ke gerbong perempuan udah diusir baik-baik malah sampe stasiun ps minggu ngga pindah alesannya gerbong sebelah penuh padahal gerbonh campur bagian tengah msh. lowong. Petugasnya jg lambat nanganinnya https://t.co/t0fU2NrRTq,1976660604934103047,https://pbs.twimg.com/media/G26CISBbAAA19KG.jpg,CommuterLine,in,,0,0,0,https://x.com/undefined/status/1976660604934103047,1053827208270143488,
1994986761806909700,Sun Nov 30 04:28:03 +0000 2025,0,@CommuterLine bisa ga di stasiun rangkas yang baru petugasnya rajin announce kalo eskalator bagian kanan tuh buat jalan.... Soalnya pada diem di kanan trs jadi antri panjang tolong banget kmaren petugas nya diem2 aja,1994986761806909700,,CommuterLine,in,,0,1,0,https://x.com/undefined/status/1994986761806909700,1170258601933336576,
2002882488386064869,Wed Dec 24 08:19:59 +0000 2025,0,@CommuterLine Thank you min utk responnya. Baiknya sih di tiap gerbong ada petugas yg standby. Karena jujur di Indo nggk semua org aware nggk semua org empatinya sama.,2003742436720537972,,CommuterLine,in,,0,1,0,https://x.com/undefined/status/2003742436720537972,494822373,
1993522985731604640,Thu Nov 27 02:42:44 +0000 2025,0,@CommuterLine ya tapi abis itu petugasnya dipecat padahal bukan salah dia gimana tuh min?,1993873092641476974,,CommuterLine,in,,0,0,0,https://x.com/undefined/status/1993873092641476974,1971790106,
1972070898363699234,Sat Sep 27 22:48:36 +0000 2025,0,@CommuterLine Tolong dong pihak petugas KAI yang bagian kasir ticketing saya pagi pagi udah bete banget masak saya ngomong mau pesen tiket PP Cisauk petugasnya nyolot nanya berapa saldonya? Kan saya bilang PP Cisauk. Saya lagi ga mood pagi pagi kurang tidur.,1972070898363699234,,CommuterLine,in,,0,2,0,https://x.com/undefined/status/1972070898363699234,1010437368535400448,
1993721840754471391,Wed Nov 26 16:46:10 +0000 2025,25,@CommuterLine Tolong dong min yang bener aje masa mecat pegawai gara gara ketolilan penumpang sendiri sih? Mana cuma tumbler segitu yang barangnya pun bejibun di sopi lagi ,1993722963850588287,,CommuterLine,in,,0,0,0,https://x.com/undefined/status/1993722963850588287,1097140972218068992,
1988781372081860753,Thu Nov 13 01:39:32 +0000 2025,0,@CommuterLine ohhh okee tks min sudah membantu,1988783759127347265,,CommuterLine,in,,0,1,0,https://x.com/undefined/status/1988783759127347265,1376054269942452232,
1993814269356593574,Thu Nov 27 02:22:56 +0000 2025,1,@CommuterLine kalau ga blunder ga makan ya min? yg buat kebijakan siapa yg dipecat pegawainya sendiri kocak memang ️ KAI nih klo viral dikit langsung main pecat ya? kelihatan bgt pengen selalu terlihat baik di mata customer padahal ga semua customer itu baik ,1993868109271454124,,CommuterLine,in,,0,0,0,https://x.com/undefined/status/1993868109271454124,1119495660036714497,
1993814269356593574,Thu Nov 27 06:19:43 +0000 2025,25,@CommuterLine Min @CommuterLine saya butuh konfirmasi atas hp yg saya temukan di mushala st. sudirman kemaren jam 6 sore apa sudah diambil oleh pemiliknya?? Krn beliau sempat bertemu dgn saya beberapa menit setelah saya menyerahkan hp tsb ke petugas security disana.,1993927699589681460,,CommuterLine,in,,0,2,0,https://x.com/undefined/status/1993927699589681460,53048016,
1993522985731604640,Thu Nov 27 05:34:04 +0000 2025,0,@CommuterLine please KAI lebih aware lagi.. setiap mau berhenti di stasiun stasiun selalu ada warning barang yg tertinggal atau apalah bukan tanggung jawab KAI tapi grgr tumblr dan kelalaian pnp kenapa jadi petugasnya yg dipecat sumpah aku bacanya ga tega bgt mana petugasnya juga masih baru,1993916209549726200,,CommuterLine,in,,0,1,0,https://x.com/undefined/status/1993916209549726200,1014743550532059136,
1989959948365959629,Sun Nov 16 07:33:18 +0000 2025,2,@CommuterLine mau ngeluh nih. Gue menyayangkan banget kursi di lantai atas stasiun Sudirman udah gak ada. Dan diganti dg banyak tenan. Padahal kursi di lantai atas sangat membantu para commuterss kalo capek dempet an atau jalan abis transit pake TJ,1989959948365959629,,CommuterLine,in,,0,1,0,https://x.com/undefined/status/1989959948365959629,1669865786335461377,
1993814269356593574,Thu Nov 27 03:25:58 +0000 2025,27,@CommuterLine #RekanCommuters Karena kalau ada barang tertinggal dan itu disebabkan karena kelalaian anda maka kami akan memecat pegawai kami. Karena meskipun pegawai kami tidak salah dan ia berniat mengganti tetap saja ia akan kami pecat. ,1993883975534956996,,CommuterLine,in,,0,0,8,https://x.com/undefined/status/1993883975534956996,127182239,
1993814269356593574,Thu Nov 27 05:39:07 +0000 2025,0,@CommuterLine awalnya pengen diliat cpt menangani kasus viral di sosmed. tapi emg kadang langkah yang buru2 malah jadi blunder. CITRA KAI TU BAGUS BANGET tapi seketika hancur karena keputusan memecat sepihak. padahal lebih keren kalo kemaren support pegawainya dngn buktiin dia tdk bersalah!,1993917481459831045,,CommuterLine,in,,0,0,0,https://x.com/undefined/status/1993917481459831045,369436581,
1971526962360578521,Fri Sep 26 16:17:04 +0000 2025,0,@CommuterLine Stasiun Duri 26/09 jalur 2 arah Bekasi 23.12 tolong donk petugasnya standby &amp; tegas ada org nge-vape di area peron stasiun koq bs kecolongan? Bukannya area dilarang merokok itu termasuk vape/pods juga. Lagian tuh org sok iye banget pke ng-vape di area peron berasa keren kali.,1971609978571268430,,CommuterLine,in,,0,1,0,https://x.com/undefined/status/1971609978571268430,251547317,
1990980460466614573,Wed Nov 19 03:08:27 +0000 2025,0,@CommuterLine tolong banget ini disetiap ujung atas dan ujung bawah eskalator ada security yang standby pas jam sibuk masih banyak orang udik yang diem di sisi kanan eskalator.,1990980460466614573,,CommuterLine,in,,0,0,0,https://x.com/undefined/status/1990980460466614573,1909121164800405504,
1981172446310117856,Thu Oct 23 02:17:58 +0000 2025,0,@CommuterLine yah lupa lagi pokoknya yg dr KRI bernagkat 8.30an yg dr CKR tuh 50**B sementara ada yg udh standby lama di BKS,1981183283439554826,,CommuterLine,in,,0,1,0,https://x.com/undefined/status/1981183283439554826,577033832,
1998176759372730370,Tue Dec 09 00:20:09 +0000 2025,0,@CommuterLine pokoknya hampir tiap hari deh kereta dari tn. abang ke arah manggarai. petugasnya juga kadang diem aj,1998185866720923861,,CommuterLine,in,,0,1,0,https://x.com/undefined/status/1998185866720923861,466561470,
1968433050460569951,Wed Sep 17 23:29:39 +0000 2025,0,@CommuterLine @ardiwidiyantoro tiap hari keretanya terlambat padahal udah standby di stasiun jam 5.45. tadi ada lokomotif lewat penumpang pun numpuk. baru kali ini saya naik kereta pagi sampai sesak nafas saking penuhnya.,1968457353549750605,,CommuterLine,in,,0,0,0,https://x.com/undefined/status/1968457353549750605,77532605,
1993814269356593574,Thu Nov 27 03:18:30 +0000 2025,0,@CommuterLine hati-hati juga dengan HR yang dengan gampangnya mecat pegawainya ,1993882093693354018,,CommuterLine,in,,0,0,0,https://x.com/undefined/status/1993882093693354018,1364227936493035524,
1993258966613373336,Tue Nov 25 10:08:57 +0000 2025,0,@CommuterLine Ditraining lagi securitynya jangan mau dibohongin ibu2 bukan penumpang orioritas untuk ngusir2 penumpang lain.,1993260612714111172,,CommuterLine,in,,0,0,0,https://x.com/undefined/status/1993260612714111172,208458652,
1980414992605409535,Mon Oct 20 23:40:41 +0000 2025,2,@CommuterLine Dasar tolol masih aja duluin kereta yang telat ngapain nunggu kereta yang dari tigaraksa padahal di parung panjang sudah ada kereta standby,1980418929244942772,,CommuterLine,in,,0,0,0,https://x.com/undefined/status/1980418929244942772,155388519,
2000885553882091848,Tue Dec 16 11:07:45 +0000 2025,0,@CommuterLine tolong dong min di manggarai kalau rush hours tangganya diatur yg bener masa nik semua yg transit mau turun gimana? Apa lagi peron 2 harusnya bisa turun ini semua tanggal dipakai naik mana petugasnya diem aja ngeliatin doang,2000885553882091848,,CommuterLine,in,,0,0,0,https://x.com/undefined/status/2000885553882091848,1064824870549123072,
1993946207157432590,Thu Nov 27 08:14:17 +0000 2025,2,@CommuterLine Kalau emang ada prosedur untuk pemecatan apakah ada yg nyebarin hoax soal pemecatan? Soalnya setahu gue memecat pegawai emang gak sesederhana itu. Apalagi ini dibawah naungan KAI. But apapun itu Semoga bisa jadi pelajaran ke depannya utk siapapun,1993956531382178221,,CommuterLine,in,,0,2,0,https://x.com/undefined/status/1993956531382178221,858907709113999360,
1993522985731604640,Thu Nov 27 01:53:34 +0000 2025,0,@CommuterLine Tindakannya? Pecat pegawai ,1993860721265004605,,CommuterLine,in,,0,0,0,https://x.com/undefined/status/1993860721265004605,2577845204,
1969949123827949965,Mon Sep 22 02:17:25 +0000 2025,0,@CommuterLine min krl tangerang arah duri yg brgkt jam 7.50 dari tgr pagi ini panas dan pengap bgt!!! Acnya mati ada kipas tp ga membantu! Saking panasnya saya nyaris pingsan! Tolong dicek dan semua rangkaian diganti ac aja jgn pake kipas lagii! https://t.co/9703GQp1Xx,1969949123827949965,https://pbs.twimg.com/media/G1aqSbibIAANu1m.jpg,CommuterLine,in,,1,1,0,https://x.com/undefined/status/1969949123827949965,1587843078,
1993814269356593574,Thu Nov 27 02:02:53 +0000 2025,9,@CommuterLine semua pegawainya lagi waswas takut kena pecat karena kelalaian penumpang. cuk cuk.,1993863063116894304,,CommuterLine,in,,0,0,0,https://x.com/undefined/status/1993863063116894304,740238198,
1973953604123086953,Fri Oct 03 03:29:48 +0000 2025,0,@CommuterLine ini kenapa ya min jadwal biasanya jalan 10.10 atau paling telat 10.15 tapi ini 10.22 baru jalan loh dr Bekasi. ga bosen delay trs tanpa informasi min? udah standby dr jam 10 pagi loh min biasa berangkat jam 10.10-10.15 makin kesini kok makin sering telat min? https://t.co/rqM1SK9nsM,1973953604123086953,https://pbs.twimg.com/media/G2TkVhibMAAO9L3.jpg,CommuterLine,in,,0,1,0,https://x.com/undefined/status/1973953604123086953,1091982866974527488,
1993522985731604640,Thu Nov 27 13:03:26 +0000 2025,0,@CommuterLine @trinugroho162 Ah gak mau nanti petugasnya lu pecat @CommuterLine ,1994029297716350998,,CommuterLine,in,,0,0,0,https://x.com/undefined/status/1994029297716350998,186764928,
2000745086695649590,Tue Dec 16 12:18:09 +0000 2025,5,@CommuterLine KAI oh KAI tolong ya jgn banyak alasan tolong dong pelayanannya diperbaikin lagi masa ke Bekasi dr bogor makan waktu 2-3 jam kalah sama naik mobil sudah begitu berdesak desakkan lagi hahahaa lucu dan cape juga Mau untung gede tapi pelayanan kagak baik alias buruk,2000903272862036108,,CommuterLine,in,,0,0,0,https://x.com/undefined/status/2000903272862036108,1924070838208536576,
2003248047065903178,Mon Dec 22 23:38:02 +0000 2025,1,@CommuterLine oalah bjir pantesan rame bgt di tambun petugasnya kemana siii yg gua liat cleaning servis doang,2003248697967259729,,CommuterLine,in,,0,1,0,https://x.com/undefined/status/2003248697967259729,4687785044,
1967938813998866930,Tue Sep 16 13:49:27 +0000 2025,0,@CommuterLine @CommuterLine sudah di balas yaa min. Mencari pelaku sangat mudah apabila di trace dengan CCTV Peron 5-6 Stasiun Tanah Abang kami akan membantu menunjukan pelaku apabila diberi izin untuk akses CCTVnya,1967948950608224501,,CommuterLine,in,,0,0,0,https://x.com/undefined/status/1967948950608224501,199216574,
1993946207157432590,Thu Nov 27 11:05:07 +0000 2025,0,@CommuterLine Emang harus viral dulu sih ya min baru pegawainya dibelain,1993999524118057270,,CommuterLine,in,,0,0,0,https://x.com/undefined/status/1993999524118057270,145188211,
1993814269356593574,Thu Nov 27 05:25:16 +0000 2025,1,@CommuterLine Bbrapa kali penyelesaian kalian reaktif ga jelas sih. Kalian yg announced tapi kalian juga yg ga mau investigasi. Kelakuan bos2 jelek kalian tuh ngasal. Mininal bisa diberikan petugasnya untuk mengganti lalu kasih SP Buset ini langsung pecat bos kalian meh.,1993913996848812032,,CommuterLine,in,,0,1,0,https://x.com/undefined/status/1993913996848812032,16836324,
1998072704508002340,Tue Dec 09 01:54:26 +0000 2025,0,@CommuterLine Iya warning ni stasiun bekasi 2 kali kejadian begini pertama pas sore kedua hari ini gatau petugasnya sama apa engga karena beda bulan maksud gw harusnya sblm announcement itu cek2 dlu lah gw terlambat ini ke kantor malah lg haid lemes naik turun tangga jangan diremehin,1998209592011137499,,CommuterLine,in,,0,0,0,https://x.com/undefined/status/1998209592011137499,1528912877276385280,
1993522985731604640,Wed Nov 26 22:08:22 +0000 2025,1,@CommuterLine Balikin petugasnya buat kerja lagi.,1993804046042583331,,CommuterLine,in,,0,0,0,https://x.com/undefined/status/1993804046042583331,54807349,
1993522985731604640,Thu Nov 27 03:46:43 +0000 2025,0,@CommuterLine Butuh klarifikasi apa alasanya perusahaan memecat pegawai gara gara tumblr kan bisa cek cctv dulu yang ada di stasiun biar ketauan siapa pelakunya emang harus yah main pecat tampa bukti yang jelas min?!!!!!!,1993889195094684063,,CommuterLine,in,,0,0,0,https://x.com/undefined/status/1993889195094684063,1302783152448913409,
1993814269356593574,Thu Nov 27 02:44:23 +0000 2025,12,@CommuterLine Please banget @KAI121 @CommuterLine setidaknya kasih kejelasan terhadap kasus yang viral. Kenapa pegawai dipecat? Apa karena kasus ini? Apa terbukti salah? Atau karena hal lain? Biar asumsi orang-orang gak semakin liar. Semakin lama semakin menjalar.,1993873509253026188,,CommuterLine,in,,0,2,1,https://x.com/undefined/status/1993873509253026188,140732977,
1971362286335098947,Fri Sep 26 00:12:51 +0000 2025,0,@CommuterLine Bukan cuma Stasiun Manggarai.. Di jalur 1-2 Stasiun Duri juga sama.. Pasang tali merah itu loh jadi mereka yang turun bisa masuk ke belakang antrian dengan petugas mengarahkan.. Di Duri mending sih petugasnya masih jaga lha ini petugasnya nontonin orang-orang pada nyelak ,1971367325992616299,,CommuterLine,in,,0,0,0,https://x.com/undefined/status/1971367325992616299,46883438,
1993814269356593574,Thu Nov 27 01:23:45 +0000 2025,9,@CommuterLine gampang emang mecat pegawai sendiri ya https://t.co/hFf1nKSMLZ,1993853218036830686,https://pbs.twimg.com/media/G6uW7o0asAAlaWm.jpg,CommuterLine,in,,0,0,0,https://x.com/undefined/status/1993853218036830686,53235201,
1993946207157432590,Thu Nov 27 08:01:10 +0000 2025,7,@CommuterLine Kalau barang bawaan merupakan tanggung jawab pengguna ya gausah sampe dipecat lah itu pegawainya. Apalagi belum ada bukti dia yg ngambil.,1993953228149711097,,CommuterLine,in,,0,0,0,https://x.com/undefined/status/1993953228149711097,76259278,
2000380972043526240,Mon Dec 15 01:42:43 +0000 2025,0,@CommuterLine Min tolong itu kereta dr tn abang yang ke manggrai jalur 2 di gerbong belakang khusus wanita tapi laki2nya pada ga geser krn penuh. Petugas jg ga tegas. Ketika di sudirman baru yg udah agak sepi jg ga pada pindah. Petugasnya jg diem aja. Kalau ga tegas ngapain?,2000380972043526240,,CommuterLine,in,,0,1,0,https://x.com/undefined/status/2000380972043526240,1598913459072049152,
1963493592661450861,Thu Sep 04 07:47:13 +0000 2025,0,@CommuterLine Konfirmasi Top Up KMT Access By KAI - 25070108746 DARI CS EMAIL KALIAN MINTA BUAT KE LOKET LAGI DAN KIRIM BUKTI FOTO KALO BELM MASUK KALIAN KENAPA MEMPERSULIT BISA KERJA GAK KALIAN ANJING,1963509139617022209,,CommuterLine,in,,0,1,0,https://x.com/undefined/status/1963509139617022209,181063112,
1993670935120105749,Wed Nov 26 16:26:38 +0000 2025,5,@CommuterLine Gara gara penumpang ceroboh petugas standby malah yg dipecat Management dongo gblg,1993718045186138355,,CommuterLine,in,,0,0,0,https://x.com/undefined/status/1993718045186138355,231792135,
1993522985731604640,Thu Nov 27 02:17:26 +0000 2025,0,@CommuterLine apakah cara menyelesaikan masalah dengan langsung pecat pegawai? apakah tidak bisa mendengarkan terlebih dahulu dari kedua belah pihak?,1993866724584902922,,CommuterLine,in,,0,0,0,https://x.com/undefined/status/1993866724584902922,774283905360760832,
1993814269356593574,Thu Nov 27 04:43:03 +0000 2025,0,@CommuterLine Saran min @CommuterLine coba secepatnya rekonsiliasi sama satpamnya dan perbaiki SOPnya untuk crisis handling kayak gini. Jangan langsung panik dan main pecat-pecat kalau ada yang viral. Masih ada kesempatan untuk jadi 'the good guy' di case ini :),1993903372362240028,,CommuterLine,in,,0,0,0,https://x.com/undefined/status/1993903372362240028,999012775,
1993084783484977505,Tue Nov 25 00:19:47 +0000 2025,1,@CommuterLine Please green line perbaiki operasional. Please perbanyak perjalanan jangan terlambat lagi. Makin banyak yang pakai jalur ini dan seharusnya untuk segera ditingkatkan pelayanannya.,1993112342952128977,,CommuterLine,in,,0,1,0,https://x.com/undefined/status/1993112342952128977,4345170252,
1993814269356593574,Thu Nov 27 05:00:37 +0000 2025,0,@CommuterLine Divisi msdm nya geblek pecat2in dah tuh orang2 disitu.. Bukannya cek n ricek dulu maen pecat pegawainya ajah,1993907791736787201,,CommuterLine,in,,0,0,0,https://x.com/undefined/status/1993907791736787201,1558154095,
1993522985731604640,Thu Nov 27 02:06:39 +0000 2025,0,@CommuterLine Nanti petugasnya dipecat lagi kalo barang yg ditemuin ternyata ga lengkap.,1993864011788746890,,CommuterLine,in,,0,0,0,https://x.com/undefined/status/1993864011788746890,459031052,
1970989671628107799,Thu Sep 25 00:10:43 +0000 2025,0,@CommuterLine kereta pertama dari depok ke jkt kota tadi jam 06.05 dari depok baru. harap security lebih tegas untuk bangunin kan tugasnya.,1971004400966717582,,CommuterLine,in,,0,1,0,https://x.com/undefined/status/1971004400966717582,99647150,
1993814269356593574,Thu Nov 27 04:47:25 +0000 2025,0,@CommuterLine Lindungi pegawai lo! Elo zalim sama pegawai lo! Kalo mau pecat pecat direksinya sekalian!,1993904472150692124,,CommuterLine,in,,0,0,0,https://x.com/undefined/status/1993904472150692124,15853114,
1988526984511865284,Wed Nov 12 09:16:26 +0000 2025,0,@CommuterLine tolong dibantu ada bangku penumpang di peron arah boo di st cawang patah tadi mau info petugas tapi petugasnya ada didepan semua kejauhan makasih,1988536351738757274,,CommuterLine,in,,1,0,0,https://x.com/undefined/status/1988536351738757274,177943734,
1982770175289246071,Mon Oct 27 15:00:19 +0000 2025,0,@CommuterLine Suara informasi petugasnya kak. Lebih kenceng dari suara pengumuman stasiun tanah abang,1982824690017284437,,CommuterLine,in,,0,1,0,https://x.com/undefined/status/1982824690017284437,862331903315030016,
1984095292350984589,Fri Oct 31 10:11:07 +0000 2025,0,@CommuterLine @haloyull Tadi udh coba tanya di stasiun tanah abang belum bisa kata petugasnya.,1984201458808721861,,CommuterLine,in,,0,0,0,https://x.com/undefined/status/1984201458808721861,1518419249424871424,
1993522985731604640,Thu Nov 27 00:29:47 +0000 2025,6,@CommuterLine investigasilah buktiin kalau emang pegawai yang lu pecat itu beneran bersalah. kalau terbukti pegawai yang lu pecat itu kaga bersalah HR lu harus turun pangkat turun gaji! analisa aja gak bisa apalagi mau jadi kepala???,1993839634581999697,,CommuterLine,in,,0,0,0,https://x.com/undefined/status/1993839634581999697,567028089,
1993522985731604640,Wed Nov 26 22:19:03 +0000 2025,38,@CommuterLine Terus kalo nemu barang tertinggal pas serah terima perlu juga ga kita buka dan foto bareng sama petugasnya? Jangan sampe nih niat bantu ngasih ke petugas nanti petugasnya kalian pecat atau kita yg ngasih disangka maling isinya ada yg hilang lagi. Males bgt,1993806735644217516,,CommuterLine,in,,0,0,6,https://x.com/undefined/status/1993806735644217516,1880535098292129792,
1997848282786402465,Mon Dec 08 01:58:43 +0000 2025,0,@CommuterLine Tolong dong dibilangin petugasnya. Saya jadi kelewat kereta yg saya perlu krn PETUGASNYA NGOBROL DEPAN PINTU KERETA!!!!!!!!!,1997848282786402465,,CommuterLine,in,,0,1,0,https://x.com/undefined/status/1997848282786402465,65671754,
1993814269356593574,Thu Nov 27 00:14:00 +0000 2025,12,@CommuterLine Min tolong kalo ada kasus viral tentang laporan dsb nya mohon buat disimak sebaik2nya jangan gegabah dan ambil keputusan seenaknya sudah 2x terjadi berita viral dikarenakan keteledoran penumpangnya tp yang kena para pegawainya,1993835664987836905,,CommuterLine,in,,0,0,0,https://x.com/undefined/status/1993835664987836905,1402843028121812995,
1993522985731604640,Thu Nov 27 04:17:10 +0000 2025,0,@CommuterLine gamau ah nanti petugasnya dipecat,1993896858599760297,,CommuterLine,in,,0,0,2,https://x.com/undefined/status/1993896858599760297,1794271722377814017,
1993814269356593574,Thu Nov 27 06:00:42 +0000 2025,0,@CommuterLine Bukan tanggungjawab kami kalo ada kelalaian tapi mecat pegawainya? Waras gak ini pejabatnya?,1993922911766475252,,CommuterLine,in,,0,0,0,https://x.com/undefined/status/1993922911766475252,232179597,
1993522985731604640,Thu Nov 27 02:56:10 +0000 2025,1,@CommuterLine Udah bener dibalikin sama petugasnya kok. Lagian barang orang ya bener ga dibuka2 kalo ilang kroscek dulu bener ga ada barang itu di tas dan ilangnya dimana. Bisa jadi emang gada barangnya bisa jadi orang lain yg ambil. Jangan asal pecat.,1993876474454265874,,CommuterLine,in,,0,0,0,https://x.com/undefined/status/1993876474454265874,853150704,
1980057843777863844,Sun Oct 19 23:45:52 +0000 2025,0,@CommuterLine haloo kak krl dari ps. senen ke cikarang itu jadwal paling paginya jam berapa yaa? saya tadi pagi jam 4.30 sampai PSE ternyata peronnya masih ditutup satpamnya bilang baru ada jam 5-an. padahal di kai access itu ada 04.37. terima kasiih https://t.co/Pg91j4cSmB,1980057843777863844,https://pbs.twimg.com/media/G3qUHbKWIAA0w-x.jpg,CommuterLine,in,,0,1,0,https://x.com/undefined/status/1980057843777863844,1675380849611776001,
1993946207157432590,Thu Nov 27 22:45:34 +0000 2025,0,@CommuterLine Stasiun citayam min klau ujan ana tangga selalu rembes air kasian aja liat petugas kebersihanya yg selalu standby buat nyedot itu air bukan kebocoran dah kayaknya tapi rembesan. Kasian petugasnya kasian juga costumer yg jalan ngeri kepleset ditangga.,1994175795217223808,,CommuterLine,in,,0,0,0,https://x.com/undefined/status/1994175795217223808,251016573,
1993522985731604640,Thu Nov 27 02:38:50 +0000 2025,0,@CommuterLine ga bisa memuliakan pegawainya padahal pegawai merupakan salah satu aset penting bagi perusahaan. belajar lagi deh malu gue,1993872112768217234,,CommuterLine,in,,0,0,0,https://x.com/undefined/status/1993872112768217234,867989100430712833,
1993946207157432590,Thu Nov 27 09:34:56 +0000 2025,5,@CommuterLine Pegawai yang dimaksud ini pegawai KAI langsung atau pegawai yang diambil dari pihak ke 3?,1993976828709753040,,CommuterLine,in,,0,2,0,https://x.com/undefined/status/1993976828709753040,71426727,
1993721840754471391,Thu Nov 27 01:25:14 +0000 2025,0,@CommuterLine oh sudah tenang hatinya ya abis mecat pegawai sendiri,1993853589052334328,,CommuterLine,in,,0,0,0,https://x.com/undefined/status/1993853589052334328,53235201,
1993522985731604640,Wed Nov 26 21:51:53 +0000 2025,2,@CommuterLine Gila sih cuma gara2 keilangan tumblr 300k (karna salah penumpangnya juga lupa ambil di krl) kalian @CommuterLine @KAI121 sampai mecat pegawainya Lupa sama announce sendiri kah? Dimana kalo barang hilang di krl bukan tanggung jawab KAI?,1993799896600859136,,CommuterLine,in,,0,1,0,https://x.com/undefined/status/1993799896600859136,1090174665778114560,
2001599888329707970,Thu Dec 18 10:26:15 +0000 2025,0,@CommuterLine tolong dong satpamnya disuruh kerja kalo rush hour di Stasiun Duri. Sering banget rush hour peron penuh tangga penuh orang lalu-lalang rusuh tapi satpamnya ga ada satupun yang ngatur. Pada tidur di kantor kah?,2001599888329707970,,CommuterLine,in,,0,1,0,https://x.com/undefined/status/2001599888329707970,2233883732,
1994408866386460928,Sat Nov 29 01:37:08 +0000 2025,0,@CommuterLine Sering kosong min dispensernya mungkin petugasnya lebih sering ngecekin lagi kali ya,1994581361706111380,,CommuterLine,in,,0,1,0,https://x.com/undefined/status/1994581361706111380,118919683,
1972840910364012840,Tue Sep 30 02:15:31 +0000 2025,1,@CommuterLine Gua udh tau jawaban lu pasti copas ga membantu sama sekali selama ini i hate you so much @CommuterLine @KAI121 i do kalian setelah ditinggal pak Jonan malah makin kocak &amp; merugikan penumpang shame on you @CommuterLine @KAI121 ,1972847748266463645,,CommuterLine,in,,1,2,0,https://x.com/undefined/status/1972847748266463645,237544635,
1993522985731604640,Wed Nov 26 23:38:53 +0000 2025,0,@CommuterLine yg ceroboh penumpangnya yg dipecat pegawainya keputusan tolol,1993826827601891471,,CommuterLine,in,,0,0,0,https://x.com/undefined/status/1993826827601891471,320175266,
1993814269356593574,Thu Nov 27 04:08:36 +0000 2025,0,@CommuterLine Males naik KA sama pegawainya maen pecat aja,1993894703994163693,,CommuterLine,in,,0,0,0,https://x.com/undefined/status/1993894703994163693,159088319,
1993661828094996570,Wed Nov 26 12:43:14 +0000 2025,7,@CommuterLine @KAI121 kalian kok ga melindungi pegawai sendiri?,1993661828094996570,,CommuterLine,in,,0,0,2,https://x.com/undefined/status/1993661828094996570,53014538,
1993522985731604640,Wed Nov 26 19:09:10 +0000 2025,21,@CommuterLine Ya kali petugasnya yg ambil . Hanya demi tumblr hilang pekerjaan kayak nya ndak masuk akal . Klo kayak gni ya mending ilang semua nya aja . Biar gak jadi salah paham .,1993758948902744443,,CommuterLine,in,,0,2,1,https://x.com/undefined/status/1993758948902744443,1609343989,
1993522985731604640,Thu Nov 27 03:00:18 +0000 2025,0,@CommuterLine Nih KAI dari kasus sebelum ini jg solving problemnya jelek. Kalau ada apa2 yang viral pasti petugasnya yang kena imbas apa ga ada yang namanya evaluasi laporan atau sejenisnya? Laporan dari neti yang viral langsung diambil keputusan yang selalu merugikan petugas. Jelek,1993877515862220828,,CommuterLine,in,,0,0,0,https://x.com/undefined/status/1993877515862220828,938712210695634945,
1977840357284188581,Tue Oct 14 02:47:01 +0000 2025,0,@CommuterLine stasiun bekasi stasiun sudirman stasiun gondangdia (terutama stasiun sudirman) dan sudah di coba di gate lain juga sangat merepotkan kalau situasi sedang ramai penjaga gate sudah sangat membantu mengatasi masalah ini namun kalau gate sedang ramai mereka jg pasti kewalahan,1977929104097001511,,CommuterLine,in,,0,1,0,https://x.com/undefined/status/1977929104097001511,940229360,
1973191720323129632,Wed Oct 01 01:02:20 +0000 2025,0,@CommuterLine @KAI121 minta tolong dicek KRL 1649 di kereta7 (6619 / k1-1-72-15) hari ini AC mati berulang kali sehingga kondisi sangat pengap &amp; panas. sampai buka jendela &amp; kipas gak terasa membantu.,1973191720323129632,,CommuterLine,in,,0,1,0,https://x.com/undefined/status/1973191720323129632,23011920,
1993697796072124776,Wed Nov 26 15:06:10 +0000 2025,0,@CommuterLine bilang kehilangan bukan tanggung jawab situ tapi ada yang kehilangan karena kelalaiannyaㅡ malah situ pecat pegawai sendiri. Lawak.,1993697796072124776,,CommuterLine,in,,0,1,1,https://x.com/undefined/status/1993697796072124776,2757604629,
1965335904928891276,Wed Sep 10 03:30:57 +0000 2025,8,@CommuterLine Tp petugasnya tolong dong prioritas arahin ke kursi prio dlu jgn yg biasa buat apa disediain kursi prio tp petugas malah arahin yg biasa. Kecuali kondisi rame yg padet ini sepi malah diminta bangun mls bngt,1965618974986785267,,CommuterLine,in,,0,0,1,https://x.com/undefined/status/1965618974986785267,1470550379125374980,
1968090951987179587,Tue Sep 16 23:13:42 +0000 2025,0,@CommuterLine min pegawai lu kan ipk min 3 jadwal tepat waktu aja gk bisa ya. Jadwal 6.04 gak ada telat ke 6.12. Dr kmrn bikin susah orang aja lu. Spek pegawai lu turunin lg aja. https://t.co/z5K59Kd8PX,1968090951987179587,https://pbs.twimg.com/media/G1AQSUqaEAIUppp.jpg,CommuterLine,in,,0,1,0,https://x.com/undefined/status/1968090951987179587,81291245,
1993814269356593574,Thu Nov 27 00:58:47 +0000 2025,219,@CommuterLine Plis usut tuntas kasus tumbler. serius? perkara orang teledor kehilangan tumbler ny smpe harus petugas kai di pecat? gw kehilangan helm kyt + intercom di KRL aja gw ikhlasin walaupun kerjaan staff disana ga gercep mlah planga plongo pdhl klo gercep helm gw kemungkinan bisa balik,1993846931509174498,,CommuterLine,in,,0,0,5,https://x.com/undefined/status/1993846931509174498,1144988470256914433,
2005973722449207324,Tue Dec 30 12:06:19 +0000 2025,0,@CommuterLine @KAI121 heran deh kenapa kebiasaan banget tiba tiba di manggarai kereta tidak untuk penumpang? sampe harus turun dan nunggu kereta selanjutnya. Kenapa ga dari awal aja bilang cuma sampe manggarai? aneh pelayanannya mana petugas ngusirnya gitu banget,2005973722449207324,,CommuterLine,in,,0,1,0,https://x.com/undefined/status/2005973722449207324,951119588934090752,
1993946207157432590,Thu Nov 27 09:25:38 +0000 2025,0,@CommuterLine Dari kemarin @KAI121 blunder mulu niatnya gercep menangani keluhan tapi gak bijak menyikapi yang kena dampak pegawainya sendiri disuruh tunggu di gudang lah sekarang dipecat lah Kurang in lu main twitter biar gak sering kegocek tweet iseng,1993974484509098239,,CommuterLine,in,,0,0,0,https://x.com/undefined/status/1993974484509098239,1912522654512447488,
1993814269356593574,Thu Nov 27 07:50:29 +0000 2025,0,@CommuterLine masa iya menyelesaikan masalah perkara tumblr pecat pegawai kalo mau terlihat pelayanannya bagus ma ga gitu caranya. ambil jalan tengah Tumblr ma bisa diganti. bukannya mutus rezeki orang. kalo yg anda pecat dia kepala keluarga atau tulang punggung keluarganya gimana?,1993950542570430688,,CommuterLine,in,,0,0,0,https://x.com/undefined/status/1993950542570430688,549975593,
1992589562175168850,Sun Nov 23 13:51:11 +0000 2025,0,@CommuterLine Menuju Bogor. Tadi udah saya tegur petugasnya kenapa ngga berani minta kursi prio yang ditempatin orang non prio tapi cuma ngangguk aja. https://t.co/8bsgYGT5s3,1992591760892297581,https://pbs.twimg.com/media/G6cboSWbUAAqokA.jpg,CommuterLine,in,,0,1,0,https://x.com/undefined/status/1992591760892297581,20545919,
1989279866299326889,Fri Nov 14 18:26:49 +0000 2025,9,@CommuterLine @50n3 @tubirfess @KAI121 Lopyu min lanjutkan pelayanannya min.,1989399638982758673,,CommuterLine,in,,0,0,0,https://x.com/undefined/status/1989399638982758673,1396143089140391939,
2002882488386064869,Mon Dec 22 17:02:37 +0000 2025,13,@CommuterLine Ya setuju tapi SOP sekuriti juga dipertegas. Saya sering lihat tempat duduk prioritas di ujung gerbong diduduki orang non prioritas tapi kenapa sekuriti lebih memilih mencarikan duduk di bangku reguler?,2003149185957376314,,CommuterLine,in,,0,2,0,https://x.com/undefined/status/2003149185957376314,64327633,
1993522985731604640,Wed Nov 26 16:23:06 +0000 2025,16,@CommuterLine Barangnya diamankan tapi petugasnya tidak aman (dipecat) konsepnya?? Konsep baru dalam dunia kerja kah kok baru tauu saya,1993717159407870305,,CommuterLine,in,,0,0,1,https://x.com/undefined/status/1993717159407870305,1283237428807917572,
1972464526076658115,Mon Sep 29 00:52:44 +0000 2025,0,@CommuterLine tadi masuk jakot udh pada ngantri nunggu masuk kereta pdhl biasanya akan ada 1 kereta lg yg udh standby. Hayo gangguan yah mau ngaku ga ,1972464526076658115,,CommuterLine,in,,0,1,0,https://x.com/undefined/status/1972464526076658115,59754721,
1993522985731604640,Wed Nov 26 22:41:09 +0000 2025,0,@CommuterLine Kenapa pegawainya yg nggak salah dipecat min? Coba kasih tau HRnya cari solusi yg baik jangan dikit2 nyalahin pegawai. HR itu juga pegawai masa nggak bisa sih empati ke sesama pegawai?,1993812298633499134,,CommuterLine,in,,0,1,0,https://x.com/undefined/status/1993812298633499134,1369552902,
1972465299833397453,Mon Sep 29 10:28:53 +0000 2025,4,@CommuterLine @bebeksarapp Sedih bgt dl pernah udh hamil gede 8bulan perkara ga pake pin hamil ga dikasih duduk sm orang2 padahl udh mlipir deket sm kursi prioritas..bahkan satpamnya jg liat diem aja smpe skr masih keinget terus..,1972609517902020709,,CommuterLine,in,,1,4,0,https://x.com/undefined/status/1972609517902020709,49866135,
1991330236907266107,Fri Nov 21 13:40:54 +0000 2025,0,@CommuterLine Sudah selesai ya. Barang sudah ketemu dan dikembalikan tanpa kurang apapun. Semoga makin baik pelayanannya. https://t.co/V3AeZFlBxi,1991864399418814972,https://pbs.twimg.com/media/G6SGGSHboAAp2Yr.jpg,CommuterLine,in,,0,1,0,https://x.com/undefined/status/1991864399418814972,68610123,
1965335756685410388,Wed Sep 10 02:55:39 +0000 2025,0,@CommuterLine Petugasnya kudu tegas min apalagi announcer udah berkali² ngingetin. Mosok penumpange yg kudu teriak dulu baru pada minggir? Sering nemu nih pas transit di Manggarai,1965610089827762519,,CommuterLine,in,,0,1,0,https://x.com/undefined/status/1965610089827762519,1540309983744917505,
1962803491581378987,Tue Sep 02 09:12:37 +0000 2025,0,@CommuterLine mantap thanks min. bintang 5 untuk pelayanannya ⭐️⭐️⭐️⭐️⭐️,1962805854664806426,,CommuterLine,in,,0,1,0,https://x.com/undefined/status/1962805854664806426,1294341349555109888,
1993814269356593574,Thu Nov 27 01:19:05 +0000 2025,8,@CommuterLine Pastiin berhati-hati juga saat akan pecat pegawai. Bisa kali ah double check dulu bukan apa-apa main asal cut off pegawai. Kesalahan ada pada penumpang kok yang dirugikan malah pegawai? Kenapa takut tercoreng kah nama baiknya cuma krn thread dr cewek teledor macem si anita? ,1993852040569868790,,CommuterLine,in,,0,1,0,https://x.com/undefined/status/1993852040569868790,308919692,
1993946207157432590,Thu Nov 27 08:16:26 +0000 2025,550,@CommuterLine Institusi anda memang ga ada bagian crisis handling untuk reputational risk ya? Gercepnya kok cuci tangan. Hargai staff yg sudah melakukan tugas seseuai SOP meski blm memuaskan pihak penumpang lindungi mereka jg. Viral dikit pecat ubah kebijakan dll reaktif sekali.,1993957069687541810,,CommuterLine,in,,1,4,41,https://x.com/undefined/status/1993957069687541810,1560692785,
1981696373222461478,Fri Oct 24 12:16:48 +0000 2025,0,@CommuterLine tap out stasiun Tangerang beberapa gak bisa pake emoney. Udah ngantri panjang2 disuruh ngantri lagi ke belakang. Gak ada arahan dari awal Petugasnya cuma cengangas cengenges doang nunggu di luar mesin tapout. ,1981696373222461478,,CommuterLine,in,,0,1,0,https://x.com/undefined/status/1981696373222461478,73048628,
1970802903066771573,Wed Sep 24 10:53:57 +0000 2025,0,@CommuterLine Petugasnya saat ini tidak ada di gerbong kami min cara live reportnya gimana ya?,1970803888443039991,,CommuterLine,in,,0,0,0,https://x.com/undefined/status/1970803888443039991,1899579291295416320,
1993814269356593574,Thu Nov 27 02:32:23 +0000 2025,2,@CommuterLine lu dongo. pegawai terus yang lu salahin sama kasih punishment. masuk jadi pegawainyanya susah begitu udah jadi karyawan cuma lu injek2 perkara penumpang oon.,1993870488008053164,,CommuterLine,in,,0,0,0,https://x.com/undefined/status/1993870488008053164,622533325,
1993814269356593574,Thu Nov 27 00:20:23 +0000 2025,9,@CommuterLine Atasannya yg mecat pegawai Tidak Salah itu harusnya di pecat! Cuman Krn utas orang tolol karyawan yg gaji gak seberapa malah hilang pekerjaan! Tunjukin muka atasan yg mecatnya!!! Semoga keluarga kalian kena AZAB nya! Dan bagi mba² yg punya tumbler semoga anaknya cacat!,1993837269791461519,,CommuterLine,in,,0,0,0,https://x.com/undefined/status/1993837269791461519,741869545095237633,
1968694027068248130,Fri Sep 19 13:26:08 +0000 2025,0,@CommuterLine Tolong dong petugasnya lebih tegas lagi pintu keluar arah Nyi Raja Permas Stasiun Bogor ini aksesnya cuma lewat situ aja tapi engga ada petugas yang berjaga atau menegur Perokok.,1969030248898634009,,CommuterLine,in,,0,0,0,https://x.com/undefined/status/1969030248898634009,219614407,
1993814269356593574,Thu Nov 27 05:36:43 +0000 2025,0,@CommuterLine Ya gak melulu laporan/komplen penumpang itu selesai dgn korbanin pegawai kalian cerminan buruknya manajemen problem solving instansi pemerentah ,1993916876716691668,,CommuterLine,in,,0,0,0,https://x.com/undefined/status/1993916876716691668,331048936,
1993522985731604640,Wed Nov 26 19:43:46 +0000 2025,38,@CommuterLine sebelum ngasih tau cara buat laporan barang hilang gmn beneran dulu tuh cara HR lo berhentiin staff secara sepihak mentang2 di pressure penumpang jdi asal mecat staff sendiri. cari tau dulu akar masalahnya dimana jdi ragu HRnya beneran profesional ga si?,1993767658261766575,,CommuterLine,in,,0,1,2,https://x.com/undefined/status/1993767658261766575,1960759658756628487,
1993814269356593574,Thu Nov 27 01:26:44 +0000 2025,2,@CommuterLine Mana statement kronologisnya? Mana pembelaan untuk pegawainya? Ga semua customer layak untuk dilayani sebegitunya sampe mecat karyawan. Tiap menit padahal udah diingetin kehilangan bukan tanggungjawab commuter si Anita Tumblr itu aja bebal terus kalian lebih belain dia? Gws ya,1993853965386305671,,CommuterLine,in,,0,0,0,https://x.com/undefined/status/1993853965386305671,1683215935,
1993814269356593574,Thu Nov 27 03:25:28 +0000 2025,0,@CommuterLine belain pegawai lu kocak,1993883848602734702,,CommuterLine,in,,0,0,0,https://x.com/undefined/status/1993883848602734702,1089559880208285697,
2003961089068093536,Thu Dec 25 00:20:13 +0000 2025,0,@CommuterLine Arah Manggarai knapa ini ditahan sinyal masuk Tebet lama bgt... Makin kesini kok malah makin parah pelayanannya,2003984086579495308,,CommuterLine,in,,0,1,0,https://x.com/undefined/status/2003984086579495308,4267701374,
1994916336473182392,Sat Nov 29 23:48:13 +0000 2025,0,@CommuterLine Petugas lu banyak klepto yak? Itu soal kasus tumbler. Di gerbong yg banyak penumpang aja aman. Ditemukan sama petugas gerbong juga masih aman. Eh malah di lost &amp; foundnya KAI malah hilang. Itu pasti ulah pegawai KAI coba investigasi internal pakkkk,1994916336473182392,,CommuterLine,in,,0,0,0,https://x.com/undefined/status/1994916336473182392,623312712,
1993522985731604640,Wed Nov 26 23:26:35 +0000 2025,350,@CommuterLine Dear @KAI121 customer mmg raja tapi bukan berarti semua raja itu benar dan harus dipatuhi. Kemarin pegawai kalian kena fitnah dblg pacaran pdhl hanya tunggu jadwal bukannya melindungi nama karyawan kalian malah pindahkan ruang tunggunya di gudang (cont..),1993823732725653581,,CommuterLine,in,,2,8,34,https://x.com/undefined/status/1993823732725653581,1683215935,
2003048352284660132,Mon Dec 22 10:21:56 +0000 2025,0,@CommuterLine min di gerbong wanita pertama kereta no.6052c banyak laki²nya. Tolong securitynya untuk cek please makasih,2003048352284660132,,CommuterLine,in,,0,1,0,https://x.com/undefined/status/2003048352284660132,1225127175633829888,
1993814269356593574,Thu Nov 27 02:02:28 +0000 2025,32,@CommuterLine Tapi ga gitu juga kalii... Klo ada penumpang lupa ketinggalan tas trus tumbler nya ilang yg disanksi pegawai baru kerja 2 minggu sampe dipecat. Gila bener caranya https://t.co/faNYBr2z8A,1993862958489948371,,CommuterLine,in,,0,6,14,https://x.com/undefined/status/1993862958489948371,963751550,
1970298615399882993,Mon Sep 29 10:17:21 +0000 2025,1,@CommuterLine Kl jam sibuk petugas cuma ada di gerbong tertentu &amp; jaga pintu aja. Itupun 1 rangkaian kereta paling 2/3. penumpang diminta usaha sendiri. Pdhl justru di jam2 itu orang2 susah untuk mendapatkan kursi prioritas. kampanyenya diganti mari pekerjakan pegawai kereta dgn seharusnya ,1972606616550998078,,CommuterLine,in,,0,0,0,https://x.com/undefined/status/1972606616550998078,132858637,
1768397141725290824,Thu Mar 14 22:41:54 +0000 2024,0,@CommuterLine upaya perbaikannya kapan dimulai dan selesainya ya? sudah berbulan2 soalnya saya ga ada lihat tanda sedang perbaikan tuh di depan eskalatornya orang2 jadi tetep naik eskalator yang rusak dan itu bahaya loh tolong lebih diperhatikan juga keselamatan penggunanya terima kasih,1768407234403590220,,CommuterLine,in,,0,0,0,https://x.com/undefined/status/1768407234403590220,1291352669341118466,
1765753242074681777,Fri Mar 08 10:32:47 +0000 2024,4,@CommuterLine @Azrmtn1 kaku amat ya elah min admin : tar kalo gua becandain takut lu bakal bawa motor beneran ,1766049419793682842,,CommuterLine,in,,0,0,0,https://x.com/undefined/status/1766049419793682842,1472451267700019201,
1778201989232595362,Wed Apr 10 23:36:50 +0000 2024,0,@CommuterLine ada pin khusus ibu hamil tp wanita yang masih muda ga pada sadar diri ada org yang membutuhkan. wajib petugas keamananya respon tinggi jgn takut sama sdm indonesia apa lagi sesama terlalu di manjakan sih giliran ada yg butuh sama sama pelit cukup tindak tegas .,1778205530827460805,,CommuterLine,in,,0,1,0,https://x.com/undefined/status/1778205530827460805,1714121283401646081,
1784772142997152052,Mon Apr 29 02:46:40 +0000 2024,0,@CommuterLine @adhindalatifa Takut ketahuan jadwal nya kacau makannya server nya sengaja dibuat eror.. .,1784776284557734367,,CommuterLine,in,,0,0,0,https://x.com/undefined/status/1784776284557734367,849127808685154306,
1758778460758221289,Sat Feb 17 09:08:15 +0000 2024,1,@CommuterLine Bisa dipercepat gak sih min proses evakuasinya. Takut ketinggalan KAJJ ,1758780386535190947,,CommuterLine,in,,0,0,0,https://x.com/undefined/status/1758780386535190947,1495781640030736386,
1764650727321071852,Mon Mar 04 13:54:53 +0000 2024,0,@CommuterLine tolong dicek stasiun klender baru tadi ada segerombolan anak2 masang petasan banyak bgt. sampe masinis harus ngerem paksa. bahaya loh itu. ptugas stasiunnya gimana ya? kok dibiarin aja anak2 main sekitar situ bisa ketabrak loh.,1764650727321071852,,CommuterLine,in,,0,1,0,https://x.com/undefined/status/1764650727321071852,1516810402394681344,
1775511169488609755,Thu Apr 04 03:47:32 +0000 2024,18,@CommuterLine @frhsyx @AnkerTwiter Ditindaklanjutinya tuh diapain lagi min? Harus jelas sih sanksi yg dikasih biar kita semua aman soalnya kasus2 kayak gini yg bikin takut naik di gerbong umum.,1775731904932979179,,CommuterLine,in,,0,2,0,https://x.com/undefined/status/1775731904932979179,898938954094854144,
1775511169488609755,Thu Apr 04 07:31:35 +0000 2024,0,@CommuterLine @frhsyx @AnkerTwiter Saran untuk KAI untuk pelaku pelecehan cetak foto pelaku dan ditempeli disetiap stasiun dan diluar sekitar stasiun . Ga usah takut pencemaran nama baik wong mereka udah cemarin duluan nama baiknya sendiri.,1775788288026321359,,CommuterLine,in,,0,0,0,https://x.com/undefined/status/1775788288026321359,1588235005804716032,
1743073705595720155,Fri Jan 05 03:26:04 +0000 2024,18,@CommuterLine Bilang aja Tabrakan antara Turangga vs Baraya. Takut amat kalau berbuat salah. Usut tuh PPKA Haurpugur atau Cicalengka yang koplak nglolosin dua dua kereta di jalur tunggal ,1743111596434690096,,CommuterLine,in,,0,1,2,https://x.com/undefined/status/1743111596434690096,3266800212,
1772204113369194653,Mon Mar 25 10:09:21 +0000 2024,0,@CommuterLine min aku mau beli makan tapi aku takut jalan ke gerbong makan boleh online nggak min,1772204113369194653,,CommuterLine,in,,0,2,0,https://x.com/undefined/status/1772204113369194653,1706638019934195712,
1780562642949775768,Wed Apr 17 14:11:01 +0000 2024,0,@CommuterLine Hai min. Mau laporan bole kali min ini pintu utara St. Rawa Buaya dikasi lampu dikit jalannya jauh+gelap gulita sampingnya pohon2. Ada cahaya klo ada kendaraan aja. Lampu per 2-3 meter yg kecil aja gpp kok. Krn jujur serem bgt klo plg kerja sendiri. Makasi min https://t.co/hYW4dxaQnf,1780599851836985771,https://pbs.twimg.com/ext_tw_video_thumb/1780599776297541632/pu/img/cvIrGLC6oWDlzJP7.jpg,CommuterLine,in,,0,1,0,https://x.com/undefined/status/1780599851836985771,968157112080654336,
1784881673244430427,Mon Apr 29 14:22:16 +0000 2024,11,@CommuterLine @imandani Sebisa mungkin gap tuh dibenerin dong. Bawa orang tua naik KRL sampai trauma takut naik dan turunnya.,1784951338255937545,,CommuterLine,in,,0,0,0,https://x.com/undefined/status/1784951338255937545,331554538,
1744909139623706697,Wed Jan 10 04:45:25 +0000 2024,0,@CommuterLine Kak min @CommuterLine jadwal paling pagi dari Bogor-Jakarta Kota jam berapa ya? Soalnya ada jadwal naik kereta jarak jauh. Takut telat. Terima kasih.,1744943504995049883,,CommuterLine,in,,0,1,0,https://x.com/undefined/status/1744943504995049883,1309415850563182597,
1762642093917577248,Wed Feb 28 00:53:18 +0000 2024,1,@CommuterLine pagi min.. sekedar info KRL 8 rangkaian Bogor-Jkt lebih banyak mudharatnya daripada manfaatnya. Coba cek data ada ga berapa yg jadi korban pingsan tiap harinya. Belum lagi korban pelecehan copet clash antara penumpang. Saya rindu dulu yg selalu 10-12 Bgr-Jkt.,1762642093917577248,,CommuterLine,in,,1,2,3,https://x.com/undefined/status/1762642093917577248,69217512,
1743046077627150344,Thu Jan 04 23:05:43 +0000 2024,0,@CommuterLine Selamat Pagi bapak/ibu mimin. Tolong bantuannya buat kipas anginnya di cek ya. Ada di rangkaian 1143B di gerbong berapa gak tau. Pokoknya diatas tempat duduk prioritas. Takut kipas anginnya jatoh min. Terima kasih banyak ya. https://t.co/knnQITZ0m7,1743046077627150344,https://pbs.twimg.com/ext_tw_video_thumb/1743046054327762944/pu/img/Gjy8UG2z_ucwVd7w.jpg,CommuterLine,in,,0,1,0,https://x.com/undefined/status/1743046077627150344,584720368,
1779363729689428059,Sun Apr 14 14:10:59 +0000 2024,1,@CommuterLine @kimbaaabeu aku rasa kemarin pas turun sentiong tu jarak peron ke keretanya tinggi banget deh min.. agak bahaya terutama kalo arus mudik bawa barang,1779512679809630422,,CommuterLine,in,,0,0,0,https://x.com/undefined/status/1779512679809630422,1322666848723165184,
1763521691819585771,Fri Mar 01 12:09:00 +0000 2024,2,@CommuterLine Buka loker baru min. Divisi pertamanan KAI. Tugasnya mencegah dan memastikan jalur kereta clearance dari bahaya. Jadi khusus pohon yg deket jalur kereta. DKLH nya ga aktif siihh...,1763536917478731780,,CommuterLine,in,,0,0,0,https://x.com/undefined/status/1763536917478731780,1729939036226383875,
1744857560950444404,Tue Jan 09 23:03:55 +0000 2024,0,@CommuterLine selamat pagi min izin melaporkan saya kehilangan totebag saya yg sya taruh di bagasi atas kereta rangkas-tn abang entah terbawa orang atau memang pencurian semoga hanya terbawa dan bisa dikembalikan soalny ad dompet berisi identitas dll,1744857560950444404,,CommuterLine,in,,0,1,0,https://x.com/undefined/status/1744857560950444404,224171042,
1778941837321150724,Sat Apr 13 02:23:20 +0000 2024,0,@CommuterLine anjir pantesan kok gua takut ya https://t.co/FO1uFIDndp,1778972208494501993,https://pbs.twimg.com/ext_tw_video_thumb/1778972100512108544/pu/img/jFZBfeyzcPJBQsiV.jpg,CommuterLine,in,,0,0,0,https://x.com/undefined/status/1778972208494501993,1244511100009213954,
1754468641402392922,Wed Feb 07 01:58:25 +0000 2024,2,@CommuterLine @itsokayhoney_ tindakan yang mencurigakan/tidak menyenangkan agar segera laporkan kepada petugas keamanan untuk dibantu Beneran di bantu. Minimal 1 gerbong di sediakan 1/2 petugas. Ini korban mau lapor jg kemana? kesiapa? sedangkan kalo lg ngalamin tuh panik takut &amp;bingung.,1755048336762327220,,CommuterLine,in,,0,0,0,https://x.com/undefined/status/1755048336762327220,1020885299658817536,
1917019302118690965,Tue Apr 29 11:35:52 +0000 2025,0,@CommuterLine Sesusah itu ya admin udah minta tolong ke pak satpamnya buat bumil bisa duduk di kursi prioritasnya ,1917181031742071127,,CommuterLine,in,,0,1,0,https://x.com/undefined/status/1917181031742071127,339691737,
1916311230202970335,Sun Apr 27 01:59:35 +0000 2025,0,@CommuterLine @KAI121 saya sudah beli tiket tapi kok nggak muncul di aplikasi? Ke CS di stasiun Mojokerto belum buka katanya jam 9:00 baru buka tanya di loket nggak bisa kasih solusi gimana dong? https://t.co/lMDFTYMUvX,1916311230202970335,https://pbs.twimg.com/media/Gpga4mXbEAMZj7-.jpg,CommuterLine,in,,0,2,0,https://x.com/undefined/status/1916311230202970335,71397592,
1887458393423814899,Thu Feb 06 11:08:42 +0000 2025,0,@CommuterLine Tanya dong min klo gerbongnya pengap bgt kaya sauna jendela boleh dibuka kaya gini? Klo boleh harus dibukanya sama siapa min? Security kah atau pengguna CL? https://t.co/HREWIt7GI2,1887458393423814899,https://pbs.twimg.com/media/GjGZZrObIAMqghE.jpg,CommuterLine,in,,0,1,0,https://x.com/undefined/status/1887458393423814899,145884414,
1886531529905725802,Tue Feb 04 01:42:55 +0000 2025,0,@CommuterLine Staisiun depok sampai lenteng itu menampung waega cibubur cimanggis jg. Ada kereta balik jam 715 820 membantu sekali. Apalagi jam itiu bnyk penumpang lansia. Sekarang masuk aja susah gitu @CommuterLine coba evaluasinya nggak setahun,1886591233298165761,,CommuterLine,in,,0,1,0,https://x.com/undefined/status/1886591233298165761,235846004,
1881133362271957021,Mon Jan 20 00:15:17 +0000 2025,0,@CommuterLine demi kenyamanan dan keamanan pengguna KRL Mohon ditingkatkan kembali pelayanannya dgn menambah jadwal KRL pemberangkatan awal dan Tujuan Akhir Stasiun Tigaraksa krn semakin bertambah dan meningkatnya kebutuhan pengguna KRL Relasi Tigaraksa-Tanah Abang (P.P) ,1881133362271957021,,CommuterLine,in,,0,1,0,https://x.com/undefined/status/1881133362271957021,1362370508222652417,
1880585055522922683,Sat Jan 18 11:56:31 +0000 2025,1,@CommuterLine @txtdrbekasi @GoToJATIASIH @infoJATIASIH Terima kasih kpd Pak Tomy petugas di stasiun Parung Panjang yg bertugas hari ini Sabtu 18/1/2025 yg sudah membantu dlm hal informasi kereta dan fasilitas kebetulan sy sdh kurang sehat. Terima kasih Min. https://t.co/0IXnTHvblr,1880585055522922683,https://pbs.twimg.com/media/GhkuIlNaUAAiUIE.jpg,CommuterLine,in,,0,2,1,https://x.com/undefined/status/1880585055522922683,360485574,
1889093002024657309,Tue Feb 11 00:32:47 +0000 2025,0,@CommuterLine @nurisajizah1 Alaaah pantes tumben blm ada kereta standby di tn abang telat lagi dah nyusahin,1889110296691933319,,CommuterLine,in,,0,1,0,https://x.com/undefined/status/1889110296691933319,2262533744,
1908697403324325978,Mon Apr 07 00:01:23 +0000 2025,6,@CommuterLine @txttransportasi Kemarin saya menuju stasiun Bogor di gerbong WANITA malah ada laki laki satu udah gitu sama petugasnya dibiarin aja haduh,1909033728560746810,,CommuterLine,in,,0,3,0,https://x.com/undefined/status/1909033728560746810,1060151502772219905,
1892061877661835726,Wed Feb 19 04:01:19 +0000 2025,0,@CommuterLine min lo seriusan gaji CS yang gak ramah !!! Posisi stasiun Jogja @KAI121,1892061877661835726,,CommuterLine,in,,0,1,0,https://x.com/undefined/status/1892061877661835726,527088433,
1882002938153079185,Wed Jan 22 11:53:16 +0000 2025,0,@CommuterLine Terima kasiih jawabannya.. Sangat membantu ,1882033789083505106,,CommuterLine,in,,0,0,0,https://x.com/undefined/status/1882033789083505106,1571166034757025792,
1881504396317688073,Tue Jan 21 00:49:39 +0000 2025,0,@CommuterLine layanan pengaduan khususnya stasiun bojonggede tuh ke mana ya? Soalnya semua petugasnya gak solutif. Terima kasih,1881504396317688073,,CommuterLine,in,,0,1,0,https://x.com/undefined/status/1881504396317688073,634519141,
1911944091258298630,Tue Apr 15 01:32:45 +0000 2025,0,@CommuterLine sekalian tu atur petugasnya buat mastiin tangga peron 5-6 ya buat turun aja yg naik udh dr eskalator. petugas lo ngomel nyuruh jalan pdhl mau jalan aja jg gabisa flownya kacau. teriak2 bukan solusi,1911955824794308971,,CommuterLine,in,,0,0,0,https://x.com/undefined/status/1911955824794308971,235555503,
1901419079925432792,Mon Mar 17 00:13:46 +0000 2025,0,@CommuterLine gaada petugasnya min di gerbong perempuan tadiii,1901426698408923361,,CommuterLine,in,,0,0,0,https://x.com/undefined/status/1901426698408923361,1291745203800297472,
1874977333813424473,Fri Jan 03 01:07:56 +0000 2025,0,@CommuterLine Gimana cara ngeceknya? Emang waktu keberangkatannya sudah tercatat otomatis. Satpamnya sampai kena saya protes gara2 gak ada tempat pengaduan di stasiun nya.,1874986014512718309,,CommuterLine,in,,0,1,0,https://x.com/undefined/status/1874986014512718309,229334657,
1909750888593604609,Wed Apr 09 03:14:00 +0000 2025,0,@CommuterLine Pengawasannya jangan pas kereta udah jalan dong pas kereta sampai stasiun Depok langsung securitynya keliling aja buat ngecheck soalnya udah kebiasaan banget kayak gitu Min.,1909806975858418124,,CommuterLine,in,,0,0,0,https://x.com/undefined/status/1909806975858418124,1429256522308018177,
1909551464696918058,Tue Apr 08 10:18:41 +0000 2025,0,@CommuterLine kenapa sih kalo sore pulang kerja. Kereta dr bekasi via senen lama banget waktu nunggunya hampir 60 menit... Gimana pelayanannya makin bobrok aja!!!,1909551464696918058,,CommuterLine,in,,0,0,0,https://x.com/undefined/status/1909551464696918058,1760690932893274112,
1909487500793659546,Tue Apr 08 08:53:24 +0000 2025,0,@CommuterLine Nomor pelaporannya sih gak dikasih ya. Saya lewat CS yang ada di BNI city. Ini bukti bayar saya. Ini yang waktu kejadian kebakaran di stasiun grogol ya. https://t.co/6BGdkWFX8L,1909530001940398288,https://pbs.twimg.com/media/GoADadMaAAAVUr7.jpg,CommuterLine,in,,0,1,0,https://x.com/undefined/status/1909530001940398288,49884735,
1907574862887137759,Thu Apr 03 00:13:42 +0000 2025,1,@CommuterLine Terima kasih banyak sangat membantu file pdf nya ,1907587275665584281,,CommuterLine,in,,0,1,0,https://x.com/undefined/status/1907587275665584281,183870529,
1891398741908771275,Mon Feb 17 08:18:51 +0000 2025,0,@CommuterLine Harusnya jam 15.05 tadi lebih cepet. Mana satpamnya cuma nyengir lagi. Minimal pegang handbook atau jadwal juga lah. https://t.co/V54dnPrZAv,1891401915772117303,https://pbs.twimg.com/media/Gj-cBOvbQAALE82.jpg,CommuterLine,in,,0,1,0,https://x.com/undefined/status/1891401915772117303,1370434585469755393,
1900140608968417756,Thu Mar 13 13:04:28 +0000 2025,0,@CommuterLine @Oksyen_ @CommuterLine @AsdoAr WOI ANJING ST BEKASI TOLOL ANJING WOI ASDO AR TAI LU CEK ST BEKASI ANJING SERING TAHAN KRL SD 20 MENIT ANJING ALASAN LU TUNGGU AMAN KAJJ JUGA JARANG MASUK BEKASI ANJING. ST BEKASI PETUGASNYA KL NAHAN KRL KG PAKE OTAK ANJING @AsdoAr,1900171099255824452,,CommuterLine,in,,0,0,0,https://x.com/undefined/status/1900171099255824452,798052439345668096,
1887272839264575986,Wed Feb 05 23:27:11 +0000 2025,0,@CommuterLine @thanosend Di Manggarai jam 05;55 biasanya ada yg ngetem sekarang gak ada padahal ini membantu mengurangi kepadatan rush hour ada yg ngetem aja jam 06:16 belum berangkat,1887281848436597063,,CommuterLine,in,,0,0,0,https://x.com/undefined/status/1887281848436597063,287145271,
1896351861185364155,Mon Mar 03 14:22:11 +0000 2025,0,@CommuterLine @buburrayam12 WOI @CommuterLine ANJING JAWABAN LU KG MEMBANTU ANJING HARUSNYA LU KASI SOLUSI ANJING STASIUN BELUM SIAP LU PAKSA GUNAKAN CUMA BINATANG KAYAK LU YG JAWABANNYA CUMA COPAS DAN NGASAL ANJING.,1896566778370916802,,CommuterLine,in,,0,0,0,https://x.com/undefined/status/1896566778370916802,798052439345668096,
1878064102804963416,Sat Jan 11 14:23:39 +0000 2025,0,@CommuterLine Min tolong donk jadwal.commuterline sindor gedangan - kandangan jangan dirubah banyak pegawai dan anak anak sekolah yang bergantung pada cummterline sindor dengan jadwal 5.20 - tiba di stasiun kandangan 6.35,1878085367615959050,,CommuterLine,in,,0,0,0,https://x.com/undefined/status/1878085367615959050,1817482761936191488,
1888410769739731336,Sun Feb 09 02:13:07 +0000 2025,0,@CommuterLine saya kehilangan helm rsv ff500 carbon ini video cctv nya kalo sudah begini siapa yg harus bertanggung jawab masa security tidak ada memperhatikan jika helm saya diambil #bnicity #kereta #stasiunbni https://t.co/VqrCV3iAkp,1888410769739731336,https://pbs.twimg.com/ext_tw_video_thumb/1888410634259517440/pu/img/Wtr43heMZvuVvf3S.jpg,CommuterLine,in,,0,2,0,https://x.com/undefined/status/1888410769739731336,1727143586,
1875335931684909337,Sat Jan 04 00:18:22 +0000 2025,0,@CommuterLine mau teriak takut ngga ada security tolong ini bapak2 security sy ktmu ini manusia dr kmren hampir jd korbannya. Dia naik di St.Manggarai turun di BNI City tiap hari jam 06.35 tangannya gerayangan. Mau duduk berdiri jalan deket dia tangannya gerayangan!!! https://t.co/eAKaDSGLZj,1875335931684909337,https://pbs.twimg.com/ext_tw_video_thumb/1875335738184945664/pu/img/XHmz66sz2iiQJWIT.jpg,CommuterLine,in,,0,1,0,https://x.com/undefined/status/1875335931684909337,1789435924054683648,
1906032975172796473,Sat Mar 29 18:51:26 +0000 2025,0,@CommuterLine @coachjella @KAI121 Saat ini ...?!! Saat ini normal kembali ya karena tiketnya udah abis semua..!! Kita2 ini standby nge-WAR dr jam 12 mlm teng lho..!! Aplikasi dan sistemnya aja yg nggak proper..!! Tahun lalu nggak gini2 amat..!! @YLKI_ID @KAI121 @CommuterLine https://t.co/1o3PrV0HTc,1906056622411321803,https://pbs.twimg.com/media/GnOsZHyaMAAil_r.jpg,CommuterLine,in,,0,5,0,https://x.com/undefined/status/1906056622411321803,710402072043261952,
1886298761825333307,Mon Feb 03 06:43:57 +0000 2025,0,@CommuterLine sebelumnya krl rute tanjung priok-jakarta kota 20 menit sekali kak sekarang 30 menit sekali. Masa iya bukannya semakin baik pelayanannya jadi semakin buruk?,1886304601827348830,,CommuterLine,in,,0,0,0,https://x.com/undefined/status/1886304601827348830,145979903,
1902531221814755457,Thu Mar 20 01:22:45 +0000 2025,0,@CommuterLine yth manajemen kai especially st. kp bandan line tanjungpriok - kota security nya di briefing buat jagain penumpang turun tangga doang? yg mau naik kereta ga di prioritasin bgt. posisi udh depan pintu aja ga dibantu hold seperkian detik. apa gunanya security?,1902531221814755457,,CommuterLine,in,,0,1,0,https://x.com/undefined/status/1902531221814755457,274821281,
1903355540140593522,Sat Mar 22 07:58:18 +0000 2025,0,@CommuterLine tumben banget di Cikarang gk ada krl standby? Dari segitu banyaknya jalur KRL gk ada satupun yang stanby ,1903355540140593522,,CommuterLine,in,,0,1,0,https://x.com/undefined/status/1903355540140593522,1582613764238893057,
1888123811679158748,Sat Feb 08 07:12:51 +0000 2025,1,@CommuterLine BRIEFING LAGI PETUGASNYA KALO CARI TEMPAT DUDUK PRIORITAS DULU ORG JUGA CAPEK ABIS JALAN JAUH DISURHH PINDAH. DASAR TUA BANGKA SANA PENUMPANG TOLOL JUGAA. KAI TUJUAN Jakarta Kota berhenti Cilebut no rangkaian #1343 10 gerbong https://t.co/1bkvPgqv4K,1888123811679158748,https://pbs.twimg.com/media/GjP2l0ja4AAgXar.jpg,CommuterLine,in,,0,2,0,https://x.com/undefined/status/1888123811679158748,1102562020182810624,
1909391032099487786,Mon Apr 07 23:41:11 +0000 2025,0,@CommuterLine kenapa sii krl depok - jakot ditiadakan yg jam 06.30 padahal itu sangt membantu. Dan mohon untuk warga bogor &amp; depok itu kan banyak kenapa krl yg disediakan kebanyakan hanya 8 gerbong utk tujuan jakot. Sedangkan yg hanya sampai Manggarai malah bisa 10 atau 12 grbong,1909391032099487786,,CommuterLine,in,,0,1,0,https://x.com/undefined/status/1909391032099487786,1826189595060711424,
1910976711317241896,Sat Apr 12 08:54:24 +0000 2025,0,@CommuterLine Klo sanjungan cepat banget responnya klo keluhan bisa ampe rumah jg lom cs respon... Cs opo lah iki,1910979804289257925,,CommuterLine,in,,0,0,0,https://x.com/undefined/status/1910979804289257925,819018305822281728,
1888921081110724686,Mon Feb 10 12:00:54 +0000 2025,0,@CommuterLine min jalur 5 kp bandan di jam pulang kerja tolong dong securitynya pada standby di peron pake toak. udah keseringan warga bekasi tolol ngedorong maksa naik padahal kita belom turun. kayak gitu securitynya diem aja klemar klemer. awas aja besok smpe kg ada perubahan.,1888921081110724686,,CommuterLine,in,,0,0,0,https://x.com/undefined/status/1888921081110724686,1831641697325084672,
1891638828395360724,Tue Feb 18 02:47:07 +0000 2025,0,@CommuterLine @sadiqadhetyo Min saran dong petugasnya ada yg standby juga di area kursi prioritas. Dg kondisi kereta yg penuh sesak seringkali susah menjangkau petugas yg entah dimana Saya ngalamin hamil muda berdiri dari sudimara sampai tanah abang krn gada yg kasih dan gada yg bisa diminta bantuan juga ,1891680816708624397,,CommuterLine,in,,0,2,0,https://x.com/undefined/status/1891680816708624397,223355564,
1893838686384447907,Mon Feb 24 01:41:43 +0000 2025,1,@CommuterLine @HaloBCA @PT_Transjakarta kartu flazz kalo abis di pake buat parkiran terhitung belum tap out kah dari kereta atau transjakarta? Perjalanan kadaluarsa katanya dan harus bayar di cs commuter . Ya kecil sih tapi enak banget ya nyari duit dari sistem yang ngebug? https://t.co/8xayNbCDBi,1893838686384447907,https://pbs.twimg.com/amplify_video_thumb/1893838671259787264/img/oZw9Uk90ZoSAzBxy.jpg,CommuterLine,in,,2,9,0,https://x.com/undefined/status/1893838686384447907,383602262,
1910110252282134931,Wed Apr 09 23:29:13 +0000 2025,0,@CommuterLine Ini malah kata security nya sudah lapor dan ternyata 5 gerbong depan mati 5 gerbong belakang nyala. Baru bisa di cek di stasiun akhir. Iyakali selama perjalanan sampe stasiun akhir panas2an begini??? Emg sebelum jalan gak di cek kesiapan keretanya?,1910112794743304403,,CommuterLine,in,,0,0,0,https://x.com/undefined/status/1910112794743304403,327392704,
1884968831346712625,Wed Feb 05 00:02:52 +0000 2025,1,@CommuterLine Cek di web jadwal gak berubah smpe stasiun dibilang petugasnya kereta terlambat blm lgi klo jadwal weekend suka ada jadwal yg mendadak di cancel gk semua yg kerja libur di weekend yah tolong semau2nya ajaa dehh kalian pdhl ngandelin bngt KRL buat kerja,1886928440135458985,,CommuterLine,in,,0,0,0,https://x.com/undefined/status/1886928440135458985,909749702148612096,
1897474523513151965,Thu Mar 06 02:29:14 +0000 2025,0,@CommuterLine Padahal stasiun Tanah Abang Baru tp kotor banget toiletnya. Bukannya bersihin toilet CS nya malah ada di ruang Laktasi. Padahal dulu jaman pak Jonan yg paling awal dibereskan adalah perihal toilet. Malah sekarang mengalami kemunduran. https://t.co/5mUOZCWwBt,1897474523513151965,https://pbs.twimg.com/media/GlUvBK9akAADciv.jpg,CommuterLine,in,,0,2,0,https://x.com/undefined/status/1897474523513151965,150154691,
1886195976240865409,Tue Feb 04 07:08:44 +0000 2025,0,@CommuterLine @iamazulaa Jam 6.55 bgr - mri. Sangat membantu mengurai kepenuhan sesak kereta. Alhasil Sejak 2 hari ini kereta padat berdesakan pada jam² tersebut. Coba dikaji lagi KAI jadwalnya,1886673226794979716,,CommuterLine,in,,0,0,0,https://x.com/undefined/status/1886673226794979716,1317116756964438017,
1889457523805266338,Wed Feb 12 00:15:57 +0000 2025,1,@CommuterLine PETUGASNYA GABUT CUMAN PLANGA PLONGO GW PERNAH NANYA KE PETUGAS LU DIKASIH INFO YG SALAH!!!,1889468448356573276,,CommuterLine,in,,0,0,0,https://x.com/undefined/status/1889468448356573276,1386355060485939206,
1884968831346712625,Tue Feb 04 23:35:38 +0000 2025,0,@CommuterLine Emang gajelas banget nyusun jadwal dari dulu harusnya d stasiun awal sebelum kreta brangkat udah standby dlu lah keretanya 10 menit ini mah kereta dateng lgsg berangkat gimana mau tertib,1886921587003412803,,CommuterLine,in,,0,0,0,https://x.com/undefined/status/1886921587003412803,1069428820615213056,
1885225436533449162,Fri Jan 31 07:15:44 +0000 2025,0,@CommuterLine @KAI121 bukannya di stasiun ada larangan tidak boleh merokok ya? ini petugasnya sendiri yg merokok di dalam ruangan mereka st jatinegara pukul 14:10 peron 5. rokoknya tercium oleh saya yang sedang menunggu krl.,1885225436533449162,,CommuterLine,in,,1,2,0,https://x.com/undefined/status/1885225436533449162,1410619759826141187,
1910132274877845917,Thu Apr 10 00:46:37 +0000 2025,0,@CommuterLine tolong dong kalo pagi ada mesin tapout yang rusak di stasiun Palmerah tuh security nya bantu buat rapihin barisnya ini masih pagi antrian tap out udah nyampe ujung stasiun karena satu mesin buat dua baris. https://t.co/pdnjrRDYtL,1910132274877845917,https://pbs.twimg.com/media/GoInLDdaAAA4gbP.jpg,CommuterLine,in,,0,1,0,https://x.com/undefined/status/1910132274877845917,1734041034735378432,
1904641653673255044,Tue Mar 25 21:08:51 +0000 2025,0,@CommuterLine rawabuaya-duri kemarin gajadi jalan ga dapet refund nih? Kata pegawai lu biarin aja nanti pas expired saldonya balik nyatanya ga balik tuh di gopay gua?,1904641653673255044,,CommuterLine,in,,0,1,0,https://x.com/undefined/status/1904641653673255044,69075825,
1914604993002520971,Tue Apr 22 09:11:58 +0000 2025,0,@CommuterLine lah berati pegawai u sendiri nyebarin hoax nya,1914608104874106992,,CommuterLine,in,,0,0,0,https://x.com/undefined/status/1914608104874106992,1164393333931692032,
1891649675612037488,Tue Feb 18 00:43:22 +0000 2025,0,@CommuterLine mulai lagi taksaka pagi 7.45 berangkat dari gambir krl 1186 sudah tertahan jam 7.38 di juanda padahal masih ada jeda waktu buat melintas langsung stasiun gambir pelayanannya makin kesini malah makin ngawur pake gapeka baru @KAI121,1891649675612037488,,CommuterLine,in,,0,2,0,https://x.com/undefined/status/1891649675612037488,1709640121,
1891335713687244973,Mon Feb 17 03:55:48 +0000 2025,0,@CommuterLine berawal saya sadar hanya 3menit setelah saya turun kereta dan naik ke lantai atas krn ingin melanjutkan perjalanan menuju serpong. Lalu saya tanya security mereka bilang lapor ke PS. Saya berlari ke PS dan buat laporan. Semua proses tidak sampai 10 menit TAPI????,1891335713687244973,,CommuterLine,in,,0,0,0,https://x.com/undefined/status/1891335713687244973,1696936891868917762,
1909281524945764592,Mon Apr 07 16:26:02 +0000 2025,0,@CommuterLine emang bener mesti ke pusat dlu di Juanda buat nanganin ginian?? ga bisa ditanganin di stasiun gitu asal ada Security dan staf kalian? wow shame on you lahh... udah gada ruang aman kalo gini mah di KCI. @KAI121 tuh atensi anak usaha lu,1909281524945764592,,CommuterLine,in,,0,0,0,https://x.com/undefined/status/1909281524945764592,1589962749638942720,
1902511979388162141,Thu Mar 20 00:06:17 +0000 2025,0,@CommuterLine tolong dong security di stasiun transit terutama duri bisa lebih tegas klo ada yg nyelonong lewat kiri ga ikut barisan untuk pindah dari peron 5 ke peron 2. Kasian orang yang udh tertib baris liat di kiri banyak yg nyelonong lewat jalur sebaliknya.,1902511979388162141,,CommuterLine,in,,0,2,0,https://x.com/undefined/status/1902511979388162141,381521244,
1897470266659479588,Thu Mar 06 02:12:19 +0000 2025,1,@CommuterLine hai kak aku mau sampaikan keluhan ttg rangkaian kereta dari bogor dan depok. semenjak perubahan jadwal baru jadi gak nyaman kalau jam sibuk. memang datangnya cepet tapi selalu overload tolong ditambah armada yang berangkat dari depok karena itu sangat membantu.,1897470266659479588,,CommuterLine,in,,0,0,0,https://x.com/undefined/status/1897470266659479588,1449949390999859205,
1891153939787026737,Sun Feb 16 23:23:17 +0000 2025,0,@CommuterLine Ada aja yaa gangguan nyaa Sma nya sperti di batu ceper yg petugas security nya ga ada yg ramah2 udah gitu selalu ga ada di peron jadi susah buat bertanya..,1891267135248163141,,CommuterLine,in,,0,0,0,https://x.com/undefined/status/1891267135248163141,1873165266043203584,
1891337277663478235,Mon Feb 17 04:02:00 +0000 2025,0,@CommuterLine kenapa tidak ada petugas lost and found yang profesional? Bukan yang merangkap! Jadi tidak fokus menemukan dan membantu orang yang sedang panik dan kalut kehilangan barang. #hatihatinaikKAI,1891337277663478235,,CommuterLine,in,,0,0,0,https://x.com/undefined/status/1891337277663478235,1696936891868917762,
1885645515544822105,Sat Feb 01 11:04:59 +0000 2025,0,@CommuterLine bisa ga sih kalian itu update peron di aplikasi?? Peron br muncul saat kereta udah sampe orang turun eskalator kereta udah jalan lagi. THOLOL. MANA PETUGASNYA KALO DITANYA KERETA MASUK PERON MANA JUGA PADA GA TAU LAGI!,1885645515544822105,,CommuterLine,in,,0,1,0,https://x.com/undefined/status/1885645515544822105,1167687218598563840,
1916114257650778418,Sat Apr 26 12:56:53 +0000 2025,0,@CommuterLine please do educate your security(?) gatau lah yang pasti personil KRL berseragam kuning dengan rompi orange itu. i am a man and i do understand how the priority seats work. and i am aware juga kalian sering bilang semua kursi adalah prioritas,1916114257650778418,,CommuterLine,in,,0,1,0,https://x.com/undefined/status/1916114257650778418,1445738703180025860,
1886263552148971652,Mon Feb 03 11:25:30 +0000 2025,0,@CommuterLine Siap semoga bisa menjadi lebih baik lagi pelayanannya kami tunggu kabaiknya,1886375456066461751,,CommuterLine,in,,0,0,0,https://x.com/undefined/status/1886375456066461751,2558617742,
1904800128730599876,Thu Mar 27 01:44:29 +0000 2025,0,@CommuterLine jawaban lu gak membantu kocak,1905073405835260271,,CommuterLine,in,,0,0,0,https://x.com/undefined/status/1905073405835260271,1790661215867568128,
1908861969387688135,Sun Apr 06 15:38:50 +0000 2025,0,@CommuterLine Baik kak masalahnya di gerbong tadi gaada petugasnya kak,1908907257464811919,,CommuterLine,in,,0,0,0,https://x.com/undefined/status/1908907257464811919,1404463747331018758,
1886161251618939279,Mon Feb 03 01:09:33 +0000 2025,0,@CommuterLine Semangat pagi dan selamat beraktivitas juga min.. Untuk sblmnya di stasiun batu ceper di mohon agar petugas security nya lebih ramah lagi dan memberi pelayanan yg terbaik semoga kedepan nya bisa diperbaiki,1886220448498892952,,CommuterLine,in,,0,0,0,https://x.com/undefined/status/1886220448498892952,1873165266043203584,
1881867441065906374,Wed Jan 22 00:52:16 +0000 2025,0,@CommuterLine min tolong lah security di tanah abang lebih sigap lagi. Kalau pas lagi kereta datang di atur naik dan turunnya lebih baik. Kalau penuh yg naik kasih 3 jalur begitu jg sebaliknya. Jangan malah pusing sendiri ujung2nya malah kedorong orang2.,1881867441065906374,,CommuterLine,in,,0,1,0,https://x.com/undefined/status/1881867441065906374,1598913459072049152,
1882338485614645291,Thu Jan 23 08:04:01 +0000 2025,0,@CommuterLine petugas security stasiun citayam sangat tidak ramah.. jam 04.30 saya mau minta bantuan masalah gate tidak terbuka padahal sudah tulisan sudah sukses .. tapi malah marah2 seakan2 saya ganggu dia.. sampe dia ngucap istigfar..,1882338485614645291,,CommuterLine,in,,0,1,0,https://x.com/undefined/status/1882338485614645291,898493425179164672,
1889900120310948228,Thu Feb 13 04:51:15 +0000 2025,0,@CommuterLine @jalurbekasi eskalator naik stasiun bekasi error mulu tiap pagi. Padahal.lagi ramai. Kemarin sampai ada ibu2 sakit susah naik tangga yang tinggi itu ga ada sekuriti bantuin. Masalahnya apa eskalator???,1889900120310948228,,CommuterLine,in,,0,1,0,https://x.com/undefined/status/1889900120310948228,1252273059282579456,
1893079959792746978,Thu Feb 27 01:38:51 +0000 2025,0,@CommuterLine @LordCarry1 Kalau st tanah abngnya blm ready gausah di buka babi. Bikin ngaret tau gak. Mjb kak. Aku emosi sama cs bego ini,1894925128749982051,,CommuterLine,in,,0,0,0,https://x.com/undefined/status/1894925128749982051,3501530773,
1893992769254723819,Mon Feb 24 12:03:46 +0000 2025,0,@CommuterLine Baiknya security lebih sering muter ya min. Meminimalisir hal2 begini ,1893995229696373087,,CommuterLine,in,,0,0,0,https://x.com/undefined/status/1893995229696373087,96932909,
1893079959792746978,Thu Feb 27 01:37:33 +0000 2025,1,@CommuterLine @_MISSinaga Eh Cs mng lu bego apa gimana???? Kok gak tau info KRL mana aj yang jadwalnya ngaret??? Lu dari tadi reply2 user ini gak nanggep kah summarynya? goblok,1894924803481706644,,CommuterLine,in,,0,0,0,https://x.com/undefined/status/1894924803481706644,3501530773,
1898888816330678339,Mon Mar 10 01:03:12 +0000 2025,0,@CommuterLine Sudah menghubungi petugas cs Sudah di DM juga melalui Instagram ,1898902424808784089,,CommuterLine,in,,0,0,0,https://x.com/undefined/status/1898902424808784089,1659359630399787008,
1878697748637348093,Mon Jan 13 10:49:37 +0000 2025,0,@CommuterLine kakakku bkn rossi min gabisa ngebut2 dia. aku dah otw 20 menit sebelum kereta berangkat. aku ga lama ini liat org2 naik nambo di cibinong ada yg msh di tangga tp keretanya ditahan sm petugasnya biar dia bisa naik. kenapa di pondok rajeg ga begitu? beneran cm beda brp detik...,1878756279914746025,,CommuterLine,in,,0,3,0,https://x.com/undefined/status/1878756279914746025,1468547544565182465,
1894697809993195555,Wed Feb 26 10:35:34 +0000 2025,1,@CommuterLine Ini gak salah CS nya bilang Selamat Menikmati Perjalanan Anda ? Gimana mau menikmati dr Tanah Abang aja ke arah Rangkas udah full di setiap gerbong. Pengaturan jadwalnya gimana sih? Tolong lah ini yg naik KRL manusia bukan binatang.,1894697809993195555,,CommuterLine,in,,0,1,0,https://x.com/undefined/status/1894697809993195555,1397403651396624384,
1888410769739731336,Sun Feb 09 05:06:33 +0000 2025,0,@CommuterLine @RMU_ID Gmna nih pengelola parkir tanggung jawab nya? Security stasiun gk ada yg merhatiin juga itu orang ngambil helm.,1888454418863165840,,CommuterLine,in,,0,0,0,https://x.com/undefined/status/1888454418863165840,1727143586,
1894130887777718285,Tue Feb 25 05:59:15 +0000 2025,1,@CommuterLine @Felixaji Tolong lah Pihak KAI parah antrian juga...Dari Rawabuntu udah gak bisa naik...Jadwal gak karuan...Di Stasiun Tanah Abang juga di minta Surat Keterlambatan katanya kalau gak ada gangguan gak di kasih...Udah di jelasin petugasnya ngeyel...Koordinasi lah...,1894265885105557915,,CommuterLine,in,,0,1,0,https://x.com/undefined/status/1894265885105557915,1861946480166354944,
1875231614273515761,Sun Jan 05 09:56:11 +0000 2025,1,@CommuterLine @bacottetangga__ Mohon lebih tegas lagi untuk petugasnya supaya pelanggan yang lain merasa aman dan nyaman,1875843729619304832,,CommuterLine,in,,0,0,0,https://x.com/undefined/status/1875843729619304832,1276451631089868800,
1906421270532747650,Sun Mar 30 19:06:16 +0000 2025,3,@CommuterLine @sendiryan_ jawaban ga membantu tau ga. giliran bisa pilih jadwal aja seatnya banyak yg kejual dan waktu masukin identitas tbtb timeout. kami tuh butuhnya estimasi dan KEADILAN buat semua calon penumpang. makasih.,1906422744562258078,,CommuterLine,in,,0,2,0,https://x.com/undefined/status/1906422744562258078,1856191340226457604,
1903970848371097975,Mon Mar 24 00:51:33 +0000 2025,0,@CommuterLine Gosah nanya2 benerin aja dulu jadwal dan pelayanannya kebiasaan kalau udah mau periode mudik pasti KRL yang dijadiin tumbal ,1903972923779731813,,CommuterLine,in,,0,1,0,https://x.com/undefined/status/1903972923779731813,412321517,
1891809726607847521,Tue Feb 18 14:19:19 +0000 2025,0,@CommuterLine @neglass2 Perbandingan sebelum GAPEKA CL tersedia tuj akhir cikarang keberangkatan dr st kemayoran pkl 17:15 dan pkl 18 GAPEKA menjadi neraka makanya kalian staff uji coba Spy bisa merasakan kebijakan kalian yg menyiksa. ,1891855017881240038,,CommuterLine,in,,0,0,0,https://x.com/undefined/status/1891855017881240038,437149446,
1917029490007638146,Tue Apr 29 01:33:41 +0000 2025,0,@CommuterLine min app c-access Saran/Kritik dari saya akan lebih baik update kembali cantumkan Foto depan kereta sebagai nomor KA nya. contoh KA 1331 8sf TM 6020 (foto TM 6020 nya). lebih membantu pasti lebih luas dan memadai untuk kedepanya dapet jr205 atau TM dll. Terimakasih,1917029490007638146,,CommuterLine,in,,0,1,0,https://x.com/undefined/status/1917029490007638146,1618873191455416320,
1885569242965434710,Sat Feb 01 06:01:54 +0000 2025,0,@CommuterLine Siang ini sekitar pukul 12:40 saya mau nyebrang pindah peron namun dihalang-halangi di stasiun Tebet oleh security a/n Ridwan padahal disitu saya ber-2 brg dgn ibu ibu msh muda jalannya jg msh gagah tp ibu ibu itu boleh lewat sementara saya ga boleh.,1885569242965434710,,CommuterLine,in,,0,1,0,https://x.com/undefined/status/1885569242965434710,621468193,
1901106178018406784,Sun Mar 16 08:15:19 +0000 2025,0,@CommuterLine knp saya waktu nunggu kereta datang (40menit sebelum kereta datang) gaboleh ketoilet sama petugasnya dgn alasan takut besi jatuh tapi 10 mnt kemudian ada anak kecil sama bapa bapa boleh lari larian di lorong? knp ya min,1901185496854016246,,CommuterLine,in,,0,1,0,https://x.com/undefined/status/1901185496854016246,1206765506213974016,
1898892574443831313,Mon Mar 10 04:17:33 +0000 2025,0,@CommuterLine Ini sangat merepotkan jadinya . Gak sat set lagi dech pelayanannya ,1898951335896355116,,CommuterLine,in,,0,0,0,https://x.com/undefined/status/1898951335896355116,132415607,
1910484718338076839,Fri Apr 11 00:07:06 +0000 2025,0,@CommuterLine kocak banget deh nih jadwal krl bekasi setelah libur lebaran suka ngaret terus. Apalagi pas rush hour. Kereta pemberangkatan yg harusnya jam 07:06 jam 07:06 aja belum dateng keretanya‍↕️ Efek libur lebaran ya jadi belum pada efektif pelayanannya? ,1910484718338076839,,CommuterLine,in,,0,1,0,https://x.com/undefined/status/1910484718338076839,1499271730250280961,
1910469109969813633,Thu Apr 10 23:05:05 +0000 2025,0,@CommuterLine tolong dong petugas yang di st tanjung barat minimal ada yg standby dktgate atau gimana kek. Minta tolong ke petugas loket gara2 kartu gw ga bisa tap in malah lepas tangan bilang ga punya akses. Minimal dibantu panggilin petugas yg lg jaga atau apa kek,1910469109969813633,,CommuterLine,in,,0,1,0,https://x.com/undefined/status/1910469109969813633,59992849,
1914101535732322443,Sun Apr 20 23:39:03 +0000 2025,0,@CommuterLine MOHON DI EVALUASI KINERJA SECURITY ST. DURI. KAMI PENUMPANG TANGERANG YG TURUN DI PERON 5 TANGGA MANUAL YG KHUSUS NAIK DI BUAT TURUN OLEH PENUMPANG TRANSIT DR PERON 2 AKHIRNYA RIBUT KAMI PENUMPANG INI SECURITY NYA GA ADA.,1914101535732322443,,CommuterLine,in,,0,1,0,https://x.com/undefined/status/1914101535732322443,1220538476002570240,
1894340597458342390,Tue Feb 25 13:59:17 +0000 2025,0,@CommuterLine @Dwianwan @KAI121 Kebanyakan nyatet mulu gak ada actionnya. Pake pembatas min kek di konser. Masa kudu dikasih tau sih harus ngapain. Pegawai commuter kagak pernah naik kereta di rush hour sih ,1894386690082705644,,CommuterLine,in,,0,1,0,https://x.com/undefined/status/1894386690082705644,3159560982,
1908697403324325978,Sun Apr 06 14:05:35 +0000 2025,15,@CommuterLine @txttransportasi Bisa gk diberlakukan aturan jika penumpang gk ikut aturan di KRL setelah 1x teguran oleh security diturunkan di stasiun berikut dan dikeluarkan dari area peron? Sometimes mahluk yg modelan begini perlu dikerasin utk kebaikan brsama. Kebodohan hrs dipaksa tertib dgn aturan keras.,1908883788651970759,,CommuterLine,in,,0,0,0,https://x.com/undefined/status/1908883788651970759,1797192855418765312,
1888245760975859950,Sat Feb 08 17:12:36 +0000 2025,0,@CommuterLine Siap! Lanjutkan kak. Semoga membantu.,1888274744254029882,,CommuterLine,in,,0,3,0,https://x.com/undefined/status/1888274744254029882,1805234582926864384,
1888139631323144205,Sat Feb 08 13:11:34 +0000 2025,0,@CommuterLine @KAI121 Mending lu hire cs deh supaya balesannya ngga template. Masak harga tiket kereta pada naik tp hire cs ngga mampu dih,1888214088263864582,,CommuterLine,in,,0,0,0,https://x.com/undefined/status/1888214088263864582,1342082132173152258,
1890683811328930084,Sat Feb 15 10:07:13 +0000 2025,0,@CommuterLine @revesuyo Kaka admin vending machine nya di update utk pilihan stasiun rawa buaya bukan pelanggan disuruh repot lagi utk ke CS terima kasih,1890704407710351793,,CommuterLine,in,,0,0,0,https://x.com/undefined/status/1890704407710351793,1642470623707566080,
1905138689308815495,Thu Mar 27 06:03:53 +0000 2025,0,@CommuterLine kok ga jawab? ni yg make KRL tanya ke petugasnya lgsg pls aku kepo jg,1905138689308815495,,CommuterLine,in,,0,0,0,https://x.com/undefined/status/1905138689308815495,997119021093863424,
1914836869638185059,Wed Apr 23 00:21:00 +0000 2025,0,@CommuterLine kenapa ya eskalator di tanah abang rusak mulu????!!!! Trs yg hamil dan lansia gmn nasib nya? Gaada juga tu security yg prioritasin,1914836869638185059,,CommuterLine,in,,0,1,0,https://x.com/undefined/status/1914836869638185059,95590835,
1908764206469701791,Sun Apr 06 06:28:53 +0000 2025,3,@CommuterLine Kalo sama penumpang lain galakan mereka min. Jadi memang Security yg harus negur. Saya pengguna harian CL dan kadang naik di weekend/libur nasional. Petugas di hari libur cenderung abai kepada penumpang seperti ini,1908768855482392919,,CommuterLine,in,,0,1,0,https://x.com/undefined/status/1908768855482392919,49895101,
1907474594421936385,Wed Apr 02 16:45:57 +0000 2025,0,@CommuterLine Security atas nama riwansyah Tolong beradap sedikit dan optimalkan kinerja untuk bekerja Saya cape pulang kerja Lagi istirahat malah di tegur dan di tuduh yg ngga2,1907474594421936385,,CommuterLine,in,,0,1,0,https://x.com/undefined/status/1907474594421936385,1907473650208616456,
1892905055466246335,Fri Feb 21 13:06:09 +0000 2025,0,@CommuterLine Amiin semoga bisa membantu min ,1892923765694357650,,CommuterLine,in,,0,0,0,https://x.com/undefined/status/1892923765694357650,1245852938,
1904584130664554924,Wed Mar 26 01:22:36 +0000 2025,0,@CommuterLine Oke trus saya mau refund tiket yang sudah saya beli melalui KAI Access gmana caranya ya? Soalnya kemarin sudah kepepet kalau saya urus lagi di cs stasiun,1904705511720968591,,CommuterLine,in,,0,0,0,https://x.com/undefined/status/1904705511720968591,1547032943373484032,
1886184797216854337,Mon Feb 03 00:12:10 +0000 2025,0,@CommuterLine stasiun cikarang memang kata petugasnya kereta kp bandan via ps. senen kereta pertama di 06.06 dan kereta berikutnya di 06.38 kenapa yang sebelumnya dihilangkan yaa?,1886206005551542346,,CommuterLine,in,,0,0,0,https://x.com/undefined/status/1886206005551542346,1141597005921181696,
1907475511439454319,Wed Apr 02 16:49:35 +0000 2025,0,@CommuterLine Tolong security yg namanya riwansyah beradap sedikit dan optimalkan kinerja saat bekerja saya cape pulang kerja lagi istirahat di tuduh yg ngga2 tolong beri arahan security nya,1907475511439454319,,CommuterLine,in,,0,0,0,https://x.com/undefined/status/1907475511439454319,1907473650208616456,
1876513063043801390,Tue Jan 07 06:15:52 +0000 2025,0,@CommuterLine admin tadi saya habis menyaksikan ada bapak2 pipis di stasiun posisinya ga ada security saat saya mau lapor posisi di stasiun Manggarai peron 9&amp;10 di balik portal itu. Bisa tolong ditindaklanjuti gak admin biar tidak terulang kejadian tersebut. Terima kasih. https://t.co/mk1FGdHNtp,1876513063043801390,https://pbs.twimg.com/media/Ggq2rYHbUAAlnHd.jpg,CommuterLine,in,,0,1,0,https://x.com/undefined/status/1876513063043801390,1257541872295133185,
1905589394926698551,Mon Mar 31 04:50:50 +0000 2025,0,@CommuterLine Saya tidak masalah jika kursi prioritasnya penuh. Ini kursi prioritasnya penuh dengan orang² yg tidak membutuhkan prioritas. Bagaimana saya bersikap adil tp saya sendiri tidak mendapat keadilan. Tolong dengan sangat untuk petugasnya lbh adil lagi.,1906569856599924844,,CommuterLine,in,,0,1,0,https://x.com/undefined/status/1906569856599924844,3295371452,
1880501221146108096,Sat Jan 18 07:21:44 +0000 2025,0,@CommuterLine Thanks min sangat membantu.,1880515902854295786,,CommuterLine,in,,0,0,0,https://x.com/undefined/status/1880515902854295786,307155055,
1896312357024125027,Sun Mar 02 22:06:35 +0000 2025,0,@CommuterLine Thank you min sangat sangat membantu ,1896321261229506868,,CommuterLine,in,,0,1,0,https://x.com/undefined/status/1896321261229506868,2489639149,
1914610509477036491,Tue Apr 22 11:03:32 +0000 2025,1,@CommuterLine Weyyy tadi pagi yang announce orang cs di krl loh hoaks? Kok bisa orang resmi yang announce kalo itu hoaks?,1914636180551073815,,CommuterLine,in,,0,0,0,https://x.com/undefined/status/1914636180551073815,1738615415750926336,
1875100122738290994,Fri Jan 03 12:29:36 +0000 2025,0,@CommuterLine min tolong cek dm ada ibu ibu ngobrolnga berisik bgt gada petugasnya di sini,1875157561886020022,,CommuterLine,in,,0,0,0,https://x.com/undefined/status/1875157561886020022,1257930470492303360,
1914192283861500154,Mon Apr 21 11:28:14 +0000 2025,4,@CommuterLine Security nya diajarin dong min untuk ngobrol kalau ada masalah dan mengurai kepadatan tana abang bukan didiemin...,1914280009734537230,,CommuterLine,in,,0,0,0,https://x.com/undefined/status/1914280009734537230,90997107,
1657423997099966472,Sat May 13 16:34:09 +0000 2023,0,@CommuterLine min saya pengguna baru krl. Mau tanya pintu masuk stasiun kampung bandan ada berapa? Masuk dari dari mana ya? Akan sangat membantu jika di jelaskan dari arah turun busway. Terimakasih,1657423997099966472,,CommuterLine,in,,0,1,0,https://x.com/undefined/status/1657423997099966472,274595186,
1659796437864157184,Sat May 20 06:14:41 +0000 2023,3,@CommuterLine Iya tadi saya lupa lihat nama petugas yang matikan kipas angin itu. Tapi klo mau tau nama petugasnya lihat aja jam berapa siapa saja yang bertugas di peron 7 jam yang saya tulis itu. Semoga petugas itu sadar dan tdk seenaknya dia melakukan hal seperti itu lagi.,1659804819304120321,,CommuterLine,in,,0,1,0,https://x.com/undefined/status/1659804819304120321,2950432148,
1673909875515207680,Wed Jun 28 10:05:30 +0000 2023,0,@CommuterLine Terimakasih min membantu sekali info nyaaa️️️,1673996035453231105,,CommuterLine,in,,0,0,0,https://x.com/undefined/status/1673996035453231105,1021067768416763904,
1677520620366741506,Sat Jul 08 04:54:18 +0000 2023,1,@CommuterLine Petugasnya lewat juga diem2 aja tuh gada yg negur,1677541596466929664,,CommuterLine,in,,0,0,0,https://x.com/undefined/status/1677541596466929664,1016481620,
1687656038475198464,Sat Aug 05 03:43:24 +0000 2023,0,@CommuterLine Min saya mau sedikit komplain Kemarin sore saya kecopetan di dalem kereta dari Tanah Abang mau ke Duri secara logika copetnya masih di dalem kereta kan ya. Kereta keadaan padet banget kebetulan ada petugasnya saya samperin terus minta tolong buat telponin hp saya ,1687670613958373377,,CommuterLine,in,,0,1,0,https://x.com/undefined/status/1687670613958373377,1646897463918465026,
1663868064067354624,Wed May 31 13:03:13 +0000 2023,5,@CommuterLine Mohon dibantu sampaikan ke mnagement agar dipertimbangkan utk pembebasan perihal masker ini. Yg mau pakai ya silahkan yg tdk pakai dgn salah satu alasan diatas agar tidak ditegur oleh security yg bertugas. Kereta kota-bogor naik st gondangdia skitar pukul jam 17:47. 8 rngkaian,1663893897158991873,,CommuterLine,in,,0,1,0,https://x.com/undefined/status/1663893897158991873,1953527462,
1676536323891666944,Wed Jul 05 12:31:27 +0000 2023,0,@CommuterLine Kereta lokalnya penuh Petugasnya gda yg keliling Biasanya ada nmr WA kondektur di dalem gerbong Ini mah tadi diliat gda,1676569476966539265,,CommuterLine,in,,0,0,0,https://x.com/undefined/status/1676569476966539265,4000163894,
1659796437864157184,Sat May 20 14:34:23 +0000 2023,0,@CommuterLine Terima kasih atas respon nya @CommuterLine semoga pelayanannya lebih baik lagi ya. Karena petugas yang lain di setiap stasiun juga baik dan ramah2 loh. Apalagi saat stasiun akhir penumpang ketiduran dibangunkan dgn baik.,1659930574231052288,,CommuterLine,in,,0,0,0,https://x.com/undefined/status/1659930574231052288,2950432148,
1666236829149052928,Wed Jun 07 01:43:21 +0000 2023,0,@CommuterLine Poinnya bukan itu tapi bisa ga bikin jadwal yang bener. Kalau soal penyebab nya apa harusnya bisa diantisipasi. KRL produk nya jasa bukan barang jadi tolonglah ditingkatkan lagi pelayanannya,1666259518446239744,,CommuterLine,in,,0,0,0,https://x.com/undefined/status/1666259518446239744,242675148,
1663015949094772736,Mon May 29 03:58:32 +0000 2023,0,@CommuterLine Terima kasih atas fast responnya semoga pelayanannya semakin baik ,1663032049337532416,,CommuterLine,in,,0,0,0,https://x.com/undefined/status/1663032049337532416,857949540,
1677136738702225408,Fri Jul 07 03:09:32 +0000 2023,0,@CommuterLine barti petugasnya yg kurang aktif dan penggunanya yg ga aware ya ka karna saya sdh mengingatkan ke pengguna yg diam di sisi kanan itu. trims atas responnya smg bisa jd masukan,1677152841876779008,,CommuterLine,in,,0,0,0,https://x.com/undefined/status/1677152841876779008,1420001936,
1653760836866031619,Wed May 03 14:23:29 +0000 2023,0,@CommuterLine Iya terima kasih jika pesannya sampai. Tp jangan cuma diterima tapi ga ada tindakan. Dengan adanya fasilitas yg memadai akan membantu semua pihak dari orang normal pada umumnya dan disabilitas yg punya keterbatas gerak seperti para lansia. Dipikirkan dan ditindak secepatnya.,1653767238368006144,,CommuterLine,in,,0,0,0,https://x.com/undefined/status/1653767238368006144,137697549,
1662302651613351938,Sat May 27 03:40:10 +0000 2023,0,@CommuterLine di gerbong krl ga boleh makan dan minum bener kan ? Pengecualian pas jam buka puasa ya. Ini saya lagi di gerbong arah bogor ga padat sih pada duduk. Ada yg makan minum anak2 tidak kecil banget dan ada ibunya. Ada petugas juga kok petugasnya diam saja ya,1662302651613351938,,CommuterLine,in,,0,2,0,https://x.com/undefined/status/1662302651613351938,1367033841555177476,
1677728481927659520,Sat Jul 08 18:47:21 +0000 2023,2,@CommuterLine @paruparulily @bucinnsehun disuruh cek berkala mulu yg harusnya dicek berkala itu pegawai KAI nya yg bagian input data barangkali ketiduran orangnya. ditungguin banyak orang nih. bisa dipesan jam berapa ga dijawab jawaban template terus. gimana kok ga ada mekanisme follow up ke bagian yg terkait,1677751238904156161,,CommuterLine,in,,0,0,1,https://x.com/undefined/status/1677751238904156161,1305050373728604160,
1697016923182256219,Wed Aug 30 22:42:18 +0000 2023,0,@CommuterLine Securitynya dikasitau bengon doang tidak ada action untuk koordinasi dengan masinisnya. Kalau tidak berfungsi yntuk apa ada tenaga security ???,1697016923182256219,,CommuterLine,in,,0,1,0,https://x.com/undefined/status/1697016923182256219,306425500,
1687057002936033280,Fri Aug 04 07:52:28 +0000 2023,0,@CommuterLine Paham para petugas yanh bertugas memang sangat membantu dan cepat tanggap. Tp akan lebih baik apabila gap tersebut diatas juga diperkecil supaya mempermudah penumpang dan mengurangi resiko terjadinya kecelakaan.,1687370905406869504,,CommuterLine,in,,0,1,0,https://x.com/undefined/status/1687370905406869504,33422110,
1669554362534989825,Fri Jun 16 03:55:53 +0000 2023,0,@CommuterLine kasian banget liat video ada ibu di suruh turun karna anak rewel parah banget si petugasnya,1669554362534989825,,CommuterLine,in,,0,0,0,https://x.com/undefined/status/1669554362534989825,1200431815380439041,
1666032040754679808,Tue Jun 06 10:39:26 +0000 2023,0,@CommuterLine Tolong Min tangga peron 12-13 stasiun manggarai jangan dibuat satu flow. Utamakan keselamatan pelanggan juga masa harus tubrukan yang naik dan turun. Satpamnya dikasih tau juga. PARAHH..,1666032040754679808,,CommuterLine,in,,0,1,0,https://x.com/undefined/status/1666032040754679808,1061080555742093313,
1672827117715984386,Sun Jun 25 04:40:39 +0000 2023,0,@CommuterLine harusnya satpamnya jaga 1 di belakang. Ini masak laki semua di gerbong wanita no krl 1158 arah bogor,1672827117715984386,,CommuterLine,in,,0,0,0,https://x.com/undefined/status/1672827117715984386,2206702380,
1671481035178274817,Wed Jun 21 11:38:14 +0000 2023,0,@CommuterLine lah itu udh petugasnya yg ngomong kartu flazz yg baru emang ga bisa .,1671482654011834368,,CommuterLine,in,,0,1,0,https://x.com/undefined/status/1671482654011834368,1099475298079232000,
1659524751675777024,Mon May 22 11:33:29 +0000 2023,0,@CommuterLine Mohon untuk dicantumkan nomor CS disetiap gerbong kereta min. Agar bisa ditegur via pengeras suara yang tersedia. Thanks,1660609826278498312,,CommuterLine,in,,0,1,0,https://x.com/undefined/status/1660609826278498312,1479193928,
1664539380344852481,Fri Jun 02 07:48:08 +0000 2023,0,@CommuterLine Min dimana saya harus melapor utk brg terjatuh di stasiun pasar minggu? Krtu flash dan kartu pegawai ibu sy terjatuh rabu malam di st psr minggu,1664539380344852481,,CommuterLine,in,,0,0,0,https://x.com/undefined/status/1664539380344852481,727657814,
1661891347064950785,Fri May 26 03:00:10 +0000 2023,0,@CommuterLine Jadwal sebelumnya sudah bagus min.. Karena jam 16.30 dari palur.. Jadi kami kami yang jam pulang jam 16.00 (jam pulang rata rata pegawai) masih bisa kekejar dan nda terlalu buru2 di jalan Kalau yang jadwal juni sangat mepet itu..,1661930195669094400,,CommuterLine,in,,0,0,0,https://x.com/undefined/status/1661930195669094400,213131001,
1653060608965898243,Mon May 01 15:35:36 +0000 2023,0,@CommuterLine min tolong kasih edukasi buat security yg jaga tentang peraturan yg bilang masih harus pake masker ya jangan sok2an tegas nyuruh pake masker dengan alasan negakin peraturan pas di tanya peraturan nya ngga tau ,1653060608965898243,,CommuterLine,in,,0,1,0,https://x.com/undefined/status/1653060608965898243,1458127210364035073,
1660893366526279685,Tue May 23 06:20:11 +0000 2023,0,@CommuterLine min kalau tas merah tas bayi ketinggalan di kereta serpong bisa ditemukan kah? Saya naik kereta dari st kebayoran lama jam 13.26 Saya buat laporan 10 menit setelah turun dari kereta via telp cs. Mohon pencerahannya. Trims,1660893366526279685,,CommuterLine,in,,0,1,0,https://x.com/undefined/status/1660893366526279685,1660891443681181698,
1667398457999634432,Sat Jun 10 11:00:28 +0000 2023,0,@CommuterLine @azhadit SOP nya untuk security nya tuh gimana deh? Apa yg mereka kerjain sebenernya? Kadang yg berisik ditegor kadang enggak. Yg lepas masker jg kadang ditegor kadang enggak. Trus case kayak di foto atas tuh sering banget sebenernya.,1667486885881729027,,CommuterLine,in,,0,0,0,https://x.com/undefined/status/1667486885881729027,98646984,
1673084949992464384,Mon Jun 26 01:17:31 +0000 2023,0,@CommuterLine bayar gak min ke petugasnya?,1673138386541105155,,CommuterLine,in,,0,1,0,https://x.com/undefined/status/1673138386541105155,1264580478679441409,
1676200530870435842,Tue Jul 04 12:05:23 +0000 2023,3,@CommuterLine ini sejak kapan boleh taro barang di lantai kaki boleh naik ke atas kursi. Anak² bisa lompat bebas sana sini tapi petugasnya diem aja. Ini kereta Rangkasbitung - Tanah Abang. Mohon ditindaklanjuti min. https://t.co/LV0jrh2m0a,1676200530870435842,https://pbs.twimg.com/media/F0MPcZWaIAEi0Te.jpg,CommuterLine,in,,1,1,2,https://x.com/undefined/status/1676200530870435842,115007760,
1693187547374256537,Sun Aug 20 09:05:43 +0000 2023,0,@CommuterLine thanks petugasnya perhatian buat penumpang-penumpang dgn kebutuhan khusus,1693187547374256537,,CommuterLine,in,,0,1,0,https://x.com/undefined/status/1693187547374256537,166460354,
1690717516010774528,Mon Aug 14 02:02:45 +0000 2023,35,@CommuterLine @kabarpenumpang Yuk direvisi lah signage nya @CommuterLine petugasnya juga disuruh pakai diskresi lah dalam menerapkan peraturan mana yang bisa dikasih keringanan mana yang saklek jangan pake kacamata kuda terus,1690906775061725184,,CommuterLine,in,,0,1,1,https://x.com/undefined/status/1690906775061725184,65838381,
1654445087823380480,Fri May 05 12:31:19 +0000 2023,0,@CommuterLine @sahabat_kereta @KAI121 Waah makasih sarannya kak :) sangat membantu sekali. Jika bisa ikut kereta berikutnya pastinya saya ndak bingung dan keberatan ya kak. Hehe... Salam ya kak buat para pembuat keputusan.. :),1654463783547580417,,CommuterLine,in,,0,0,0,https://x.com/undefined/status/1654463783547580417,788634576,
1659014532344455168,Thu May 18 01:54:22 +0000 2023,0,@CommuterLine saya apresiasi buat comuter arah tangerang mulai dari (duri) yang keretanya selalu bersih petugasnya siaga mengepel...,1659014532344455168,,CommuterLine,in,,0,1,0,https://x.com/undefined/status/1659014532344455168,240073859,
1659210515137323008,Thu May 18 14:53:08 +0000 2023,0,@CommuterLine hebat banget sekarang nunggu krl ke cikarang 1 jam di rajawali emang keren sekarang pelayanannya makin buat pengguna di uji kesabarannya,1659210515137323008,,CommuterLine,in,,0,0,0,https://x.com/undefined/status/1659210515137323008,132775741,
1685794286569484288,Mon Jul 31 00:07:56 +0000 2023,0,@CommuterLine Lelet citayam-kalibata berdiri dan nyender doang. Dibangunin diteriakin pada pura pura tidur. Dapat menemui security gimana? Turun kereta dulu?,1685804452882907137,,CommuterLine,in,,0,0,0,https://x.com/undefined/status/1685804452882907137,1384715042,
1660623904245964801,Mon May 22 12:29:26 +0000 2023,0,@CommuterLine hadeh.. manajemen gmn ya.. udah nunggu di manggarai lama.. sampai tanah abang malah gak ada KRL standby penumpang numpuk dibiarin aja.. emang nih yg ngatur KRL tol*l https://t.co/rQKvKz2Jt6,1660623904245964801,https://pbs.twimg.com/media/Fwu4JyyakAEuIYD.jpg,CommuterLine,in,,0,1,0,https://x.com/undefined/status/1660623904245964801,801316279705620480,
1671863147437916160,Thu Jun 22 12:50:10 +0000 2023,0,@CommuterLine ini rombongan emak2 sudah ribut berisik ngobrol terus ketawa2 berisik sudah ditegur sama sekuriti juga masih aja berisik malah makan cemilan bocil2nya.. Gak paham aturan kayaknya nih gak pernah naik KRL *Krl tujuan bogor*,1671863147437916160,,CommuterLine,in,,0,1,0,https://x.com/undefined/status/1671863147437916160,1467873900658716674,
1672519662310146048,Sat Jun 24 08:18:56 +0000 2023,0,@CommuterLine Min mau info d krl tujuan jkt kota bogor d gerbong 2 ada nenek2 yg berdiri dn gk ada petugasnya min.. kereta lg d posisi menuju univ indonesia,1672519662310146048,,CommuterLine,in,,0,1,0,https://x.com/undefined/status/1672519662310146048,74075711,
1655725903434125312,Tue May 09 00:06:31 +0000 2023,0,@CommuterLine tolong diperbanyak serta ditambah jadwal krl pemberangkatan awal Stasiun Tigaraksa krn semua pnp butuh sekali perjalanan KRL Relasi Tigaraksa-Tanah Abang (p.p) krn pengguna KRL semakin bertambah dan pelayanannya tolong ditingkatkan utk kenyamanan semua pnp,1655725903434125312,,CommuterLine,in,,0,1,0,https://x.com/undefined/status/1655725903434125312,1528536969512308736,
1659050860863954945,Thu May 18 06:10:38 +0000 2023,0,@CommuterLine Telat! Saya sudah sampai di tanahabang. Tolong petugasnya di evaluasi semua. Soalnya tidak ada sama sekali yang keliling gerbong,1659079023367168000,,CommuterLine,in,,0,0,0,https://x.com/undefined/status/1659079023367168000,1640024525374095360,
1679744513781432321,Fri Jul 14 09:29:33 +0000 2023,0,@CommuterLine baik terimakasih banyak informasinya sangat membantu,1679785193350246400,,CommuterLine,in,,0,0,0,https://x.com/undefined/status/1679785193350246400,1365941095,
1671736741496254466,Thu Jun 22 04:27:53 +0000 2023,0,@CommuterLine @KAI121 dengan dipindahnya jadwal 5529A dari 08.11 ke 08.43 di KCI Access sudah turut membantu pelanggan mengatur perjalanannya kl dibiarkan saja sama aja @CommuterLine MEMBOHONGI PELANGGAN.,1671736741496254466,,CommuterLine,in,,0,0,0,https://x.com/undefined/status/1671736741496254466,798052439345668096,
1663554174053933056,Tue May 30 14:33:17 +0000 2023,0,@CommuterLine minn jadwl mu mlm wes josss... dari PL -Yk jam 11.42 kok malah d hapus. Pdhl itu penuh tiap hari dan daribalapan pun ud berdiri. Yang kerja pelajon pegawai swasta shift awan pie min . Isa pulang ke slo dr yk makek jam mlm tapi ga isa brgkt dari slo ke yk. Aku heran,1663554174053933056,,CommuterLine,in,,0,1,0,https://x.com/undefined/status/1663554174053933056,1131383528241786882,
1691643728438698444,Wed Aug 16 07:35:22 +0000 2023,0,@CommuterLine Apakah bisa titip barang d pos security?,1691715258023571757,,CommuterLine,in,,0,0,0,https://x.com/undefined/status/1691715258023571757,1678730928045314058,
1676070432863289344,Thu Jul 06 09:46:48 +0000 2023,0,@CommuterLine Maaf late reply. Sudah ditemukan petugasnya di stasiun Kota kak. Dan sudah saya ambil di hari yang sama. Terima kasih. KAI emang terbaik ,1676890431588831233,,CommuterLine,in,,0,1,0,https://x.com/undefined/status/1676890431588831233,187850565,
1664639106326962176,Fri Jun 02 14:27:32 +0000 2023,0,@CommuterLine Harusnya dari kp bandan-ckrg jam 19.17 petugasnya salah kasih info kereta. Tadi pagi berangkatpun telat dan ketahan,1664639892226207746,,CommuterLine,in,,0,1,0,https://x.com/undefined/status/1664639892226207746,560158685,
1664951558642233344,Sat Jun 03 11:05:59 +0000 2023,0,@CommuterLine @KAI121 @KemenBUMN @kemenhub151 Mohon menjadi perhatian untuk @kemenhub151 @KAI121 semegah apapun Stasiun yg dibangun klu pelayanannya seperti ini nggak ada artinya. Kendala Pergantian jalur selalu nggak ada solusinya. https://t.co/ZwxCicG9v6,1664951558642233344,,CommuterLine,in,,0,1,0,https://x.com/undefined/status/1664951558642233344,347031964,
1659050860863954945,Thu May 18 06:11:32 +0000 2023,0,@CommuterLine Bagaimana cara mengkomunikasikan ke petugas? Sementara petugasnya gaada yang jaga di gerbong saya. Dan gaada yang lewat sama sekali.,1659079250555576321,,CommuterLine,in,,0,0,0,https://x.com/undefined/status/1659079250555576321,1640024525374095360,
1663870828994519041,Fri Jun 02 01:14:05 +0000 2023,0,@CommuterLine @rfkrnld terus saat naik dan saya sadar hp ilang saya langsung teriak2 klo hp saya hilang dan teman saya bantu telfonin hp saya dan kebetulan juga ada satpam digerbong sebelah lalu saya bilang ke satpamnya pak hape saya hilang tolong bantu pak ,1664440213832343553,,CommuterLine,in,,0,0,0,https://x.com/undefined/status/1664440213832343553,1664436881344569344,
1664390936057774081,Fri Jun 02 02:06:09 +0000 2023,1,@CommuterLine manggari staff nya noob! delay mulu berantakan. gaji buta buat yg ga kompeten ngatur manggarai. belom aja berantakan tragedi hadeuh..,1664453316011778048,,CommuterLine,in,,0,0,1,https://x.com/undefined/status/1664453316011778048,3187699934,
1680729366807080960,Mon Jul 17 00:01:22 +0000 2023,0,@CommuterLine ini kenapa ya kereta arah kampung bandan jam 7.55 tbtb berenti di st Angke dan semua penumpang disuruh TURUN. Mana petugasnya gak jelasin kenapa. GAJELAS BANGET,1680729366807080960,,CommuterLine,in,,0,1,0,https://x.com/undefined/status/1680729366807080960,931156994567782402,
1681487563792740354,Wed Jul 19 02:31:26 +0000 2023,166,@CommuterLine Rangkaian gerbong 5 nomor kereta 1159. Kesalahan bukan di operator kereta tapi di pihak manajemen @CommuterLine menerima iklan dgn suara besar yg (menurut penjelasan security) TIDAK BISA DIKECILKAN volumenya.,1681491907653009408,,CommuterLine,in,,0,3,16,https://x.com/undefined/status/1681491907653009408,77174683,
1691412572636073984,Tue Aug 15 14:16:45 +0000 2023,0,@CommuterLine udah ditanganin di st matraman tadi tapi aduhh lama bgt penanganannya min komunikasi antar petugasnya juga lambat bgt,1691453880406867968,,CommuterLine,in,,0,0,0,https://x.com/undefined/status/1691453880406867968,721929205,
1658081784159162368,Wed May 17 13:18:35 +0000 2023,0,@CommuterLine @SinyoBenno Eh gimana? Cuma minta maaf doang? Petugasnya siapa? Tolong umumkan dong dan bukti mengakui kelalaiannya. Ditunggu min @CommuterLine @perkeretaapian @bank_indonesia,1658824333710729223,,CommuterLine,in,,0,0,0,https://x.com/undefined/status/1658824333710729223,89908356,
1671042021426073600,Tue Jun 20 09:23:52 +0000 2023,0,@CommuterLine Pelayanannya msh minim.,1671086454578216960,,CommuterLine,in,,0,0,0,https://x.com/undefined/status/1671086454578216960,930359456696713216,
1693558987357356356,Mon Aug 21 09:48:59 +0000 2023,6,@CommuterLine At least tolonglah ada petugas standby di jam-jam sibuk seperti ini untuk atur antrian biar ga nyodok-nyodok. Dan mengingatkan penumpang non rutin membawa anak utk tetap hati-hati.,1693560821547421805,,CommuterLine,in,,1,2,0,https://x.com/undefined/status/1693560821547421805,1015669727123812352,
1692843168734367851,Sat Aug 19 10:17:17 +0000 2023,0,@CommuterLine kok bisa ya seorang security yg notabene hrus menjaga keamanan ngomong ke penumpang klo gak mau kesenggol naik taksi aja!! hah?!! siapa dia ngatur2 cuma sama2 babu ajaa gak usah ngerasa pling hebat. Saya jg krja di bagian pelayanan,1692843168734367851,,CommuterLine,in,,0,1,0,https://x.com/undefined/status/1692843168734367851,1636926740,
1658097533355442177,Tue May 16 12:07:57 +0000 2023,1,@CommuterLine @JunaidiRajab Kadang kalo kondisi gerbongnya lagi penuh susah juga buat nemuin petugasnya min. Mungkin cs nya bisa cek dari cctv trus tinggal announce aja petugasnya ke gerbong brp. Btw walaupun covid udh dicabut gua ttp pro sama peraturan pake masker dan gak ngobrol di gerbong.,1658444172079276032,,CommuterLine,in,,0,1,0,https://x.com/undefined/status/1658444172079276032,113010577,
1673114366147952641,Sun Jul 02 16:57:26 +0000 2023,0,@CommuterLine @tikilita Oh ini tempat sampah yg dipisah. Tp pd akhirnya petugasnya angkat &amp; pundahin sampah ke dalam 1 tempat ya @CommuterLine,1675549251995340800,,CommuterLine,in,,0,0,0,https://x.com/undefined/status/1675549251995340800,1640372026090348548,
1690717516010774528,Mon Aug 14 00:38:27 +0000 2023,67,@CommuterLine @kabarpenumpang min @kabarpenumpang infokan tgl brp min @CommuterLine km follow up ke tim terkait perihal ini sampaikan ke saya feedbacknya spt apa dlm 3x24 jam gd feedback saya pengecekan scr langsung ke leader securitynya. lama kelamaan CL ini gd fungsi nya ya cuma template aja.,1690885559110254592,,CommuterLine,in,,0,3,5,https://x.com/undefined/status/1690885559110254592,362419767,
1692842627568472260,Sat Aug 19 10:15:08 +0000 2023,0,@CommuterLine Pantes seorang security kreta ngomong ke penumpangnya kalo gak mau kesenggol naek taksi aja? hah? emang itu kereta keluarga dia ngatur2!!! Tlg blngin ya saya juga krja di bagian pelayanan gak pnh ngmong seenggak etis itu ke orang (customer),1692842627568472260,,CommuterLine,in,,0,0,0,https://x.com/undefined/status/1692842627568472260,1636926740,
1676184320908857344,Tue Jul 04 11:00:58 +0000 2023,0,@CommuterLine perjalanan KRL Sore hari dari Tanah Abang Tujuan Akhir Tigaraksa harus diperbanyak krn KRL Relasi Tanah Abang-Tigaraksa (P.P) paling banyak dibutuhkan penumpang KRL krn KRL Tujuan akhir Tigaraksa sangat membantu sekali dan sebagai solusi mengurangi kepadatan pnp krl,1676184320908857344,,CommuterLine,in,,0,0,0,https://x.com/undefined/status/1676184320908857344,1368514165615202304,
1656868017144467457,Fri May 12 03:44:53 +0000 2023,0,@CommuterLine min udah 2 hari eskalator st kranji mati. Dan lift nya penuh sekali sama org yg bukan prioritas. Akhirnya saya sedang hamil 7 bulan harus naik tangga tinggi menuju mesin tap out. Tolong security di st kranji tegas dong atur penumpang untuk dahulukan prioritas.,1656868017144467457,,CommuterLine,in,,1,2,0,https://x.com/undefined/status/1656868017144467457,1402850514795044868,
1677976607968083969,Sun Jul 09 09:48:01 +0000 2023,0,@CommuterLine okay terima kasih yaaa min infonya sangat membantu,1677977898991628288,,CommuterLine,in,,0,0,0,https://x.com/undefined/status/1677977898991628288,2197602360,
1653285459337056257,Tue May 02 07:52:33 +0000 2023,0,@CommuterLine Maksud saya agar security harus tetep kursi prioritas untuk yg berhak. Minimal jgn ragu buat negur.,1653306468966481920,,CommuterLine,in,,0,1,0,https://x.com/undefined/status/1653306468966481920,116666985,
1693505867906462091,Mon Aug 21 12:08:42 +0000 2023,0,@CommuterLine Manggarai sudirman penumpang menumpuk apa ada delay jadwal.,1693595984591491514,,CommuterLine,in,,0,1,0,https://x.com/undefined/status/1693595984591491514,952766528,
1686847598383271936,Fri Aug 04 00:45:57 +0000 2023,0,@CommuterLine Iya pergantian jalur pasti lah alasan peegantian jalur yg lama itu knp,1687263568201465856,,CommuterLine,in,,0,0,0,https://x.com/undefined/status/1687263568201465856,952766528,
1653345035558191104,Tue May 02 13:06:29 +0000 2023,1,@CommuterLine halo min maaf mau tanya dong kenapa semua satpam kereta dengak banget yak terus juga apakah pin ibu hamil itu udah ga berfungsi soalnya tadi pake pin ibu hamil ga dapet tempat duduk tapi si satpamnya cuek banget kereta jurusan kampung bandan - Cikarang nama satpamnya khalis,1653385470519439364,,CommuterLine,in,,0,1,0,https://x.com/undefined/status/1653385470519439364,1498925206743977984,
1694893185615732781,Fri Aug 25 02:03:19 +0000 2023,0,@CommuterLine Ckrg-kp bandan via senen harusnya udh sampe bks ini baru dtg di ckrg dan blm berangkat. Tiap hari gini mending balikin jadwal kayak dulu waktu org itu berharga bgt. Telat buat kalian tinggal minta maaf kalo pegawai bisa potong gaji. Inget dosa diakhirat,1694893185615732781,,CommuterLine,in,,0,0,0,https://x.com/undefined/status/1694893185615732781,560158685,
1670739415357100033,Mon Jun 19 10:24:52 +0000 2023,0,@CommuterLine ini petugasnya kok ga ada? Arah Tigaraksa barusan ninggalin Rawa buntu https://t.co/eViTjwkIUb,1670739415357100033,https://pbs.twimg.com/media/Fy-oouWakAAECZa.jpg,CommuterLine,in,,0,1,0,https://x.com/undefined/status/1670739415357100033,57791295,
1691579724299165876,Tue Aug 15 22:41:44 +0000 2023,0,@CommuterLine trus gmn dong negurnya yg batuk ga pake masker sedangkan petugasnya aja diam saja,1691580965750206478,,CommuterLine,in,,0,1,0,https://x.com/undefined/status/1691580965750206478,187406917,
1667556645319368705,Sat Jun 10 17:04:05 +0000 2023,0,@CommuterLine @KAI121 Terima kasih atas tanggapannya ka saya DM besok kronologisnya saya berharap ada tegoran khusus untuk pegawai krn saya rasa kurang etis dengan kejutekannya melayani penumpang.,1667578392051601408,,CommuterLine,in,,0,0,0,https://x.com/undefined/status/1667578392051601408,251522512,
1680154326201925634,Sat Jul 15 09:56:21 +0000 2023,0,@CommuterLine KRL 1319 BOO-JKT di gerbong female yg paling depan ada masuk 3 pria ga ada securitynya. Ga ada yg berani negur jg. Boleh tolong panggilkan securitynya? skrng lg masu masuk psr mgg baru jadwal 16:58.,1680154326201925634,,CommuterLine,in,,0,1,0,https://x.com/undefined/status/1680154326201925634,145197578,
1696762965020778569,Wed Aug 30 05:53:09 +0000 2023,0,@CommuterLine min krl bogor - jaksrta kota kalau misalkan cuma sampe manggarai doang tolong diinfoin dong lewat masinis atau petugasnya. Udah lama2 nunggu taunya ga lanjut,1696762965020778569,,CommuterLine,in,,0,1,0,https://x.com/undefined/status/1696762965020778569,429778630,
1670589797340168192,Mon Jun 19 00:54:06 +0000 2023,0,@CommuterLine ga dikasih masuk setelah smpt brkali2 ditolak masuk akhirnya ada 1 security yg bolehin masuk. mayan laa brdiri dluar mondar mandir stgh jam br dibukain pintunya,1670595778778370048,,CommuterLine,in,,0,1,0,https://x.com/undefined/status/1670595778778370048,50891203,
1658309323511169025,Wed May 17 18:35:40 +0000 2023,0,@CommuterLine @txttransportasi Dapet SP gak ya itu petugasnya?,1658904133330685952,,CommuterLine,in,,0,0,0,https://x.com/undefined/status/1658904133330685952,465224207,
1668220873491484672,Mon Jun 12 12:48:11 +0000 2023,1,@CommuterLine Min sosialisasi ke bawah dong. Msh aja gw ditegor Ama security kereta. Untung gw LG males ribut,1668238766723715074,,CommuterLine,in,,0,0,0,https://x.com/undefined/status/1668238766723715074,1588869353604526080,
1653285459337056257,Tue May 02 07:53:33 +0000 2023,0,@CommuterLine Rangkas tanah abang. Selalu saja security hanya lewat z tanpa memperhatikan kursi prioritas.,1653306719802638338,,CommuterLine,in,,0,1,0,https://x.com/undefined/status/1653306719802638338,116666985,
1654399459638542336,Fri May 05 08:15:43 +0000 2023,0,@CommuterLine eh itu petugas kau itu kalau mau negur ga usah ngebentak dan seakan nuduh dong. Ga enak banget dengernya. Padahal ini pertama kalinya naik sendiri tapi dapet pengalaman ga enak dari petugasnya dih. Padahal bisa negur baik baik tanpa harus bentak bakalan paham kok.,1654399459638542336,,CommuterLine,in,,0,1,0,https://x.com/undefined/status/1654399459638542336,1493560807489413120,
1680125827110027264,Sat Jul 15 08:33:34 +0000 2023,0,@CommuterLine Ini biasanya da sekuriti d tmpt gerbong perempuan. Skrg dah ga pernah da lg. Jd nya mlh kyk gini. Adanya lm2 mlh co bs d gerbong ce lg,1680133493194637312,,CommuterLine,in,,0,1,0,https://x.com/undefined/status/1680133493194637312,67308970,
1661140388365869056,Tue May 23 23:07:09 +0000 2023,0,@CommuterLine Ijin tanya min apakah layanan ini juga untuk membantu mobilisasi penumpang yang pingsan/kelelahan dalam KRL. Karena beberapa kali kejadian terjadi dalam kondisi penuh dan dalam gerbong tak ditemukan petugas. Terimakasih.,1661146780824928256,,CommuterLine,in,,0,1,0,https://x.com/undefined/status/1661146780824928256,461077857,
1677784467325464576,Sat Jul 08 21:37:59 +0000 2023,2,@CommuterLine Ada masalah apa sama jadwal tgl 16 Juli? Masa nggak ada masalah tp jadwal belum muncul sampe jam segini? Jgn cuma jwb pake template orang suruh nyoba berkala. Nggak membantu sama sekali. https://t.co/5hF1tdYOLg,1677794183728467968,https://pbs.twimg.com/media/F0i46eBaEAAvw2T.jpg,CommuterLine,in,,0,1,0,https://x.com/undefined/status/1677794183728467968,137687006,
1689439588798881792,Thu Aug 10 02:00:52 +0000 2023,0,@CommuterLine kemaren sore tas isi launch box tertinggal di rak krl pas turun dikranji lapor petugas dikranji dibuat laporan petugas sigap kontak dgn petugas sta bekasi krn rute terakhir dista bekasi ternyata pas serahterima tdk ada brg tertinggal makasih KAI petugasnya sigap membantu..,1689456748971819008,,CommuterLine,in,,0,0,0,https://x.com/undefined/status/1689456748971819008,1689453852536541184,
1691045385631092736,Mon Aug 14 11:13:32 +0000 2023,0,@CommuterLine min tolong banget kereta bandaranya diurus yg bener security ga ramah sistem mesin suka error pas rame di dm tiap ada kendala ga direspon ,1691045385631092736,,CommuterLine,in,,0,2,0,https://x.com/undefined/status/1691045385631092736,84838099,
1683441545821962240,Mon Jul 24 11:38:36 +0000 2023,0,@CommuterLine dear admin kejadian mengerikan. kita td terjebak di lift stasiun cikarang. orang lain udh coba pencet tombil alarm liftnya. tdk ada tanggapan. alhasil pintu lift dibuka secara paksa. pintu terbuka. alhasil kita lapor ke security. security security pd planga plongo https://t.co/5zBZHuqgqb,1683441545821962240,https://pbs.twimg.com/media/F1zJKLRacAIyITK.jpg,CommuterLine,in,,0,1,0,https://x.com/undefined/status/1683441545821962240,86660313,
1658309323511169025,Tue May 16 06:41:45 +0000 2023,0,@CommuterLine @txttransportasi Tolong bilangin ke petugasnya min kebiasaan nanti.,1658362079856717824,,CommuterLine,in,,0,0,0,https://x.com/undefined/status/1658362079856717824,121947419,
1659209417034985476,Thu May 18 15:01:11 +0000 2023,0,@CommuterLine Template minta maaf terus tapi ga pernah di perbaiki pelayanannya.. Padahal dah banyak yg komplen masalah waktu.. Belom lagi nanti di tahan2 susah banget menghargai waktu kayaknya ,1659212543976701956,,CommuterLine,in,,0,0,0,https://x.com/undefined/status/1659212543976701956,132775741,
1679781376323903488,Sat Jul 15 06:31:38 +0000 2023,0,@CommuterLine @Fahad_Inoee @KAI121 Bacanya jangan cepat2 petugasnya lagi diarea,1680102804785106944,,CommuterLine,in,,0,0,0,https://x.com/undefined/status/1680102804785106944,277520663,
1678547505049489411,Mon Jul 10 23:31:25 +0000 2023,1,@CommuterLine jangan ngerjain orang dong kalau ngasih pengumuman krl masuk tuh krl kampung bandan via manggarai dari jalur 5 tiba2 ke 7 tau2 krl ada duluan di jalur 5 mana satpamnya juga kagak jelas ditanya kereta mana yang duluan udah gitu sekarang jadi ngaret,1678547505049489411,,CommuterLine,in,,0,1,1,https://x.com/undefined/status/1678547505049489411,1347511293452775427,
1658097533355442177,Mon May 15 16:45:38 +0000 2023,0,@CommuterLine Sudah 3 jam yang lalu min...rute tnh abang Jurang Mangu gerbong 9 sangat disayangkan sdh tdk ada announcement himbauan dilarang berbicara securitynya baru menegur stlh tau saya mau report ini.,1658151664573087745,,CommuterLine,in,,0,1,0,https://x.com/undefined/status/1658151664573087745,1455191246553575434,
1668220873491484672,Tue Jun 13 15:25:12 +0000 2023,0,@CommuterLine min ini serius udh gpp kalo gapake masker? entar pas di dalem kereta malah di tegur petugasnya suruh pake masker lg. udh di arahin &amp; dikasih himbauan boleh lepas masker blm petugas satpam di dalem keretanya min?,1668640672566616065,,CommuterLine,in,,0,1,0,https://x.com/undefined/status/1668640672566616065,123446254,
1690717516010774528,Mon Aug 14 02:19:38 +0000 2023,1,@CommuterLine @kabarpenumpang Apaan min di St. Pasar Minggu petugasnya ngebolehin emak2 ga hamil lwt pintu atas terus kok aneh bgt ga tegas,1690911023220559872,,CommuterLine,in,,0,0,0,https://x.com/undefined/status/1690911023220559872,1678625020548100096,
1653738211833954305,Wed May 03 12:28:09 +0000 2023,0,@CommuterLine Hari Rabu Pukul 19.25: Satpamnya lebih melayani sama yg langsing dan good looking. Saya mau nyebrang ke toilet lewat gerbang bawah ibu hamil/lansia (bukan lewat tangga) tapi disuruh lewat tangga bawah. (CONTD... ),1653738211833954305,,CommuterLine,in,,0,1,0,https://x.com/undefined/status/1653738211833954305,788562300,
1666201316333613056,Tue Jun 06 22:42:41 +0000 2023,0,@CommuterLine Min yg jadwal blue line ko brubah2 trs si? Senen ada standby 5.37 Selasa jg ada standby 5.36 hari ini blm ada di jadwal 5.46. Jd gmn si jadwal yg benernya? Mana jalurnya jg ga jelas di jalur brp.,1666214053549846534,,CommuterLine,in,,0,1,0,https://x.com/undefined/status/1666214053549846534,1214351016876900352,
1672043823344799744,Fri Jun 23 01:04:19 +0000 2023,0,@CommuterLine @RMU_ID @RMU_ID see. tidak membantu. oper aja operr. minta tolong banget ni. bayarnya lebih mahal dari parkir liar dan ruko ini. kita dukung fasilitas resmi tapi pelayanannya? capek.,1672047899855945728,,CommuterLine,in,,0,1,0,https://x.com/undefined/status/1672047899855945728,913862948,
1664460420000911360,Fri Jun 02 02:34:22 +0000 2023,0,@CommuterLine Tolong satpamnya pilih dengan benar mana yang berkebutuhan khusus. Mentang2 yang pakai kerudung ga keliatan udah tua apa muda jadi diperbolehkan untuk lewat rel yang jelas2 itu untuk lansia ibu hamil anak2 atau yg berkebutuhkan khusus.,1664460420000911360,,CommuterLine,in,,0,0,0,https://x.com/undefined/status/1664460420000911360,238611921,
1668100149648965633,Mon Jun 12 03:37:22 +0000 2023,0,@CommuterLine tolong untuk security di stasiun sudimara di ajarkan etika yg baik ya masa org lagi diem pesen ojek online tiba2 di bentak terus diusir2 padahal ga ngelanggar apa2 kalo pun mau memberitahu bisa dengan bahasa yg baik tolong di seleksi lagi petugas securitynya,1668100149648965633,,CommuterLine,in,,0,0,0,https://x.com/undefined/status/1668100149648965633,470830390,
1695952960747135345,Mon Aug 28 00:14:29 +0000 2023,0,@CommuterLine kok punya security ga ada empati empatinya barang saya ketinggalan saya coba lapor ke security. Tapi malah suruh ke petugas stasiun,1695952960747135345,,CommuterLine,in,,0,1,0,https://x.com/undefined/status/1695952960747135345,94964432,
1696149850398798046,Tue Aug 29 07:55:15 +0000 2023,0,@CommuterLine @pipitooramadani Tolong cepet benerin deh. Saya posisi hamil tua ni udah bener bener engap kalo turun di peron 6 7. Di peron 4 5 juga. Lift itu rebutan. Yang non prioritas pada ga ngalah security buat ngaturnya juga gaada.,1696431303607075262,,CommuterLine,in,,0,1,0,https://x.com/undefined/status/1696431303607075262,199522327,
1660623169877835777,Mon May 22 12:46:16 +0000 2023,1,@CommuterLine @anwar_hdy01 sekuriti di st palmerah bilang tak ada info gangguan penumpang sudah meluber,1660628142707589123,,CommuterLine,in,,0,2,0,https://x.com/undefined/status/1660628142707589123,152894474,
1687231374867267584,Thu Aug 03 22:38:01 +0000 2023,0,@CommuterLine HEH!!! KALIAN TUH BUAT JADWAL GIMANA SIH?! YG KEARAH MANGGARAI MANA DR ST. BEKASI?! BIASANYA JAMN SEGIKI UDH STANDBY. BISA BUAT JADWAL YG BENER GA SI LO PADA?! BIKIN EMOSI PAGI2.,1687231374867267584,,CommuterLine,in,,0,0,0,https://x.com/undefined/status/1687231374867267584,1214351016876900352,
1679781376323903488,Sat Jul 15 01:40:50 +0000 2023,14,@CommuterLine @Fahad_Inoee @KAI121 Kejadian yg sama 3 tahun yg lalu lapor ke petugas pengen liat CCTV disuruh bikin surat kehilangan dulu ke polsek terdekat untuk syarat liat CCTV dan liat CCTV nya harus ke juanda CCTV stasiun hanya sekedar hiasan jangan berharap bisa membantu anda ketika kena musibah ,1680029623437115392,,CommuterLine,in,,0,2,0,https://x.com/undefined/status/1680029623437115392,578594051,
1685529059353387008,Sun Jul 30 05:53:38 +0000 2023,0,@CommuterLine tolong diperhatikan jumlah petugas parkir di parkiran stasiun poris..agar pelayanan menjadi lebih baik..parkiran penuh..petugas yang membantu keluar masuk dan menggeser motor hanya 1 orang..jadi butuh waktu lama untuk bisa keluar dari area parkiran..mohon perhatian,1685529059353387008,,CommuterLine,in,,0,1,0,https://x.com/undefined/status/1685529059353387008,1639372700820078593,
1679781376323903488,Sat Jul 15 06:18:31 +0000 2023,0,@CommuterLine @Fahad_Inoee @KAI121 Yg ambil ya pegawai mu sendiri... Makanya dipersulit liat CCTV nya.. ya gak seh?,1680099506472488960,,CommuterLine,in,,0,0,0,https://x.com/undefined/status/1680099506472488960,1557992317,
1692164076007498057,Fri Aug 18 06:16:15 +0000 2023,3,@CommuterLine @kabarpenumpang Dan khusus yang cantik dan kenal sama securitynya ya min? Sering liat tuh yang parasnya lumayan di kasih jalan padahal bukan prioritas.,1692420121757946178,,CommuterLine,in,,0,0,0,https://x.com/undefined/status/1692420121757946178,1261469436847861761,
1681487563792740354,Thu Jul 20 12:46:31 +0000 2023,0,@CommuterLine @YoshitsuneEmpe1 Lah masak gal ada stok spare part cadangan di gudang? Bagaimana manajemen perbaikan dan perawatan peralatan mekanis begini harus nunggu spare part? Misal pun jarang rusak harusnya ada spare part standby di gudang. Any time ada masalah tinggal mobilisasi dan order lagi s/part.,1682009088857874432,,CommuterLine,in,,0,0,0,https://x.com/undefined/status/1682009088857874432,2228029288,
1678371760826380291,Mon Jul 10 12:01:36 +0000 2023,1,@CommuterLine Maap mulu tapi begini2 aja pelayanannya ya saya males maapin,1678373904866480129,,CommuterLine,in,,0,0,0,https://x.com/undefined/status/1678373904866480129,1290510571029184512,
1674966356641595392,Sat Jul 01 02:21:13 +0000 2023,0,@CommuterLine please donk Security KRL jogja solo kalau weekend suruh muter kek dijabodetabek banyak lansia gk dpt duduk egois bgt yg pada naik apalagi anak muda lagi negor mulu capek,1674966356641595392,,CommuterLine,in,,0,1,0,https://x.com/undefined/status/1674966356641595392,434162007,
1664433202507972608,Fri Jun 02 00:46:13 +0000 2023,0,@CommuterLine biasanya ada yg bisik2 dikit langsung diomelin securitynya ini ada anak kecil banyak teriak2an kok ga ditegur ya? Takut sama emak2 kah?,1664433202507972608,,CommuterLine,in,,0,2,0,https://x.com/undefined/status/1664433202507972608,623957213,
1686956860530929664,Thu Aug 03 04:27:12 +0000 2023,0,@CommuterLine kasihan lansia harus jalan kaki susah payah naik tangga panjang di stasiun Kranji gara2 lift rusak(lagi). Ga ada juga sekuriti yg bantu. Pelayanannya yok ditingkatkan. Sama tingkatkanlah kualitas suara speaker di stasiun supaya bikin orang ga salah naik jurusan. https://t.co/XTHjgz0AUc,1686956860530929664,https://pbs.twimg.com/ext_tw_video_thumb/1686956786769854464/pu/img/isbrkPsmPeB6OpHt.jpg,CommuterLine,in,,0,1,0,https://x.com/undefined/status/1686956860530929664,51399017,
1668396515382136832,Tue Jun 13 08:11:18 +0000 2023,0,@CommuterLine @cuanXi4 Min klo ini bener emang ibunya yang mau turun sendiri kasihan loh itu bapak petugasnya dihujat di komen2 di IG di akun gosip. Klarifikasi di post sendiri dong min.,1668531475791347713,,CommuterLine,in,,0,0,0,https://x.com/undefined/status/1668531475791347713,169837942,
1653233544280539136,Tue May 02 03:02:47 +0000 2023,0,@CommuterLine min ini gimana sih? Krl ketahannya total sejam loh. Ga kurang lama nih? Orang gimana mau pada naik transportasi umum kalo pelayanannya ngaret hancur kayak gini?,1653233544280539136,,CommuterLine,in,,0,1,0,https://x.com/undefined/status/1653233544280539136,198440124,
1690717516010774528,Sun Aug 13 14:03:21 +0000 2023,185,@CommuterLine Infonya jam 8 malam kurang sedikit min. Masuknya dari sisi Timur stasiun atau peron 1 arah jakk hendak nyeberang ke peron 2 arah boo. Mimin sudah minta nama petugasnya tp ybs gamau sebut krn khawatir masa depan belio. Kasian anak istrinya ,1690725733205966848,,CommuterLine,in,,1,2,7,https://x.com/undefined/status/1690725733205966848,824914361181278209,
1685802577039118336,Mon Jul 31 02:42:38 +0000 2023,0,@CommuterLine Tolong menjadi concern yang ada tindakan perubahan dong Pak/Ibu karna setiap hari ini selalu kejadian Tapi security cuma diem dan ga ada tindakan apapun Terheran-heran saya ko bisa yaaa bpk2!security cuma diam malah saya yang sebagai perempuan melihatnya geram sekali,1685843384328507392,,CommuterLine,in,,0,0,0,https://x.com/undefined/status/1685843384328507392,250125725,
1666222740884574209,Wed Jun 07 00:16:44 +0000 2023,0,@CommuterLine min knp KRL tiap pagi masuk Jakot sll ketahan lama mulai dr gambir??? ganggu bgt buat para pekerja.. klo ga bisa atur ganti aja petugasnya or kepala skaliann,1666237719037759489,,CommuterLine,in,,0,1,0,https://x.com/undefined/status/1666237719037759489,2939816952,
1660885254675243008,Tue May 23 05:47:57 +0000 2023,0,@CommuterLine kecewa dengan petugas parkir motor lantai atas st bogor tidak membantu samasekali untuk parkir. Hanya duduk saja dan tidak mengarahkan untuk parkir yg kosong atau tersedia. Tidak hanya sekali kejadian seperti ini. Thx,1660885254675243008,,CommuterLine,in,,1,1,0,https://x.com/undefined/status/1660885254675243008,528512297,
1653532273516630016,Thu May 04 01:14:19 +0000 2023,1,@CommuterLine Perjalanan KRL Boo-Jakk hari ini ditahan melulu. Makin hari kok makin parah pelayanannya Min?,1653931025679142912,,CommuterLine,in,,0,1,0,https://x.com/undefined/status/1653931025679142912,380092017,
1654465323226234880,Fri May 05 12:37:26 +0000 2023,0,@CommuterLine sudah 2 bulan merasakan pelayanan commuter line tujuan parung panjang- tn abang rangkas bitung-tn abang sama sekali Ac tidak terasa gak kebayang klo full berdesakan. Yang ada sauna para penumpangnya. Tolong perbaikan pelayanannya.,1654465323226234880,,CommuterLine,in,,0,1,0,https://x.com/undefined/status/1654465323226234880,1014850363,
1678526856084037634,Sun Aug 13 23:16:16 +0000 2023,0,@CommuterLine Pgi admin saya ingin menanyakan blan Juli kmarin sya naik KRL di stasiun tanah tinggi pas kak sya mau msuk itu kta satpamnya KMTnya disuruh diaktifin dlu ke loket nya apa bnar kalo KMTnya jrang dipakai bsa ga aktif kmbali ya.Sya kira itu sprti FLASH maupun E-money ttp bsa dpake,1690864877676769280,,CommuterLine,in,,0,1,0,https://x.com/undefined/status/1690864877676769280,408473157,
1678526856084037634,Mon Aug 14 00:08:00 +0000 2023,0,@CommuterLine Berarti seperti Flash &amp; e money yah bisa dipakai kapanpun yah min soalnya bulan Juli kakak saya disuruh ke loket sama pak satpamnya terima kasih sebelumnya,1690877897039609856,,CommuterLine,in,,0,1,0,https://x.com/undefined/status/1690877897039609856,408473157,
1657693759059152896,Sun May 14 10:26:05 +0000 2023,0,@CommuterLine ini maksud nya apa ya gerbong depan setelah lokomotif di tutup pegawai kai jadi malah buat penuh kacau nih ka lokal bandung raya no. KA. 472,1657693759059152896,,CommuterLine,in,,0,1,0,https://x.com/undefined/status/1657693759059152896,3268770228,
1685612111123333120,Sun Jul 30 11:23:39 +0000 2023,0,@CommuterLine tolong ya ini hanya masukan kalo bisa jadwalnya dirubah min itu jam tanggung buat sholat magrib mau sholat dirumah n di stasiun ga keburu takut ditinggalin kereta Kebanyakan muslim di jadwal kereta itu ga sempet sholat.terimakasih min https://t.co/EohNn7Wr4F,1685612111123333120,https://pbs.twimg.com/media/F2R_R1jb0AAE0cf.jpg,CommuterLine,in,,0,1,0,https://x.com/undefined/status/1685612111123333120,148259214,
1668068720718258176,Mon Jun 12 09:01:57 +0000 2023,0,@CommuterLine @akukreszy Udah tau cuma rekayasa eh masih aja di pertahankan. Emang masih kurang apa min.. stok masker masih bnyk ya takut gk laku? Wkwkwk,1668181834113638402,,CommuterLine,in,,0,1,0,https://x.com/undefined/status/1668181834113638402,1161518814003105797,
1663595477722628096,Fri Jun 02 23:29:25 +0000 2023,0,@CommuterLine @Rizz__53 Tolong min klo kereta barang masuk di st rangkasbitung jangan diparkir di jalur 1 kasian org2 yg mau naik kereta di jalur 2 &amp; 3 harus nyebrang lewatin rangkaian gerbong kereta barang apalagi yg bawa anak kecil bahaya mengancam,1664776262357856256,,CommuterLine,in,,0,1,0,https://x.com/undefined/status/1664776262357856256,67929049,
1673441479568789504,Mon Jun 26 22:36:08 +0000 2023,0,@CommuterLine Pagi min Tangerang Line masih aman kan pagi ini? Semalam kan ada kebakaran disekitar sana dan kereta jalannya pelan takut berpengaruh pagi ini Mohon infonya,1673460162013831174,,CommuterLine,in,,0,1,0,https://x.com/undefined/status/1673460162013831174,3326039478,
1677728481927659520,Sat Jul 08 18:23:51 +0000 2023,0,@CommuterLine @bucinnsehun ini gimana minnnn banyak yg nunggu kepastian kira2 jam berapa update nya? Kita butuh tidur dan butuh tiket kalo tidur takut kehabisan tiket kalo ngga tidur takutnya gak update2 sampe pagiiii,1677745324738359296,,CommuterLine,in,,0,1,0,https://x.com/undefined/status/1677745324738359296,1150303306243117056,
1658688736891400194,Tue May 30 14:41:50 +0000 2023,0,@CommuterLine Jadi kalok saya dari Malang mau Ke Kediri tidak bisa langsung seperti sebelumnya ya? Bisa tolong dijelaskan karena untuk sekarang tiket di kai access masih sama seperti sebelumny saya takut salah naiknya. Tks,1663556325941600259,,CommuterLine,in,,0,1,0,https://x.com/undefined/status/1663556325941600259,1320166496849387522,
1673945000076541953,Wed Jun 28 06:44:25 +0000 2023,0,@CommuterLine Akurat enggak tuh jadwalnya min? Takut diturunin di St. Bekasi,1673945431032856576,,CommuterLine,in,,0,1,0,https://x.com/undefined/status/1673945431032856576,234660059,
1664433202507972608,Fri Jun 02 00:46:13 +0000 2023,0,@CommuterLine biasanya ada yg bisik2 dikit langsung diomelin securitynya ini ada anak kecil banyak teriak2an kok ga ditegur ya? Takut sama emak2 kah?,1664433202507972608,,CommuterLine,in,,0,2,0,https://x.com/undefined/status/1664433202507972608,623957213,
1667398073184813061,Sat Jun 10 05:07:34 +0000 2023,0,@CommuterLine sungguh aneh bin ajaib. adek saya yang harusnya jadwal libur kerja disuruh kerja dengan alesan loyalitas tapi tanpa ada upah lemburan. Untuk fingerpun dilarang karena takut jadi masalah katanya.,1667398073184813061,,CommuterLine,in,,0,2,0,https://x.com/undefined/status/1667398073184813061,1509770241936871424,
1679309980980379650,Thu Jul 13 02:01:14 +0000 2023,0,@CommuterLine mohon perhatian nya dgn memangkas jumlah gerbong di jam2 brk pagi sdh dipikirkan jg kah jika penumpang rawan konflik + rawan kecelakaan?,1679309980980379650,,CommuterLine,in,,0,0,0,https://x.com/undefined/status/1679309980980379650,318254310,
1662065198281392128,Tue May 30 12:45:49 +0000 2023,0,@CommuterLine udah bener jadwal yang kemarin malah diganti. yang jam2 rawan berangkat pulang kerja malah gak ditambah jam malam yang sangat membantu pas lembur malah di ilangin. bikin jadwalnya itu perhitungannya dari mana sih?,1663527131639586817,,CommuterLine,in,,0,0,0,https://x.com/undefined/status/1663527131639586817,82064049,
1676216319530893317,Tue Jul 04 16:58:00 +0000 2023,0,@CommuterLine kalo klender/manggarai? saya takut ga keburu di jatinagera minn,1676274169061998593,,CommuterLine,in,,0,0,0,https://x.com/undefined/status/1676274169061998593,1033390909147078662,
1668572730940350464,Tue Jun 13 10:55:14 +0000 2023,0,@CommuterLine min hari ini kenapa kp bdn-tnh abang telat hampir setengah jam jd padat bgt tolong jadwal diperbaiki apalagi jam2 rawan,1668572730940350464,,CommuterLine,in,,0,1,0,https://x.com/undefined/status/1668572730940350464,68913421,
1660762361899405313,Thu May 25 12:28:26 +0000 2023,0,@CommuterLine Tadi ada copet di tanah abang serem bgt si. Udah gitu copet nya cewe lagi. Copet gitu dibawa ke polisi kan minnnn ? @CommuterLine,1661710817656725512,,CommuterLine,in,,0,1,0,https://x.com/undefined/status/1661710817656725512,1180786857304444929,
1679466914794606594,Thu Jul 13 12:24:50 +0000 2023,0,@CommuterLine ayo dong pengamanannya gimana sih makin takut aja kemana mana sendiri,1679466914794606594,,CommuterLine,in,,0,0,0,https://x.com/undefined/status/1679466914794606594,1295685617460772865,
1668778382476341249,Wed Jun 14 00:32:25 +0000 2023,0,@CommuterLine tadi pagi sy liat ada kucing di stasiun Juanda persis di depan pintu keluar commuter line dekat tangga. Tolong segera dibawa keluar takut turun ke rel bahaya,1668778382476341249,,CommuterLine,in,,0,1,0,https://x.com/undefined/status/1668778382476341249,808611991,
1655808256147861509,Tue May 09 05:33:46 +0000 2023,9,@CommuterLine ini ga ada rencana dibenerin min? Bahaya bgt diserobot oknum. https://t.co/AkCshfmZ84,1655808256147861509,https://pbs.twimg.com/media/Fvqc0a2aIAERXLV.jpg,CommuterLine,in,,1,1,3,https://x.com/undefined/status/1655808256147861509,94809046,
1676198832630304768,Tue Jul 04 11:58:38 +0000 2023,0,@CommuterLine gangguan ga sih ke bogor . Kok tersendat terus .. mana ga ada info officially juga ... takut kena komen negatif kah?,1676198832630304768,,CommuterLine,in,,0,0,0,https://x.com/undefined/status/1676198832630304768,68622933,
1680042925437390848,Sat Jul 15 11:50:52 +0000 2023,0,@CommuterLine Arjonegoro rangkaiannya tolong dievaluasi jarak dan okupansi penumpang yg ramai mosok dilayani pakai krd yg cuma 4 rangkaian dan rawan mogok,1680183145633828865,,CommuterLine,in,,0,1,0,https://x.com/undefined/status/1680183145633828865,996482532,
1693636522904318137,Mon Aug 21 14:49:47 +0000 2023,0,@CommuterLine stasiun tambun kapan jadinya??? Bahaya bgt ini udah makan korban... dan rawan bgt klo bawa anak2 harus bgt wajib digandeng. Ditambah lagi aksesnya susah karena jalan yg sempit oleh PKL ojek dan parkir liar. Tolonglah... yg naik dari tambun banyak bgt https://t.co/W6mr9UAGqo,1693636522904318137,https://pbs.twimg.com/ext_tw_video_thumb/1693636439966203904/pu/img/Z2ZxQ5Bze7Ur19DG.jpg,CommuterLine,in,,0,0,0,https://x.com/undefined/status/1693636522904318137,55748620,
1669316008543412229,Fri Jun 16 03:17:34 +0000 2023,2,@CommuterLine Oke makasih! Tapi tolong banget dibuat eskalator naik baik dari sisi arah tg priok ataupun kota. Saya yang masih muda aja udah mau mati naik tangga kematian itu apalagi orang2tua. Suka ga tega liat mereka engap di tengah tangga. Ini st transit tp serem bgt,1669544721465901056,,CommuterLine,in,,0,0,0,https://x.com/undefined/status/1669544721465901056,144728839,
1666336257449000960,Wed Jun 07 06:48:17 +0000 2023,0,@CommuterLine tolong eskalator st cakung dipercepat perbaikannya. Ini fasilitas umum loh yg dipakai banyak org. Skrg jdnya org2 numpuk desak2an pake lift yg kapasitas max nya hanya 4 orang. Ini bahaya loh. Kdg bisa dipampet 6-7 orang. Kalo ada apa2 gmn?,1666336257449000960,,CommuterLine,in,,0,1,0,https://x.com/undefined/status/1666336257449000960,201113529,
1678386404420915201,Mon Jul 10 13:15:03 +0000 2023,0,@CommuterLine Dari 19.48 ke 20.13 itu 25 menit min? Gak bahaya tah min bejubel penumpang nya?? Btw Kok jadwal 20.13 itu gak ada di screnshot aplikasi yg sy kirim tadi min @CommuterLine,1678392389222952960,,CommuterLine,in,,0,1,0,https://x.com/undefined/status/1678392389222952960,508852320,
1658648457266212865,Wed May 17 04:14:59 +0000 2023,0,@CommuterLine @hansdavidian Info eskalator rusak itu bahaya jika digunakan manual bisa ambrol lalu isdet dah orang2.,1658687534891958273,,CommuterLine,in,,0,0,0,https://x.com/undefined/status/1658687534891958273,46586063,
1647115500151791616,Mon May 01 09:10:25 +0000 2023,0,@CommuterLine Min Telah terjadi pelecehan di kereta tujuan ke rangkasbitung kepada seorang wanita wanita tersebut berhasil menghindar dan alhasil hanya memegang tangan. Wanita itu kini berpindah gerbong dan merasa tidak nyaman dan takut. Mohon segera ditindaklanjuti min.,1652963675442122752,,CommuterLine,in,,0,2,0,https://x.com/undefined/status/1652963675442122752,1265555153039605761,
1677725267601793024,Sat Jul 08 17:25:10 +0000 2023,0,@CommuterLine Oke kak terimakasih tapi maaf apa dapat dipastikan di jam berapa ya akan segera terupdate nya? soalnya antisipasi takut kehabisan tiket apalagi yg perjalanan jarak jauh,1677730559819399168,,CommuterLine,in,,0,0,0,https://x.com/undefined/status/1677730559819399168,1150303306243117056,
1658432732664569856,Tue May 16 11:22:30 +0000 2023,0,@CommuterLine tolong donk eskalator di stasiun manggarai yg tidak berfungsi diperbaiki. Bahaya kalo eskalator mati tapi dipakai seperti tangga manual. Apalagi yg pakai banyak orang. Kalo belum bisa diperbaiki baiknya jangan dikasih akses pakai. ,1658432732664569856,,CommuterLine,in,,0,1,0,https://x.com/undefined/status/1658432732664569856,52009253,
1680028587716653056,Sat Jul 15 01:57:38 +0000 2023,0,@CommuterLine aku takut ditegur doang,1680033852952317953,,CommuterLine,in,,0,0,0,https://x.com/undefined/status/1680033852952317953,4551529814,
1687075778754977793,Thu Aug 03 13:24:49 +0000 2023,0,@CommuterLine Aman kah min? @CommuterLine Soalnya td persis deket saya wkt jatoh pingsan saya sempet bantu sama satpam tp kemudian saya tinggal karena saya buru2 juga kereta sudah tiba. Khawatir dan kasian takut kenapa2,1687092158480961537,,CommuterLine,in,,0,1,0,https://x.com/undefined/status/1687092158480961537,2475453733,
1690993090071605248,Mon Aug 14 07:45:44 +0000 2023,0,@CommuterLine Min masukkan dong kasih larangan main hp di tangga (ya harusnya sadar sndiri sh sbnernya). Terutama yang turun di Tebet &amp; rush hour. Sering banget di tangga tuh lama krn pd sibuk mesan ojol. Pdhl bahaya buat mereka sendiri jg selain ganggu orang lain.. Makasii,1690993090071605248,,CommuterLine,in,,0,0,0,https://x.com/undefined/status/1690993090071605248,425813724,
1675075965322694659,Sat Jul 01 09:36:46 +0000 2023,0,@CommuterLine halo min boleh tau rute krl ke tanjung priok dari cikarang? takut nyasar huhu,1675075965322694659,,CommuterLine,in,,0,1,0,https://x.com/undefined/status/1675075965322694659,945572661677060096,
1692106830464594175,Thu Aug 17 09:31:20 +0000 2023,0,@CommuterLine min mo info dong itu jarak turun dari pintu ke luar bawah jauh banget serem jadinya takut nanti klo ada yang mau turun gak seimbang jadi jatoh di stasiun Citayam jurusan bogor https://t.co/bNdpalkCHE,1692106830464594175,https://pbs.twimg.com/media/F3uSLrbbMAA7dix.jpg,CommuterLine,in,,0,1,0,https://x.com/undefined/status/1692106830464594175,1251121658569519105,
1658396478375886849,Tue May 16 12:16:31 +0000 2023,0,@CommuterLine Min mau mna tlg td di st.kranji Peron paling ujung (kalo dr arah Bekasi itu ada di gerbong paling belakang) ada kucing oyen di peron.. dia kebingungan banget... Dia mau lompat tp takut ada kereta lewat kayanya... Mau jalan tp dia gak tau arah... Bisa tlg bantu info ke security,1658446326131200001,,CommuterLine,in,,0,1,0,https://x.com/undefined/status/1658446326131200001,270756038,
1690717516010774528,Mon Aug 14 11:41:23 +0000 2023,0,@CommuterLine @kabarpenumpang Evaluasi lah ini gimana ceritanya bawa anak bayi harus turun tangga bawah tanah. Mau bayi yg masih digendong atau yang masih umur 5-6 tahun itu rawan jatuh ditangga.,1691052393235152896,,CommuterLine,in,,0,0,0,https://x.com/undefined/status/1691052393235152896,18576173,
1663352791937732608,Tue May 30 01:13:03 +0000 2023,0,@CommuterLine kak rangkaian yang berhenti di jalur 6 st manggarai cukup pintu kiri aja yang di buka gerbong bagian depan gak dapat peron di sebelah kanan bahaya ada yg jatuh terdorong,1663352791937732608,,CommuterLine,in,,0,1,0,https://x.com/undefined/status/1663352791937732608,76042245,
1683656326646497281,Tue Jul 25 10:28:51 +0000 2023,0,@CommuterLine bener min udah norma keretanya? takut ga bisa. pulang nih,1683786381527744514,,CommuterLine,in,,0,1,0,https://x.com/undefined/status/1683786381527744514,257772334,
1663513991392661504,Tue May 30 11:55:51 +0000 2023,0,@CommuterLine Apa tidak bahaya merekrut PS dari umum yang tidak memiliki pengetahuan kereta api? @annepurba @CommuterLine Katanya janji mau rekrut dari Railfans ko masih orang dalam yang diterima ya ? Gmna nih Bu @annepurba https://t.co/xIF94xDdDp,1663514556403175424,https://pbs.twimg.com/media/FxX9q53aMAU1MuI.jpg,CommuterLine,in,,0,0,0,https://x.com/undefined/status/1663514556403175424,829691652503588866,
1654477826555518976,Fri May 05 13:42:16 +0000 2023,0,@CommuterLine Kak boleh kasih tau rutenya gimana? Takut salah T___T satu kali transit berarti ya?,1654481642319384577,,CommuterLine,in,,0,1,0,https://x.com/undefined/status/1654481642319384577,1566491052693139456,
1682243791372304384,Fri Jul 21 05:05:22 +0000 2023,1,@CommuterLine Semua org yg keliru jadwal tu malas kebanyakan aplikasi ini-itu Dan kami jg baru baca keterangannya krn posisinya terlalu ke kanan. Org² fokus nya langsung di jadwal makanya saya sarankan DIBEDAKAN WARNANYA. Serius desain jadwalnya rawan misinformasi Tolonglah terima saran,1682255424152813568,,CommuterLine,in,,0,1,0,https://x.com/undefined/status/1682255424152813568,70327217,
1676947328438239234,Thu Jul 06 13:42:56 +0000 2023,0,@CommuterLine @mrkingwic @AnkerTwiter Min ini kenapa deh kereta ke Bekasi jd jarang gini kan stasiun jadi membludak ga bahaya ta?,1676949856630476802,,CommuterLine,in,,0,0,0,https://x.com/undefined/status/1676949856630476802,1639645640467824641,
1939944106051969529,Tue Jul 01 07:08:11 +0000 2025,0,@CommuterLine min kok pintu prioritas yg buat keluar stasiun palmerah biar ga naik tangga itu dikunci ya? Mana kuncinya dibawa security kalo gitu repot dong. Saya lagi hamil engap naik turun tangga.,1939944106051969529,,CommuterLine,in,,0,1,0,https://x.com/undefined/status/1939944106051969529,352786145,
1949468869359435944,Sun Jul 27 13:56:12 +0000 2025,0,@CommuterLine maaf ini mah pengelola stasiun cikini tolong suruh sedot wc. Agak jyjyk pagi-pagi lewat stasiun bau kotoran ternyata ada petugas kebersihan lagi ngaduk spiteng yang udah full . Kasian kita lewat aja kebauan apalagi petugasnya ,1949468869359435944,,CommuterLine,in,,0,1,0,https://x.com/undefined/status/1949468869359435944,373310866,
1934897385869848927,Tue Jun 17 12:08:26 +0000 2025,0,@CommuterLine Kursi prioritas diisi orang sehat dan muda tapi yang diusir security stasiun untuk berdiri di kursi biasa. Yang berdiri sih gak masalah cuma mereka juga capek yaah pulang kerja. Harusnya si security arahin dulu lah ke bangku prioritas jadi nalar securitynya kurang,1934946232755187777,,CommuterLine,in,,0,0,0,https://x.com/undefined/status/1934946232755187777,345303564,
1930254478076489925,Thu Jun 05 05:54:00 +0000 2025,0,@CommuterLine @nurxaledaaa Petugasnya yg cewe juga,1930503352749862928,,CommuterLine,in,,0,0,0,https://x.com/undefined/status/1930503352749862928,300588255,
1956679211768533157,Sat Aug 16 11:27:32 +0000 2025,0,@CommuterLine halo min 4/08/25 jam 07.02 saya beli tiket ka commuter bandara dari bandara soetta tujuan st sudirman baru via website bayar pake qris sdh terpotong namun tiket tdk keluar. Lapor cs di st ka bandara infonya saldo akan kembali sampai hari ini saldo belum kembali.,1956679211768533157,,CommuterLine,in,,0,1,0,https://x.com/undefined/status/1956679211768533157,187053737,
1933830592988348758,Sat Jun 14 10:15:16 +0000 2025,0,@CommuterLine min mau tny emg commuter line bandung raya ga bisa beli tiket offline 5 menit sblm brkt? CS di stasiun tetep suruh beli online sedangkan di waktu itu sudah ga bisa dibeli online,1933830592988348758,,CommuterLine,in,,0,1,0,https://x.com/undefined/status/1933830592988348758,609568576,
1935107505883070882,Fri Jun 20 09:57:44 +0000 2025,0,@CommuterLine Gak membantu kak informasinya gpp saya beli pin ibu hamil di shopee aja makasih untuk pelayanan buruknya ️,1936000504724955212,,CommuterLine,in,,0,0,0,https://x.com/undefined/status/1936000504724955212,189532244,
1959568327946240173,Sun Aug 24 12:37:27 +0000 2025,0,@CommuterLine Min yang telat gara gara di palmerah berhenti lama itu gaada kompensasi dari pihak KAI nih? Kita udah prepare beli tiket KA lokal jadi telat dan kehabisan tiket pulang pas nanya ke loket petugasnya malah cengengesan gmn sih?,1959595911056949694,,CommuterLine,in,,0,1,0,https://x.com/undefined/status/1959595911056949694,1513874034747920395,
1961568761732829528,Sat Aug 30 02:31:16 +0000 2025,0,@CommuterLine @natasyawlsn Sebagai pengguna green line gue selalu cek akun ini sejak demo membara krn pasti selalu update. Pas naik di Kebayoran keliatan petugas lapangannya juga sangat membantu penumpang supaya terangkut,1961617686217285674,,CommuterLine,in,,0,0,0,https://x.com/undefined/status/1961617686217285674,1236919854986219520,
1942711349362245762,Tue Jul 08 22:34:16 +0000 2025,0,@CommuterLine nah kursi lain sudah diminta baik-baik tapi gak mau bangun gimana? malah disuruh ke kursi prioritas aja. maka dari itu seperti diawal saya bilang setidaknya perlu 1 security untuk jaga-jaga. karena dari awal saya naik sampe sekarang tidak ada security yang mobile di peron wanita,1942713877785108913,,CommuterLine,in,,0,1,0,https://x.com/undefined/status/1942713877785108913,1131440954974433280,
1942711349362245762,Tue Jul 08 22:24:14 +0000 2025,0,@CommuterLine kalo kata gue minimal di gerbong wanita ada 1 security jaga-jaga semisal ada orang prioritas dijam segini yang membutuhkan tempat duduk. karena udah jelas-jelas pake pin prioritas izin baik-baik tapi gak digubris. terus fungsi kursi prioritas sama pin buat apa??,1942711349362245762,,CommuterLine,in,,0,2,0,https://x.com/undefined/status/1942711349362245762,1131440954974433280,
1947247722479673582,Mon Jul 21 10:50:09 +0000 2025,0,@CommuterLine bener2 anjing stasiun duri . Orang udah lari²an sampe peron ngejar 5142 malah satpamnya ngasih kode biar berangkat . Bukannya nungguin dlu kek . Demen banget bikin numpuk . Bener² anjing . Kesel stasiun transit kok begitu perlakuannya,1947247722479673582,,CommuterLine,in,,0,0,0,https://x.com/undefined/status/1947247722479673582,492834231,
1930512554322993341,Thu Jun 05 06:40:39 +0000 2025,0,@CommuterLine @dindader Iya emang petugas bantu kok min. Tapi kasian loh petugasnya pernah gotong yg kursi roda berasa berat bgt. Setidaknya kasi jalur landai buat lansia atau disabilitas toh mengurangi beban kerja petugas jg.,1930515090392154198,,CommuterLine,in,,0,1,0,https://x.com/undefined/status/1930515090392154198,1165599281744498690,
1919567230993584546,Tue May 06 01:37:46 +0000 2025,1,@CommuterLine @CurhatKRL udah berulangkali terjadi Security Tanah abang SELALU buka smua Eskalator HANYA utk yg naik aja tangga manual dibuka jg utk yg keatas akibatnya yg mau turun membludak. Security diprotes karna trjdi chaos tp malah marah balik.Mohon ditanggulangi issue ini https://t.co/Dt4bRyvmPY,1919567230993584546,https://pbs.twimg.com/ext_tw_video_thumb/1919567187800641536/pu/img/P4iaEVia2PVOUTTg.jpg,CommuterLine,in,,0,1,1,https://x.com/undefined/status/1919567230993584546,1051532869,
1944602678274732542,Mon Jul 14 03:39:42 +0000 2025,0,@CommuterLine Siang min saya kehilangan helm motor. Mau tanya apakah staff parkiran di stasiun cikarang menemukan helm saya?,1944602678274732542,,CommuterLine,in,,0,2,0,https://x.com/undefined/status/1944602678274732542,400222611,
1949782458070933768,Mon Jul 28 10:42:17 +0000 2025,0,@CommuterLine ini ada yg makan es cream d kereta ga ditegur petugas apa gimana? Padahal security lewat 5144B. Gerbong 6 wkwkw Tp dah selesai makan es cream sih gegara dy pke baju dinas kah? ,1949782458070933768,,CommuterLine,in,,0,2,0,https://x.com/undefined/status/1949782458070933768,892810060149137409,
1953967049111458006,Sat Aug 09 00:01:40 +0000 2025,0,@CommuterLine rangkaian 7 min bukan 6 security amda td di 6,1953969896137928733,,CommuterLine,in,,0,0,0,https://x.com/undefined/status/1953969896137928733,967281316495413248,
1949644404500910271,Mon Jul 28 01:33:43 +0000 2025,0,@CommuterLine kalian diskriminatif untuk.menyediakan gerbong yang nyaman tiap paginya utk penumpang yg naik di Stasiun Sudirmara Jurangmangu Pondok Ranji. Kami selalu harus berusaha keras untuk naik KRL. Sediakan kembali dong utk kereta yg standby di st. Sudimara..,1949644404500910271,,CommuterLine,in,,0,1,0,https://x.com/undefined/status/1949644404500910271,34517541,
1954527674593882299,Sun Aug 10 12:58:05 +0000 2025,0,@CommuterLine Halo kak barang aku ada yang ketinggalan di toilet st jurangmangu sebuah id card warna abu2 toilet wanita tengah hari ini 10 agustus sekitar jam 18.20 an boleh tlg di infokan staff yg ada disana? atau aku minta kontak nya thank u,1954527674593882299,,CommuterLine,in,,0,1,0,https://x.com/undefined/status/1954527674593882299,970638146055561216,
1920293490443104327,Thu May 08 01:43:40 +0000 2025,0,@CommuterLine kereta commuter di Ps Senen apakah selalu headway 30-60 menit? Tadi pukul 08.04 mau naik kereta arah Kp Bandan tapi rupanya baru ada lagi pkl 08.30 kata petugasnya. Di jadwal baru ada pukul 08.55 malah.,1920293490443104327,,CommuterLine,in,,0,1,0,https://x.com/undefined/status/1920293490443104327,168126936,
1919688613823922490,Tue May 06 10:20:55 +0000 2025,0,@CommuterLine @easymnysnpr_ PARAH JADWAL PERJALANAN DI CUEKIN GILIRANKOMPLAIN SECURITY CEPAT BANGET KERJANYA.,1919698886463311889,,CommuterLine,in,,0,0,0,https://x.com/undefined/status/1919698886463311889,798052439345668096,
1919928105398890897,Wed May 07 01:31:45 +0000 2025,0,@CommuterLine Min tolong ini di rangkaian KRL Angke- Manggarai 5714 ada sekelompok anak muda makan nasi uduk di dalam kereta. Ketika petugas KRL nya lewat malah cuma ditegur tapi abis itu pergi aja. Ga ada ketegasannya. Kalau mmg mls ga usah jadi keamanan. Tlg ditegur petugasnya,1919928105398890897,,CommuterLine,in,,0,1,0,https://x.com/undefined/status/1919928105398890897,1598913459072049152,
1958156772080029886,Wed Aug 20 13:22:57 +0000 2025,1,@CommuterLine Kurang 1 stasiun lagi min wkwkwk Jangan lama lama ngeceknya ya min kasik tau petugasnya Pegel ini berdiri wkwkw,1958157812338733441,,CommuterLine,in,,0,0,0,https://x.com/undefined/status/1958157812338733441,78469270,
1925850848057258116,Fri May 23 09:46:37 +0000 2025,0,@CommuterLine edukasi ke security kalian yah! saya lari2 dari duri pindah peron buat ke cikarang pas nanya security yg tugas di kereta jalur cikarang ini malah di jawab pake nada tinggi karna dia lg ngobrol sama rekannya yg lain. kalo lg tugas tuh siap dong jgn asik sendiri https://t.co/VHgToWtsee,1925850848057258116,https://pbs.twimg.com/media/Grn_ILfXEAAenB0.jpg,CommuterLine,in,,0,1,0,https://x.com/undefined/status/1925850848057258116,909735027029635073,
1939615094155215049,Mon Jun 30 13:59:01 +0000 2025,0,@CommuterLine Min mau di tapin juga sama petugasnya ya. Nanti saya kasih kartunya terus ditap sama petugas nya kayak video itu bisa kan ya min,1939685104194056676,,CommuterLine,in,,0,0,0,https://x.com/undefined/status/1939685104194056676,1099879599297556480,
1921008961303507106,Sat May 10 01:06:41 +0000 2025,0,@CommuterLine tolong dong ini himbauan makan dan minum di kereta di puter lebih sering terutama pas weekend sabtu minggu penumpang bnyk bgt yg makan minum dlm rangkaian tp gak ada security. penumpang lain mau negur takut ribut. kejadian kereta dari duri-tangerang.,1921008961303507106,,CommuterLine,in,,0,1,0,https://x.com/undefined/status/1921008961303507106,909735027029635073,
1961608429560356957,Sat Aug 30 01:54:29 +0000 2025,0,@CommuterLine min apa benar kabar dari security stasiun kereta dr kebayoran sampe rangkas cuma beroperasi sampe jam 2 siang aja? Jam 2 siang sampe malem ga ada kereta?,1961608429560356957,,CommuterLine,in,,1,0,0,https://x.com/undefined/status/1961608429560356957,574639476,
1933766818717651112,Sat Jun 14 06:01:51 +0000 2025,0,@CommuterLine kok di 705 banyak pnp prioritas dan pnp berisik tapi petugasnya ga negur? Kebiasaan banget petugas line Joglo gak berani negur.,1933766818717651112,,CommuterLine,in,,0,1,0,https://x.com/undefined/status/1933766818717651112,253948136,
1922459602030911845,Wed May 14 01:11:01 +0000 2025,0,@CommuterLine ada keterlambatan kereta bukannya kasih info dan minta maaf malah DIEM AJE. Cs dan admin gak komunikatif najis kalo gak becus kerja mending gak usah kerja sih kata gw,1922459602030911845,,CommuterLine,in,,0,1,0,https://x.com/undefined/status/1922459602030911845,1894962910763597826,
1935350379061067864,Sun Jun 22 02:40:48 +0000 2025,0,@CommuterLine @nadirasfhr @KAI121 Tolong untuk security ya di rapikan lagi dan di benahin jangan seperti penjahat seragam,1936615326118191611,,CommuterLine,in,,0,1,0,https://x.com/undefined/status/1936615326118191611,1884384100896940032,
1955147297118916666,Tue Aug 12 14:35:37 +0000 2025,116,@CommuterLine @tanyakanrl Mohon segera ditindak ya min harapannya area tersebut bisa segera dinetralisir demi kebaikan lingkungan stasiun dan kenyamanan staff dan penumpang,1955276995039805512,,CommuterLine,in,,0,2,1,https://x.com/undefined/status/1955276995039805512,1275081991537299459,
1939854798842646914,Tue Jul 01 01:13:19 +0000 2025,0,@CommuterLine Krl tujuan manggarai dari st Bogor keberangkatan 7.18 Suara prompter petugasnya kecil sekali. Ngga kedengeran.,1939854798842646914,,CommuterLine,in,,0,1,0,https://x.com/undefined/status/1939854798842646914,530867104,
1921703772289462447,Sun May 11 23:07:37 +0000 2025,0,@CommuterLine @KAI121 Tolong dong pegawai nya di edukasi lagi atau di kasih sanksi karena merugikan penumpang kalo penumpangnya yg gak paham kasian pasti bakalan batal berangkat. @CommuterLine @KAI121 https://t.co/cbz8sTi44p,1921703772289462447,,CommuterLine,in,,0,2,0,https://x.com/undefined/status/1921703772289462447,229708569,
1949123039028969903,Sat Jul 26 15:02:00 +0000 2025,0,@CommuterLine minnnn gerbong rangkaian 204-06 k1 1 85 40 jurusan bogor engappp bangettt ac kaga berasa. ngga terlihat ada sekuriti nggak tahu kalau diujung tolong acnya suhunya dikecilin sampai kipas kipas https://t.co/64E8szfjGw,1949123039028969903,https://pbs.twimg.com/media/GwytEUYaEAAVAky.jpg,CommuterLine,in,,0,1,0,https://x.com/undefined/status/1949123039028969903,553490513,
1956913557997810104,Mon Aug 18 11:18:41 +0000 2025,0,@CommuterLine Min Sidoarjo kota kasihlah akses ke Mojokerto. Ngapain jenggala sampe kena Surabaya. Kan sudah ada dhoho min bolak balik ke Mojokerto dari Sidoarjo.Sidoarjo kota dong min kasih ke Mojokerto. Jam pekerja pagi sore. Buat kami para ASN dan pegawai yang Sidoarjo kota kerja d Mojoketo,1957401761485824432,,CommuterLine,in,,0,0,0,https://x.com/undefined/status/1957401761485824432,1861066516172877824,
1933450360007565712,Fri Jun 13 09:04:22 +0000 2025,0,@CommuterLine hari ini c access eror. di CKR ada 2 krl standby di app blum nyampe https://t.co/3h7eRG6ssc,1933450360007565712,https://pbs.twimg.com/media/GtT-12gbMAEl77r.jpg,CommuterLine,in,,0,1,0,https://x.com/undefined/status/1933450360007565712,36581074,
1921839704426553833,Mon May 12 08:13:09 +0000 2025,0,@CommuterLine Crowded bgt min satpamnya satu terus udh 10 menit eskalator naik di peron 1/2 masuh ngantri karena yg kanan ga pada jalan di tempat tap jg penuh bgt,1921841058457047295,,CommuterLine,in,,0,0,0,https://x.com/undefined/status/1921841058457047295,1371379542934220802,
1932597593823134117,Wed Jun 11 00:35:46 +0000 2025,0,@CommuterLine duri tol bgt dah udah tau kalo cikarang line sampe tuh berebutan di tangga dikasih pembatas doang di antara eskalator pembatasnya juga yg rantai dikira org bakal langsung menghindar apa kalo ada itu? gak bisa lah itu nahan orang trs parahnya security diem aja,1932597593823134117,,CommuterLine,in,,0,1,0,https://x.com/undefined/status/1932597593823134117,1308635437255127040,
1930221890972594848,Wed Jun 04 11:15:35 +0000 2025,0,@CommuterLine : coba ditempatkan bpk security di stasiun sudirman depan pos kesehatan. bnyk yg merokok elektrik.. https://t.co/VhtP1rINh9,1930221890972594848,https://pbs.twimg.com/media/GsmGjB9asAQIZg-.jpg,CommuterLine,in,,0,1,0,https://x.com/undefined/status/1930221890972594848,2596991672,
1958853632146719181,Fri Aug 22 14:44:42 +0000 2025,0,@CommuterLine @immarbun Untuk malam ini kejadiannya. Tadi kan saya minta baik-baik nanti tolong dimonitor untuk petugas pengawalan di kereta. Dia malah nanya mau apa? Harusnya dia nggak boleh bertanya seperti itu. Minimalkan buat membantu saya pun betul,1958903161181110505,,CommuterLine,in,,0,0,0,https://x.com/undefined/status/1958903161181110505,1472742192045199360,
1954581146282623037,Sun Aug 10 16:55:01 +0000 2025,0,@CommuterLine Udah di usir sama security yg di manggarai min,1954587302241738942,,CommuterLine,in,,0,0,0,https://x.com/undefined/status/1954587302241738942,1565401388577763328,
1936320935524810910,Sat Jun 21 09:22:19 +0000 2025,0,@CommuterLine min bisa gasih bangku prioritas dijaga security. manusia makin kesini makin gapunya akal,1936353981128991032,,CommuterLine,in,,0,1,0,https://x.com/undefined/status/1936353981128991032,1726401925648883712,
1937622181338628529,Tue Jun 24 22:42:28 +0000 2025,0,@CommuterLine Kereta 1631F pemberangkatan parung panjang 5.38 telat min. Kereta baru sampe peron 5.40 padahal keretanya kan standby di parung panjang? Kenapa? Telat masinisnya? Haha Baru gerak ni keretanya 5.42 Payah,1937642510614184213,,CommuterLine,in,,0,1,0,https://x.com/undefined/status/1937642510614184213,154878109,
1936254604607656189,Sat Jun 21 09:24:30 +0000 2025,0,@CommuterLine percuma min kalo gaada security bisa ga satu gerbong satu security? banyak manusia yang ga sadar sama yang lebih membutuhkan soalnya,1936354531765559296,,CommuterLine,in,,0,0,0,https://x.com/undefined/status/1936354531765559296,1726401925648883712,
1957229864341348507,Sun Aug 17 23:55:37 +0000 2025,0,@CommuterLine saran aja nih security di st cikarang lebih informatif lg kalau ada perubahan peron. Biasanya kita naik dari peron 1&amp;2 hari ini tiba2 pindah ke peron 3 (beda eskalator dan jalur) tapi ga ada yg info dari awal. Org2 bulak-balik naik turun escalator loh,1957229864341348507,,CommuterLine,in,,0,0,0,https://x.com/undefined/status/1957229864341348507,1938907690513899520,
1931330814450802847,Sat Jun 07 13:59:18 +0000 2025,0,@CommuterLine Inget ya min nama petugasnya SYARAH dia bilang apa pun alasannya tidak diperbolehkan bawa daging kurban karena saya ditegur dan dimarahin sama kondektur commuter line malem2 saya terpaksa naik kendaran lain ke rumah sy dgn jarak yg jauh. Karena alasan konyol @CommuterLine,1931350255838331172,,CommuterLine,in,,0,0,0,https://x.com/undefined/status/1931350255838331172,1272382265855627265,
1960656812589637721,Wed Aug 27 10:53:06 +0000 2025,0,@CommuterLine min saran dong tiap gerbong kereta ada security nya. Biar pas mau minta kursi prioritasnya gampang udah jelas2 pake pin ibu hamil malah cuma diliatin doang sama penumpang2 lain,1960656812589637721,,CommuterLine,in,,0,2,0,https://x.com/undefined/status/1960656812589637721,1620646900050575365,
1948656904810463693,Fri Jul 25 09:28:27 +0000 2025,0,@CommuterLine saya bukan pihak yg mengalami kejadian tersebut min. saya hanya membantu meluruskan karena informasi dari penanya sebelumnya kurang tepat dan menimbulkan salah paham terutama soal jenis dan rute keretanya,1948676712180699547,,CommuterLine,in,,0,0,0,https://x.com/undefined/status/1948676712180699547,1266458593089294336,
1922638106240352759,Wed May 14 13:00:20 +0000 2025,0,@CommuterLine halo admin apakah udah ada info terkait pin ibu hamil yg baru? bulan lalu saya baru ambil pin ibu hamil terus petugasnya bilang bakal ada pin ibu hamil yg baru,1922638106240352759,,CommuterLine,in,,0,1,0,https://x.com/undefined/status/1922638106240352759,1230378957708591105,
1922260839697956890,Tue May 13 12:01:12 +0000 2025,0,@CommuterLine sekat gordeng dpan musala untk tambahan tempat sholat stasiun palmerah kmna ini min? Ini membantu sekali untk kami muslim shalat magrib saat jam sibuk pulang kerja krna tidak menunggu antri dgan yg didalam jgan dihilangkan ya min @CommuterLine @KAI121 kami mohon https://t.co/freYRFiHjC,1922260839697956890,https://pbs.twimg.com/media/Gq0-BzkbAAAKD6K.jpg,CommuterLine,in,,1,1,0,https://x.com/undefined/status/1922260839697956890,1950437803,
1921063029384388781,Sat May 10 09:47:17 +0000 2025,1,@CommuterLine @merapi_uncover WOY ITU ORANG TUA KOK DISURUH BERDIRI? Petugasnya gimana?,1921139975279587727,,CommuterLine,in,,0,4,0,https://x.com/undefined/status/1921139975279587727,1284132893753634816,
1952895048875688161,Wed Aug 06 01:30:58 +0000 2025,1,@CommuterLine Jangan kedemenan dh u ganti2 jadwal tapi ga info ke pnp DAN MINIMAL BANGET BERANGKAT SESUAI JADWAL! Tadi rangkaian lo itu jalan 7.45 sedangkan jdwl baru lo 7.46 PETUGASNYA KEKEUH JAM 7.45!!!!!! Gua marah bgt sumpah jadinya telat 15 mnt + ketinggalan krl cikarang jahat kalian,1952905205923909804,,CommuterLine,in,,0,0,0,https://x.com/undefined/status/1952905205923909804,237544635,
1940952015498367392,Fri Jul 04 03:31:47 +0000 2025,0,@CommuterLine Minta staff divisi yang bersangkutan aja kak untuk pengecekan rutin. Kita penumpang mana notice. Memangnya gak ada pengecekan rutin untuk kelayakan dan kenyamanan?,1940976810961129583,,CommuterLine,in,,0,1,0,https://x.com/undefined/status/1940976810961129583,1531300105844068353,
1959038233331081231,Fri Aug 22 23:41:26 +0000 2025,0,@CommuterLine knp deh krl dr rangkas berisik bgt banyak org ngobrol kenceng tp ga ditegor petugasnya. gatau nmr KA nya. tp td 6.34 dr sudimara,1959038233331081231,,CommuterLine,in,,0,1,0,https://x.com/undefined/status/1959038233331081231,3243685758,
1941102657080639828,Sat Jul 05 17:58:45 +0000 2025,0,@CommuterLine @icedsnowflakez Harusnya KRL Tangerang jangan berakhir di Duri tapi di Kampung Bandan. Ini sangat membantu pergerakan transit penumpang.,1941557376261423414,,CommuterLine,in,,0,1,0,https://x.com/undefined/status/1941557376261423414,71445896,
1935943827719946330,Fri Jun 20 10:56:27 +0000 2025,1,@CommuterLine saran semisal emg rusak keduanya gak terhindarkan minimal ada satpam atau staff yang bantu di tangga kasian tadi ada lansia juga kesulitan naik turun tangga thank youu,1936015282822430911,,CommuterLine,in,,0,1,0,https://x.com/undefined/status/1936015282822430911,242562468,
1945301591134814345,Wed Jul 16 01:56:55 +0000 2025,0,@CommuterLine (9) semoga dpt lebih diperhatikan lagi bagaimana karyawan dapat membantu pelanggan mohon bantuannya @MediaKonsumenID,1945301591134814345,,CommuterLine,in,,0,0,0,https://x.com/undefined/status/1945301591134814345,1068516101934342144,
1929738954519334970,Tue Jun 03 10:24:30 +0000 2025,0,@CommuterLine @UnitedAsk Rangkaiannya udah keren bagus &amp; modern. Himbauan ke pengguna agar menjaga dan merawat. Untuk petugasnya Kalo bisa pel lantainya jangan pakai pel biasa ya min selain looksnya becek juga jadi dekil soalnya mungkin bisa coba pakai flat mop atau deepclean mop hehe https://t.co/YiAHxXrJqA,1929846650203525533,https://pbs.twimg.com/media/GsgxRIJb0AMU7KZ.jpg,CommuterLine,in,,0,0,0,https://x.com/undefined/status/1929846650203525533,1510327220794920963,
1936525110107910448,Sat Jun 21 21:50:43 +0000 2025,0,@CommuterLine Kenapa jadwal 04.43 cicayur arah tanah abang tidak ada saya tanya security gak tau katanya normal padahal saya selalu naik jadwal 04.43 kok bisa ada perubahan sementara di website terlihat ada dan petugas juga tidak bisa informasikan hal tsb. https://t.co/R3T52u8Pho,1936542321702797448,https://pbs.twimg.com/media/Gt_6-P0akAA_K9U.jpg,CommuterLine,in,,0,1,0,https://x.com/undefined/status/1936542321702797448,1817098714059857920,
1949614629111714214,Mon Jul 28 01:54:17 +0000 2025,0,@CommuterLine area yang sangat minim itu sangat membantu untuk sejenak menghilangkan penat; paham kok bahwa ada risiko ngejeblak kalo pertimbangan nya keselamatan mbok ya pagar nya jangan di tengah bidang gitu dimundurkan lagi sampai tepi belakang bidang kasih kesempatan orang istirahat,1949649581483884932,,CommuterLine,in,,0,1,0,https://x.com/undefined/status/1949649581483884932,1084466844054913024,
1911648600297447618,Tue Jun 03 02:31:12 +0000 2025,0,@CommuterLine KAI tolong dong ruang cs sama loket yang di St Bekasi timur diperbaiki kurang nyaman karna panas banget tolongg bangett ,1929727539272208437,,CommuterLine,in,,0,0,0,https://x.com/undefined/status/1929727539272208437,1127407644,
1921063029384388781,Sun May 11 12:12:38 +0000 2025,0,@CommuterLine petugasnya coba dievaluasi lg min beliau loh yg ngasih peringatannnnn hehehe,1921538941913649502,,CommuterLine,in,,0,1,0,https://x.com/undefined/status/1921538941913649502,1292105848727035905,
1949796715462078922,Mon Jul 28 11:38:57 +0000 2025,0,@CommuterLine Malam min sepertinya emoney saya terjatuh di stasiun pondok ranji. Apakah bisa di cek ya ada security yg nemuin ga ya?,1949796715462078922,,CommuterLine,in,,0,1,0,https://x.com/undefined/status/1949796715462078922,1425447817389043713,
1922685541218210247,Wed May 14 16:08:49 +0000 2025,0,@CommuterLine min saya barusan sekitar jam 9 mlm kehilangan id card kunci motor kunci rumah dan akses apartemen. Semua jadi 1 dgn gantungan warna cokelat. Hilang di sekitar stasiun cibinong. Apa bs dibantu? Dan diberikan contact person security disana? Trims. ,1922685541218210247,,CommuterLine,in,,0,1,0,https://x.com/undefined/status/1922685541218210247,184794934,
1947259208354943320,Mon Jul 21 11:35:48 +0000 2025,0,@CommuterLine dear admin saya kehilangan id card saya ketika transit di manggarai/ bogor line (sekitar jam 6 sore) ke kereta bekasi line (sekitar jam 6 sore) berisi kartu pegawai (BUMN) kartu akses id card merek coach hitam atas nama Nada. Mohon dibantu jika ada yg menemukan.,1947259208354943320,,CommuterLine,in,,0,0,0,https://x.com/undefined/status/1947259208354943320,43856260,
1922867399444853080,Thu May 15 04:11:27 +0000 2025,0,@CommuterLine Halo admin saya sudah ambil pin ibu hamil tapi dari petugas diberikannya yg bekas orang mengembalikan jadi bukan pin baru. Kata petugasnya bisa tuker dengan pin baru nah untuk penukaran ke pin baru nya kira kira bisa kapan dan prosesnya gimana ya kak?,1922867399444853080,,CommuterLine,in,,0,1,0,https://x.com/undefined/status/1922867399444853080,1230378957708591105,
1944227981310013881,Sun Jul 13 06:20:18 +0000 2025,0,@CommuterLine Tolong itu kondisikan security yang kemarin negur saya gak ada atitude nya sama sekali di stasiun bekasi sekitar jam 22.20. sya berdiri di dket pintu darurat keluar masuk terus ada rmbongan org org bwa speda lipat mau kluar dia nnya sma saya bisa keluar lewat pintu darurat ngga.,1944280708115312914,,CommuterLine,in,,0,3,0,https://x.com/undefined/status/1944280708115312914,1942614414458511368,
1958900623270645834,Fri Aug 22 14:34:37 +0000 2025,0,@CommuterLine mohon utk security nya yg di st. Tebet utk tegas menolak penumpang non prioritas yg menyebrang via jalur rel pdahal dia sehat2 saja jika sekali tidak tegas akan menjadi kebiasaan selanjutnya. Terima kasih,1958900623270645834,,CommuterLine,in,,0,1,0,https://x.com/undefined/status/1958900623270645834,155306874,
1940725510683902115,Thu Jul 03 10:53:13 +0000 2025,0,@CommuterLine apakah diperbolehkan NGEVAPE di dalam kereta??? Tadi saya KRL Bekasi arah Duri di gerbong wanita ada yg ngevape depan muka saya non stop. Tolong diperhatikan ya penumpangnya siapkan security stand by walau di gerbang wanita. Asapnya mengganggu sekali.,1940725510683902115,,CommuterLine,in,,0,1,0,https://x.com/undefined/status/1940725510683902115,1924083932796198912,
1919316346774732962,Mon May 05 23:40:01 +0000 2025,0,@CommuterLine BISA GAK SIH KRL DR RAWABUNTU DITAMBAHIN. UDAH TAU PENUMPANGNYA BANYAK. MASA DI RAWABUNTU BANYAK BANGET YG GAK BISA MASUK. PETUGASNYA BUTA APA GAK PEDULI YA,1919537600521535822,,CommuterLine,in,,0,1,0,https://x.com/undefined/status/1919537600521535822,2362543033,
1934388930419601457,Sun Jun 15 23:13:54 +0000 2025,0,@CommuterLine bisa gak sih security tuh ada yg standby atau bahkan patroli ajah disetiap gerbong . Saya prioritas sedang hamil besar. Sudah menggunakan pin juga. Tetep aja kalo pagi di hari kerja mereka semua yg tidak berhak atas bangku prioritas masih egois.,1934388930419601457,,CommuterLine,in,,0,1,0,https://x.com/undefined/status/1934388930419601457,1167013373407399936,
1932567024435445871,Tue Jun 10 22:34:18 +0000 2025,0,@CommuterLine halo min saya pengajuan pin ibu hamil dr tanggal 30 mei sampe sekarang kok ga ada email dr KAI? Harus nunggu sampe kapan ya? Tolong jawabannya jangan template dan gak membantu,1932567024435445871,,CommuterLine,in,,0,0,0,https://x.com/undefined/status/1932567024435445871,189532244,
1919530859050500324,Mon May 05 23:13:14 +0000 2025,0,@CommuterLine cs stasiun gubeng lama buka sampai jam berapa min?,1919530859050500324,,CommuterLine,in,,0,1,0,https://x.com/undefined/status/1919530859050500324,1221342423109865472,
1924379828737945654,Mon May 19 15:20:06 +0000 2025,0,@CommuterLine @dayequale Mangkanya min @CommuterLine pasang banner/spanduk di atas eskalator kiri diam kanan jalan. Biar klo di tegor nyolot bisa nunjukin tu banner.,1924485219320844476,,CommuterLine,in,,0,1,0,https://x.com/undefined/status/1924485219320844476,4228599672,
1926215978653819145,Sat May 24 09:57:31 +0000 2025,0,@CommuterLine sebelah saya ada yang main judol bola. Dia pegang MU. Perlu gue laporin security apa engga?? Apa tunggu rungkad dulu?,1926215978653819145,,CommuterLine,in,,0,1,0,https://x.com/undefined/status/1926215978653819145,1568901825457438720,
1934630599538737424,Mon Jun 16 15:14:13 +0000 2025,0,@CommuterLine Hello min tolong agar lebih di gencarkan lagi sosialisasi tentang bangku prioritas klo perlu dr sekuriti langsung Mengingat Masih BANYAKNYA yg bukan prioritas duduk di tempat tsb tks,1934630599538737424,,CommuterLine,in,,0,1,0,https://x.com/undefined/status/1934630599538737424,732522542561296384,
1922089200414765166,Tue May 13 00:39:10 +0000 2025,1,@CommuterLine yg cuti bersama cuma pegawai pemerintah kocak! Jadwal malah dikurangin ,1922089200414765166,,CommuterLine,in,,0,1,0,https://x.com/undefined/status/1922089200414765166,1789879234200240128,
1935158427887747381,Wed Jun 18 02:11:37 +0000 2025,0,@CommuterLine halooo kai kemarin aku naik kereta commuter line Penataran WO-MLG no. 433 gerbong 5. Aku ketinggalan charger + TWS kira bisa dibantu tanyakan gak ya. Barangkali disimpan sama mas pegawai KAI,1935158427887747381,,CommuterLine,in,,0,1,0,https://x.com/undefined/status/1935158427887747381,1576760557797281792,
1960652010002505805,Wed Aug 27 14:22:39 +0000 2025,16,@CommuterLine Min sorry boleh usul gak besok kalo misalnya ada KLB dari CS on Train atau Masinisnya info dari speaker biar penumpang yang gabuka sosmed tetap terupdate. Makasih yaa,1960709551248072755,,CommuterLine,in,,0,1,0,https://x.com/undefined/status/1960709551248072755,2903989146,
1918958445727727688,Sun May 04 09:24:01 +0000 2025,0,@CommuterLine @KAI121 Sudah saya sampe ke stasiun buat bertanya kepada cs nya tapi tidak ada solusi tiket habis pdhal sya sudah Bergadang buat beli tiket malam malam saya kira sistem nya eror besok pagi muncul tiket di akun ternyata tidak spe skrng ,1918959792325800243,,CommuterLine,in,,0,4,0,https://x.com/undefined/status/1918959792325800243,1398710684,
1911648600297447618,Mon May 05 23:39:43 +0000 2025,0,@CommuterLine BISA GAK SIH KRL DR RAWABUNTU DITAMBAHIN. UDAH TAU PENUMPANGNYA BANYAK. MASA DI RAWABUNTU BANYAK BANGET YG GAK BISA MASUK. PETUGASNYA BUTA APA GAK PEDULI YA,1919537524357398566,,CommuterLine,in,,0,0,0,https://x.com/undefined/status/1919537524357398566,2362543033,
1943091664081539570,Thu Jul 10 00:07:07 +0000 2025,0,@CommuterLine Harusnya di informasikan di awal mana tau kalo lift yg di peron arah jakarta mati. Udah gtu security nya jauh pula gaada di tempat penyebrangan/crossingan udah 3 hari soalnya kaya gini‍️,1943099629043593643,,CommuterLine,in,,0,1,0,https://x.com/undefined/status/1943099629043593643,1229048383182012420,
1948350172427125088,Thu Jul 24 11:50:54 +0000 2025,0,@CommuterLine Kok bisa 5150B yg harusnya berangkat 18:52 dari JNG tapi 18:47 udah diizinkan berangkat? Sedangkan 5562 yg udah standby duluan dan harusnya berangkat 18:44 malah diberangkatkan belakangan,1948350172427125088,,CommuterLine,in,,0,1,0,https://x.com/undefined/status/1948350172427125088,298575971,
1953967049111458006,Sat Aug 09 00:07:08 +0000 2025,0,@CommuterLine ini masih berisik sekali dan security blm lewat di rangkaian 7 dari ceper-brambanan.,1953971271169192336,,CommuterLine,in,,0,0,0,https://x.com/undefined/status/1953971271169192336,967281316495413248,
1923154224059175093,Thu May 15 23:11:12 +0000 2025,1,@CommuterLine bisa gaa. Kalo pagi krl yg lewat pasar senen per 10 mnit JANGAN per 20 atau 30 lohh.. giliran udah siangan. Jarak waktunya dekat banget. KRL pasar senen klo pagi bukannya membantu malah nyusahin orang2. Udah lama suka ngaret pun datang keretanya.,1923154224059175093,,CommuterLine,in,,0,1,0,https://x.com/undefined/status/1923154224059175093,1760690932893274112,
1957583605775163842,Mon Aug 18 23:21:16 +0000 2025,0,@CommuterLine halo min apakah ada contact petugas di st pondok cina? barang aku ada yg ketinggalan disanaa aku mau tanya ke petugasnya,1957583605775163842,,CommuterLine,in,,0,1,0,https://x.com/undefined/status/1957583605775163842,1736364453145571328,
1952532982348267722,Tue Aug 05 01:23:23 +0000 2025,0,@CommuterLine Next info nya dong min jangan bikin penumpang numpuk koar2 baru di respon elah bad bgt pelayanannya,1952540906722382174,,CommuterLine,in,,0,0,0,https://x.com/undefined/status/1952540906722382174,535035607,
1945027330537030039,Tue Jul 15 08:27:35 +0000 2025,0,@CommuterLine Terimakasih banyak kak info nya sangat membantu ,1945037515582239092,,CommuterLine,in,,0,1,0,https://x.com/undefined/status/1945037515582239092,225367772,
1921063029384388781,Sun May 11 11:04:09 +0000 2025,0,@CommuterLine @merapi_uncover Bilangin security yang biasanya suka jalan di gerbong dong tegas kalo ada penumpang yang susah dibilangin. Sama-sama bayar kok ngerasa paling ekslusif cuma naik kereta tok.,1921521707472363739,,CommuterLine,in,,0,0,0,https://x.com/undefined/status/1921521707472363739,855830818802946049,
1942209184994328949,Mon Jul 07 13:08:48 +0000 2025,0,@CommuterLine eh coba deh bebenah gila kali ya delay di kampung bandan selalu ga masuk akal. Ditanyain ke petugasnya malah bilang emang jadwalnya begini. Emang intervalnya 30 menit sekali? Gila banget kalo naik dari priok yg jadwalnya emg 30 menit sekali. Harus nunggu selama ini?,1942209184994328949,,CommuterLine,in,,0,1,0,https://x.com/undefined/status/1942209184994328949,1539241740766711809,
1926085715621748976,Thu May 29 01:17:57 +0000 2025,0,@CommuterLine Terjadi lagi di st pondok ranji. Tolong tertibkan ibu² yg berkumpul menghalangi penumpang lewat peron 2 di dekat petugas. Petugasnya selalu diam saja membiarkan. Suruh mereka kerja.,1927897164493025395,,CommuterLine,in,,0,1,0,https://x.com/undefined/status/1927897164493025395,716160799,
1945305695076716923,Wed Jul 16 02:13:14 +0000 2025,0,@CommuterLine toling dong di stasiun tebet ada petugas yg standby di pintu keluar belakang. Jd klo ada org yg uda ngetap keluar tp gabisa keluar bisa gercep dibantu ga harus jalan kedepan buat nyari petugas. Wasting time bgt,1945305695076716923,,CommuterLine,in,,0,1,0,https://x.com/undefined/status/1945305695076716923,975602382112346114,
1944298596741873981,Sun Jul 13 07:31:23 +0000 2025,0,@CommuterLine Mohon maaf aja nih yak kok security KRL sama MRT lebih sopan dan ramah di MRT ya dari cara negur nya dan ngasih tau nya beda bgt sama security KRL.,1944298596741873981,,CommuterLine,in,,0,0,0,https://x.com/undefined/status/1944298596741873981,1942614414458511368,
1937828397562188231,Wed Jun 25 12:13:28 +0000 2025,0,@CommuterLine @lavionyouna Bilang aja ga disubsidi pemerintah Selesai. Beres. Bertele tele amat jadi pegawai. Masyarakat butuh solusi bukan janji,1937846604373086504,,CommuterLine,in,,0,0,0,https://x.com/undefined/status/1937846604373086504,1707257633613500416,
1935655247948795970,Thu Jun 19 11:05:48 +0000 2025,0,@CommuterLine min tolog di sta Bogor lebih aware lagi petugasnya baik security ataupun petugas yg jaga di gate. Sore ini kejadian ada penumpang sejak masuk gate sampe mau naik kereta masih megang rokok dan masih dihisap (lumayan jauh jaraknya). Thanku,1935655247948795970,,CommuterLine,in,,0,1,1,https://x.com/undefined/status/1935655247948795970,91313567,
1924989951776850388,Wed May 21 00:45:43 +0000 2025,0,@CommuterLine @PT_Transjakarta halte st tebet pagi ini crowded bgt banyak angkot ngetem petugasnya cuma sendiri dan ga bisa kondusifin jg. tolong diperhatiin dong,1924989951776850388,,CommuterLine,in,,0,1,0,https://x.com/undefined/status/1924989951776850388,1670693024932986881,
1920799613734334794,Fri May 09 17:03:10 +0000 2025,0,@CommuterLine Nomor KA tidak tahu keberangkatan tanah abang menuju rawa buntu. Tidak tahu kereta sudah standby dari jam berapa namun sampai dengan saya menaiki armada kereta masih standby +/- 10 mnt. Semoga kedepannya jadwal kci di rush hour bisa lebih diperbaiki.,1920887279385530682,,CommuterLine,in,,0,1,0,https://x.com/undefined/status/1920887279385530682,831754985075531778,
1959903978730492355,Mon Aug 25 12:25:02 +0000 2025,0,@CommuterLine mimin gmn updatenya? aku td nanya bpk security di stasiun tamkot beliau bilang tn abang-rangkas udah normal. apa betul? aku jd ragu ini karena blm ada update,1959955174665101744,,CommuterLine,in,,0,1,0,https://x.com/undefined/status/1959955174665101744,809343853941489664,
1950356402175922280,Wed Jul 30 11:49:45 +0000 2025,0,@CommuterLine @erickthohir Stasiun cisauk setiap keberangkatan jam 6.59 dan 07.20 udh ky dijemput izroil..cobain dah. Jgn pada dekem aja dikantor tuh juga security yg ada distasiun fungsikan dengan baik klo gerbong udh keliatan penuh suruh tertibkan penumpang yg maksa @kemenhub151 ,1950524209526186005,,CommuterLine,in,,0,0,0,https://x.com/undefined/status/1950524209526186005,92460827,
1955514431271735491,Fri Aug 15 06:21:31 +0000 2025,0,@CommuterLine terima kasih atas responsnya. terlalu ribet min. nanti perlu berdebat panjang dulu sama petugasnya. perspektif regulasinya aja yg diubah: permudah akses untuk semua. selama belum ada eskalator atau lift buka aja akses nyebrang rel langsung. toh tetep aman dijaga oleh petugas.,1956239812517879827,,CommuterLine,in,,0,0,0,https://x.com/undefined/status/1956239812517879827,40607906,
1958677535157326052,Thu Aug 21 23:48:09 +0000 2025,0,@CommuterLine mau ngasih saran yang mungkin harusnya bisa diterapkan lebih ya. coba untuk satpam disetiap stasiun terutama pondok cina kalau sudah melihat ada yang sedang kesakitan/ lainnya yang membutuhkan bantuan dengan sigap membantu gitu bukan hanya melihat saja. trims.,1958677535157326052,,CommuterLine,in,,0,1,0,https://x.com/undefined/status/1958677535157326052,1536557683,
1930094967189581968,Wed Jun 04 02:51:14 +0000 2025,0,@CommuterLine ini kereta dari duri ke arah tanah abang manggarai belum jalan2 petugasnya pada kerja ga si?,1930094967189581968,,CommuterLine,in,,0,0,0,https://x.com/undefined/status/1930094967189581968,488389808,
1941730381193150832,Sun Jul 06 05:26:13 +0000 2025,0,@CommuterLine kereta yg saya naikin 12.25 masuk manggarai tp kayaknya nomor keretanya yg ini. dr tanah abang banyak bapak2 masuk gerbong cewe pdhl udah disuruh security tolong dong ini dipaksa keluar aja https://t.co/b8koNSuzPb,1941730381193150832,https://pbs.twimg.com/media/GvJpfE_aAAEBRti.jpg,CommuterLine,in,,0,1,0,https://x.com/undefined/status/1941730381193150832,1240955224480608256,
1923182704675237997,Fri May 16 01:04:22 +0000 2025,0,@CommuterLine halo min ini concouse stasiun duri apa bisa ditambah layar informasi jadwal kereta commuter. Pastinya sangat membantu dan sepertinya bisa mengurangi kepadatan di peron khususnya 1-2 mengurai kepadatan orang yg buru2 turun untuk nunggu di peron. Terima kasih https://t.co/e1HbEpGv3w,1923182704675237997,https://pbs.twimg.com/media/GrCEd7AaAAEcpvL.jpg,CommuterLine,in,,0,1,0,https://x.com/undefined/status/1923182704675237997,226187271,
1954690656464777319,Mon Aug 11 00:52:58 +0000 2025,4,@CommuterLine Petugas kantor yg memberikan izin dinasan lokomotif di Senin pagi bisa ga minta maaf secara terbuka ke pengguna jasa @CommuterLine petugas lapangan lintas tersebut bahkan petugas di tiap stasiun? Kalau dirut @KAI121 saja bisa kenapa petugasnya tidak?,1954707578401022390,,CommuterLine,in,,0,3,0,https://x.com/undefined/status/1954707578401022390,1707257633613500416,
1941391646899437672,Sat Jul 05 07:00:12 +0000 2025,0,@CommuterLine TOLONG YA MIN edukasi lah satpam yg jaga peron 5 &amp; 6 st. jatinegara. Masa krl angke telat peron udh penuh ditanya ada apa jawabnya gatau orang saya baru . APASIH! Ya kita ga peduli ya mau baru kek lama kek kaya ga ada pelayanan securenya gitu sebagai security,1941391646899437672,,CommuterLine,in,,0,1,0,https://x.com/undefined/status/1941391646899437672,1395234800806502403,
1911648600297447618,Sun May 18 22:41:05 +0000 2025,0,@CommuterLine Min perubahan jadwal sekarang parah Tolong diperbanyak jadwal Parung Panjang - Tanah Abang khususnya jam 6 - jam 8 Pagi Jarak per kereta 20-30 menit sedangkan yang dari Serpong dan Sudimara saja banyak pindah kereta walau sudah ada kereta yang standby disana,1924233809194807697,,CommuterLine,in,,0,1,0,https://x.com/undefined/status/1924233809194807697,108294098,
1953597823716667648,Fri Aug 08 04:44:03 +0000 2025,2,@CommuterLine @Adorikun @AnkerTwiter @CommuterLine securitynya disuruh ngecek tuh ada coretan tanggal atau scan barcode si PIN-nya biar ketahuan bener2 hamil kasihan yg bener2 hamil,1953678572482441472,,CommuterLine,in,,0,2,0,https://x.com/undefined/status/1953678572482441472,476563219,
1934941531317952563,Tue Jun 17 11:49:45 +0000 2025,0,@CommuterLine @lrtjabodebek teh tarik penang dukuh atas kok di biarkan naruh meja dan kursi sampe mengganggu pejalan kaki ya? Sy sudh lapor security tp ya ngga ada perubahan https://t.co/tRiK2ajJpz,1934941531317952563,https://pbs.twimg.com/media/GtpLEH2aYAAxkGC.jpg,CommuterLine,in,,0,1,0,https://x.com/undefined/status/1934941531317952563,99038790,
1930254478076489925,Wed Jun 04 22:35:54 +0000 2025,1,@CommuterLine Thank u atas responnya kak ! Nanti diusahain petugasnya stay di gerbong wanita aja ya satu org. Karena liat begini miris aja padahal sesama perempuan.,1930393100679315762,,CommuterLine,in,,0,1,0,https://x.com/undefined/status/1930393100679315762,1366780426744832001,
1934565199362863454,Mon Jun 16 12:18:49 +0000 2025,0,@CommuterLine Udah turun min lain kali briefing lagi Security di Stasiun nya kan keliatan tuh orang bawa barang sebanyak itu masa diem aja @CommuterLine ((lokasi di stasiun Manggarai)),1934586459056709785,,CommuterLine,in,,0,0,0,https://x.com/undefined/status/1934586459056709785,603448168,
1930087180992688228,Wed Jun 04 02:41:15 +0000 2025,0,@CommuterLine thanks min saya paham knp pegawainya kismin2 ga reliable,1930092456814784616,,CommuterLine,in,,0,0,0,https://x.com/undefined/status/1930092456814784616,4088155633,
1943274989177962892,Thu Jul 10 11:43:56 +0000 2025,0,@CommuterLine saya ketinggalan kereta yg berangkat jam 18:37 karena kalah arus. tangga turun diisi sama yg baru nyampe. security nya gimana itu ga menertibkan ?,1943274989177962892,,CommuterLine,in,,0,1,0,https://x.com/undefined/status/1943274989177962892,1637283064593399809,
1955936707972620740,Thu Aug 14 14:01:52 +0000 2025,0,@CommuterLine Terima kasih. Semoga konsisten ya petugasnya berjaga dan tegas ke orang-orang yang ada di area itu. Terima kasih min ,1955993276345147536,,CommuterLine,in,,0,0,0,https://x.com/undefined/status/1955993276345147536,1545848912,
1931991667697172498,Mon Jun 09 08:48:11 +0000 2025,0,@CommuterLine untungnya saya ga kenapa2.. cuma sendal aja ketinggalan.. untung saya buru2 keluarin kaki saya.. kalo ngga udah kejepit pintu trs keseret itu.. tolong jadi bahan evaluasi lg.. petugasnya penutup pintunya jg asik aja main hp..buru2 mau kmna cb?,1931996738539385032,,CommuterLine,in,,0,0,0,https://x.com/undefined/status/1931996738539385032,898493425179164672,
1961219422745706974,Fri Aug 29 00:08:42 +0000 2025,0,@CommuterLine Gate penyebrangan di stasiun Depok Lama tuh bkn cm u/ Lansia &amp; Ibu Hamil ya. Karna yg BUKAN LANSIA dibukain sm petugasnya. Giliran ada yg mau masuk katanya khusus LANSIA &amp; IBU HAMIL lah td kemana aja pak?? Semua orang muda yg lwt disitu penyakitan kah??,1961219422745706974,,CommuterLine,in,,0,0,0,https://x.com/undefined/status/1961219422745706974,1368912497936244736,
1924379828737945654,Mon May 19 09:37:53 +0000 2025,32,@CommuterLine @dayequale Kasian petugasnya bertahun2 teriak hal yang sama di dekat eskalator ke pengguna yang sehari2 rutin commute dengan krl Yang kanan jalan yang kanan jalan . ,1924399099664805998,,CommuterLine,in,,0,0,0,https://x.com/undefined/status/1924399099664805998,1337002955547975694,
1938227934558642616,Mon Jun 30 13:02:08 +0000 2025,0,@CommuterLine Tolong ya petugasnya ngga ada. Jalur 11 12 dekat tangga paling depan arah laju kereta https://t.co/yWGWJlfKFK,1939670789600801211,https://pbs.twimg.com/media/GusYSBGW8AAV0ex.jpg,CommuterLine,in,,0,1,0,https://x.com/undefined/status/1939670789600801211,4727254080,
1959903978730492355,Mon Aug 25 09:35:49 +0000 2025,0,@CommuterLine Apakah Polri @DivHumas_Polri tidak bisa membantu membersihkan (menertibkan) supaya #PelayananPublik bisa terus berjalan? Pelanggan yg belum terlayani padat di sta. Tanah Abang.b #AduanKRL @OmbudsmanRI137 https://t.co/8wSzLqzI8M,1959912590559056273,https://pbs.twimg.com/media/GzMCEtraYAA_yl0.jpg,CommuterLine,in,,0,1,0,https://x.com/undefined/status/1959912590559056273,491124216,
1926976329754251645,Mon May 26 12:18:53 +0000 2025,0,@CommuterLine min saya ada kehilangan barang di stasiun rawa buntu hr jumat 23 mei 2025 persis di depan mushola petugasnya ga ada yg tau nah sebenernya kan kalo mereka mau bantu mereka bisa cek cctv yg ada persis di depan musholanya ya boleh ga sih min sebenernya?,1926976329754251645,,CommuterLine,in,,0,1,0,https://x.com/undefined/status/1926976329754251645,543147712,
1929696636969930776,Tue Jun 03 00:28:24 +0000 2025,0,@CommuterLine eh plis dong di krl baru tuh kudu standby pkd gitu digerbong wanita buat bantu penumpang prioritas yg butuh kursi.. susah bgt tau mana orang2 gue colek gak bergeming bjirrrr lu tidur atau kenapa dah,1929696636969930776,,CommuterLine,in,,0,1,0,https://x.com/undefined/status/1929696636969930776,228980803,
1952513686066942014,Mon Aug 04 23:58:39 +0000 2025,0,@CommuterLine percuma udah pake pin bumil juga tetep di tolakin. semoga aja security di stasiun bekasi bisa berinisiatif ya utk bantu bumil cari bangku.,1952519585640665418,,CommuterLine,in,,0,0,1,https://x.com/undefined/status/1952519585640665418,332135662,
1935326029553508588,Wed Jun 18 15:09:05 +0000 2025,2,@CommuterLine min tolong sop satpamnya diperketat lagi lah disuruh lebih sabar sama jangan ngomong kasar gitu masa gua baru turun dari krl ketahan lama banget kyk posisi lagi cape banget nih ada satpam teriak kalimat yang kurang etis gitu,1935354084728652119,,CommuterLine,in,,0,0,0,https://x.com/undefined/status/1935354084728652119,845902740677025792,
1921063029384388781,Sat May 10 08:15:07 +0000 2025,7,@CommuterLine @merapi_uncover Kenapa beda² penanganan petugasnya dari KRL di Jakarta ??,1921116777620164755,,CommuterLine,in,,0,0,0,https://x.com/undefined/status/1921116777620164755,2899659972,
1924096575351263652,Sun May 18 13:35:46 +0000 2025,0,@CommuterLine tolong buat satpamnya dihimbauin lagi kalo ada penumpang yg bawa anaknya dan anaknya tiduran seenaknya di kursi penumpang tolong ditegur ibunya. terimakasih,1924096575351263652,,CommuterLine,in,,0,1,0,https://x.com/undefined/status/1924096575351263652,1141672182,
1950110393109520627,Tue Jul 29 09:03:32 +0000 2025,0,@CommuterLine Belum ada DM min biasa diminta lampirkan LP dari kepolisian kan?! Capek min bolak balik ke kantor Polisi. Kasus terakhir kemarin sudah dibantu security dr stasiun Rawa Buntu itu juga gara2 opang rusaknya ngga mau suudzon sih tapi opang cukup meresahkan di stasiun Rawa Buntu.,1950119992344653988,,CommuterLine,in,,0,1,0,https://x.com/undefined/status/1950119992344653988,873431687786512384,
1951417263527174522,Sat Aug 02 23:43:25 +0000 2025,0,@CommuterLine satpamnya jarang wara Wiri kasihan ada wanita HAMIL mau duduk saja sering di suruh cari tempat yang lain.kalau mau lihat pemandangan MIRIS ini min..coba rasakan AKHLAK dan ADAB mahluk SDM rendah jadi penumpang setiap harinya.,1951790974273007981,,CommuterLine,in,,0,0,0,https://x.com/undefined/status/1951790974273007981,731838189699096576,
1954450869660930486,Sun Aug 10 08:08:53 +0000 2025,0,@CommuterLine Baru tiba di Bekasi stasiun Cikarang ada kirain mau nunggu penumpang yang baru turun kereta tujuan akhir Bekasi. Saya lari nyampe tangga dia jalan maksudnya apa? Ngeledek kami ya? Petugasnya bilang telah tersedia tujuan Cikarang tapi malah ditinggal,1954454895391834503,,CommuterLine,in,,0,0,0,https://x.com/undefined/status/1954454895391834503,1660483207903723522,
1956327326964224155,Fri Aug 15 12:09:16 +0000 2025,0,@CommuterLine halo tolong dibalas DM saya. Pegawai kalian tidak bekerja!,1956327326964224155,,CommuterLine,in,,0,1,1,https://x.com/undefined/status/1956327326964224155,132858637,
1623465402356609024,Thu Feb 09 02:07:36 +0000 2023,0,@CommuterLine iya ga nyaman banget + kecewa aja masalah kayak gini solusinya g masuk akal wkwkwkwkwk lucu bangett krl beserta satpam dan cs stasiun cibitung hehehehe untung murah️,1623503852325707776,,CommuterLine,in,,0,0,0,https://x.com/undefined/status/1623503852325707776,374893303,
1634824591423197184,Sun Mar 12 09:20:11 +0000 2023,1,@CommuterLine @rezakuscar Mungkin securitynya harus lebih diedukasi lagi kali ya perihal SOP nya gitu loh mas mba,1634846741605552128,,CommuterLine,in,,0,0,0,https://x.com/undefined/status/1634846741605552128,393226484,
1644627339391930369,Sat Apr 08 10:22:31 +0000 2023,0,@CommuterLine Minta tolong bgt refund dana tsb Saya naik kereta dri stasiun TANGERANG tanggal 6 april 2023 dampak dari kebaran stasiun pesing taman kota saya batalkan perjalanan setelah di PHPin petugas ajg kata petugasnya mau refund sampai skrg tdk ada refundnya. Bkn murahnya tp attitudenya https://t.co/yX32gLxsXn,1644646897553145857,https://pbs.twimg.com/media/FtL1oxpaMAIDk9I.jpg,CommuterLine,in,,0,1,0,https://x.com/undefined/status/1644646897553145857,331584778,
1609896940220846081,Mon Jan 02 12:58:35 +0000 2023,0,@CommuterLine Tarif kereta turunin aja min biar worth it sama pelayanannya,1609896940220846081,,CommuterLine,in,,0,1,0,https://x.com/undefined/status/1609896940220846081,938300636,
1618562970610696193,Thu Jan 26 11:08:33 +0000 2023,0,@CommuterLine Ngapain aja sih nih pegawai KRL dr siang,1618566555964674050,,CommuterLine,in,,0,1,0,https://x.com/undefined/status/1618566555964674050,282053582,
1612784438861254656,Tue Jan 10 16:18:44 +0000 2023,0,@CommuterLine @aldianifauziyah Kl ada petugasnya yg lagi lewat sih enak tp kl petugasnya lg ga digerbong yg kita naikin harus gitu nyari petugas smp ketemu ? Kadang msh ada yg ga sadar gunanya kursi prioritas itu buat siapa. Diminta baik2 malah disinisin/usir ada jg yg pura2 tidur.. ga cewe ga cowo msh muda,1612846411955175426,,CommuterLine,in,,0,0,0,https://x.com/undefined/status/1612846411955175426,238533645,
1645653358940950529,Tue Apr 11 05:01:50 +0000 2023,0,@CommuterLine min.. ayah saya kesulitan utk scan QR menggunakan Go Transit info petugas St. Kld Baru malah diarahkan beli kartu baru drpd membantu scanin QR-nya. Kok kurang membantu ya stafnya..,1645653358940950529,,CommuterLine,in,,0,1,0,https://x.com/undefined/status/1645653358940950529,252445084,
1651876993267568640,Fri Apr 28 09:12:20 +0000 2023,0,@CommuterLine min coba dong untuk kereta jgn 1-2 satpam aja yg jaga di gerbong. Satpamnya jrg yg keliling. Byk lansia dan anak2 gak dpt kursi. Yg pada muda2 dpt kursi gak mau ngalah.,1651876993267568640,,CommuterLine,in,,0,1,0,https://x.com/undefined/status/1651876993267568640,1519697008982097920,
1613327666836574209,Thu Jan 12 00:11:04 +0000 2023,0,@CommuterLine tolong benerin signage di Stasiun Bekasi donk. Bikin kagok kalo lagi padat. Signage-nya suruh jalan di kanan pdhl orang2 biasa jalan di kiri satpamnya yg teriak2 suruh jalan di kiri penumpangnya pd bingung akhirnya tabrak2an Yang bener yg mana nih. https://t.co/PMKLuBu1eZ,1613327666836574209,https://pbs.twimg.com/media/FmOw7lIaUAIwb-E.jpg,CommuterLine,in,,0,0,0,https://x.com/undefined/status/1613327666836574209,65058143,
1627088865134784513,Sat Feb 18 23:42:48 +0000 2023,0,@CommuterLine @JalurSerpong Ini jalan gak?? Udah di tungguin gak jalan2 informasi petugasnya sebentar lagi!!! Tp gak dateng2!!!,1627091293544521728,,CommuterLine,in,,0,2,0,https://x.com/undefined/status/1627091293544521728,100722421,
1651376662418956290,Thu Apr 27 00:04:12 +0000 2023,4,@CommuterLine ini KRL di pd ranji arah rangkas jam 06.46 sama 06.56 ko gak lewat2 ya? Tau-taunya ampe jam 7 lebih malah kereta batubara yg lewat. Gila jam 6.20 udah standby gak berangkat2 ini. Kacauuuuu. Telat gawe padahal berangkat dah nyubuh ini. Sue bener https://t.co/FOtEpLjxQG,1651376662418956290,https://pbs.twimg.com/media/FureQ0xaAAAq_kr.jpg,CommuterLine,in,,1,2,1,https://x.com/undefined/status/1651376662418956290,598313145,
1646391530113085440,Thu Apr 13 19:08:40 +0000 2023,0,@CommuterLine @MoonstarIight @tanyakanrl Coba sekuriti nya dikasih alat untuk setrum atau kasih semprotan merica/cabe rawit. Buat SOP kalo ada yg bikin onar langsung disetrum.,1646591247812014081,,CommuterLine,in,,0,0,0,https://x.com/undefined/status/1646591247812014081,88885108,
1634427475186049024,Sat Mar 11 06:13:02 +0000 2023,1,@CommuterLine Jika memang seperti itu harusnya petugas nya disaat kami minta tolong untuk menyeberangkan barang yang begitu banyak mau membantu. Ini kami malah dibentak dgn alasan tidak minta tlg oleh atasan satpamnya. Saya juga bawa lansia. Banyak ibu2 yg bawa bayi juga spt itu.,1634437255149547520,,CommuterLine,in,,0,2,1,https://x.com/undefined/status/1634437255149547520,81122536,
1632785998378864640,Mon Mar 06 18:01:47 +0000 2023,0,@CommuterLine Ke 2 Satpam KRL harus lebih ramah lagi dalam menyampaikan sesuatu kpda penumpang ada penumpang lagi duduk dan kreta trakhir di manggarai eh dibentak suruh turun sama satpam pdhl kretanya masi jalan cba min satpamnya di ajarin etika lagi. Tks,1632803677009510400,,CommuterLine,in,,0,1,0,https://x.com/undefined/status/1632803677009510400,949965005251788802,
1614065920149966848,Sat Jan 14 01:04:37 +0000 2023,0,@CommuterLine aku mau menghubungi cs tapi ko ga bisa ya,1614065920149966848,,CommuterLine,in,,0,1,0,https://x.com/undefined/status/1614065920149966848,1002470066426769408,
1641241835321593856,Thu Mar 30 00:52:00 +0000 2023,0,@CommuterLine tolong sekuritinya ada pembinaan mental juga.. klo jagain penumpang jangan emosian dan jgn sok jagoan... td ada ribut2 kecil di eskalator sta tn.abang oknum sekuriti vs penumpang #baper,1641241835321593856,,CommuterLine,in,,0,2,0,https://x.com/undefined/status/1641241835321593856,434085744,
1621174095730851840,Thu Feb 02 23:21:53 +0000 2023,2,@CommuterLine Jujur saja lewat selasar jalan itu kalau subuh memakan waktu. Justru menurut saya tidak nyaman semestara harus buru2 dgn waktu jalannya muter dulu. Malah lebih memangkas waktu &amp; sangat membantu jalan lewat tengah parkiran kios2 itu. Baru klo bukan work hour bolehlah. IMO. tks.,1621287822060847104,,CommuterLine,in,,0,1,0,https://x.com/undefined/status/1621287822060847104,404156475,
1634434460010835968,Sat Mar 11 06:01:56 +0000 2023,0,@CommuterLine kereta bojonggede - jakarta kota jam 6.00 itu standby di st bojongnya dr jam berapa ya min? makasiih,1634434460010835968,,CommuterLine,in,,0,0,0,https://x.com/undefined/status/1634434460010835968,2416775971,
1626024778107858944,Thu Feb 16 08:28:06 +0000 2023,6,@CommuterLine @jalur5_ Oiya min kereta lokal kan kalo mesen di KAI Access ada nomor duduknya. Tapi pas implementasinya kok jadi rebutan tempat duduk? saya pernah nanya satpamnya katanya tempatin aja yang ada. Terus buat apa ada nomor duduk di tiket @CommuterLine,1626136324158951424,,CommuterLine,in,,0,7,2,https://x.com/undefined/status/1626136324158951424,118572585,
1645983821828071426,Wed Apr 12 02:54:58 +0000 2023,0,@CommuterLine Bisa tolong di briefing ga ke satpamnya? klo mau ngasih duduk unttuk ibu hamil/orang sakit cek dlu bangku prioritas klo ada orang msh sehat duduk disitu ya usir jgn minta ke org yang duduk di bangku biasa. ANEH!,1645983821828071426,,CommuterLine,in,,0,1,0,https://x.com/undefined/status/1645983821828071426,1586738383040106496,
1618095091092180992,Thu Jan 26 02:14:15 +0000 2023,0,@CommuterLine @tanyakanrl mana bisa kaga buru2 pintunya cepet bgt ketutup yg naik turun banyak kek di belakang gue ada zombie mint. petugasnye maneee kan kaga selalu standby deket kite keburu nyampe sawah besar kite kalo nunggu petugas mah,1618432097735299074,,CommuterLine,in,,0,0,0,https://x.com/undefined/status/1618432097735299074,1570083382763323395,
1620767458738208774,Wed Feb 01 13:07:06 +0000 2023,0,@CommuterLine udah min udah turun di cibitung makasii mantap petugasnya gercep,1620770719738236931,,CommuterLine,in,,0,0,0,https://x.com/undefined/status/1620770719738236931,1377929394505719817,
1611883517092450306,Sun Jan 08 00:32:32 +0000 2023,0,@CommuterLine mohon di training kembali security yg menjaga. Terlebih nama SAPUTRA itu. Asli sopan santun ga ada nantangin iya neriakin nama iya. Sebagai pekerja yg setiap hari naik kereta baru nemuin satu yg kaya gini. (4),1611883517092450306,,CommuterLine,in,,0,1,0,https://x.com/undefined/status/1611883517092450306,227271499,
1623847180128903168,Fri Feb 10 00:51:52 +0000 2023,0,@CommuterLine mohon jadwal KRL dgn Pemberangkatan awal &amp; Tujuan Akhir Tigaraksa segera ditambah krn semua pengguna sangat membutuhkan perjalanan KRL Relasi Tgs-Thb (P.P) krn KRL Tigaraksa dapat memecahkan kepadatan &amp; membantu skl mengurangi beban perjalanan KRL Rangkasbitung,1623847180128903168,,CommuterLine,in,,0,0,0,https://x.com/undefined/status/1623847180128903168,1362370508222652417,
1634425166255243264,Sat Mar 11 17:43:45 +0000 2023,0,@CommuterLine Bingung petugasnya tuh dimananya? Masa iya harus nyari petugas dari gerbong satu ke gerbong lainnya,1634611079627304960,,CommuterLine,in,,0,0,0,https://x.com/undefined/status/1634611079627304960,900527240420524032,
1646821933303103490,Fri Apr 14 10:25:20 +0000 2023,0,@CommuterLine @HaloBCA @mandiricare CS nya udah pada libur lebaran nih dari pagi ditanyain ga ada yang jawab,1646821933303103490,,CommuterLine,in,,2,2,0,https://x.com/undefined/status/1646821933303103490,80297973,
1618211976215420928,Thu Jan 26 11:22:17 +0000 2023,0,@CommuterLine @ozzan @KAI121 @CurhatKRL @krlmania Inikan dampak perpindahan kereta dari dlm kota keluar kota knp @CommuterLine tidak membikin yg mudah perpindahan org.... Contohnya dari bintaro cs tidak berakhir di tnh abang tapi di duri kan mengurangi flow juga.... yg ke bogor balik spt dulu kan bagus....,1618570011693707264,,CommuterLine,in,,0,0,0,https://x.com/undefined/status/1618570011693707264,1505683483968307202,
1641439844453998594,Thu Mar 30 15:27:52 +0000 2023,0,@CommuterLine Stasiun transit duri misalnya min kasian saya tiap hari liat security percuma mandu penumpang di eskalator buat jalan sesuai sisi tp saking padetnya mereka jg susah buat ikut arahan petugas. Itu jg sambil ngelerai org bertengkar. 2 unit eskalator dan dua2nya begitu btw.,1641462251847815168,,CommuterLine,in,,0,1,0,https://x.com/undefined/status/1641462251847815168,184957704,
1646345266298245120,Thu Apr 13 02:51:13 +0000 2023,0,@CommuterLine min kalian kaya gini terus pelayanannya ga takut kena azab ya? Satu company didoain yg jelek2 terus sma jutaan orang.,1646345266298245120,,CommuterLine,in,,0,0,0,https://x.com/undefined/status/1646345266298245120,256008602,
1651054120080642048,Wed Apr 26 12:00:00 +0000 2023,0,@CommuterLine @anissca Ditunggu update nya @KAI121 atas peristiwa ini... Biar masyarakat yakin anda melakukan tindakan yang tepat dan ada efek jera pagi pegawai @KAI121 yang seharusnya menjunjung tinggi etika/moral dan profesionalitas untuk kenyamanan penumpang !!!,1651194411806781440,,CommuterLine,in,,0,0,0,https://x.com/undefined/status/1651194411806781440,747420036818624513,
1636147210340696065,Wed Mar 15 23:27:47 +0000 2023,0,@CommuterLine Gak kapok2 ya perempuan muda masih ada yg duduk di kursi prioritas lelaki tua yang mau dipaksa bangun dari kursi. Tolong dong sekuriti nya ditatar ulang. Capek deh komplain yg sama kejadian yg sama terjadi lagi dan lagi.,1636147210340696065,,CommuterLine,in,,0,1,0,https://x.com/undefined/status/1636147210340696065,292942777,
1651992133837144064,Fri Apr 28 17:58:53 +0000 2023,0,@CommuterLine Korporasi sebesar KAI melakukan penindasan sepihak terhadap pegawai atas laporan yang belum tentu jelas kebeneran nya? Sampah!,1652009506048737280,,CommuterLine,in,,0,0,0,https://x.com/undefined/status/1652009506048737280,70674010,
1650460620712734720,Mon Apr 24 12:39:29 +0000 2023,0,@CommuterLine Ya terus. Kenapa satpamnya malah diam pas tau banyak keluarga ngobrol? Saya gak masalah kalau peraturan dibuat dan disamaratakan tidak dibedakan. Faktanya dilapangan tidak demikian. Gak perlu nanya nomor rangkaian. Terjun aja langsung. Liat faktanya bagaimana.,1650479572960546818,,CommuterLine,in,,0,0,0,https://x.com/undefined/status/1650479572960546818,97385609,
1610573545914105857,Wed Jan 04 14:02:43 +0000 2023,0,@CommuterLine min coba cek yang di st bekasi petugasnya juga ga negur katanya klo mau cepet lewat tangga manual saja lah kok beda sama ygdi post di twt,1610637853134041090,,CommuterLine,in,,0,0,0,https://x.com/undefined/status/1610637853134041090,1135536618947768320,
1624624804899999745,Sun Feb 12 04:21:52 +0000 2023,0,@CommuterLine halo kak selamat siang. saya mau mengajukan komplain. saya tidak nyaman karena diusir gaboleh naik ojek online dari depan gerbang masuk stasiun serpong sama pegawai tiketing situ. saya merasa terganggu dengan sikap seolah olah dia pemilik area situ. terima kasih,1624624804899999745,,CommuterLine,in,,0,1,0,https://x.com/undefined/status/1624624804899999745,120673452,
1638472293432311809,Wed Mar 22 09:26:50 +0000 2023,0,@CommuterLine minta tlg setiap gerbong untuk ada satpamnya boleh kah?,1638472293432311809,,CommuterLine,in,,0,1,0,https://x.com/undefined/status/1638472293432311809,1939484161,
1651185625788485632,Wed Apr 26 15:48:48 +0000 2023,0,@CommuterLine @sosmedkeras Cringe ih satpamnya,1651251990650032129,,CommuterLine,in,,0,0,1,https://x.com/undefined/status/1651251990650032129,1591577143791652864,
1618211976215420928,Thu Jan 26 09:23:22 +0000 2023,0,@CommuterLine @ozzan @KAI121 @CurhatKRL @krlmania Solusinya bukan di petugasnya atuh min. Masalahnya kan fasilitasnya kurang memadai untuk naik-turun dengan penumpang yang bwanyak.,1618540088778194944,,CommuterLine,in,,0,0,0,https://x.com/undefined/status/1618540088778194944,1593523779719733249,
1612689705723908097,Tue Jan 10 06:12:22 +0000 2023,0,@CommuterLine siap terima kasih banyak min sangat membantu sekali infonya ,1612693813897859074,,CommuterLine,in,,0,0,0,https://x.com/undefined/status/1612693813897859074,849831382465392640,
1634161214606708737,Fri Mar 10 11:56:09 +0000 2023,0,@commuterline hai min bisa bantu kah ini ada AC bocor di KA Penataran jurusan malang blitar di gerbong 5 seat 12 bingung mau dimana cari petugasnya makasiii,1634161214606708737,,CommuterLine,in,,0,1,0,https://x.com/undefined/status/1634161214606708737,1238910495760896001,
1643484503653101573,Wed Apr 05 05:23:34 +0000 2023,0,@CommuterLine tlg infoin ke security di dlm kereta pria paruh baya lbh berhak dpt bangku ksg dari wanita usia belasan atau 20an. Jadi kalau nyari bangku kosong buat prioritas nyari yg sedapatnya aja.,1643484503653101573,,CommuterLine,in,,0,1,0,https://x.com/undefined/status/1643484503653101573,99737717,
1635596154426773505,Tue Mar 14 11:46:28 +0000 2023,0,@CommuterLine Sebaiknya di balikin ke org nya kasian ga bisa keluar stasiun. Apalagi klo isi saldo nya msh banyak. Btw ini poto security nya. https://t.co/9agFkOGIvB,1635608328389926912,https://pbs.twimg.com/media/FrLZF2faEAMKnWV.jpg,CommuterLine,in,,0,1,0,https://x.com/undefined/status/1635608328389926912,160633002,
1611697408307777537,Sat Jan 07 12:25:28 +0000 2023,0,@CommuterLine Palmerah min. Etapi tapi tadi udah nelpon CS. Terima kasih yaa.,1611700546314047489,,CommuterLine,in,,0,1,0,https://x.com/undefined/status/1611700546314047489,1730741173,
1645790805205086208,Tue Apr 11 14:07:59 +0000 2023,0,@CommuterLine yang bener aja rekrut pegawai kok ngerjain orangtua sih? Ayah saya pke tongkat di oper kesana kemari dikiranya orang sehat bisa disuruh pindah jalur seenak jidat? https://t.co/hvmb52QR6G,1645790805205086208,https://pbs.twimg.com/media/FtcGAxfaUAEZtTT.jpg,CommuterLine,in,,0,1,0,https://x.com/undefined/status/1645790805205086208,361081386,
1629849730389020673,Sun Feb 26 14:35:44 +0000 2023,0,@CommuterLine Orangnya sudah turun di sentiong yg saya sesalkan security tidak berani negur padahal dia ngobrol kenceng² di dpn security,1629852720969707525,,CommuterLine,in,,0,1,0,https://x.com/undefined/status/1629852720969707525,275429678,
1645936389350125570,Tue Apr 11 23:46:29 +0000 2023,0,@CommuterLine min mau nanya jadwal krl pas tgl 22-23 apakah masih sama mulai pukul 4 pagi? Karna saya pukul 7 pagi nya tgl 22 mau keluar kota,1645936389350125570,,CommuterLine,in,,0,1,0,https://x.com/undefined/status/1645936389350125570,1610896891121893376,
1620384825457922048,Tue Jan 31 12:14:24 +0000 2023,0,@CommuterLine banyak min petugasnya. itu bagian tap di duri di tutup. kita disuruh lewat pintu yg samping tempat tap itu/,1620395067088470016,,CommuterLine,in,,0,1,0,https://x.com/undefined/status/1620395067088470016,805873951,
1651185625788485632,Thu Apr 27 05:49:09 +0000 2023,0,@CommuterLine @sosmedkeras Satpamnya baik...lg menghibur kaka yang sedang sedih ga bisa mudik,1651463473262657536,,CommuterLine,in,,0,0,0,https://x.com/undefined/status/1651463473262657536,1551216157905981442,
1638958254758952960,Fri Mar 24 06:36:47 +0000 2023,3,@CommuterLine @infojakarta Pak tlg stasiun rangkasbitung diperhatikan..petugasnya di edukasi dlm hal kesantunan. Tgl 22 itu libur pembeli tiket dan penunggu kereta bnyk. Ruangtunggu diluar full orgtua bayi dsbnya. Bnyk tmpt kosong utk org2 duduk tp diusir dg kasarnya cuaca panas terik..mubazir tdk dipakai,1639154275380252675,,CommuterLine,in,,0,1,0,https://x.com/undefined/status/1639154275380252675,559577545,
1617362258413367298,Mon Jan 23 03:23:06 +0000 2023,0,@CommuterLine KA 2030 THB-PRP tolong petugasnya tertibin ini satu keluarga dengan banyak anak kecil udah berisik dan bikin ribut dari sejak Tanah Abang,1617362258413367298,,CommuterLine,in,,0,2,0,https://x.com/undefined/status/1617362258413367298,247806370,
1632270042007207937,Sun Mar 05 12:20:41 +0000 2023,0,@CommuterLine Iya min asli malu sih diliatin org2 krn satpamnya ngomong dibelakang saya langsung dikira saya yg buang tuh susu kotak : ) Saya jg posisinya bawa tumblr yah isi air putih ga mungkin beli susu : ),1632355448023298048,,CommuterLine,in,,0,0,0,https://x.com/undefined/status/1632355448023298048,1613583522736013315,
1636521365758173184,Sat Mar 18 01:37:48 +0000 2023,0,@CommuterLine @tobiin @KAI121 @CommuterLine ..tiap sy naik kereta n pas tato keliatan langsung security mendadak jadi mata elang standby d pojokan liatin sy gak kedip2 matanya. Kek sy mau berbuat kriminal aja..haizzzz Diedukasi donk securitynya..liat yg tato-an langsung aja negatif stigmanya..haizzzz,1636904704822374400,,CommuterLine,in,,0,0,0,https://x.com/undefined/status/1636904704822374400,1397121789029797891,
1631435189435142145,Thu Mar 02 23:23:54 +0000 2023,0,@CommuterLine woyy ini jurusan bogor jakarta udh diem di lenteng agung lama kasih tau kek ad apa sampah bgt pelayanannya,1631435189435142145,,CommuterLine,in,,0,0,0,https://x.com/undefined/status/1631435189435142145,1078075301874130944,
1629322866734010368,Sat Feb 25 03:30:17 +0000 2023,0,@CommuterLine @KAI121 tolong infoin ke petugasnya udah free mask kok masih disuruh pake masker di update dong. Jelas2 sudah banyak beritanya dimana2 https://t.co/6PsK9VaMGv,1629322866734010368,https://pbs.twimg.com/media/FpyEf_qagAE_Ddt.jpg,CommuterLine,in,,0,1,0,https://x.com/undefined/status/1629322866734010368,1612743900,
1629773389408899072,Sun Feb 26 09:20:30 +0000 2023,0,@CommuterLine jujur saya gapernah berani buat minta kursi prioritas tapi saya dalam kondisi perut besar sengaja berdiri depan satpam tpi disayangkan bgt ga dicariin kursi malah sibuk main hp satpamnya,1629773389408899072,,CommuterLine,in,,0,1,0,https://x.com/undefined/status/1629773389408899072,1545411170147790848,
1618211976215420928,Thu Jan 26 09:37:48 +0000 2023,0,@CommuterLine @ozzan @KAI121 @CurhatKRL @krlmania Gemana? Orang petugasnya aja itu kejepit ditengah ah...,1618543717895532545,,CommuterLine,in,,0,0,0,https://x.com/undefined/status/1618543717895532545,145953154,
1610307437403459585,Tue Jan 03 17:10:16 +0000 2023,0,@CommuterLine Caritau aja sendiri nomor KA nya saya nunggu di stasiun manggarai! Min kasih tau sama atasannya lagi banyak yg ngeluh jangan naikin harga kalo pelayanannya makin buruk! Stasiun manggarai doang di gedein tapi kereta pada telat lo pikir keren? Buat adminnya semangat ya,1610322665465872385,,CommuterLine,in,,0,0,0,https://x.com/undefined/status/1610322665465872385,383292495,
1627836593456422912,Tue Feb 21 01:04:22 +0000 2023,0,@CommuterLine min boleh dong layar display di pintu masuk alun alun ditulis jadwal pemberangkatan setiap jalur. nanya petugasnya 3x semua jawabannya beda beda. jadi trust issue kan nih! selain itu bisa bantu supaya lebih cepet juga mau pilih jadwal yang jam berapa.,1627836593456422912,,CommuterLine,in,,0,1,0,https://x.com/undefined/status/1627836593456422912,52390798,
1643538880359198721,Wed Apr 05 09:06:30 +0000 2023,0,@CommuterLine Tidak muncul notif apapun dari balance reader min tadi sudah dibantu jg sama petugasnya tapi tetap tidak bisa dipakai. Adakah solusinya min?,1643540603765145600,,CommuterLine,in,,0,1,0,https://x.com/undefined/status/1643540603765145600,1256147925182210048,
1631088504997568512,Thu Mar 02 07:39:01 +0000 2023,0,@CommuterLine @OhSunnyDay__ Yg bikin gapeka coba petugas lapangan sekaligus nyamar jadi penumpang dong. Trus nyobain segala rute dan semua waktu. Sebar deh tu petugasnya.,1631197402827984896,,CommuterLine,in,,0,0,0,https://x.com/undefined/status/1631197402827984896,257917134,
1648986211405406208,Thu Apr 20 10:08:39 +0000 2023,0,@CommuterLine Udah turun min udah dipanggil bahkan dicolek bapak2... Tapi tetep Weh molor... Mungkin mati suri nyampe stasiun tujuan dia bangun. Besok2 GERCEP min sekarang saya udah sampai. Petugasnya kok pada ilang2an,1648992063990689792,,CommuterLine,in,,0,0,0,https://x.com/undefined/status/1648992063990689792,1545238018629312512,
1626240415228907520,Sat Mar 18 04:46:52 +0000 2023,0,@CommuterLine Trimakzih..buat membantu transport orang kerja dan anak2 sekolah,1636952286923747330,,CommuterLine,in,,0,0,0,https://x.com/undefined/status/1636952286923747330,1459517767,
1623506086677590016,Thu Feb 09 02:16:29 +0000 2023,0,@CommuterLine goblog delay 15 menit lebih masuk manggarai. staff ga kompeten sama jadwal delay bego ah,1623506086677590016,,CommuterLine,in,,0,1,0,https://x.com/undefined/status/1623506086677590016,3187699934,
1646655634652409857,Fri Apr 14 02:47:07 +0000 2023,1,@CommuterLine @lovecho87852157 lebih baik sih ditulis di depan biar kelihatan pernah lihat ada ditulis ama petugasnya tapi kebanyakan sih gak ditulis,1646706620024655872,,CommuterLine,in,,0,0,0,https://x.com/undefined/status/1646706620024655872,1549246971554041856,
1635596154426773505,Tue Mar 14 10:58:05 +0000 2023,0,@CommuterLine ada kartu flash jatuh di stasiun Sudirman di temuin sama security di stasiun atas nama AKA https://t.co/mu4iLKEj4Y,1635596154426773505,https://pbs.twimg.com/media/FrLN72SaIAIirbx.jpg,CommuterLine,in,,0,1,0,https://x.com/undefined/status/1635596154426773505,160633002,
1652178329422946308,Sat Apr 29 08:36:44 +0000 2023,0,@CommuterLine Minta tlg security ke gerbong 7 KA2099 PP-THB krn ada penumpang celana hijau ber2 sangat berisik ngobrol dengan sebelahnya klo security udh lewat.,1652230421340639232,,CommuterLine,in,,0,2,0,https://x.com/undefined/status/1652230421340639232,1863872838,
1616917080909185025,Tue Jan 24 12:03:35 +0000 2023,0,@CommuterLine Dari pada sekedar memberikan pengumuman via pengeras suara. Alangkah lebih baiknya petugas WAJIB standby di area (terlebih gerbong perempuan) karena jika tidak ada petugas percuma terkadang mereka terlalu buta dan tuli.,1617855629548457992,,CommuterLine,in,,0,0,0,https://x.com/undefined/status/1617855629548457992,1572186145458626561,
1618083713094684672,Wed Jan 25 10:43:02 +0000 2023,1,@CommuterLine Izin beri saran min harusnya tetap diberi keterangan di aplikasinya. Karena fungsinya aplikasi kan untuk membantu yaa semoga tim developer terutama UI/UXnya menampung sarannya nih min,1618197747756339201,,CommuterLine,in,,0,1,0,https://x.com/undefined/status/1618197747756339201,483931655,
1618611305539309568,Thu Jan 26 14:06:22 +0000 2023,0,@CommuterLine Td di stasiun maguwo jam 7.00 mau ke stasiun palur udh msk gate gaada petugas yg jaga nunggu 30 mnt ternyata baru diinfo petugas klo KRL udah gaada. Trs keluar gate ga dibukain portalnya jd harus tap kartu yg mana saldo kepotong. Tolong di briefing lg petugasnya:(,1618611305539309568,,CommuterLine,in,,0,1,0,https://x.com/undefined/status/1618611305539309568,1222868196396453888,
1627223222482780161,Sun Feb 19 08:27:03 +0000 2023,0,@CommuterLine Min kartu multi trip saya sepetinya rusak dan sdh ga ke detect. Kata petugasnya ga bisa diganti dan harus beli baru emang benar begitu?,1627223222482780161,,CommuterLine,in,,0,1,0,https://x.com/undefined/status/1627223222482780161,70892701,
1618211976215420928,Thu Jan 26 09:08:02 +0000 2023,1,@CommuterLine @ozzan @KAI121 @CurhatKRL @krlmania Gak perlu jawaban normatif spt ini min faktanya petugas tdk mampu membantu melakukan pengaturan flow penumpang dan keadaan spt ini sdh sering terjadi. Lakukan tindakan nyata utk mencegah hal ini terulang lagi sblm ada kejadian yg tak diinginkan.,1618536228449816578,,CommuterLine,in,,0,0,0,https://x.com/undefined/status/1618536228449816578,537102517,
1651054120080642048,Wed Apr 26 06:02:54 +0000 2023,7,@CommuterLine @anissca Cut aj min. Jgn tkut gk ad pegawai yg beneran niat kerja banyak,1651104547270721536,,CommuterLine,in,,0,0,0,https://x.com/undefined/status/1651104547270721536,1167638870499815425,
1624239003322155009,Sun Feb 12 02:06:18 +0000 2023,2,@CommuterLine @Askrlfess Semua stasiun sama aja ga ada yg ramah. Masih mending cs stasiun yg ada di Jawa timur ramah . Kemaren saya bukan dijudesin lagi tapi disentak sama petugas loketnya di stasiun klender cuma gara nominal topup @CommuterLine,1624590691174334465,,CommuterLine,in,,0,1,0,https://x.com/undefined/status/1624590691174334465,1191379063757144065,
1626519223215476738,Fri Feb 17 11:02:03 +0000 2023,1,@CommuterLine Halo Admin. Gua mau kasih saran ya. Kalau lintasan nyebrang itu maunya jangan pilih kasih nih bilangin satpamnya. Konsisten. Kalau cuma cewek aja boleh lewat ya cewek aja. Ini gua dilarang tapi cowok lain aja om2 boleh lewat situ. Gak sekali ya kejadian kayak gitu.,1626537454164676608,,CommuterLine,in,,0,1,0,https://x.com/undefined/status/1626537454164676608,2390638567,
1617688737403764736,Tue Jan 24 01:00:24 +0000 2023,0,@CommuterLine krl 6017 bekasi ke Kpg Bandan jalur 4 harusnya brkt jam 07.44 brkt 07.54. Satang krl di jalur 5 tanya security disuruh pindah jalur 5. Ternyata jalur 4 berangkat duluan dan sampe 07.57 belom berangkat di jalur 5.... Ini siapa yg mau ganti rugi saya telat ngantor,1617688737403764736,,CommuterLine,in,,0,1,0,https://x.com/undefined/status/1617688737403764736,1577832540160696320,
1634425166255243264,Sat Mar 11 19:40:44 +0000 2023,0,@CommuterLine Petugasnya malah sering di gerbong perempuan bukan di gerbong campur wkwk,1634640518197166080,,CommuterLine,in,,0,0,0,https://x.com/undefined/status/1634640518197166080,1097480962579951618,
1603732297076744192,Sat Jan 07 06:45:17 +0000 2023,0,@CommuterLine kemaren beli kartu di vending machine kembaliannya ga keluar udah ke cs nya juga. tp proses pengembalian dana nya kok lama ya kak,1611614936505159684,,CommuterLine,in,,0,1,0,https://x.com/undefined/status/1611614936505159684,1278500374727364608,
1646287860864258051,Wed Apr 12 23:03:07 +0000 2023,0,@CommuterLine min ada ngga ya cs stasiun cilebut atau nomer yang bisa dihub soalnya kartu emoney (dalam bentuk nam tag id card) saya sepertinya jatuh di sana siapa tau ada yang menemukan.,1646287860864258051,,CommuterLine,in,,0,1,0,https://x.com/undefined/status/1646287860864258051,1120120248529645568,
1610599313041915906,Wed Jan 04 11:29:34 +0000 2023,0,@CommuterLine parah nih KAI stasiun Jatinegara air bersih di toilet dan tempat wudhu mushola gak keluar kasian orang yang udah terlanjur BAB dan yang mau wudhu. Tolong ditangani ini petugasnya kemana? https://t.co/y6SOFrqYFY,1610599313041915906,https://pbs.twimg.com/ext_tw_video_thumb/1610599245102583809/pu/img/818n67XgxVEj26bQ.jpg,CommuterLine,in,,0,2,0,https://x.com/undefined/status/1610599313041915906,815273348,
1647776630449016832,Mon Apr 17 01:38:57 +0000 2023,0,@CommuterLine min kereta ini tuh tdi telat di sawah besar jam 7.55 balru sampe. Trus masa minta surat keterlambatan ga boleh? Alesan petugasnya karna di krl acces normal ga ada gangguan. Tpi di manggarai emang di tahan lama bgt. Gmana sih min? Bsa di sp klo begini terus sm kantor https://t.co/ZeDd389CnJ,1647776630449016832,https://pbs.twimg.com/media/Ft4UHD0aMAA8_Y6.jpg,CommuterLine,in,,0,2,0,https://x.com/undefined/status/1647776630449016832,1408796339618553863,
1635610186172989442,Tue Mar 14 11:53:51 +0000 2023,0,@CommuterLine @KAI121 mohon utk KA Lokal Merak disediakan petugas di masing-masing gerbong yg bertugas membantu penumpang menemukan tempat duduk sesuai tiketnya... Krn tdk semua penumpang paham dan bisa mudah tau tempat duduknya...,1635610186172989442,,CommuterLine,in,,0,1,0,https://x.com/undefined/status/1635610186172989442,233891028,
1651054120080642048,Wed Apr 26 06:01:59 +0000 2023,2,@CommuterLine @anissca aduh min tolong pegawai yg seperti itu langsung dicut aja bisa ga ,1651104315820630017,,CommuterLine,in,,0,0,0,https://x.com/undefined/status/1651104315820630017,2234597994,
1646086194944708608,Wed Apr 12 09:41:46 +0000 2023,0,@CommuterLine sumpah makin kesini makin menyedihkan ya sob pelayanannya ,1646086194944708608,,CommuterLine,in,,0,0,0,https://x.com/undefined/status/1646086194944708608,529473112,
1618611305539309568,Thu Jan 26 15:13:32 +0000 2023,0,@CommuterLine Iya min walaupun udh gaada jadwal krl harusnya tetap ada petugas yg jaga di gate biar bisa standby infoin penumpang yg gatau jadwal. Tadi malah pada ngobrol didalem sedih bgt padahal KAI udh oke banget pelayanannya sejauh ini.,1618628208567676928,,CommuterLine,in,,0,1,0,https://x.com/undefined/status/1618628208567676928,1222868196396453888,
1624239003322155009,Sun Feb 12 03:07:45 +0000 2023,0,@CommuterLine @vayasaman @Askrlfess Ganti aja semua petugasnya. Masih banyak yg mau kerja bener2 training dari awal kalau kerja di pelayanan itu harus ramah,1624606152905592832,,CommuterLine,in,,0,0,0,https://x.com/undefined/status/1624606152905592832,63128197,
1632378067984486400,Mon Mar 06 01:25:46 +0000 2023,0,@CommuterLine tolong lebih tegas lagi ya petugasnya min mungkin bisa ditambah lagi sign larangan merokoknya atau dikasih imbauan lewat speaker stasiun. terima kasih.,1632553022076375040,,CommuterLine,in,,0,0,0,https://x.com/undefined/status/1632553022076375040,578661808,
1644623893611814912,Sat Apr 08 09:13:07 +0000 2023,0,@CommuterLine Hm... Kerap saya membantu nenek dan kakek untuk turun tangga ,1644629435210166272,,CommuterLine,in,,0,0,0,https://x.com/undefined/status/1644629435210166272,234333792,
1616038218822213633,Thu Jan 19 11:58:29 +0000 2023,0,@CommuterLine Lalu pin hamil yg lama diksh petugasnya kah atau gmn?,1616042408638308352,,CommuterLine,in,,0,1,0,https://x.com/undefined/status/1616042408638308352,934886876,
1624938292595814401,Mon Feb 13 01:07:33 +0000 2023,0,@CommuterLine min tgl di reminder u/ pnjaga pintu prioritas di STADELA agr slalu standby.sering bgt petugas hny duduk2 ngerumpul diperon tdk peduli dgn pintu prioritas.kereta jalan baru pd jln dgn santai ke gerbang prioritas. tdk ada yg jaga standby di pintu.keluhan ini tiap pagi https://t.co/cTOFeDHfA0,1624938292595814401,https://pbs.twimg.com/ext_tw_video_thumb/1624938120277028864/pu/img/IiqdHfB-26JvKA4J.jpg,CommuterLine,in,,0,1,0,https://x.com/undefined/status/1624938292595814401,72181513,
1636045575866175488,Thu Mar 16 06:41:46 +0000 2023,0,@CommuterLine @apadilah20 Petugasnya tolong dikasih pelatihan lagi tentang toleransi. Itu lagi senggang bisa ditanya dulu baik baik. Komunikasikan baik baik.,1636256425617002496,,CommuterLine,in,,0,0,0,https://x.com/undefined/status/1636256425617002496,1593283710136483840,
1624566523384963073,Mon Feb 13 09:52:18 +0000 2023,0,@CommuterLine @hr21_farhan @KAI121 Min. Udah hampir 3 tahun peraturan ini jalan lho. Saran saya lebih digalakkan lagi sosialisasi peraturan soal ini ke petugas petugas keamanan &amp; staf stasiun. Dan beberapa masinis yang juga belum tahu. Capek min tiap motret pasti ada aja gesekan sama petugasnya.,1625070352123723777,,CommuterLine,in,,0,0,0,https://x.com/undefined/status/1625070352123723777,1424614550704312325,
1641227589967806466,Wed Mar 29 23:55:24 +0000 2023,0,@CommuterLine ya Allah kereta semakin hari semakin sesak. mohon ditingkatkan pelayanannya dong KAI,1641227589967806466,,CommuterLine,in,,0,1,0,https://x.com/undefined/status/1641227589967806466,1148077186160549891,
1634425166255243264,Sat Mar 11 06:34:25 +0000 2023,54,@CommuterLine @yrcfsj Adain ya min klo bisa di tiap gerbong umum satpamnya lebihin trus jgn diem di satu tempat aja alias muter buat kontrol pls,1634442634927439872,,CommuterLine,in,,0,0,0,https://x.com/undefined/status/1634442634927439872,1366974356639735811,
1629649106108051457,Sun Feb 26 02:19:38 +0000 2023,0,@CommuterLine Tolong yang ini urgent menyangkut keselamatan jiwa ️️ Don't get us wrong @CommuterLine. Kami2 yg kritik kayak gini tuh memang pelanggan setia (anakku ke kampus naik KRL transit Manggarai) dan ingin KRL tambah baik pelayanannya https://t.co/Vu6SHRDwS9,1629667473791528960,https://pbs.twimg.com/media/Fp297VgaEAAbE5g.jpg,CommuterLine,in,,0,1,0,https://x.com/undefined/status/1629667473791528960,30654287,
1635945368184836096,Wed Mar 15 10:05:44 +0000 2023,0,@CommuterLine seharusnya kalau udh jelas ada gangguan di pintu masuk stasiun diinfokan donk oleh petugasnya jadi bisa pilih alternatif lain ini petugasnya malah diem aja.,1635945368184836096,,CommuterLine,in,,0,0,0,https://x.com/undefined/status/1635945368184836096,2773423195,
1644623893611814912,Sun Apr 09 21:06:24 +0000 2023,0,@CommuterLine @selowrun Udh semestinya bgtu lahh namanya jg pelayanan publik sklian nih min di sudimara ada sekuriti yg sy minta tolong lewat jalur prioritas krna sy bw barang bnyk dan gede tp mukanya asem pdhl udh dipermisiin dan di senyumin,1645171326913773569,,CommuterLine,in,,0,0,0,https://x.com/undefined/status/1645171326913773569,1595988002735411200,
1645192774600511489,Sun Apr 09 23:28:22 +0000 2023,0,@CommuterLine @asmurcom Petugasnya lebih menggampangkan fokus ke bagian yg bukan prioritas daripada ngecek yg bagian prioritas apakah sudah sesuai syarat prioritas..,1645207052518842371,,CommuterLine,in,,0,1,0,https://x.com/undefined/status/1645207052518842371,2386106502,
1638112482559684608,Tue Mar 21 09:45:24 +0000 2023,0,@CommuterLine Yang pake baju satpam jaket reflektor kuning hijau. Saya keluar Manggarai dari arah Duri tau2 ada yg nyolot kesel.,1638114578071715841,,CommuterLine,in,,0,1,0,https://x.com/undefined/status/1638114578071715841,1223543014447992832,
1638112482559684608,Tue Mar 21 09:37:05 +0000 2023,0,@CommuterLine tolong ya itu petugasnya kl ngomong dijaga. Tolong ya semua jalannya yang cepat! Ini Manggarai bukan stasiun yang lain..! Hello kita lagi di pinggiran tiang salah jejek kaki dikit setor nyawa! Wajar kalau ngerem dikit! Jauh dari rel juga kita lari2 sparta!,1638112482559684608,,CommuterLine,in,,0,1,0,https://x.com/undefined/status/1638112482559684608,1223543014447992832,
1884968831346712625,Fri Jan 31 02:16:43 +0000 2025,0,@CommuterLine Gimana sama Tangerang line? Penumpukan penumpang di Duri itu harusnya ada perbaikan dengan kondisi stasiun yang gak proper buat naik turun penumpang. Apa itu gak masuk agenda KAI? Stasiun Duri peron 5 kalau naik turun penumpang chaos habis. ,1885150186688909693,,CommuterLine,in,,0,0,0,https://x.com/undefined/status/1885150186688909693,858477549722247168,
1969910979631940005,Sun Sep 21 23:45:51 +0000 2025,0,@CommuterLine jadwal lu tiap senin kacau. Alasannya paling selalu selisih waktu sama kereta jarak jauh apa lah. Kereta manggarai ke tanah abang tadi dari jam 05.57 cuma ada jam 6.14 sama 6.18. Ya numpuk lah manusia. Benerin.,1969910979631940005,,CommuterLine,in,,0,0,1,https://x.com/undefined/status/1969910979631940005,166010345,
1914279541637337212,Mon Apr 21 11:26:22 +0000 2025,0,@CommuterLine tanah abang tolong dievaluasi dong kalo atas bikin macet balikin kaya dulu aja sebelum smua siap. Ga sekali duakali aja chaos kaya gini. https://t.co/dEuDxwYvsh,1914279541637337212,https://pbs.twimg.com/media/GpDi2xSboAEIkCT.jpg,CommuterLine,in,,0,0,1,https://x.com/undefined/status/1914279541637337212,150508037,
1972453283433480424,Mon Sep 29 00:08:03 +0000 2025,1,@CommuterLine kacau amat ya telatnya baru hari senin loh. Tambun keberangkatan 06.08 ditahan Jatinegara 10 menit ini masih ditahan Manggarai. Normalnya perjalanan sejam kenapa sih always begini KRL apa karena subsidi ,1972453283433480424,,CommuterLine,in,,0,1,2,https://x.com/undefined/status/1972453283433480424,289739729,
1930602578305323389,Thu Jun 05 12:28:18 +0000 2025,1,@CommuterLine min lapor kondisi di St. Tanah Abang barusan agak chaos banget. 1. Escalator naik di masing-masing peron mati. Bikin stuck penumpang naik-turun.,1930602578305323389,,CommuterLine,in,,0,2,0,https://x.com/undefined/status/1930602578305323389,73326170,
1930247703851872408,Wed Jun 04 13:30:22 +0000 2025,0,@CommuterLine gteenline after office hari ini kacau bgt,1930255813169316212,,CommuterLine,in,,0,0,0,https://x.com/undefined/status/1930255813169316212,235555503,
1899930789879615794,Thu Mar 13 00:16:01 +0000 2025,0,@CommuterLine Saya tau tim kalian liat tweet ini di layar segede gaban tolong dgn sangat balikin jadwal sebelumnya dari arah parungpnjng/rangkas ke tanah abng. Setiap hari dihampir tiap gerbong dijam pagi selalu antar pelanggan ribut adu mulut senggol2an krna jam kereta berubah yg makin kacau,1899977713383071837,,CommuterLine,in,,0,1,0,https://x.com/undefined/status/1899977713383071837,1072096185874182144,
1993814269356593574,Thu Nov 27 04:22:23 +0000 2025,0,@CommuterLine LU SEMUA jangan pada takut main sosmed. jangan reaktif. tenang aja lu engga akan dirujak netizen tapi pastikan lu sudah melihat cctv mendengar dari dua sisi kalo cuma karena viral sentimen negative di medsos trs lgsg pecat ya kacau jalan pikiran lu semua.,1993898170045354379,,CommuterLine,in,,0,0,0,https://x.com/undefined/status/1993898170045354379,389496869,
1941388039911354392,Sat Jul 05 06:45:52 +0000 2025,1,@CommuterLine gileeeee kereta bekasi di pondok jati 30menit sendiriiiii astaga Dr jam 13:33 masa baru ada 14:01 Ngeri bgt kereta lamaaaaaa bgt,1941388039911354392,,CommuterLine,in,,0,1,0,https://x.com/undefined/status/1941388039911354392,125960212,
2003324036961681702,Tue Dec 23 08:51:05 +0000 2025,0,@CommuterLine Ini jadwal masih kacau apa gimana ya? Mau pulang kerja nanti udah normal apa belom?,2003387875422011438,,CommuterLine,in,,0,1,0,https://x.com/undefined/status/2003387875422011438,327392704,
1874576545014337838,Wed Jan 01 22:00:50 +0000 2025,0,@CommuterLine ini kenapa dah sinyal masuk ke stasiun pasar Minggu problem parah. Jadi kacau semua jadwal. Sering banget gangguan,1874576545014337838,,CommuterLine,in,,0,1,0,https://x.com/undefined/status/1874576545014337838,232198371,
1913554097476899090,Sat Apr 19 13:44:59 +0000 2025,0,@CommuterLine Hadeh stuck di depok baru Mau keluar stasiun ngeri tambah lama,1913589646187220994,,CommuterLine,in,,0,0,0,https://x.com/undefined/status/1913589646187220994,1138507739464896515,
1886367873733726554,Mon Feb 03 11:39:24 +0000 2025,0,@CommuterLine @chocobery18 Gapeka . Ka nya kacau,1886378952085864571,,CommuterLine,in,,0,1,0,https://x.com/undefined/status/1886378952085864571,61423439,
1980414992605409535,Tue Oct 21 00:23:15 +0000 2025,2,@CommuterLine Hari minggu pagi gw udh bangun dari jam 3 mau ke merak malah kacau gara2 gangguan di kebayoran-pondok ranji sampe gw balik lagi skrg gangguan lagi mana di jam crusial hadeh,1980429642306842864,,CommuterLine,in,,0,1,0,https://x.com/undefined/status/1980429642306842864,184359441,
2000725244403966187,Tue Dec 16 05:47:13 +0000 2025,0,@CommuterLine Meningkatkan pelayanan kok malah makin kacau sih. Ini 40 menit nunggu nya. Kalo peningkatan layanan tuh justru jadi lebih cepet jadwal tunggu nya,2000804890868875598,,CommuterLine,in,,0,1,0,https://x.com/undefined/status/2000804890868875598,242675148,
1902129508351930476,Tue Mar 18 22:46:29 +0000 2025,0,@CommuterLine hai min tolong jadwal kereta TNG-Duri yg berangkat 05.07 ditertibin. Udah 2 hari berangkatnya telat terus. Akhirnya di duri jadi ga kekejar kereta bekasi 5.38. Masa buang2 waktu 25 menit untuk nunggu kereta selanjutnya di duri. Kacau dah.,1902129508351930476,,CommuterLine,in,,0,1,0,https://x.com/undefined/status/1902129508351930476,63425511,
1894340597458342390,Tue Feb 25 11:31:42 +0000 2025,1,@CommuterLine @Dwianwan @KAI121 Bukan lagi tidak nyaman . Ni orang2 hidup lho ya . Bukan barang mati . Bahkan di dalam KRL nya pun kalian gak memperhitungkan kan ? Atau gak mau tau ? . Ini kacau sih . Asli kacau https://t.co/MQwYg6TDGL,1894349549814387053,https://pbs.twimg.com/media/GkoU2liaUAAN_oI.jpg,CommuterLine,in,,0,0,1,https://x.com/undefined/status/1894349549814387053,315512062,
1986642293164786110,Sun Nov 09 03:49:08 +0000 2025,48,@CommuterLine @rrudo__ Manggarai lebih chaos lagiiiii anjirrr ! Stasiun jelek &amp; salah design gitu dipaksain jadi stasiun sentral goblok banget,1987366820496744830,,CommuterLine,in,,1,0,3,https://x.com/undefined/status/1987366820496744830,1730137154385498112,
1977549135512523144,Mon Oct 13 01:37:09 +0000 2025,0,@CommuterLine baru hari senin tapi jadwal udah kacau. Emang ga pernah belajar!,1977549135512523144,,CommuterLine,in,,0,0,0,https://x.com/undefined/status/1977549135512523144,288121856,
1919567230993584546,Tue May 06 01:37:46 +0000 2025,1,@CommuterLine @CurhatKRL udah berulangkali terjadi Security Tanah abang SELALU buka smua Eskalator HANYA utk yg naik aja tangga manual dibuka jg utk yg keatas akibatnya yg mau turun membludak. Security diprotes karna trjdi chaos tp malah marah balik.Mohon ditanggulangi issue ini https://t.co/Dt4bRyvmPY,1919567230993584546,https://pbs.twimg.com/ext_tw_video_thumb/1919567187800641536/pu/img/P4iaEVia2PVOUTTg.jpg,CommuterLine,in,,0,1,1,https://x.com/undefined/status/1919567230993584546,1051532869,
1947811107269447687,Wed Jul 23 00:39:31 +0000 2025,0,@CommuterLine terima kasih. next kalo ada pnmp spt sy tlong tegur dg tegas jgn diberlakukan kasar. sy pure salah paham kirain kereta yg sy maksud bru akan berhenti trnyt bru berangkat dr st sudimara. kacau bgt petugsnya sampe mau jepit penumpang pake pagar,1947818827309584549,,CommuterLine,in,,0,0,0,https://x.com/undefined/status/1947818827309584549,2476810232,
1886161251618939279,Mon Feb 03 11:12:41 +0000 2025,0,@CommuterLine Min ini kok makin kacau ya. Tujuan cikarang sore cuma ad 17.11 dan 17.31 untuk jam 17an. Mn hari yg 17.31 ad keterlambatan lg. Smpe bekasi ud kaya zombie. Pd maksain masuk krna jam yg biasa d naikin d hilangkan dan jarak 1 kereta ke kereta lain lama,1886372228415250894,,CommuterLine,in,,0,0,0,https://x.com/undefined/status/1886372228415250894,1484014035670794241,
1959903978730492355,Mon Aug 25 09:16:55 +0000 2025,0,@CommuterLine Kacau min ini kereta udah penuh,1959907833488834736,,CommuterLine,in,,0,12,0,https://x.com/undefined/status/1959907833488834736,164281484,
1894712700305052028,Wed Feb 26 23:19:48 +0000 2025,0,@CommuterLine 6054 KPB-CKG kemaren tuh ngaret parah! Telat juga nanya mau di cek udh kejadian kemaren semerawut dan chaos di st kranji karena yg tujuan cikarang naik bekasi dan nunggu di kranji.,1894890137710166377,,CommuterLine,in,,0,0,0,https://x.com/undefined/status/1894890137710166377,327392704,
1875824860640989486,Sun Jan 05 10:36:22 +0000 2025,0,@CommuterLine Jadwal 5570 dan 5572 kacau banget,1875853843592028293,,CommuterLine,in,,0,1,0,https://x.com/undefined/status/1875853843592028293,1721367221421985792,
1990205947915260179,Sun Nov 16 23:50:48 +0000 2025,3,@CommuterLine Wah kacau bener ini KRL Greenline tujuan tn abang jadw masuk rawa buntu jam 06.46 molor ke 06.54?? Bahkan kereta arah rangkas udah 2x lewat pun belom dtg juga ini kodok,1990205947915260179,,CommuterLine,in,,0,1,0,https://x.com/undefined/status/1990205947915260179,93315801,
1974106436667126264,Fri Oct 03 13:37:06 +0000 2025,0,@CommuterLine min chaos sih jam segini line cikarang masih kena imbas gangguan kajj yg katanya udh selesai 4 jam lalu ini tuh gmn?????,1974106436667126264,,CommuterLine,in,,0,0,0,https://x.com/undefined/status/1974106436667126264,1318501814778486787,
1893070945889460560,Sat Feb 22 02:35:33 +0000 2025,0,@CommuterLine Masih kacau engga ya ini??,1893127460369408044,,CommuterLine,in,,0,1,0,https://x.com/undefined/status/1893127460369408044,159017659,
1897439883297481072,Thu Mar 06 00:11:35 +0000 2025,0,@CommuterLine bpk/ibu tolong SF 8 tidak perlu maju dong. Ini di Depok Lama jadi kacau krn gb paling belakang pas dengan tangga jadi kepotong sisa seprapat peron. Kacau kawan naiknya jadi tolong balikin normal aja tidak perlu maju. Thanks! Ijin tag @InfoKRL @CurhatKRL,1897439883297481072,,CommuterLine,in,,0,1,0,https://x.com/undefined/status/1897439883297481072,55806784,
1889178418090012805,Tue Feb 11 05:37:48 +0000 2025,0,@CommuterLine Pondok cina manggarai atau jakarta kota biasanya 11.59 jakarta kota manggarai 12.03 skrg manggrai 11.59 jakarta kota 12.15 kacau,1889187056339079181,,CommuterLine,in,,0,1,0,https://x.com/undefined/status/1889187056339079181,454823000,
1976100620613607750,Thu Oct 09 01:41:16 +0000 2025,0,@CommuterLine stresss bgt jadwalnya di kereta mau numpuk2 an trs arah manggarai biasa 08.30 ini harus nunggu sampe jam 08.41 kacau kacau,1976100620613607750,,CommuterLine,in,,0,1,0,https://x.com/undefined/status/1976100620613607750,1134736142450880512,
1996715911966085185,Thu Dec 04 22:59:05 +0000 2025,0,@CommuterLine kalau memang ada trouble atau keterlambatan bisa dikasih tau ke penumpang ini Prameks sampai jam 05.56 blm berangkat dr st Jenar kena susul KAJJ. Pagi hari banyak yg berangkat kerja makasih lho jd kacau gini.,1996715911966085185,,CommuterLine,in,,0,1,0,https://x.com/undefined/status/1996715911966085185,1680690405183229952,
1894175580276625462,Tue Feb 25 00:00:25 +0000 2025,1,@CommuterLine makin hari jdwl bukannya makin ontime malah makin ngaret...kacau,1894175580276625462,,CommuterLine,in,,0,1,0,https://x.com/undefined/status/1894175580276625462,92460827,
1952150095170080976,Sun Aug 03 23:55:14 +0000 2025,0,@CommuterLine @fakyufakyung Seharusnya buat jadwal krl itu di sesuaikan juga dg jadwal kereta jarak jauh sehingga kalian tidak perlu membuat alasan template bsk lagi yg buat jadwal sekarang jgn diikutsertakan karena jadwalnya kacau kt nya kalau msk KAI IPK harus 3.5 pinter dong tapi kok buat jadwal asal,1952156336973898116,,CommuterLine,in,,0,0,1,https://x.com/undefined/status/1952156336973898116,287145271,
2001434557405630651,Wed Dec 17 23:45:05 +0000 2025,2,@CommuterLine Kacau banget ini yg dari line cikarang sebelum st bekasi mundur semua min. KAJJ pada bisa lewat tuhhh berarti bisa gasi gantian? parah bgt ini w telat berangkat kerja ishhhh https://t.co/o7UXxHx6Bh,2001438533131866399,https://pbs.twimg.com/media/G8aJu7kbcAA89Zc.jpg,CommuterLine,in,,0,0,0,https://x.com/undefined/status/2001438533131866399,1088304990211301376,
1903363741292614033,Sat Mar 22 08:30:53 +0000 2025,2,@CommuterLine kereta ke arah Bogor kenapa ya? Sering banget berhenti lama di Cikini. Ini harusnya udah sampai Pasar Minggu tapi sampai sekarang belum jalan juga di Cikini. Penghematan operasional kah? Masa KRL sistemnya ngetem kayak angkot??? Makin kacau aja.,1903363741292614033,,CommuterLine,in,,0,1,0,https://x.com/undefined/status/1903363741292614033,293523812,
1904257192745947627,Thu Mar 27 06:37:35 +0000 2025,0,@CommuterLine kai kacau nih karyawan nya bikin telat setengah jam cuma minta tolong isiin emoney aja ampe bolak balik 2x ga d respon cuma d suruh coba ulang sedangkan kita uda telat banget kacau sih kai kecewa banget saya.,1905147169696620748,,CommuterLine,in,,0,1,0,https://x.com/undefined/status/1905147169696620748,1711930124076191744,
1884968831346712625,Tue Feb 04 00:02:32 +0000 2025,0,@CommuterLine @desu_fade perubahan mah harusnya lebih efektif dan efisien lah ini kocak malah makin gajelas jadwal lu kacau banget,1886565970447360035,,CommuterLine,in,,0,0,0,https://x.com/undefined/status/1886565970447360035,1347327855479320577,
1952604079320162442,Tue Aug 05 10:37:39 +0000 2025,0,@CommuterLine kacau semua jadwal krl nya. nunggu hampir sejam belum tiba juga ,1952680391871271401,,CommuterLine,in,,0,0,0,https://x.com/undefined/status/1952680391871271401,883314458,
1986598113910661579,Fri Nov 07 01:02:29 +0000 2025,12,@CommuterLine Gangguan mulu gua liat2 stasiun bekasi udah se chaos ini. Harus ada kompensasi sih kata gua mah. Kita telat potong gaji min tolong tanggung jawabnya @KAI121 @CommuterLine,1986600106842571243,,CommuterLine,in,,0,7,1,https://x.com/undefined/status/1986600106842571243,1608298170,
1889112861303292064,Tue Feb 11 00:42:58 +0000 2025,1,@CommuterLine tolong jadwal ka yang baru dibenerin. Tadi jam 07.22 pagi line rangkas-tn abang (K1188225) kacau di gerbong perempuan paling belakang. Ada yang pingsan saking penuhnya dan banyak yg kegencet. mohon disediakan 1-2 petugas di gerbong perempuan untuk mengkondisikan ,1889112861303292064,,CommuterLine,in,,1,0,0,https://x.com/undefined/status/1889112861303292064,1139627159427772416,
1894727158490447911,Wed Feb 26 12:32:11 +0000 2025,2,@CommuterLine gue tanya sekarang kenapa tanah abang dari jam 6an udah chaos? Armadanya pada telat dateng apa gimana sih ini kan gamungkin tbtb sepadet ini kalau ga telat dari sananya???,1894727158490447911,,CommuterLine,in,,0,1,0,https://x.com/undefined/status/1894727158490447911,1672620529,
1892003990423982462,Wed Feb 19 00:11:17 +0000 2025,0,@CommuterLine g pernah sesebel ini jadwal KRL lu benerin dong bos jam kereta angke sama kp Bandan dr bekasi kacau bgt hari ini 07.02 besok 07.05 besok lgi bisa 07.11 besoknya bisa 07.17 jadwal nyampe sama berangkat kacau Team analisisnya naik kereta g sih ancur bgt ,1892003990423982462,,CommuterLine,in,,0,1,1,https://x.com/undefined/status/1892003990423982462,1260554352638361605,
2001438895335182565,Wed Dec 17 23:51:53 +0000 2025,30,@CommuterLine woi min tambun chaos tp KAJJ bisa lewat https://t.co/IT130o1dJz,2001440243208327248,https://pbs.twimg.com/media/G8aLSKAakAAqnG1.jpg,CommuterLine,in,,1,4,3,https://x.com/undefined/status/2001440243208327248,1248246161745436680,
1944265847633260840,Sun Jul 13 05:21:15 +0000 2025,0,@CommuterLine 5103B telat banget jadwal lewat 12.10 tapi jam 12.21 belom jalan kacau,1944265847633260840,,CommuterLine,in,,0,1,0,https://x.com/undefined/status/1944265847633260840,1091982866974527488,
1963420120568717463,Thu Sep 04 01:53:29 +0000 2025,1,@CommuterLine Kenapa sih kalian itu nggak pernah bisa bikin jadwal yang bener?? Selalu jadwal KRL Blue Line bentrok sama kereta jarak jauh.. KRL selalu ketahan lama di Jatinegara.. Bikin kacau jadwal KRL !! Kapan ada evaluasinya ?? Dari tahun ke tahun masih aja kacau jadwalnya !!,1963420120568717463,,CommuterLine,in,,0,1,0,https://x.com/undefined/status/1963420120568717463,862520274,
1887662009988325830,Fri Feb 07 00:37:48 +0000 2025,0,@CommuterLine mending balikin jadwal yang lama aja jadwal baru kacau padet dimana mana ckckck,1887662009988325830,,CommuterLine,in,,0,0,0,https://x.com/undefined/status/1887662009988325830,1276787955151941632,
1967393457535906169,Mon Sep 15 01:02:07 +0000 2025,0,@CommuterLine KACAU BGT hari ini biasanya gue naik krl arah st angke dari st bekasi keberangkatan jam 7.49 TAPIIIII hari ini gaada sm sekali. bikin telat budak korporat yg harusnya on time. parah!,1967393457535906169,,CommuterLine,in,,0,2,0,https://x.com/undefined/status/1967393457535906169,254862924,
1886161251618939279,Mon Feb 03 01:51:29 +0000 2025,4,@CommuterLine Ini yang ngubah jadwal krl udah pernah naik krl gak sih? Kacau cikarang kampungbandan jadwal berkurang acak-acakan jamnya coba deh kaji ulang. Ini urusan orang banyak.,1886230998268117010,,CommuterLine,in,,0,0,1,https://x.com/undefined/status/1886230998268117010,1463393983564976128,
1888744734946152871,Mon Feb 10 00:20:10 +0000 2025,0,@CommuterLine min kereta Bogor manggarai yg jam 6.22 lelet banget. Harusnya 40 menit udah sampe Universitas Pancasila ini sampe 54 menit lho. Sejak gapeka 1 Februari jadwal dan durasi perjalanan kacau...,1888744734946152871,,CommuterLine,in,,0,0,0,https://x.com/undefined/status/1888744734946152871,145105148,
1954695608020934912,Mon Aug 11 00:05:24 +0000 2025,0,@CommuterLine tolong ya pak dipikir matang matang apabila lokomotif melintas di jalur comuterline khusus nya jurusan tanah abang Rangkasbitung. JANGAN DINHARI SENIN DAN JAM KANTOR! CHAOS PAK!! ORANG ORANG TELAT DZALIM!,1954695608020934912,,CommuterLine,in,,0,1,0,https://x.com/undefined/status/1954695608020934912,231613661,
1928262058279080064,Fri May 30 01:27:54 +0000 2025,0,@CommuterLine kereta dari DU arah MRI yang biasanya ber 7.25 dan 7.33 lagi kacau ya jadwalnya?,1928262058279080064,,CommuterLine,in,,0,1,0,https://x.com/undefined/status/1928262058279080064,2529796747,
1978233808576041231,Tue Oct 14 23:23:15 +0000 2025,1,@CommuterLine 1181 BJD-JAKK itu biasa dari stasiun DP 05.49 loh tadi jam 05.58 kereta baru tiba tapi ga cuma no ka itu hampir semua jadwal nya kacau tks,1978240215538872710,,CommuterLine,in,,0,1,0,https://x.com/undefined/status/1978240215538872710,101723343,
1894190861493440866,Tue Feb 25 01:01:08 +0000 2025,0,@CommuterLine sejak dibuka peron 1 tanah Abang malah kacau. Jadwal ke Rangkas telat melulu. Mengapa?,1894190861493440866,,CommuterLine,in,,1,0,0,https://x.com/undefined/status/1894190861493440866,231717390,
1885620734401425850,Sat Feb 01 09:26:30 +0000 2025,0,@CommuterLine min jadwal di website udh diperbarui blm ya? Kok hari ini telat mulu keretanya. Td pagi sampe 15 menit kacau. Ini mau plg juga blm dateng2,1885620734401425850,,CommuterLine,in,,0,0,0,https://x.com/undefined/status/1885620734401425850,1172127734,
1972845461846573545,Tue Sep 30 02:06:26 +0000 2025,1,@CommuterLine Bener-bener oarah ya ni KRL.. mau masuk Stasiun Manggarai ngetem dulu.. mau masuk Stasiun Cikini ngetem dulu.. ini KRL apa angkot ya?? Kacau bener jadwal kalian !! Mana evaluasinya?? Masih kacau aja nih jadwal !,1972845461846573545,,CommuterLine,in,,0,1,0,https://x.com/undefined/status/1972845461846573545,862520274,
1986592139397243364,Fri Nov 07 00:30:49 +0000 2025,2,@CommuterLine kenapa telat woi krl cikarang biasa jam 7.35 di tambun masa masih ketahan di cakung. Kacau tiap saat telat mulu,1986592139397243364,,CommuterLine,in,,0,0,0,https://x.com/undefined/status/1986592139397243364,162756118,
1922099823412482071,Tue May 13 01:21:23 +0000 2025,0,@CommuterLine min hari ini jadwal ente kacau dah ,1922099823412482071,,CommuterLine,in,,0,1,0,https://x.com/undefined/status/1922099823412482071,854193740012937216,
1884968831346712625,Tue Feb 04 02:54:11 +0000 2025,0,@CommuterLine Gapeka CL di jatim kacau bgt min. CL kepagian bgt dgn interval kdtngan lama. CL plg jg jadi lma interval dtgnya. Jam peak hour plg kerja interval sejam. Paling parah CL sindro digabung dgn rute CL Jenggala. Tiap brgkt CL jggala 09.25 bru dtg 09.46. Brgkt 09.55. Telat 40 menit min,1886609166527291408,,CommuterLine,in,,0,0,0,https://x.com/undefined/status/1886609166527291408,33013695,
1915188430927257961,Wed Apr 23 23:37:59 +0000 2025,0,@CommuterLine Sekedar saran aja utk improvement. Buat yg bersih kereta lebih baik jgn cairannya pembersihnya dulu disebar baru yg ngepel belakangan gatau kpn ngepelnya. Mohon maaf jdi jorok lantainya. Basah tidak di pel tp keinjek injek org yg buat lantai becek kotor. Makasih,1915188430927257961,,CommuterLine,in,,0,0,0,https://x.com/undefined/status/1915188430927257961,1080832720123514880,
1910287025766277420,Thu Apr 10 11:01:33 +0000 2025,0,@CommuterLine kenapa si kereta tujuan bekasi lama bgt. delaynya sampe 30 menit. kacau bgt,1910287025766277420,,CommuterLine,in,,0,1,0,https://x.com/undefined/status/1910287025766277420,567892837,
1891908975383200134,Tue Feb 18 17:53:44 +0000 2025,0,@CommuterLine jelek bgt anj aplikasi lu kacau,1891908975383200134,,CommuterLine,in,,0,1,0,https://x.com/undefined/status/1891908975383200134,1879186146158379008,
1892189513264607475,Thu Feb 20 00:40:47 +0000 2025,0,@CommuterLine Jam2 sibuk di perlintasan sini kacau siy crowded nya.. semua serba pengen buru2 kebayang nanti jam2 menjelang buka puasa Btw korban yg meninggal ini temen sekelas anakku pas SD ,1892373803079991522,,CommuterLine,in,,0,0,0,https://x.com/undefined/status/1892373803079991522,39153857,
1886419634716606723,Mon Feb 03 14:21:03 +0000 2025,0,@CommuterLine jadwal baru malah kacau min. Biasa KA Feeder manggarai jam 06.42an skrg jd 06.56 Padahal di jam itu jalur 1 2 selama 10menit lebih nganggur gaada kereta masuk. Alhasil numpuk2 terus. Better jadwal sebelumnya~,1886419634716606723,,CommuterLine,in,,0,0,0,https://x.com/undefined/status/1886419634716606723,1270925517194006533,
1983687841118089606,Thu Oct 30 00:10:11 +0000 2025,0,@CommuterLine masa gangguang lagi sih greenline. 2minggu ini kayaknya kacau banget. pada kerja apa ngga sih? jujur evaluasinya ngga ada apa gimana sih?,1983687841118089606,,CommuterLine,in,,0,1,0,https://x.com/undefined/status/1983687841118089606,80826941,
1941301734623883574,Sat Jul 05 23:16:40 +0000 2025,0,@CommuterLine Kalau waktunya turun atau pintu terbuka juga jgn menghalangi jalan untuk orang yg posisinya dekat pintu sering banget chaos yg di dalam udah dorong2an mau keluar tp yg depan pintu malah pegangan handle atas padahal udah kedorong-dorong dari segala arah,1941637380366270801,,CommuterLine,in,,0,0,0,https://x.com/undefined/status/1941637380366270801,40418534,
1976087211813765232,Thu Oct 09 00:47:59 +0000 2025,0,@CommuterLine ada apalgi sih ini hr ini...butuh 20 menit nunggu di manggarai buat kereta ke bogor.. kacau kali hr ini,1976087211813765232,,CommuterLine,in,,0,1,0,https://x.com/undefined/status/1976087211813765232,310216762,
1993522985731604640,Thu Nov 27 04:52:20 +0000 2025,0,@CommuterLine min tolong ditinjau ulang apakah sampai perlu ada pemecatan buat kejadian ini? apa nggak kalian telusur dulu tuh perkaranya? kalaupun ada pelanggaran dari karyawan karena lalai nggak cek isinya pas serah terima barang apakah konsekuensinya memang langsung pemecatan ya? ngeri,1993905707129991338,,CommuterLine,in,,0,0,0,https://x.com/undefined/status/1993905707129991338,1354809554756722690,
1993814269356593574,Thu Nov 27 06:54:53 +0000 2025,0,@CommuterLine Itu baru tumbler tuku gimana klo yg ilang botol tupperware emak lebih kacau,1993936549860528564,,CommuterLine,in,,0,0,0,https://x.com/undefined/status/1993936549860528564,413680128,
1985167319598064036,Mon Nov 03 02:09:06 +0000 2025,1,@CommuterLine ini kenapa lama banget ya jeda waktu krl red line yang ke arah Jakarta Kota?? Sampai 10 menit nunggu??? Harusnya kan jeda waktu 5 menit.. Tolong kalian kalau bikin jadwal yang bener yang konsisten jangan kacau begini !,1985167319598064036,,CommuterLine,in,,0,1,0,https://x.com/undefined/status/1985167319598064036,862520274,
1887825373624246646,Fri Feb 07 11:26:57 +0000 2025,0,@CommuterLine siapa sih yg ngide kebijakan gapeka? jelek bgt jadwalnya anjirrrrr kacau bgt,1887825373624246646,,CommuterLine,in,,0,0,0,https://x.com/undefined/status/1887825373624246646,4713964298,
1985895810916364569,Wed Nov 05 02:23:52 +0000 2025,1,@CommuterLine ini mulai kacau sejak perubahan jadwal yg kalo gak salah Februari 2025. Sebelum itu peron di Tanah Abang gak pernah kosong kereta sebelum salah satu kereta jalan pasti ada kereta lain masuk dulu setelah perubahan jadwal itu sering semua jalur peron kosong kereta,1985895810916364569,,CommuterLine,in,,0,1,0,https://x.com/undefined/status/1985895810916364569,2949362564,
1886367873733726554,Mon Feb 03 11:23:20 +0000 2025,0,@CommuterLine @chocobery18 Jadi kapan Commuter line bisa sesuai jadwal min ? Tiap Gapeka baru pasti kacau jadwal KCI,1886374911326998677,,CommuterLine,in,,0,1,0,https://x.com/undefined/status/1886374911326998677,861124058,
1914562725944156214,Tue Apr 22 06:11:39 +0000 2025,0,@CommuterLine min ini beneran? kacau sih klo smpe beneran mah. https://t.co/RURffe1qYF,1914562725944156214,https://pbs.twimg.com/media/GpHkpwra4AUicLA.jpg,CommuterLine,in,,0,1,0,https://x.com/undefined/status/1914562725944156214,61943558,
1886990900288741544,Wed Feb 05 04:11:03 +0000 2025,1,@CommuterLine minimal jangan bikin orang pada panik kalo gapeka kalian udah berantakan. Tolong ditraining lagi untuk announcer di dalam kereta kalo habis umumin pintu dibuka jangan langsung umumin pintu ditutup orang jadi panik dorong-dorongan sampe ada yang jatoh keinjek.,1886990900288741544,,CommuterLine,in,,0,1,0,https://x.com/undefined/status/1886990900288741544,100449757,
1884968831346712625,Tue Feb 04 01:21:35 +0000 2025,34,@CommuterLine GAPEKA ini sangat amat gak peka sama penggunanya. Kereta telat jadwalnya kacau. Udah 2 hari nih numpuk di stasiunnn @PTKAIIndonesia @CommuterLine jadwal yang lama itu udah sesuai malah dirombak gak jelas. gambar 1: kepadatan Tanahabang gambar 2: numpuk di Pondok Ranji https://t.co/Tc6WAEGW1Q,1886585863779573992,https://pbs.twimg.com/amplify_video_thumb/1886585790400225281/img/5IYOELT7npFTS220.jpg,CommuterLine,in,,1,5,7,https://x.com/undefined/status/1886585863779573992,145505255,
1952532982348267722,Tue Aug 05 01:52:29 +0000 2025,0,@CommuterLine Kacau banget mana diumumin pas udh di jalan. Bikin org telat ,1952548229134102708,,CommuterLine,in,,0,0,0,https://x.com/undefined/status/1952548229134102708,1232832221867692033,
1886161251618939279,Sun Feb 02 23:14:51 +0000 2025,2,@CommuterLine Hari pertama senin pasca perubahan jadwal kacau bgt min ga sesuai sama jadwal yg tertera di jadwal. Bahkan kereta sampe kejeda hampir 30 menit distasiun parung panjang membludak ampe gabisa masuk ,1886191582363443612,,CommuterLine,in,,0,1,1,https://x.com/undefined/status/1886191582363443612,624423179,
1884968831346712625,Sun Feb 02 23:21:34 +0000 2025,2,@CommuterLine Perubahan jadwad baru puarahhhhh pollll udah jurusan parung panjang - tnb jeda nya 10 menit sekaranh jadi hampir 20 menit mana senin pertama perubahan jadwal kacau bgt masa dari 5.40 ada kereta 6.15. Boro boro ada announcement kereta telat diem2 bae min,1886193273544593813,,CommuterLine,in,,0,1,0,https://x.com/undefined/status/1886193273544593813,624423179,
1904800128730599876,Wed Mar 26 23:56:17 +0000 2025,0,@CommuterLine @wanjeonisme Urgensi TNI/polri boleh bawa sajam/senpi tu apa? Biar kalo kami desak2an lalu ricuh langsung di-dor apa gimana?,1905046175772008671,,CommuterLine,in,,0,0,0,https://x.com/undefined/status/1905046175772008671,561922604,
1913554097476899090,Sat Apr 19 14:09:55 +0000 2025,0,@CommuterLine Ngeri! Detik-Detik KRL Commuter Line Tabrak Mobil Terjebak di Tengah Pelintasan Cilebut https://t.co/gTHAmefcDf,1913595923219071433,,CommuterLine,in,,0,0,0,https://x.com/undefined/status/1913595923219071433,231355136,
1887606146288263300,Fri Feb 07 07:48:31 +0000 2025,0,@CommuterLine Kacau bgt jadwal yang sekarang min tolong dikaji ulang dong. Masa jadwal yang ke pasar senen jadi sedikit dan jarang? Mana jadwal yang stengah 6 sudah gada,1887770402719736289,,CommuterLine,in,,0,1,0,https://x.com/undefined/status/1887770402719736289,1088695142049972224,
2005444854420292017,Mon Dec 29 01:04:47 +0000 2025,0,@CommuterLine kacau emang ini baru duren kalibata. Stress pimpinan dan Jajarannya. Anj,2005444854420292017,,CommuterLine,in,,0,0,0,https://x.com/undefined/status/2005444854420292017,1321499204628348928,
1935326029553508588,Wed Jun 18 14:11:59 +0000 2025,1,@CommuterLine ADA KOMPENSASI TIDAK WOIIIIIII KACAU PULANG KERJA BURU BURU AGAR MENIKMATI TENANG DIRUMAH JAM SEGINI STUCK DI BEKASI. APA KOMPENSASI NYA NIH. KACAU HANYA MAAF MAAF MAAF.,1935339712568598915,,CommuterLine,in,,0,0,0,https://x.com/undefined/status/1935339712568598915,1321499204628348928,
